File Name,Net Site EUI (kWh/m2),Net Site Energy (kWh),Net Source EUI (kWh/m2),Net Source Energy (kWh)
CZ01/Asm&0&rDXHP&Ex&HV_AirDist__SupFanMtr/NE-HVAC-FanBelt-VBelt-Std/instance-out.sql,124.74,788121.72,407.83,2576698.62
CZ01/Asm&0&rDXHP&Ex&HV_AirDist__SupFanMtr/NE-HVAC-FanBelt-CoggedVBelt-Msr/instance-out.sql,123.64,781139.42,404.14,2553377.74
CZ01/Asm&0&rDXHP&Ex&HV_AirDist__SupFanMtr/NE-HVAC-FanBelt-SynchVBelt-Msr/instance-out.sql,122.06,771193.08,398.88,2520156.97
CZ01/ECC&0&rDXHP&Ex&HV_AirDist__SupFanMtr/NE-HVAC-FanBelt-VBelt-Std/instance-out.sql,110.58,2919651.38,320.53,8462670.36
CZ01/ECC&0&rDXHP&Ex&HV_AirDist__SupFanMtr/NE-HVAC-FanBelt-CoggedVBelt-Msr/instance-out.sql,109.96,2903150.90,318.44,8407561.47
CZ01/ECC&0&rDXHP&Ex&HV_AirDist__SupFanMtr/NE-HVAC-FanBelt-SynchVBelt-Msr/instance-out.sql,109.06,2879371.13,315.43,8328142.82
CZ01/EPr&0&rDXHP&Ex&HV_AirDist__SupFanMtr/NE-HVAC-FanBelt-VBelt-Std/instance-out.sql,118.46,448406.59,313.00,1184813.00
CZ01/EPr&0&rDXHP&Ex&HV_AirDist__SupFanMtr/NE-HVAC-FanBelt-CoggedVBelt-Msr/instance-out.sql,117.86,446161.55,311.02,1177314.57
CZ01/EPr&0&rDXHP&Ex&HV_AirDist__SupFanMtr/NE-HVAC-FanBelt-SynchVBelt-Msr/instance-out.sql,117.02,442957.97,308.19,1166614.60
CZ01/ERC&0&rDXHP&Ex&HV_AirDist__SupFanMtr/NE-HVAC-FanBelt-VBelt-Std/instance-out.sql,78.24,20960.24,179.32,48039.22
CZ01/ERC&0&rDXHP&Ex&HV_AirDist__SupFanMtr/NE-HVAC-FanBelt-CoggedVBelt-Msr/instance-out.sql,77.86,20857.80,178.04,47697.08
CZ01/ERC&0&rDXHP&Ex&HV_AirDist__SupFanMtr/NE-HVAC-FanBelt-SynchVBelt-Msr/instance-out.sql,77.30,20708.36,176.18,47197.96
CZ01/ESe&0&rDXHP&Ex&HV_AirDist__SupFanMtr/NE-HVAC-FanBelt-VBelt-Std/instance-out.sql,199.66,1380121.70,515.04,3560087.45
CZ01/ESe&0&rDXHP&Ex&HV_AirDist__SupFanMtr/NE-HVAC-FanBelt-CoggedVBelt-Msr/instance-out.sql,199.26,1377337.62,513.70,3550767.66
CZ01/ESe&0&rDXHP&Ex&HV_AirDist__SupFanMtr/NE-HVAC-FanBelt-SynchVBelt-Msr/instance-out.sql,198.70,1373470.08,511.82,3537809.89
CZ01/EUn&0&rDXHP&Ex&HV_AirDist__SupFanMtr/NE-HVAC-FanBelt-VBelt-Std/instance-out.sql,120.57,9608539.50,374.35,29832378.74
CZ01/EUn&0&rDXHP&Ex&HV_AirDist__SupFanMtr/NE-HVAC-FanBelt-CoggedVBelt-Msr/instance-out.sql,119.82,9548542.63,371.83,29631882.92
CZ01/EUn&0&rDXHP&Ex&HV_AirDist__SupFanMtr/NE-HVAC-FanBelt-SynchVBelt-Msr/instance-out.sql,118.75,9462946.88,368.25,29345836.33
CZ01/Hsp&0&rDXHP&Ex&HV_AirDist__SupFanMtr/NE-HVAC-FanBelt-VBelt-Std/instance-out.sql,80.19,3680836.50,231.58,10629405.52
CZ01/Hsp&0&rDXHP&Ex&HV_AirDist__SupFanMtr/NE-HVAC-FanBelt-CoggedVBelt-Msr/instance-out.sql,79.97,3670711.16,230.84,10595270.30
CZ01/Hsp&0&rDXHP&Ex&HV_AirDist__SupFanMtr/NE-HVAC-FanBelt-SynchVBelt-Msr/instance-out.sql,79.67,3656726.04,229.79,10547094.00
CZ01/MBT&0&rDXHP&Ex&HV_AirDist__SupFanMtr/NE-HVAC-FanBelt-VBelt-Std/instance-out.sql,226.70,8423232.03,472.56,17558686.71
CZ01/MBT&0&rDXHP&Ex&HV_AirDist__SupFanMtr/NE-HVAC-FanBelt-CoggedVBelt-Msr/instance-out.sql,226.42,8412953.16,471.62,17523718.85
CZ01/MBT&0&rDXHP&Ex&HV_AirDist__SupFanMtr/NE-HVAC-FanBelt-SynchVBelt-Msr/instance-out.sql,226.03,8398294.56,470.28,17473831.93
CZ01/MLI&0&rDXHP&Ex&HV_AirDist__SupFanMtr/NE-HVAC-FanBelt-VBelt-Std/instance-out.sql,140.71,1307401.94,456.86,4244972.33
CZ01/MLI&0&rDXHP&Ex&HV_AirDist__SupFanMtr/NE-HVAC-FanBelt-CoggedVBelt-Msr/instance-out.sql,139.29,1294225.69,452.12,4200963.64
CZ01/MLI&0&rDXHP&Ex&HV_AirDist__SupFanMtr/NE-HVAC-FanBelt-SynchVBelt-Msr/instance-out.sql,137.27,1275453.57,445.38,4138264.73
CZ01/Mtl&0&rDXHP&Ex&HV_AirDist__SupFanMtr/NE-HVAC-FanBelt-VBelt-Std/instance-out.sql,68.26,190160.53,220.85,615253.58
CZ01/Mtl&0&rDXHP&Ex&HV_AirDist__SupFanMtr/NE-HVAC-FanBelt-CoggedVBelt-Msr/instance-out.sql,67.59,188283.78,218.60,608979.36
CZ01/Mtl&0&rDXHP&Ex&HV_AirDist__SupFanMtr/NE-HVAC-FanBelt-SynchVBelt-Msr/instance-out.sql,66.63,185612.99,215.40,600050.72
CZ01/Nrs&0&rDXHP&Ex&HV_AirDist__SupFanMtr/NE-HVAC-FanBelt-VBelt-Std/instance-out.sql,100.88,1040336.77,273.77,2823103.67
CZ01/Nrs&0&rDXHP&Ex&HV_AirDist__SupFanMtr/NE-HVAC-FanBelt-CoggedVBelt-Msr/instance-out.sql,100.54,1036820.22,272.60,2811047.68
CZ01/Nrs&0&rDXHP&Ex&HV_AirDist__SupFanMtr/NE-HVAC-FanBelt-SynchVBelt-Msr/instance-out.sql,100.06,1031828.85,270.93,2793904.15
CZ01/OfL&0&rDXHP&Ex&HV_AirDist__SupFanMtr/NE-HVAC-FanBelt-VBelt-Std/instance-out.sql,95.41,3101769.54,305.80,9941136.19
CZ01/OfL&0&rDXHP&Ex&HV_AirDist__SupFanMtr/NE-HVAC-FanBelt-CoggedVBelt-Msr/instance-out.sql,94.47,3070997.75,302.64,9838412.99
CZ01/OfL&0&rDXHP&Ex&HV_AirDist__SupFanMtr/NE-HVAC-FanBelt-SynchVBelt-Msr/instance-out.sql,93.12,3027180.27,298.14,9691997.67
CZ01/OfS&0&rDXHP&Ex&HV_AirDist__SupFanMtr/NE-HVAC-FanBelt-VBelt-Std/instance-out.sql,96.95,180186.75,294.18,546725.33
CZ01/OfS&0&rDXHP&Ex&HV_AirDist__SupFanMtr/NE-HVAC-FanBelt-CoggedVBelt-Msr/instance-out.sql,95.91,178249.62,290.70,540255.30
CZ01/OfS&0&rDXHP&Ex&HV_AirDist__SupFanMtr/NE-HVAC-FanBelt-SynchVBelt-Msr/instance-out.sql,94.42,175486.56,285.73,531026.69
CZ01/RFF&0&rDXHP&Ex&HV_AirDist__SupFanMtr/NE-HVAC-FanBelt-VBelt-Std/instance-out.sql,318.83,118366.76,772.87,286933.82
CZ01/RFF&0&rDXHP&Ex&HV_AirDist__SupFanMtr/NE-HVAC-FanBelt-CoggedVBelt-Msr/instance-out.sql,317.57,117900.38,768.67,285376.11
CZ01/RFF&0&rDXHP&Ex&HV_AirDist__SupFanMtr/NE-HVAC-FanBelt-SynchVBelt-Msr/instance-out.sql,315.78,117235.97,762.69,283156.95
CZ01/RSD&0&rDXHP&Ex&HV_AirDist__SupFanMtr/NE-HVAC-FanBelt-VBelt-Std/instance-out.sql,258.48,269074.82,540.73,562895.35
CZ01/RSD&0&rDXHP&Ex&HV_AirDist__SupFanMtr/NE-HVAC-FanBelt-CoggedVBelt-Msr/instance-out.sql,258.26,268840.48,539.97,562098.40
CZ01/RSD&0&rDXHP&Ex&HV_AirDist__SupFanMtr/NE-HVAC-FanBelt-SynchVBelt-Msr/instance-out.sql,257.94,268507.53,538.88,560965.37
CZ01/Rt3&0&rDXHP&Ex&HV_AirDist__SupFanMtr/NE-HVAC-FanBelt-VBelt-Std/instance-out.sql,108.82,2426360.44,343.79,7665472.77
CZ01/Rt3&0&rDXHP&Ex&HV_AirDist__SupFanMtr/NE-HVAC-FanBelt-CoggedVBelt-Msr/instance-out.sql,107.96,2407210.20,340.92,7601497.47
CZ01/Rt3&0&rDXHP&Ex&HV_AirDist__SupFanMtr/NE-HVAC-FanBelt-SynchVBelt-Msr/instance-out.sql,106.74,2379912.30,336.83,7510312.40
CZ01/RtL&0&rDXHP&Ex&HV_AirDist__SupFanMtr/NE-HVAC-FanBelt-VBelt-Std/instance-out.sql,202.20,2451486.01,641.27,7774803.47
CZ01/RtL&0&rDXHP&Ex&HV_AirDist__SupFanMtr/NE-HVAC-FanBelt-CoggedVBelt-Msr/instance-out.sql,200.61,2432184.36,635.96,7710335.98
CZ01/RtL&0&rDXHP&Ex&HV_AirDist__SupFanMtr/NE-HVAC-FanBelt-SynchVBelt-Msr/instance-out.sql,198.34,2404633.60,628.37,7618316.42
CZ01/RtS&0&rDXHP&Ex&HV_AirDist__SupFanMtr/NE-HVAC-FanBelt-VBelt-Std/instance-out.sql,98.29,146122.10,302.53,449768.60
CZ01/RtS&0&rDXHP&Ex&HV_AirDist__SupFanMtr/NE-HVAC-FanBelt-CoggedVBelt-Msr/instance-out.sql,97.57,145052.85,300.13,446197.33
CZ01/RtS&0&rDXHP&Ex&HV_AirDist__SupFanMtr/NE-HVAC-FanBelt-SynchVBelt-Msr/instance-out.sql,96.54,143527.87,296.70,441103.89
CZ01/SCn&0&rDXHP&Ex&HV_AirDist__SupFanMtr/NE-HVAC-FanBelt-VBelt-Std/instance-out.sql,97.02,4506502.25,319.43,14837667.69
CZ01/SCn&0&rDXHP&Ex&HV_AirDist__SupFanMtr/NE-HVAC-FanBelt-CoggedVBelt-Msr/instance-out.sql,95.87,4453162.36,315.59,14659512.49
CZ01/SCn&0&rDXHP&Ex&HV_AirDist__SupFanMtr/NE-HVAC-FanBelt-SynchVBelt-Msr/instance-out.sql,94.23,4377272.95,310.14,14406041.86
CZ02/Asm&0&rDXHP&Ex&HV_AirDist__SupFanMtr/NE-HVAC-FanBelt-VBelt-Std/instance-out.sql,138.72,876452.92,455.05,2875046.22
CZ02/Asm&0&rDXHP&Ex&HV_AirDist__SupFanMtr/NE-HVAC-FanBelt-CoggedVBelt-Msr/instance-out.sql,137.34,867727.87,450.44,2845904.53
CZ02/Asm&0&rDXHP&Ex&HV_AirDist__SupFanMtr/NE-HVAC-FanBelt-SynchVBelt-Msr/instance-out.sql,135.37,855281.07,443.86,2804332.23
CZ02/ECC&0&rDXHP&Ex&HV_AirDist__SupFanMtr/NE-HVAC-FanBelt-VBelt-Std/instance-out.sql,120.36,3177727.58,356.61,9415388.89
CZ02/ECC&0&rDXHP&Ex&HV_AirDist__SupFanMtr/NE-HVAC-FanBelt-CoggedVBelt-Msr/instance-out.sql,119.57,3156855.76,353.97,9345682.56
CZ02/ECC&0&rDXHP&Ex&HV_AirDist__SupFanMtr/NE-HVAC-FanBelt-SynchVBelt-Msr/instance-out.sql,118.45,3127394.35,350.24,9247272.37
CZ02/EPr&0&rDXHP&Ex&HV_AirDist__SupFanMtr/NE-HVAC-FanBelt-VBelt-Std/instance-out.sql,127.72,483454.08,348.30,1318430.90
CZ02/EPr&0&rDXHP&Ex&HV_AirDist__SupFanMtr/NE-HVAC-FanBelt-CoggedVBelt-Msr/instance-out.sql,126.95,480561.81,345.74,1308770.72
CZ02/EPr&0&rDXHP&Ex&HV_AirDist__SupFanMtr/NE-HVAC-FanBelt-SynchVBelt-Msr/instance-out.sql,125.87,476471.92,342.13,1295110.48
CZ02/ERC&0&rDXHP&Ex&HV_AirDist__SupFanMtr/NE-HVAC-FanBelt-VBelt-Std/instance-out.sql,85.34,22863.38,205.29,54996.18
CZ02/ERC&0&rDXHP&Ex&HV_AirDist__SupFanMtr/NE-HVAC-FanBelt-CoggedVBelt-Msr/instance-out.sql,84.80,22717.25,203.47,54508.08
CZ02/ERC&0&rDXHP&Ex&HV_AirDist__SupFanMtr/NE-HVAC-FanBelt-SynchVBelt-Msr/instance-out.sql,84.01,22507.04,200.85,53805.99
CZ02/ESe&0&rDXHP&Ex&HV_AirDist__SupFanMtr/NE-HVAC-FanBelt-VBelt-Std/instance-out.sql,208.42,1440674.74,567.96,3925836.38
CZ02/ESe&0&rDXHP&Ex&HV_AirDist__SupFanMtr/NE-HVAC-FanBelt-CoggedVBelt-Msr/instance-out.sql,207.91,1437106.14,566.23,3913877.47
CZ02/ESe&0&rDXHP&Ex&HV_AirDist__SupFanMtr/NE-HVAC-FanBelt-SynchVBelt-Msr/instance-out.sql,207.18,1432045.40,563.78,3896997.23
CZ02/EUn&0&rDXHP&Ex&HV_AirDist__SupFanMtr/NE-HVAC-FanBelt-VBelt-Std/instance-out.sql,129.49,10318785.20,406.29,32377640.22
CZ02/EUn&0&rDXHP&Ex&HV_AirDist__SupFanMtr/NE-HVAC-FanBelt-CoggedVBelt-Msr/instance-out.sql,128.62,10250018.77,403.41,32147784.25
CZ02/EUn&0&rDXHP&Ex&HV_AirDist__SupFanMtr/NE-HVAC-FanBelt-SynchVBelt-Msr/instance-out.sql,127.38,10151190.79,399.26,31817571.70
CZ02/Hsp&0&rDXHP&Ex&HV_AirDist__SupFanMtr/NE-HVAC-FanBelt-VBelt-Std/instance-out.sql,106.53,4889630.01,304.26,13965255.92
CZ02/Hsp&0&rDXHP&Ex&HV_AirDist__SupFanMtr/NE-HVAC-FanBelt-CoggedVBelt-Msr/instance-out.sql,106.27,4877700.53,303.38,13925000.36
CZ02/Hsp&0&rDXHP&Ex&HV_AirDist__SupFanMtr/NE-HVAC-FanBelt-SynchVBelt-Msr/instance-out.sql,105.90,4860713.45,302.14,13867941.00
CZ02/MBT&0&rDXHP&Ex&HV_AirDist__SupFanMtr/NE-HVAC-FanBelt-VBelt-Std/instance-out.sql,201.80,7498217.33,469.99,17463191.12
CZ02/MBT&0&rDXHP&Ex&HV_AirDist__SupFanMtr/NE-HVAC-FanBelt-CoggedVBelt-Msr/instance-out.sql,201.45,7485072.46,468.80,17418949.24
CZ02/MBT&0&rDXHP&Ex&HV_AirDist__SupFanMtr/NE-HVAC-FanBelt-SynchVBelt-Msr/instance-out.sql,200.94,7466314.07,467.10,17355810.46
CZ02/MLI&0&rDXHP&Ex&HV_AirDist__SupFanMtr/NE-HVAC-FanBelt-VBelt-Std/instance-out.sql,153.80,1429059.51,501.54,4660093.12
CZ02/MLI&0&rDXHP&Ex&HV_AirDist__SupFanMtr/NE-HVAC-FanBelt-CoggedVBelt-Msr/instance-out.sql,152.16,1413839.50,496.07,4609258.31
CZ02/MLI&0&rDXHP&Ex&HV_AirDist__SupFanMtr/NE-HVAC-FanBelt-SynchVBelt-Msr/instance-out.sql,149.83,1392134.06,488.26,4536762.12
CZ02/Mtl&0&rDXHP&Ex&HV_AirDist__SupFanMtr/NE-HVAC-FanBelt-VBelt-Std/instance-out.sql,79.70,222029.86,259.31,722378.93
CZ02/Mtl&0&rDXHP&Ex&HV_AirDist__SupFanMtr/NE-HVAC-FanBelt-CoggedVBelt-Msr/instance-out.sql,78.86,219700.12,256.51,714594.63
CZ02/Mtl&0&rDXHP&Ex&HV_AirDist__SupFanMtr/NE-HVAC-FanBelt-SynchVBelt-Msr/instance-out.sql,77.67,216380.89,252.53,703501.77
CZ02/Nrs&0&rDXHP&Ex&HV_AirDist__SupFanMtr/NE-HVAC-FanBelt-VBelt-Std/instance-out.sql,112.61,1161279.15,312.22,3219670.20
CZ02/Nrs&0&rDXHP&Ex&HV_AirDist__SupFanMtr/NE-HVAC-FanBelt-CoggedVBelt-Msr/instance-out.sql,112.19,1156891.95,310.79,3204909.93
CZ02/Nrs&0&rDXHP&Ex&HV_AirDist__SupFanMtr/NE-HVAC-FanBelt-SynchVBelt-Msr/instance-out.sql,111.59,1150727.24,308.76,3183951.44
CZ02/OfL&0&rDXHP&Ex&HV_AirDist__SupFanMtr/NE-HVAC-FanBelt-VBelt-Std/instance-out.sql,109.80,3569595.83,354.62,11528277.63
CZ02/OfL&0&rDXHP&Ex&HV_AirDist__SupFanMtr/NE-HVAC-FanBelt-CoggedVBelt-Msr/instance-out.sql,108.69,3533271.78,350.89,11407059.78
CZ02/OfL&0&rDXHP&Ex&HV_AirDist__SupFanMtr/NE-HVAC-FanBelt-SynchVBelt-Msr/instance-out.sql,107.10,3481553.35,345.58,11234245.07
CZ02/OfS&0&rDXHP&Ex&HV_AirDist__SupFanMtr/NE-HVAC-FanBelt-VBelt-Std/instance-out.sql,113.71,211319.93,352.10,654381.29
CZ02/OfS&0&rDXHP&Ex&HV_AirDist__SupFanMtr/NE-HVAC-FanBelt-CoggedVBelt-Msr/instance-out.sql,112.37,208847.41,347.66,646123.09
CZ02/OfS&0&rDXHP&Ex&HV_AirDist__SupFanMtr/NE-HVAC-FanBelt-SynchVBelt-Msr/instance-out.sql,110.48,205329.69,341.34,634373.88
CZ02/RFF&0&rDXHP&Ex&HV_AirDist__SupFanMtr/NE-HVAC-FanBelt-VBelt-Std/instance-out.sql,357.41,132691.49,912.67,338838.28
CZ02/RFF&0&rDXHP&Ex&HV_AirDist__SupFanMtr/NE-HVAC-FanBelt-CoggedVBelt-Msr/instance-out.sql,355.67,132045.55,906.86,336680.81
CZ02/RFF&0&rDXHP&Ex&HV_AirDist__SupFanMtr/NE-HVAC-FanBelt-SynchVBelt-Msr/instance-out.sql,353.19,131124.20,898.57,333603.42
CZ02/RSD&0&rDXHP&Ex&HV_AirDist__SupFanMtr/NE-HVAC-FanBelt-VBelt-Std/instance-out.sql,287.45,299229.58,625.43,651059.08
CZ02/RSD&0&rDXHP&Ex&HV_AirDist__SupFanMtr/NE-HVAC-FanBelt-CoggedVBelt-Msr/instance-out.sql,287.16,298928.87,624.45,650047.29
CZ02/RSD&0&rDXHP&Ex&HV_AirDist__SupFanMtr/NE-HVAC-FanBelt-SynchVBelt-Msr/instance-out.sql,286.75,298500.22,623.07,648603.83
CZ02/Rt3&0&rDXHP&Ex&HV_AirDist__SupFanMtr/NE-HVAC-FanBelt-VBelt-Std/instance-out.sql,121.35,2705688.69,387.16,8632373.58
CZ02/Rt3&0&rDXHP&Ex&HV_AirDist__SupFanMtr/NE-HVAC-FanBelt-CoggedVBelt-Msr/instance-out.sql,120.31,2682425.79,383.67,8554669.50
CZ02/Rt3&0&rDXHP&Ex&HV_AirDist__SupFanMtr/NE-HVAC-FanBelt-SynchVBelt-Msr/instance-out.sql,118.82,2649256.76,378.70,8443876.67
CZ02/RtL&0&rDXHP&Ex&HV_AirDist__SupFanMtr/NE-HVAC-FanBelt-VBelt-Std/instance-out.sql,220.94,2678724.94,705.92,8558532.68
CZ02/RtL&0&rDXHP&Ex&HV_AirDist__SupFanMtr/NE-HVAC-FanBelt-CoggedVBelt-Msr/instance-out.sql,219.11,2656526.08,699.80,8484388.40
CZ02/RtL&0&rDXHP&Ex&HV_AirDist__SupFanMtr/NE-HVAC-FanBelt-SynchVBelt-Msr/instance-out.sql,216.50,2624842.27,691.07,8378564.37
CZ02/RtS&0&rDXHP&Ex&HV_AirDist__SupFanMtr/NE-HVAC-FanBelt-VBelt-Std/instance-out.sql,115.89,172298.24,362.66,539162.24
CZ02/RtS&0&rDXHP&Ex&HV_AirDist__SupFanMtr/NE-HVAC-FanBelt-CoggedVBelt-Msr/instance-out.sql,114.88,170788.12,359.27,534118.44
CZ02/RtS&0&rDXHP&Ex&HV_AirDist__SupFanMtr/NE-HVAC-FanBelt-SynchVBelt-Msr/instance-out.sql,113.43,168634.70,354.43,526925.93
CZ02/SCn&0&rDXHP&Ex&HV_AirDist__SupFanMtr/NE-HVAC-FanBelt-VBelt-Std/instance-out.sql,106.15,4930600.53,350.27,16270346.04
CZ02/SCn&0&rDXHP&Ex&HV_AirDist__SupFanMtr/NE-HVAC-FanBelt-CoggedVBelt-Msr/instance-out.sql,104.81,4868406.94,345.80,16062619.44
CZ02/SCn&0&rDXHP&Ex&HV_AirDist__SupFanMtr/NE-HVAC-FanBelt-SynchVBelt-Msr/instance-out.sql,102.90,4779684.72,339.42,15766287.22
CZ03/Asm&0&rDXHP&Ex&HV_AirDist__SupFanMtr/NE-HVAC-FanBelt-VBelt-Std/instance-out.sql,127.95,808361.61,419.08,2647765.65
CZ03/Asm&0&rDXHP&Ex&HV_AirDist__SupFanMtr/NE-HVAC-FanBelt-CoggedVBelt-Msr/instance-out.sql,126.61,799908.08,414.61,2619530.85
CZ03/Asm&0&rDXHP&Ex&HV_AirDist__SupFanMtr/NE-HVAC-FanBelt-SynchVBelt-Msr/instance-out.sql,124.70,787850.26,408.24,2579257.72
CZ03/ECC&0&rDXHP&Ex&HV_AirDist__SupFanMtr/NE-HVAC-FanBelt-VBelt-Std/instance-out.sql,114.75,3029716.80,338.03,8924832.16
CZ03/ECC&0&rDXHP&Ex&HV_AirDist__SupFanMtr/NE-HVAC-FanBelt-CoggedVBelt-Msr/instance-out.sql,114.02,3010321.56,335.58,8860035.38
CZ03/ECC&0&rDXHP&Ex&HV_AirDist__SupFanMtr/NE-HVAC-FanBelt-SynchVBelt-Msr/instance-out.sql,112.97,2982794.76,332.09,8768077.99
CZ03/EPr&0&rDXHP&Ex&HV_AirDist__SupFanMtr/NE-HVAC-FanBelt-VBelt-Std/instance-out.sql,121.78,460994.07,328.61,1243931.11
CZ03/EPr&0&rDXHP&Ex&HV_AirDist__SupFanMtr/NE-HVAC-FanBelt-CoggedVBelt-Msr/instance-out.sql,121.07,458279.46,326.22,1234864.32
CZ03/EPr&0&rDXHP&Ex&HV_AirDist__SupFanMtr/NE-HVAC-FanBelt-SynchVBelt-Msr/instance-out.sql,120.04,454413.24,322.81,1221951.11
CZ03/ERC&0&rDXHP&Ex&HV_AirDist__SupFanMtr/NE-HVAC-FanBelt-VBelt-Std/instance-out.sql,79.92,21411.31,187.26,50164.81
CZ03/ERC&0&rDXHP&Ex&HV_AirDist__SupFanMtr/NE-HVAC-FanBelt-CoggedVBelt-Msr/instance-out.sql,79.42,21277.03,185.58,49716.32
CZ03/ERC&0&rDXHP&Ex&HV_AirDist__SupFanMtr/NE-HVAC-FanBelt-SynchVBelt-Msr/instance-out.sql,78.71,21085.96,183.20,49078.15
CZ03/ESe&0&rDXHP&Ex&HV_AirDist__SupFanMtr/NE-HVAC-FanBelt-VBelt-Std/instance-out.sql,196.12,1355642.89,537.93,3718278.39
CZ03/ESe&0&rDXHP&Ex&HV_AirDist__SupFanMtr/NE-HVAC-FanBelt-CoggedVBelt-Msr/instance-out.sql,195.64,1352320.71,536.32,3707183.09
CZ03/ESe&0&rDXHP&Ex&HV_AirDist__SupFanMtr/NE-HVAC-FanBelt-SynchVBelt-Msr/instance-out.sql,194.96,1347580.76,534.03,3691337.77
CZ03/EUn&0&rDXHP&Ex&HV_AirDist__SupFanMtr/NE-HVAC-FanBelt-VBelt-Std/instance-out.sql,124.51,9922476.73,390.04,31082923.70
CZ03/EUn&0&rDXHP&Ex&HV_AirDist__SupFanMtr/NE-HVAC-FanBelt-CoggedVBelt-Msr/instance-out.sql,123.68,9855893.68,387.25,30860487.07
CZ03/EUn&0&rDXHP&Ex&HV_AirDist__SupFanMtr/NE-HVAC-FanBelt-SynchVBelt-Msr/instance-out.sql,122.48,9760887.40,383.27,30543081.74
CZ03/Hsp&0&rDXHP&Ex&HV_AirDist__SupFanMtr/NE-HVAC-FanBelt-VBelt-Std/instance-out.sql,90.76,4165648.04,267.89,12295854.05
CZ03/Hsp&0&rDXHP&Ex&HV_AirDist__SupFanMtr/NE-HVAC-FanBelt-CoggedVBelt-Msr/instance-out.sql,90.51,4154286.60,267.06,12257685.83
CZ03/Hsp&0&rDXHP&Ex&HV_AirDist__SupFanMtr/NE-HVAC-FanBelt-SynchVBelt-Msr/instance-out.sql,90.16,4138075.66,265.87,12203245.09
CZ03/MBT&0&rDXHP&Ex&HV_AirDist__SupFanMtr/NE-HVAC-FanBelt-VBelt-Std/instance-out.sql,184.23,6845362.78,441.72,16412636.26
CZ03/MBT&0&rDXHP&Ex&HV_AirDist__SupFanMtr/NE-HVAC-FanBelt-CoggedVBelt-Msr/instance-out.sql,183.90,6832953.50,440.60,16370902.65
CZ03/MBT&0&rDXHP&Ex&HV_AirDist__SupFanMtr/NE-HVAC-FanBelt-SynchVBelt-Msr/instance-out.sql,183.42,6815244.45,438.99,16311335.10
CZ03/MLI&0&rDXHP&Ex&HV_AirDist__SupFanMtr/NE-HVAC-FanBelt-VBelt-Std/instance-out.sql,146.06,1357176.68,475.74,4420381.46
CZ03/MLI&0&rDXHP&Ex&HV_AirDist__SupFanMtr/NE-HVAC-FanBelt-CoggedVBelt-Msr/instance-out.sql,144.48,1342418.15,470.43,4371087.97
CZ03/MLI&0&rDXHP&Ex&HV_AirDist__SupFanMtr/NE-HVAC-FanBelt-SynchVBelt-Msr/instance-out.sql,142.21,1321363.31,462.87,4300764.79
CZ03/Mtl&0&rDXHP&Ex&HV_AirDist__SupFanMtr/NE-HVAC-FanBelt-VBelt-Std/instance-out.sql,72.89,203056.61,236.68,659343.16
CZ03/Mtl&0&rDXHP&Ex&HV_AirDist__SupFanMtr/NE-HVAC-FanBelt-CoggedVBelt-Msr/instance-out.sql,72.11,200895.28,234.09,652124.42
CZ03/Mtl&0&rDXHP&Ex&HV_AirDist__SupFanMtr/NE-HVAC-FanBelt-SynchVBelt-Msr/instance-out.sql,71.01,197810.19,230.39,641819.03
CZ03/Nrs&0&rDXHP&Ex&HV_AirDist__SupFanMtr/NE-HVAC-FanBelt-VBelt-Std/instance-out.sql,103.27,1064971.49,291.90,3010080.45
CZ03/Nrs&0&rDXHP&Ex&HV_AirDist__SupFanMtr/NE-HVAC-FanBelt-CoggedVBelt-Msr/instance-out.sql,102.87,1060855.35,290.54,2996094.83
CZ03/Nrs&0&rDXHP&Ex&HV_AirDist__SupFanMtr/NE-HVAC-FanBelt-SynchVBelt-Msr/instance-out.sql,102.30,1054962.68,288.60,2976087.10
CZ03/OfL&0&rDXHP&Ex&HV_AirDist__SupFanMtr/NE-HVAC-FanBelt-VBelt-Std/instance-out.sql,103.30,3358112.65,334.47,10873056.00
CZ03/OfL&0&rDXHP&Ex&HV_AirDist__SupFanMtr/NE-HVAC-FanBelt-CoggedVBelt-Msr/instance-out.sql,102.24,3323617.09,330.92,10757815.78
CZ03/OfL&0&rDXHP&Ex&HV_AirDist__SupFanMtr/NE-HVAC-FanBelt-SynchVBelt-Msr/instance-out.sql,100.72,3274328.57,325.86,10593267.65
CZ03/OfS&0&rDXHP&Ex&HV_AirDist__SupFanMtr/NE-HVAC-FanBelt-VBelt-Std/instance-out.sql,106.54,197999.28,328.25,610049.88
CZ03/OfS&0&rDXHP&Ex&HV_AirDist__SupFanMtr/NE-HVAC-FanBelt-CoggedVBelt-Msr/instance-out.sql,105.28,195667.90,324.06,602263.10
CZ03/OfS&0&rDXHP&Ex&HV_AirDist__SupFanMtr/NE-HVAC-FanBelt-SynchVBelt-Msr/instance-out.sql,103.50,192345.57,318.09,591166.50
CZ03/RFF&0&rDXHP&Ex&HV_AirDist__SupFanMtr/NE-HVAC-FanBelt-VBelt-Std/instance-out.sql,341.85,126915.75,861.20,319730.05
CZ03/RFF&0&rDXHP&Ex&HV_AirDist__SupFanMtr/NE-HVAC-FanBelt-CoggedVBelt-Msr/instance-out.sql,340.23,126311.59,855.77,317712.14
CZ03/RFF&0&rDXHP&Ex&HV_AirDist__SupFanMtr/NE-HVAC-FanBelt-SynchVBelt-Msr/instance-out.sql,337.90,125449.84,848.02,314833.89
CZ03/RSD&0&rDXHP&Ex&HV_AirDist__SupFanMtr/NE-HVAC-FanBelt-VBelt-Std/instance-out.sql,251.48,261787.24,557.68,580537.37
CZ03/RSD&0&rDXHP&Ex&HV_AirDist__SupFanMtr/NE-HVAC-FanBelt-CoggedVBelt-Msr/instance-out.sql,251.20,261497.51,556.75,579566.37
CZ03/RSD&0&rDXHP&Ex&HV_AirDist__SupFanMtr/NE-HVAC-FanBelt-SynchVBelt-Msr/instance-out.sql,250.81,261087.05,555.42,578183.99
CZ03/Rt3&0&rDXHP&Ex&HV_AirDist__SupFanMtr/NE-HVAC-FanBelt-VBelt-Std/instance-out.sql,114.89,2561604.67,365.72,8154350.47
CZ03/Rt3&0&rDXHP&Ex&HV_AirDist__SupFanMtr/NE-HVAC-FanBelt-CoggedVBelt-Msr/instance-out.sql,113.91,2539781.15,362.45,8081457.67
CZ03/Rt3&0&rDXHP&Ex&HV_AirDist__SupFanMtr/NE-HVAC-FanBelt-SynchVBelt-Msr/instance-out.sql,112.51,2508650.53,357.79,7977477.99
CZ03/RtL&0&rDXHP&Ex&HV_AirDist__SupFanMtr/NE-HVAC-FanBelt-VBelt-Std/instance-out.sql,211.39,2562913.74,674.10,8172800.01
CZ03/RtL&0&rDXHP&Ex&HV_AirDist__SupFanMtr/NE-HVAC-FanBelt-CoggedVBelt-Msr/instance-out.sql,209.63,2541609.44,668.23,8101643.66
CZ03/RtL&0&rDXHP&Ex&HV_AirDist__SupFanMtr/NE-HVAC-FanBelt-SynchVBelt-Msr/instance-out.sql,207.12,2511181.03,659.85,8000012.75
CZ03/RtS&0&rDXHP&Ex&HV_AirDist__SupFanMtr/NE-HVAC-FanBelt-VBelt-Std/instance-out.sql,106.76,158715.46,332.20,493880.38
CZ03/RtS&0&rDXHP&Ex&HV_AirDist__SupFanMtr/NE-HVAC-FanBelt-CoggedVBelt-Msr/instance-out.sql,105.84,157347.80,329.13,489312.37
CZ03/RtS&0&rDXHP&Ex&HV_AirDist__SupFanMtr/NE-HVAC-FanBelt-SynchVBelt-Msr/instance-out.sql,104.53,155396.89,324.74,482796.35
CZ03/SCn&0&rDXHP&Ex&HV_AirDist__SupFanMtr/NE-HVAC-FanBelt-VBelt-Std/instance-out.sql,91.59,4254475.18,301.67,14012776.47
CZ03/SCn&0&rDXHP&Ex&HV_AirDist__SupFanMtr/NE-HVAC-FanBelt-CoggedVBelt-Msr/instance-out.sql,90.47,4202594.07,297.94,13839493.57
CZ03/SCn&0&rDXHP&Ex&HV_AirDist__SupFanMtr/NE-HVAC-FanBelt-SynchVBelt-Msr/instance-out.sql,88.86,4127618.36,292.55,13589074.70
CZ04/Asm&0&rDXHP&Ex&HV_AirDist__SupFanMtr/NE-HVAC-FanBelt-VBelt-Std/instance-out.sql,139.01,878288.64,456.25,2882604.25
CZ04/Asm&0&rDXHP&Ex&HV_AirDist__SupFanMtr/NE-HVAC-FanBelt-CoggedVBelt-Msr/instance-out.sql,137.57,869203.09,451.45,2852258.57
CZ04/Asm&0&rDXHP&Ex&HV_AirDist__SupFanMtr/NE-HVAC-FanBelt-SynchVBelt-Msr/instance-out.sql,135.52,856233.96,444.59,2808941.67
CZ04/ECC&0&rDXHP&Ex&HV_AirDist__SupFanMtr/NE-HVAC-FanBelt-VBelt-Std/instance-out.sql,121.77,3215090.68,362.85,9579964.92
CZ04/ECC&0&rDXHP&Ex&HV_AirDist__SupFanMtr/NE-HVAC-FanBelt-CoggedVBelt-Msr/instance-out.sql,120.95,3193439.81,360.11,9507649.19
CZ04/ECC&0&rDXHP&Ex&HV_AirDist__SupFanMtr/NE-HVAC-FanBelt-SynchVBelt-Msr/instance-out.sql,119.77,3162277.40,356.16,9403574.48
CZ04/EPr&0&rDXHP&Ex&HV_AirDist__SupFanMtr/NE-HVAC-FanBelt-VBelt-Std/instance-out.sql,128.66,487036.53,353.32,1337444.98
CZ04/EPr&0&rDXHP&Ex&HV_AirDist__SupFanMtr/NE-HVAC-FanBelt-CoggedVBelt-Msr/instance-out.sql,127.86,484005.47,350.64,1327321.25
CZ04/EPr&0&rDXHP&Ex&HV_AirDist__SupFanMtr/NE-HVAC-FanBelt-SynchVBelt-Msr/instance-out.sql,126.72,479684.15,346.83,1312888.04
CZ04/ERC&0&rDXHP&Ex&HV_AirDist__SupFanMtr/NE-HVAC-FanBelt-VBelt-Std/instance-out.sql,85.08,22792.69,205.36,55015.65
CZ04/ERC&0&rDXHP&Ex&HV_AirDist__SupFanMtr/NE-HVAC-FanBelt-CoggedVBelt-Msr/instance-out.sql,84.50,22636.51,203.42,54494.03
CZ04/ERC&0&rDXHP&Ex&HV_AirDist__SupFanMtr/NE-HVAC-FanBelt-SynchVBelt-Msr/instance-out.sql,83.67,22414.19,200.64,53751.48
CZ04/ESe&0&rDXHP&Ex&HV_AirDist__SupFanMtr/NE-HVAC-FanBelt-VBelt-Std/instance-out.sql,203.77,1408487.66,568.09,3926763.44
CZ04/ESe&0&rDXHP&Ex&HV_AirDist__SupFanMtr/NE-HVAC-FanBelt-CoggedVBelt-Msr/instance-out.sql,203.21,1404656.65,566.24,3913950.88
CZ04/ESe&0&rDXHP&Ex&HV_AirDist__SupFanMtr/NE-HVAC-FanBelt-SynchVBelt-Msr/instance-out.sql,202.43,1399241.82,563.62,3895861.63
CZ04/EUn&0&rDXHP&Ex&HV_AirDist__SupFanMtr/NE-HVAC-FanBelt-VBelt-Std/instance-out.sql,130.51,10400273.22,410.85,32741229.34
CZ04/EUn&0&rDXHP&Ex&HV_AirDist__SupFanMtr/NE-HVAC-FanBelt-CoggedVBelt-Msr/instance-out.sql,129.62,10329200.21,407.87,32503809.93
CZ04/EUn&0&rDXHP&Ex&HV_AirDist__SupFanMtr/NE-HVAC-FanBelt-SynchVBelt-Msr/instance-out.sql,128.34,10227710.83,403.62,32164784.52
CZ04/Hsp&0&rDXHP&Ex&HV_AirDist__SupFanMtr/NE-HVAC-FanBelt-VBelt-Std/instance-out.sql,105.50,4842482.91,306.86,14084484.13
CZ04/Hsp&0&rDXHP&Ex&HV_AirDist__SupFanMtr/NE-HVAC-FanBelt-CoggedVBelt-Msr/instance-out.sql,105.23,4830142.65,305.96,14043152.63
CZ04/Hsp&0&rDXHP&Ex&HV_AirDist__SupFanMtr/NE-HVAC-FanBelt-SynchVBelt-Msr/instance-out.sql,104.85,4812666.60,304.68,13984457.42
CZ04/MBT&0&rDXHP&Ex&HV_AirDist__SupFanMtr/NE-HVAC-FanBelt-VBelt-Std/instance-out.sql,184.50,6855457.36,456.67,16968299.63
CZ04/MBT&0&rDXHP&Ex&HV_AirDist__SupFanMtr/NE-HVAC-FanBelt-CoggedVBelt-Msr/instance-out.sql,184.13,6841707.88,455.43,16922119.42
CZ04/MBT&0&rDXHP&Ex&HV_AirDist__SupFanMtr/NE-HVAC-FanBelt-SynchVBelt-Msr/instance-out.sql,183.60,6822082.11,453.66,16856193.01
CZ04/MLI&0&rDXHP&Ex&HV_AirDist__SupFanMtr/NE-HVAC-FanBelt-VBelt-Std/instance-out.sql,154.46,1435223.01,504.16,4684458.58
CZ04/MLI&0&rDXHP&Ex&HV_AirDist__SupFanMtr/NE-HVAC-FanBelt-CoggedVBelt-Msr/instance-out.sql,152.78,1419602.68,498.55,4632286.67
CZ04/MLI&0&rDXHP&Ex&HV_AirDist__SupFanMtr/NE-HVAC-FanBelt-SynchVBelt-Msr/instance-out.sql,150.38,1397314.91,490.53,4557845.52
CZ04/Mtl&0&rDXHP&Ex&HV_AirDist__SupFanMtr/NE-HVAC-FanBelt-VBelt-Std/instance-out.sql,80.75,224959.44,262.98,732606.99
CZ04/Mtl&0&rDXHP&Ex&HV_AirDist__SupFanMtr/NE-HVAC-FanBelt-CoggedVBelt-Msr/instance-out.sql,79.89,222554.34,260.09,724573.53
CZ04/Mtl&0&rDXHP&Ex&HV_AirDist__SupFanMtr/NE-HVAC-FanBelt-SynchVBelt-Msr/instance-out.sql,78.66,219124.10,255.98,713115.64
CZ04/Nrs&0&rDXHP&Ex&HV_AirDist__SupFanMtr/NE-HVAC-FanBelt-VBelt-Std/instance-out.sql,110.34,1137882.55,313.70,3234908.17
CZ04/Nrs&0&rDXHP&Ex&HV_AirDist__SupFanMtr/NE-HVAC-FanBelt-CoggedVBelt-Msr/instance-out.sql,109.91,1133392.37,312.23,3219722.01
CZ04/Nrs&0&rDXHP&Ex&HV_AirDist__SupFanMtr/NE-HVAC-FanBelt-SynchVBelt-Msr/instance-out.sql,109.28,1126942.69,310.12,3197986.78
CZ04/OfL&0&rDXHP&Ex&HV_AirDist__SupFanMtr/NE-HVAC-FanBelt-VBelt-Std/instance-out.sql,111.23,3616063.71,360.70,11725746.22
CZ04/OfL&0&rDXHP&Ex&HV_AirDist__SupFanMtr/NE-HVAC-FanBelt-CoggedVBelt-Msr/instance-out.sql,110.10,3579132.59,356.90,11602484.42
CZ04/OfL&0&rDXHP&Ex&HV_AirDist__SupFanMtr/NE-HVAC-FanBelt-SynchVBelt-Msr/instance-out.sql,108.48,3526488.63,351.49,11426532.42
CZ04/OfS&0&rDXHP&Ex&HV_AirDist__SupFanMtr/NE-HVAC-FanBelt-VBelt-Std/instance-out.sql,116.01,215597.03,360.64,670247.21
CZ04/OfS&0&rDXHP&Ex&HV_AirDist__SupFanMtr/NE-HVAC-FanBelt-CoggedVBelt-Msr/instance-out.sql,114.63,213039.01,356.04,661703.42
CZ04/OfS&0&rDXHP&Ex&HV_AirDist__SupFanMtr/NE-HVAC-FanBelt-SynchVBelt-Msr/instance-out.sql,112.67,209390.27,349.49,649516.62
CZ04/RFF&0&rDXHP&Ex&HV_AirDist__SupFanMtr/NE-HVAC-FanBelt-VBelt-Std/instance-out.sql,361.36,134158.27,930.60,345493.93
CZ04/RFF&0&rDXHP&Ex&HV_AirDist__SupFanMtr/NE-HVAC-FanBelt-CoggedVBelt-Msr/instance-out.sql,359.54,133483.33,924.53,343239.65
CZ04/RFF&0&rDXHP&Ex&HV_AirDist__SupFanMtr/NE-HVAC-FanBelt-SynchVBelt-Msr/instance-out.sql,356.95,132521.16,915.87,340026.00
CZ04/RSD&0&rDXHP&Ex&HV_AirDist__SupFanMtr/NE-HVAC-FanBelt-VBelt-Std/instance-out.sql,282.97,294566.41,630.33,656164.23
CZ04/RSD&0&rDXHP&Ex&HV_AirDist__SupFanMtr/NE-HVAC-FanBelt-CoggedVBelt-Msr/instance-out.sql,282.67,294250.70,629.31,655103.31
CZ04/RSD&0&rDXHP&Ex&HV_AirDist__SupFanMtr/NE-HVAC-FanBelt-SynchVBelt-Msr/instance-out.sql,282.23,293799.78,627.86,653588.98
CZ04/Rt3&0&rDXHP&Ex&HV_AirDist__SupFanMtr/NE-HVAC-FanBelt-VBelt-Std/instance-out.sql,122.58,2733069.11,392.00,8740225.45
CZ04/Rt3&0&rDXHP&Ex&HV_AirDist__SupFanMtr/NE-HVAC-FanBelt-CoggedVBelt-Msr/instance-out.sql,121.51,2709315.42,388.44,8660884.33
CZ04/Rt3&0&rDXHP&Ex&HV_AirDist__SupFanMtr/NE-HVAC-FanBelt-SynchVBelt-Msr/instance-out.sql,119.99,2675373.02,383.35,8547515.30
CZ04/RtL&0&rDXHP&Ex&HV_AirDist__SupFanMtr/NE-HVAC-FanBelt-VBelt-Std/instance-out.sql,223.48,2709525.92,715.28,8672060.08
CZ04/RtL&0&rDXHP&Ex&HV_AirDist__SupFanMtr/NE-HVAC-FanBelt-CoggedVBelt-Msr/instance-out.sql,221.62,2686858.91,709.04,8596352.26
CZ04/RtL&0&rDXHP&Ex&HV_AirDist__SupFanMtr/NE-HVAC-FanBelt-SynchVBelt-Msr/instance-out.sql,218.95,2654515.42,700.13,8488325.01
CZ04/RtS&0&rDXHP&Ex&HV_AirDist__SupFanMtr/NE-HVAC-FanBelt-VBelt-Std/instance-out.sql,116.97,173893.35,366.81,545335.47
CZ04/RtS&0&rDXHP&Ex&HV_AirDist__SupFanMtr/NE-HVAC-FanBelt-CoggedVBelt-Msr/instance-out.sql,115.92,172334.70,363.31,540129.56
CZ04/RtS&0&rDXHP&Ex&HV_AirDist__SupFanMtr/NE-HVAC-FanBelt-SynchVBelt-Msr/instance-out.sql,114.42,170109.63,358.31,532697.83
CZ04/SCn&0&rDXHP&Ex&HV_AirDist__SupFanMtr/NE-HVAC-FanBelt-VBelt-Std/instance-out.sql,99.62,4627238.12,328.61,15264080.38
CZ04/SCn&0&rDXHP&Ex&HV_AirDist__SupFanMtr/NE-HVAC-FanBelt-CoggedVBelt-Msr/instance-out.sql,98.36,4568980.46,324.42,15069499.80
CZ04/SCn&0&rDXHP&Ex&HV_AirDist__SupFanMtr/NE-HVAC-FanBelt-SynchVBelt-Msr/instance-out.sql,96.59,4486537.00,318.49,14794138.62
CZ05/Asm&0&rDXHP&Ex&HV_AirDist__SupFanMtr/NE-HVAC-FanBelt-VBelt-Std/instance-out.sql,130.37,823662.51,427.17,2698866.99
CZ05/Asm&0&rDXHP&Ex&HV_AirDist__SupFanMtr/NE-HVAC-FanBelt-CoggedVBelt-Msr/instance-out.sql,129.00,815036.15,422.61,2670054.93
CZ05/Asm&0&rDXHP&Ex&HV_AirDist__SupFanMtr/NE-HVAC-FanBelt-SynchVBelt-Msr/instance-out.sql,127.05,802731.98,416.10,2628959.03
CZ05/ECC&0&rDXHP&Ex&HV_AirDist__SupFanMtr/NE-HVAC-FanBelt-VBelt-Std/instance-out.sql,116.58,3078109.14,344.16,9086506.67
CZ05/ECC&0&rDXHP&Ex&HV_AirDist__SupFanMtr/NE-HVAC-FanBelt-CoggedVBelt-Msr/instance-out.sql,115.84,3058360.99,341.66,9020547.50
CZ05/ECC&0&rDXHP&Ex&HV_AirDist__SupFanMtr/NE-HVAC-FanBelt-SynchVBelt-Msr/instance-out.sql,114.77,3030081.53,338.08,8926107.30
CZ05/EPr&0&rDXHP&Ex&HV_AirDist__SupFanMtr/NE-HVAC-FanBelt-VBelt-Std/instance-out.sql,123.41,467145.44,334.04,1264464.54
CZ05/EPr&0&rDXHP&Ex&HV_AirDist__SupFanMtr/NE-HVAC-FanBelt-CoggedVBelt-Msr/instance-out.sql,122.68,464377.01,331.60,1255217.98
CZ05/EPr&0&rDXHP&Ex&HV_AirDist__SupFanMtr/NE-HVAC-FanBelt-SynchVBelt-Msr/instance-out.sql,121.63,460418.20,328.10,1241995.55
CZ05/ERC&0&rDXHP&Ex&HV_AirDist__SupFanMtr/NE-HVAC-FanBelt-VBelt-Std/instance-out.sql,80.44,21550.04,188.98,50627.56
CZ05/ERC&0&rDXHP&Ex&HV_AirDist__SupFanMtr/NE-HVAC-FanBelt-CoggedVBelt-Msr/instance-out.sql,79.93,21413.02,187.27,50169.91
CZ05/ERC&0&rDXHP&Ex&HV_AirDist__SupFanMtr/NE-HVAC-FanBelt-SynchVBelt-Msr/instance-out.sql,79.20,21218.47,184.85,49520.11
CZ05/ESe&0&rDXHP&Ex&HV_AirDist__SupFanMtr/NE-HVAC-FanBelt-VBelt-Std/instance-out.sql,196.73,1359828.20,539.93,3732138.17
CZ05/ESe&0&rDXHP&Ex&HV_AirDist__SupFanMtr/NE-HVAC-FanBelt-CoggedVBelt-Msr/instance-out.sql,196.24,1356445.47,538.30,3720836.95
CZ05/ESe&0&rDXHP&Ex&HV_AirDist__SupFanMtr/NE-HVAC-FanBelt-SynchVBelt-Msr/instance-out.sql,195.55,1351665.81,535.99,3704869.31
CZ05/EUn&0&rDXHP&Ex&HV_AirDist__SupFanMtr/NE-HVAC-FanBelt-VBelt-Std/instance-out.sql,126.37,10070637.44,396.31,31582601.67
CZ05/EUn&0&rDXHP&Ex&HV_AirDist__SupFanMtr/NE-HVAC-FanBelt-CoggedVBelt-Msr/instance-out.sql,125.52,10003190.96,393.49,31357304.22
CZ05/EUn&0&rDXHP&Ex&HV_AirDist__SupFanMtr/NE-HVAC-FanBelt-SynchVBelt-Msr/instance-out.sql,124.32,9906895.98,389.45,31035641.05
CZ05/Hsp&0&rDXHP&Ex&HV_AirDist__SupFanMtr/NE-HVAC-FanBelt-VBelt-Std/instance-out.sql,96.07,4409374.97,281.96,12941630.23
CZ05/Hsp&0&rDXHP&Ex&HV_AirDist__SupFanMtr/NE-HVAC-FanBelt-CoggedVBelt-Msr/instance-out.sql,95.81,4397808.18,281.11,12902806.67
CZ05/Hsp&0&rDXHP&Ex&HV_AirDist__SupFanMtr/NE-HVAC-FanBelt-SynchVBelt-Msr/instance-out.sql,95.46,4381347.63,279.91,12847457.00
CZ05/MBT&0&rDXHP&Ex&HV_AirDist__SupFanMtr/NE-HVAC-FanBelt-VBelt-Std/instance-out.sql,188.67,7010234.03,449.03,16684196.59
CZ05/MBT&0&rDXHP&Ex&HV_AirDist__SupFanMtr/NE-HVAC-FanBelt-CoggedVBelt-Msr/instance-out.sql,188.33,6997669.54,447.89,16641977.71
CZ05/MBT&0&rDXHP&Ex&HV_AirDist__SupFanMtr/NE-HVAC-FanBelt-SynchVBelt-Msr/instance-out.sql,187.85,6979748.00,446.27,16581743.23
CZ05/MLI&0&rDXHP&Ex&HV_AirDist__SupFanMtr/NE-HVAC-FanBelt-VBelt-Std/instance-out.sql,148.37,1378585.66,483.43,4491876.04
CZ05/MLI&0&rDXHP&Ex&HV_AirDist__SupFanMtr/NE-HVAC-FanBelt-CoggedVBelt-Msr/instance-out.sql,146.75,1363511.76,478.02,4441529.22
CZ05/MLI&0&rDXHP&Ex&HV_AirDist__SupFanMtr/NE-HVAC-FanBelt-SynchVBelt-Msr/instance-out.sql,144.43,1342003.33,470.28,4369691.08
CZ05/Mtl&0&rDXHP&Ex&HV_AirDist__SupFanMtr/NE-HVAC-FanBelt-VBelt-Std/instance-out.sql,73.91,205899.33,240.26,669313.37
CZ05/Mtl&0&rDXHP&Ex&HV_AirDist__SupFanMtr/NE-HVAC-FanBelt-CoggedVBelt-Msr/instance-out.sql,73.13,203733.43,237.66,662079.11
CZ05/Mtl&0&rDXHP&Ex&HV_AirDist__SupFanMtr/NE-HVAC-FanBelt-SynchVBelt-Msr/instance-out.sql,72.02,200641.03,233.95,651750.29
CZ05/Nrs&0&rDXHP&Ex&HV_AirDist__SupFanMtr/NE-HVAC-FanBelt-VBelt-Std/instance-out.sql,105.03,1083061.83,297.56,3068447.55
CZ05/Nrs&0&rDXHP&Ex&HV_AirDist__SupFanMtr/NE-HVAC-FanBelt-CoggedVBelt-Msr/instance-out.sql,104.63,1078912.43,296.20,3054415.26
CZ05/Nrs&0&rDXHP&Ex&HV_AirDist__SupFanMtr/NE-HVAC-FanBelt-SynchVBelt-Msr/instance-out.sql,104.05,1073006.61,294.26,3034418.26
CZ05/OfL&0&rDXHP&Ex&HV_AirDist__SupFanMtr/NE-HVAC-FanBelt-VBelt-Std/instance-out.sql,104.91,3410607.81,339.87,11048813.44
CZ05/OfL&0&rDXHP&Ex&HV_AirDist__SupFanMtr/NE-HVAC-FanBelt-CoggedVBelt-Msr/instance-out.sql,103.85,3375916.90,336.30,10932725.89
CZ05/OfL&0&rDXHP&Ex&HV_AirDist__SupFanMtr/NE-HVAC-FanBelt-SynchVBelt-Msr/instance-out.sql,102.31,3326107.28,331.19,10766523.29
CZ05/OfS&0&rDXHP&Ex&HV_AirDist__SupFanMtr/NE-HVAC-FanBelt-VBelt-Std/instance-out.sql,107.24,199301.42,330.59,614394.93
CZ05/OfS&0&rDXHP&Ex&HV_AirDist__SupFanMtr/NE-HVAC-FanBelt-CoggedVBelt-Msr/instance-out.sql,105.98,196970.09,326.40,606608.27
CZ05/OfS&0&rDXHP&Ex&HV_AirDist__SupFanMtr/NE-HVAC-FanBelt-SynchVBelt-Msr/instance-out.sql,104.20,193655.72,320.44,595538.27
CZ05/RFF&0&rDXHP&Ex&HV_AirDist__SupFanMtr/NE-HVAC-FanBelt-VBelt-Std/instance-out.sql,343.51,127531.16,866.73,321780.95
CZ05/RFF&0&rDXHP&Ex&HV_AirDist__SupFanMtr/NE-HVAC-FanBelt-CoggedVBelt-Msr/instance-out.sql,341.90,126933.12,861.35,319783.50
CZ05/RFF&0&rDXHP&Ex&HV_AirDist__SupFanMtr/NE-HVAC-FanBelt-SynchVBelt-Msr/instance-out.sql,339.60,126079.40,853.67,316932.08
CZ05/RSD&0&rDXHP&Ex&HV_AirDist__SupFanMtr/NE-HVAC-FanBelt-VBelt-Std/instance-out.sql,263.07,273849.23,579.76,603519.27
CZ05/RSD&0&rDXHP&Ex&HV_AirDist__SupFanMtr/NE-HVAC-FanBelt-CoggedVBelt-Msr/instance-out.sql,262.79,273561.51,578.83,602553.13
CZ05/RSD&0&rDXHP&Ex&HV_AirDist__SupFanMtr/NE-HVAC-FanBelt-SynchVBelt-Msr/instance-out.sql,262.40,273150.15,577.50,601173.45
CZ05/Rt3&0&rDXHP&Ex&HV_AirDist__SupFanMtr/NE-HVAC-FanBelt-VBelt-Std/instance-out.sql,116.94,2607473.41,372.58,8307204.57
CZ05/Rt3&0&rDXHP&Ex&HV_AirDist__SupFanMtr/NE-HVAC-FanBelt-CoggedVBelt-Msr/instance-out.sql,115.94,2584977.08,369.21,8232064.80
CZ05/Rt3&0&rDXHP&Ex&HV_AirDist__SupFanMtr/NE-HVAC-FanBelt-SynchVBelt-Msr/instance-out.sql,114.50,2552952.71,364.41,8125100.63
CZ05/RtL&0&rDXHP&Ex&HV_AirDist__SupFanMtr/NE-HVAC-FanBelt-VBelt-Std/instance-out.sql,214.35,2598825.61,683.99,8292713.98
CZ05/RtL&0&rDXHP&Ex&HV_AirDist__SupFanMtr/NE-HVAC-FanBelt-CoggedVBelt-Msr/instance-out.sql,212.57,2577138.95,678.02,8220280.55
CZ05/RtL&0&rDXHP&Ex&HV_AirDist__SupFanMtr/NE-HVAC-FanBelt-SynchVBelt-Msr/instance-out.sql,210.01,2546178.72,669.49,8116873.38
CZ05/RtS&0&rDXHP&Ex&HV_AirDist__SupFanMtr/NE-HVAC-FanBelt-VBelt-Std/instance-out.sql,108.67,161556.87,338.58,503368.67
CZ05/RtS&0&rDXHP&Ex&HV_AirDist__SupFanMtr/NE-HVAC-FanBelt-CoggedVBelt-Msr/instance-out.sql,107.72,160150.73,335.42,498672.16
CZ05/RtS&0&rDXHP&Ex&HV_AirDist__SupFanMtr/NE-HVAC-FanBelt-SynchVBelt-Msr/instance-out.sql,106.37,158144.66,330.92,491971.90
CZ05/SCn&0&rDXHP&Ex&HV_AirDist__SupFanMtr/NE-HVAC-FanBelt-VBelt-Std/instance-out.sql,98.34,4568168.11,324.23,15060491.04
CZ05/SCn&0&rDXHP&Ex&HV_AirDist__SupFanMtr/NE-HVAC-FanBelt-CoggedVBelt-Msr/instance-out.sql,97.06,4508665.70,319.95,14861752.99
CZ05/SCn&0&rDXHP&Ex&HV_AirDist__SupFanMtr/NE-HVAC-FanBelt-SynchVBelt-Msr/instance-out.sql,95.24,4423852.97,313.85,14578478.47
CZ06/Asm&0&rDXHP&Ex&HV_AirDist__SupFanMtr/NE-HVAC-FanBelt-VBelt-Std/instance-out.sql,133.10,840931.12,436.77,2759499.68
CZ06/Asm&0&rDXHP&Ex&HV_AirDist__SupFanMtr/NE-HVAC-FanBelt-CoggedVBelt-Msr/instance-out.sql,131.62,831588.82,431.83,2728296.45
CZ06/Asm&0&rDXHP&Ex&HV_AirDist__SupFanMtr/NE-HVAC-FanBelt-SynchVBelt-Msr/instance-out.sql,129.51,818262.80,424.78,2683787.53
CZ06/ECC&0&rDXHP&Ex&HV_AirDist__SupFanMtr/NE-HVAC-FanBelt-VBelt-Std/instance-out.sql,119.28,3149160.46,356.18,9403910.82
CZ06/ECC&0&rDXHP&Ex&HV_AirDist__SupFanMtr/NE-HVAC-FanBelt-CoggedVBelt-Msr/instance-out.sql,118.47,3127972.92,353.50,9333144.43
CZ06/ECC&0&rDXHP&Ex&HV_AirDist__SupFanMtr/NE-HVAC-FanBelt-SynchVBelt-Msr/instance-out.sql,117.33,3097692.08,349.67,9232006.42
CZ06/EPr&0&rDXHP&Ex&HV_AirDist__SupFanMtr/NE-HVAC-FanBelt-VBelt-Std/instance-out.sql,126.96,480586.93,349.73,1323849.34
CZ06/EPr&0&rDXHP&Ex&HV_AirDist__SupFanMtr/NE-HVAC-FanBelt-CoggedVBelt-Msr/instance-out.sql,126.15,477520.08,347.02,1313606.06
CZ06/EPr&0&rDXHP&Ex&HV_AirDist__SupFanMtr/NE-HVAC-FanBelt-SynchVBelt-Msr/instance-out.sql,124.99,473136.53,343.15,1298965.00
CZ06/ERC&0&rDXHP&Ex&HV_AirDist__SupFanMtr/NE-HVAC-FanBelt-VBelt-Std/instance-out.sql,81.63,21868.09,194.91,52215.16
CZ06/ERC&0&rDXHP&Ex&HV_AirDist__SupFanMtr/NE-HVAC-FanBelt-CoggedVBelt-Msr/instance-out.sql,81.06,21715.92,193.01,51706.91
CZ06/ERC&0&rDXHP&Ex&HV_AirDist__SupFanMtr/NE-HVAC-FanBelt-SynchVBelt-Msr/instance-out.sql,80.25,21498.77,190.30,50981.65
CZ06/ESe&0&rDXHP&Ex&HV_AirDist__SupFanMtr/NE-HVAC-FanBelt-VBelt-Std/instance-out.sql,190.11,1314077.42,537.56,3715706.25
CZ06/ESe&0&rDXHP&Ex&HV_AirDist__SupFanMtr/NE-HVAC-FanBelt-CoggedVBelt-Msr/instance-out.sql,189.58,1310423.88,535.79,3703502.00
CZ06/ESe&0&rDXHP&Ex&HV_AirDist__SupFanMtr/NE-HVAC-FanBelt-SynchVBelt-Msr/instance-out.sql,188.83,1305212.51,533.27,3686094.86
CZ06/EUn&0&rDXHP&Ex&HV_AirDist__SupFanMtr/NE-HVAC-FanBelt-VBelt-Std/instance-out.sql,128.77,10261882.46,406.14,32365959.73
CZ06/EUn&0&rDXHP&Ex&HV_AirDist__SupFanMtr/NE-HVAC-FanBelt-CoggedVBelt-Msr/instance-out.sql,127.89,10191590.85,403.20,32131183.06
CZ06/EUn&0&rDXHP&Ex&HV_AirDist__SupFanMtr/NE-HVAC-FanBelt-SynchVBelt-Msr/instance-out.sql,126.63,10091233.98,398.99,31795987.20
CZ06/Hsp&0&rDXHP&Ex&HV_AirDist__SupFanMtr/NE-HVAC-FanBelt-VBelt-Std/instance-out.sql,100.23,4600529.29,305.51,14022841.82
CZ06/Hsp&0&rDXHP&Ex&HV_AirDist__SupFanMtr/NE-HVAC-FanBelt-CoggedVBelt-Msr/instance-out.sql,99.96,4588228.54,304.62,13981835.01
CZ06/Hsp&0&rDXHP&Ex&HV_AirDist__SupFanMtr/NE-HVAC-FanBelt-SynchVBelt-Msr/instance-out.sql,99.58,4570840.06,303.35,13923594.89
CZ06/MBT&0&rDXHP&Ex&HV_AirDist__SupFanMtr/NE-HVAC-FanBelt-VBelt-Std/instance-out.sql,157.47,5851019.84,426.19,15835559.60
CZ06/MBT&0&rDXHP&Ex&HV_AirDist__SupFanMtr/NE-HVAC-FanBelt-CoggedVBelt-Msr/instance-out.sql,157.10,5837413.96,424.96,15789994.19
CZ06/MBT&0&rDXHP&Ex&HV_AirDist__SupFanMtr/NE-HVAC-FanBelt-SynchVBelt-Msr/instance-out.sql,156.58,5817992.08,423.21,15724946.00
CZ06/MLI&0&rDXHP&Ex&HV_AirDist__SupFanMtr/NE-HVAC-FanBelt-VBelt-Std/instance-out.sql,150.03,1394023.18,489.82,4551246.74
CZ06/MLI&0&rDXHP&Ex&HV_AirDist__SupFanMtr/NE-HVAC-FanBelt-CoggedVBelt-Msr/instance-out.sql,148.38,1378675.01,484.31,4499983.82
CZ06/MLI&0&rDXHP&Ex&HV_AirDist__SupFanMtr/NE-HVAC-FanBelt-SynchVBelt-Msr/instance-out.sql,146.02,1356762.22,476.43,4426795.10
CZ06/Mtl&0&rDXHP&Ex&HV_AirDist__SupFanMtr/NE-HVAC-FanBelt-VBelt-Std/instance-out.sql,77.71,216473.83,253.02,704871.12
CZ06/Mtl&0&rDXHP&Ex&HV_AirDist__SupFanMtr/NE-HVAC-FanBelt-CoggedVBelt-Msr/instance-out.sql,76.88,214176.77,250.27,697198.94
CZ06/Mtl&0&rDXHP&Ex&HV_AirDist__SupFanMtr/NE-HVAC-FanBelt-SynchVBelt-Msr/instance-out.sql,75.70,210897.65,246.34,686246.66
CZ06/Nrs&0&rDXHP&Ex&HV_AirDist__SupFanMtr/NE-HVAC-FanBelt-VBelt-Std/instance-out.sql,108.43,1118169.99,313.12,3228935.63
CZ06/Nrs&0&rDXHP&Ex&HV_AirDist__SupFanMtr/NE-HVAC-FanBelt-CoggedVBelt-Msr/instance-out.sql,108.00,1113664.42,311.66,3213883.58
CZ06/Nrs&0&rDXHP&Ex&HV_AirDist__SupFanMtr/NE-HVAC-FanBelt-SynchVBelt-Msr/instance-out.sql,107.38,1107267.19,309.58,3192470.73
CZ06/OfL&0&rDXHP&Ex&HV_AirDist__SupFanMtr/NE-HVAC-FanBelt-VBelt-Std/instance-out.sql,108.73,3534628.93,354.34,11519067.16
CZ06/OfL&0&rDXHP&Ex&HV_AirDist__SupFanMtr/NE-HVAC-FanBelt-CoggedVBelt-Msr/instance-out.sql,107.63,3498935.47,350.67,11399851.72
CZ06/OfL&0&rDXHP&Ex&HV_AirDist__SupFanMtr/NE-HVAC-FanBelt-SynchVBelt-Msr/instance-out.sql,106.06,3447974.01,345.44,11229641.48
CZ06/OfS&0&rDXHP&Ex&HV_AirDist__SupFanMtr/NE-HVAC-FanBelt-VBelt-Std/instance-out.sql,111.24,206733.89,345.70,642485.49
CZ06/OfS&0&rDXHP&Ex&HV_AirDist__SupFanMtr/NE-HVAC-FanBelt-CoggedVBelt-Msr/instance-out.sql,109.93,204296.09,341.32,634343.26
CZ06/OfS&0&rDXHP&Ex&HV_AirDist__SupFanMtr/NE-HVAC-FanBelt-SynchVBelt-Msr/instance-out.sql,108.05,200816.07,335.07,622719.98
CZ06/RFF&0&rDXHP&Ex&HV_AirDist__SupFanMtr/NE-HVAC-FanBelt-VBelt-Std/instance-out.sql,351.20,130386.93,902.17,334937.25
CZ06/RFF&0&rDXHP&Ex&HV_AirDist__SupFanMtr/NE-HVAC-FanBelt-CoggedVBelt-Msr/instance-out.sql,349.49,129750.49,896.44,332811.55
CZ06/RFF&0&rDXHP&Ex&HV_AirDist__SupFanMtr/NE-HVAC-FanBelt-SynchVBelt-Msr/instance-out.sql,347.04,128842.00,888.27,329777.17
CZ06/RSD&0&rDXHP&Ex&HV_AirDist__SupFanMtr/NE-HVAC-FanBelt-VBelt-Std/instance-out.sql,259.90,270547.03,596.96,621421.64
CZ06/RSD&0&rDXHP&Ex&HV_AirDist__SupFanMtr/NE-HVAC-FanBelt-CoggedVBelt-Msr/instance-out.sql,259.60,270235.51,595.95,620380.15
CZ06/RSD&0&rDXHP&Ex&HV_AirDist__SupFanMtr/NE-HVAC-FanBelt-SynchVBelt-Msr/instance-out.sql,259.17,269791.18,594.53,618894.24
CZ06/Rt3&0&rDXHP&Ex&HV_AirDist__SupFanMtr/NE-HVAC-FanBelt-VBelt-Std/instance-out.sql,119.68,2668392.97,383.11,8542012.94
CZ06/Rt3&0&rDXHP&Ex&HV_AirDist__SupFanMtr/NE-HVAC-FanBelt-CoggedVBelt-Msr/instance-out.sql,118.63,2645006.66,379.60,8463902.55
CZ06/Rt3&0&rDXHP&Ex&HV_AirDist__SupFanMtr/NE-HVAC-FanBelt-SynchVBelt-Msr/instance-out.sql,117.13,2611629.64,374.60,8352423.15
CZ06/RtL&0&rDXHP&Ex&HV_AirDist__SupFanMtr/NE-HVAC-FanBelt-VBelt-Std/instance-out.sql,221.32,2683246.84,709.07,8596703.54
CZ06/RtL&0&rDXHP&Ex&HV_AirDist__SupFanMtr/NE-HVAC-FanBelt-CoggedVBelt-Msr/instance-out.sql,219.43,2660395.19,702.77,8520379.04
CZ06/RtL&0&rDXHP&Ex&HV_AirDist__SupFanMtr/NE-HVAC-FanBelt-SynchVBelt-Msr/instance-out.sql,216.74,2627774.40,693.78,8411425.59
CZ06/RtS&0&rDXHP&Ex&HV_AirDist__SupFanMtr/NE-HVAC-FanBelt-VBelt-Std/instance-out.sql,111.60,165912.05,349.54,519663.20
CZ06/RtS&0&rDXHP&Ex&HV_AirDist__SupFanMtr/NE-HVAC-FanBelt-CoggedVBelt-Msr/instance-out.sql,110.60,164434.91,346.22,514729.56
CZ06/RtS&0&rDXHP&Ex&HV_AirDist__SupFanMtr/NE-HVAC-FanBelt-SynchVBelt-Msr/instance-out.sql,109.19,162326.04,341.49,507685.94
CZ06/SCn&0&rDXHP&Ex&HV_AirDist__SupFanMtr/NE-HVAC-FanBelt-VBelt-Std/instance-out.sql,87.94,4085059.39,289.80,13461297.59
CZ06/SCn&0&rDXHP&Ex&HV_AirDist__SupFanMtr/NE-HVAC-FanBelt-CoggedVBelt-Msr/instance-out.sql,86.86,4034548.49,286.17,13292591.18
CZ06/SCn&0&rDXHP&Ex&HV_AirDist__SupFanMtr/NE-HVAC-FanBelt-SynchVBelt-Msr/instance-out.sql,85.31,3962474.68,280.98,13051864.67
CZ07/Asm&0&rDXHP&Ex&HV_AirDist__SupFanMtr/NE-HVAC-FanBelt-VBelt-Std/instance-out.sql,136.25,860835.57,447.36,2826407.38
CZ07/Asm&0&rDXHP&Ex&HV_AirDist__SupFanMtr/NE-HVAC-FanBelt-CoggedVBelt-Msr/instance-out.sql,134.77,851508.94,442.43,2795256.35
CZ07/Asm&0&rDXHP&Ex&HV_AirDist__SupFanMtr/NE-HVAC-FanBelt-SynchVBelt-Msr/instance-out.sql,132.67,838200.68,435.39,2750806.77
CZ07/ECC&0&rDXHP&Ex&HV_AirDist__SupFanMtr/NE-HVAC-FanBelt-VBelt-Std/instance-out.sql,121.25,3201384.63,363.26,9590815.74
CZ07/ECC&0&rDXHP&Ex&HV_AirDist__SupFanMtr/NE-HVAC-FanBelt-CoggedVBelt-Msr/instance-out.sql,120.44,3180028.36,360.55,9519485.81
CZ07/ECC&0&rDXHP&Ex&HV_AirDist__SupFanMtr/NE-HVAC-FanBelt-SynchVBelt-Msr/instance-out.sql,119.29,3149508.37,356.69,9417549.02
CZ07/EPr&0&rDXHP&Ex&HV_AirDist__SupFanMtr/NE-HVAC-FanBelt-VBelt-Std/instance-out.sql,128.24,485422.53,354.59,1342256.81
CZ07/EPr&0&rDXHP&Ex&HV_AirDist__SupFanMtr/NE-HVAC-FanBelt-CoggedVBelt-Msr/instance-out.sql,127.43,482354.93,351.88,1332011.01
CZ07/EPr&0&rDXHP&Ex&HV_AirDist__SupFanMtr/NE-HVAC-FanBelt-SynchVBelt-Msr/instance-out.sql,126.27,477962.57,348.01,1317340.56
CZ07/ERC&0&rDXHP&Ex&HV_AirDist__SupFanMtr/NE-HVAC-FanBelt-VBelt-Std/instance-out.sql,82.84,22192.62,199.26,53381.25
CZ07/ERC&0&rDXHP&Ex&HV_AirDist__SupFanMtr/NE-HVAC-FanBelt-CoggedVBelt-Msr/instance-out.sql,82.27,22040.00,197.36,52871.51
CZ07/ERC&0&rDXHP&Ex&HV_AirDist__SupFanMtr/NE-HVAC-FanBelt-SynchVBelt-Msr/instance-out.sql,81.46,21822.08,194.64,52143.67
CZ07/ESe&0&rDXHP&Ex&HV_AirDist__SupFanMtr/NE-HVAC-FanBelt-VBelt-Std/instance-out.sql,191.26,1322010.74,542.34,3748756.44
CZ07/ESe&0&rDXHP&Ex&HV_AirDist__SupFanMtr/NE-HVAC-FanBelt-CoggedVBelt-Msr/instance-out.sql,190.73,1318354.25,540.57,3736544.26
CZ07/ESe&0&rDXHP&Ex&HV_AirDist__SupFanMtr/NE-HVAC-FanBelt-SynchVBelt-Msr/instance-out.sql,189.98,1313147.62,538.06,3719151.94
CZ07/EUn&0&rDXHP&Ex&HV_AirDist__SupFanMtr/NE-HVAC-FanBelt-VBelt-Std/instance-out.sql,130.51,10400079.81,412.19,32848195.77
CZ07/EUn&0&rDXHP&Ex&HV_AirDist__SupFanMtr/NE-HVAC-FanBelt-CoggedVBelt-Msr/instance-out.sql,129.62,10329779.67,409.25,32613391.88
CZ07/EUn&0&rDXHP&Ex&HV_AirDist__SupFanMtr/NE-HVAC-FanBelt-SynchVBelt-Msr/instance-out.sql,128.36,10229388.06,405.04,32278081.78
CZ07/Hsp&0&rDXHP&Ex&HV_AirDist__SupFanMtr/NE-HVAC-FanBelt-VBelt-Std/instance-out.sql,105.66,4849890.68,319.34,14657288.51
CZ07/Hsp&0&rDXHP&Ex&HV_AirDist__SupFanMtr/NE-HVAC-FanBelt-CoggedVBelt-Msr/instance-out.sql,105.39,4837554.35,318.44,14616006.11
CZ07/Hsp&0&rDXHP&Ex&HV_AirDist__SupFanMtr/NE-HVAC-FanBelt-SynchVBelt-Msr/instance-out.sql,105.01,4819899.90,317.15,14556945.62
CZ07/MBT&0&rDXHP&Ex&HV_AirDist__SupFanMtr/NE-HVAC-FanBelt-VBelt-Std/instance-out.sql,157.19,5840771.89,428.85,15934335.16
CZ07/MBT&0&rDXHP&Ex&HV_AirDist__SupFanMtr/NE-HVAC-FanBelt-CoggedVBelt-Msr/instance-out.sql,156.83,5827118.93,427.62,15888620.27
CZ07/MBT&0&rDXHP&Ex&HV_AirDist__SupFanMtr/NE-HVAC-FanBelt-SynchVBelt-Msr/instance-out.sql,156.30,5807625.99,425.86,15823344.85
CZ07/MLI&0&rDXHP&Ex&HV_AirDist__SupFanMtr/NE-HVAC-FanBelt-VBelt-Std/instance-out.sql,153.59,1427118.22,501.84,4662929.66
CZ07/MLI&0&rDXHP&Ex&HV_AirDist__SupFanMtr/NE-HVAC-FanBelt-CoggedVBelt-Msr/instance-out.sql,151.92,1411619.16,496.27,4611162.81
CZ07/MLI&0&rDXHP&Ex&HV_AirDist__SupFanMtr/NE-HVAC-FanBelt-SynchVBelt-Msr/instance-out.sql,149.54,1389483.17,488.31,4537228.60
CZ07/Mtl&0&rDXHP&Ex&HV_AirDist__SupFanMtr/NE-HVAC-FanBelt-VBelt-Std/instance-out.sql,78.78,219468.90,256.62,714907.90
CZ07/Mtl&0&rDXHP&Ex&HV_AirDist__SupFanMtr/NE-HVAC-FanBelt-CoggedVBelt-Msr/instance-out.sql,77.96,217193.12,253.90,707306.77
CZ07/Mtl&0&rDXHP&Ex&HV_AirDist__SupFanMtr/NE-HVAC-FanBelt-SynchVBelt-Msr/instance-out.sql,76.80,213941.26,250.00,696445.56
CZ07/Nrs&0&rDXHP&Ex&HV_AirDist__SupFanMtr/NE-HVAC-FanBelt-VBelt-Std/instance-out.sql,109.31,1127233.04,316.85,3267420.33
CZ07/Nrs&0&rDXHP&Ex&HV_AirDist__SupFanMtr/NE-HVAC-FanBelt-CoggedVBelt-Msr/instance-out.sql,108.88,1122799.20,315.40,3252492.08
CZ07/Nrs&0&rDXHP&Ex&HV_AirDist__SupFanMtr/NE-HVAC-FanBelt-SynchVBelt-Msr/instance-out.sql,108.25,1116330.13,313.32,3231001.55
CZ07/OfL&0&rDXHP&Ex&HV_AirDist__SupFanMtr/NE-HVAC-FanBelt-VBelt-Std/instance-out.sql,110.63,3596445.33,360.68,11725337.41
CZ07/OfL&0&rDXHP&Ex&HV_AirDist__SupFanMtr/NE-HVAC-FanBelt-CoggedVBelt-Msr/instance-out.sql,109.54,3560931.32,357.04,11606720.17
CZ07/OfL&0&rDXHP&Ex&HV_AirDist__SupFanMtr/NE-HVAC-FanBelt-SynchVBelt-Msr/instance-out.sql,107.98,3510211.74,351.82,11437316.91
CZ07/OfS&0&rDXHP&Ex&HV_AirDist__SupFanMtr/NE-HVAC-FanBelt-VBelt-Std/instance-out.sql,113.07,210146.12,352.09,654359.63
CZ07/OfS&0&rDXHP&Ex&HV_AirDist__SupFanMtr/NE-HVAC-FanBelt-CoggedVBelt-Msr/instance-out.sql,111.77,207728.70,347.75,646285.46
CZ07/OfS&0&rDXHP&Ex&HV_AirDist__SupFanMtr/NE-HVAC-FanBelt-SynchVBelt-Msr/instance-out.sql,109.92,204275.96,341.54,634753.32
CZ07/RFF&0&rDXHP&Ex&HV_AirDist__SupFanMtr/NE-HVAC-FanBelt-VBelt-Std/instance-out.sql,355.35,131925.96,917.44,340606.18
CZ07/RFF&0&rDXHP&Ex&HV_AirDist__SupFanMtr/NE-HVAC-FanBelt-CoggedVBelt-Msr/instance-out.sql,353.63,131288.14,911.70,338475.88
CZ07/RFF&0&rDXHP&Ex&HV_AirDist__SupFanMtr/NE-HVAC-FanBelt-SynchVBelt-Msr/instance-out.sql,351.18,130377.27,903.50,335433.57
CZ07/RSD&0&rDXHP&Ex&HV_AirDist__SupFanMtr/NE-HVAC-FanBelt-VBelt-Std/instance-out.sql,275.86,287168.55,628.96,654733.57
CZ07/RSD&0&rDXHP&Ex&HV_AirDist__SupFanMtr/NE-HVAC-FanBelt-CoggedVBelt-Msr/instance-out.sql,275.56,286857.87,627.96,653695.15
CZ07/RSD&0&rDXHP&Ex&HV_AirDist__SupFanMtr/NE-HVAC-FanBelt-SynchVBelt-Msr/instance-out.sql,275.14,286414.89,626.53,652213.07
CZ07/Rt3&0&rDXHP&Ex&HV_AirDist__SupFanMtr/NE-HVAC-FanBelt-VBelt-Std/instance-out.sql,122.93,2741013.17,394.18,8788987.09
CZ07/Rt3&0&rDXHP&Ex&HV_AirDist__SupFanMtr/NE-HVAC-FanBelt-CoggedVBelt-Msr/instance-out.sql,121.87,2717279.99,390.63,8709718.17
CZ07/Rt3&0&rDXHP&Ex&HV_AirDist__SupFanMtr/NE-HVAC-FanBelt-SynchVBelt-Msr/instance-out.sql,120.35,2683389.08,385.55,8596522.37
CZ07/RtL&0&rDXHP&Ex&HV_AirDist__SupFanMtr/NE-HVAC-FanBelt-VBelt-Std/instance-out.sql,226.01,2740183.07,725.02,8790082.07
CZ07/RtL&0&rDXHP&Ex&HV_AirDist__SupFanMtr/NE-HVAC-FanBelt-CoggedVBelt-Msr/instance-out.sql,224.12,2717251.59,718.70,8713490.98
CZ07/RtL&0&rDXHP&Ex&HV_AirDist__SupFanMtr/NE-HVAC-FanBelt-SynchVBelt-Msr/instance-out.sql,221.42,2684505.01,709.68,8604117.44
CZ07/RtS&0&rDXHP&Ex&HV_AirDist__SupFanMtr/NE-HVAC-FanBelt-VBelt-Std/instance-out.sql,114.35,170010.20,358.92,533606.37
CZ07/RtS&0&rDXHP&Ex&HV_AirDist__SupFanMtr/NE-HVAC-FanBelt-CoggedVBelt-Msr/instance-out.sql,113.36,168524.60,355.58,528644.46
CZ07/RtS&0&rDXHP&Ex&HV_AirDist__SupFanMtr/NE-HVAC-FanBelt-SynchVBelt-Msr/instance-out.sql,111.93,166401.29,350.81,521552.61
CZ07/SCn&0&rDXHP&Ex&HV_AirDist__SupFanMtr/NE-HVAC-FanBelt-VBelt-Std/instance-out.sql,92.17,4281459.38,303.97,14119386.69
CZ07/SCn&0&rDXHP&Ex&HV_AirDist__SupFanMtr/NE-HVAC-FanBelt-CoggedVBelt-Msr/instance-out.sql,91.03,4228485.52,300.16,13942453.98
CZ07/SCn&0&rDXHP&Ex&HV_AirDist__SupFanMtr/NE-HVAC-FanBelt-SynchVBelt-Msr/instance-out.sql,89.40,4152856.71,294.72,13689853.77
CZ08/Asm&0&rDXHP&Ex&HV_AirDist__SupFanMtr/NE-HVAC-FanBelt-VBelt-Std/instance-out.sql,142.81,902282.30,469.28,2964898.78
CZ08/Asm&0&rDXHP&Ex&HV_AirDist__SupFanMtr/NE-HVAC-FanBelt-CoggedVBelt-Msr/instance-out.sql,141.29,892662.46,464.19,2932768.53
CZ08/Asm&0&rDXHP&Ex&HV_AirDist__SupFanMtr/NE-HVAC-FanBelt-SynchVBelt-Msr/instance-out.sql,139.12,878936.51,456.93,2886923.84
CZ08/ECC&0&rDXHP&Ex&HV_AirDist__SupFanMtr/NE-HVAC-FanBelt-VBelt-Std/instance-out.sql,125.18,3305058.40,376.44,9938897.52
CZ08/ECC&0&rDXHP&Ex&HV_AirDist__SupFanMtr/NE-HVAC-FanBelt-CoggedVBelt-Msr/instance-out.sql,124.32,3282384.31,373.57,9863166.06
CZ08/ECC&0&rDXHP&Ex&HV_AirDist__SupFanMtr/NE-HVAC-FanBelt-SynchVBelt-Msr/instance-out.sql,123.10,3249999.98,369.47,9755002.36
CZ08/EPr&0&rDXHP&Ex&HV_AirDist__SupFanMtr/NE-HVAC-FanBelt-VBelt-Std/instance-out.sql,132.86,502928.11,370.12,1401054.66
CZ08/EPr&0&rDXHP&Ex&HV_AirDist__SupFanMtr/NE-HVAC-FanBelt-CoggedVBelt-Msr/instance-out.sql,132.00,499663.91,367.24,1390152.23
CZ08/EPr&0&rDXHP&Ex&HV_AirDist__SupFanMtr/NE-HVAC-FanBelt-SynchVBelt-Msr/instance-out.sql,130.77,495003.19,363.13,1374585.37
CZ08/ERC&0&rDXHP&Ex&HV_AirDist__SupFanMtr/NE-HVAC-FanBelt-VBelt-Std/instance-out.sql,87.19,23357.26,213.83,57283.28
CZ08/ERC&0&rDXHP&Ex&HV_AirDist__SupFanMtr/NE-HVAC-FanBelt-CoggedVBelt-Msr/instance-out.sql,86.55,23186.81,211.70,56713.97
CZ08/ERC&0&rDXHP&Ex&HV_AirDist__SupFanMtr/NE-HVAC-FanBelt-SynchVBelt-Msr/instance-out.sql,85.65,22944.39,208.68,55904.29
CZ08/ESe&0&rDXHP&Ex&HV_AirDist__SupFanMtr/NE-HVAC-FanBelt-VBelt-Std/instance-out.sql,198.77,1373935.13,565.90,3911615.16
CZ08/ESe&0&rDXHP&Ex&HV_AirDist__SupFanMtr/NE-HVAC-FanBelt-CoggedVBelt-Msr/instance-out.sql,198.20,1370027.00,564.01,3898554.70
CZ08/ESe&0&rDXHP&Ex&HV_AirDist__SupFanMtr/NE-HVAC-FanBelt-SynchVBelt-Msr/instance-out.sql,197.40,1364451.23,561.32,3879941.90
CZ08/EUn&0&rDXHP&Ex&HV_AirDist__SupFanMtr/NE-HVAC-FanBelt-VBelt-Std/instance-out.sql,133.75,10658792.71,423.06,33713799.72
CZ08/EUn&0&rDXHP&Ex&HV_AirDist__SupFanMtr/NE-HVAC-FanBelt-CoggedVBelt-Msr/instance-out.sql,132.84,10585851.73,420.00,33470172.16
CZ08/EUn&0&rDXHP&Ex&HV_AirDist__SupFanMtr/NE-HVAC-FanBelt-SynchVBelt-Msr/instance-out.sql,131.53,10481698.21,415.63,33122292.55
CZ08/Hsp&0&rDXHP&Ex&HV_AirDist__SupFanMtr/NE-HVAC-FanBelt-VBelt-Std/instance-out.sql,115.26,5290537.30,340.47,15627377.31
CZ08/Hsp&0&rDXHP&Ex&HV_AirDist__SupFanMtr/NE-HVAC-FanBelt-CoggedVBelt-Msr/instance-out.sql,114.99,5277921.47,339.55,15585092.76
CZ08/Hsp&0&rDXHP&Ex&HV_AirDist__SupFanMtr/NE-HVAC-FanBelt-SynchVBelt-Msr/instance-out.sql,114.60,5259915.92,338.24,15524785.66
CZ08/MBT&0&rDXHP&Ex&HV_AirDist__SupFanMtr/NE-HVAC-FanBelt-VBelt-Std/instance-out.sql,166.21,6175584.23,446.88,16604492.27
CZ08/MBT&0&rDXHP&Ex&HV_AirDist__SupFanMtr/NE-HVAC-FanBelt-CoggedVBelt-Msr/instance-out.sql,165.82,6161115.09,445.58,16556041.42
CZ08/MBT&0&rDXHP&Ex&HV_AirDist__SupFanMtr/NE-HVAC-FanBelt-SynchVBelt-Msr/instance-out.sql,165.26,6140465.50,443.72,16486887.19
CZ08/MLI&0&rDXHP&Ex&HV_AirDist__SupFanMtr/NE-HVAC-FanBelt-VBelt-Std/instance-out.sql,158.79,1475439.40,519.23,4824481.42
CZ08/MLI&0&rDXHP&Ex&HV_AirDist__SupFanMtr/NE-HVAC-FanBelt-CoggedVBelt-Msr/instance-out.sql,157.06,1459327.99,513.44,4770669.30
CZ08/MLI&0&rDXHP&Ex&HV_AirDist__SupFanMtr/NE-HVAC-FanBelt-SynchVBelt-Msr/instance-out.sql,154.58,1436328.73,505.17,4693851.78
CZ08/Mtl&0&rDXHP&Ex&HV_AirDist__SupFanMtr/NE-HVAC-FanBelt-VBelt-Std/instance-out.sql,83.61,232913.14,272.74,759814.70
CZ08/Mtl&0&rDXHP&Ex&HV_AirDist__SupFanMtr/NE-HVAC-FanBelt-CoggedVBelt-Msr/instance-out.sql,82.73,230467.12,269.81,751644.97
CZ08/Mtl&0&rDXHP&Ex&HV_AirDist__SupFanMtr/NE-HVAC-FanBelt-SynchVBelt-Msr/instance-out.sql,81.48,226974.92,265.63,739981.02
CZ08/Nrs&0&rDXHP&Ex&HV_AirDist__SupFanMtr/NE-HVAC-FanBelt-VBelt-Std/instance-out.sql,113.65,1171966.41,328.39,3386426.39
CZ08/Nrs&0&rDXHP&Ex&HV_AirDist__SupFanMtr/NE-HVAC-FanBelt-CoggedVBelt-Msr/instance-out.sql,113.20,1167361.68,326.88,3370799.67
CZ08/Nrs&0&rDXHP&Ex&HV_AirDist__SupFanMtr/NE-HVAC-FanBelt-SynchVBelt-Msr/instance-out.sql,112.55,1160581.75,324.69,3348263.58
CZ08/OfL&0&rDXHP&Ex&HV_AirDist__SupFanMtr/NE-HVAC-FanBelt-VBelt-Std/instance-out.sql,115.37,3750405.87,375.40,12203845.20
CZ08/OfL&0&rDXHP&Ex&HV_AirDist__SupFanMtr/NE-HVAC-FanBelt-CoggedVBelt-Msr/instance-out.sql,114.22,3713057.04,371.57,12079101.32
CZ08/OfL&0&rDXHP&Ex&HV_AirDist__SupFanMtr/NE-HVAC-FanBelt-SynchVBelt-Msr/instance-out.sql,112.58,3659744.25,366.09,11900988.16
CZ08/OfS&0&rDXHP&Ex&HV_AirDist__SupFanMtr/NE-HVAC-FanBelt-VBelt-Std/instance-out.sql,119.50,222080.44,373.57,694285.50
CZ08/OfS&0&rDXHP&Ex&HV_AirDist__SupFanMtr/NE-HVAC-FanBelt-CoggedVBelt-Msr/instance-out.sql,118.09,219473.17,368.89,685577.22
CZ08/OfS&0&rDXHP&Ex&HV_AirDist__SupFanMtr/NE-HVAC-FanBelt-SynchVBelt-Msr/instance-out.sql,116.09,215749.44,362.20,673139.93
CZ08/RFF&0&rDXHP&Ex&HV_AirDist__SupFanMtr/NE-HVAC-FanBelt-VBelt-Std/instance-out.sql,366.15,135935.07,953.70,354068.61
CZ08/RFF&0&rDXHP&Ex&HV_AirDist__SupFanMtr/NE-HVAC-FanBelt-CoggedVBelt-Msr/instance-out.sql,364.31,135251.92,947.55,351786.87
CZ08/RFF&0&rDXHP&Ex&HV_AirDist__SupFanMtr/NE-HVAC-FanBelt-SynchVBelt-Msr/instance-out.sql,361.68,134276.56,938.78,348529.17
CZ08/RSD&0&rDXHP&Ex&HV_AirDist__SupFanMtr/NE-HVAC-FanBelt-VBelt-Std/instance-out.sql,298.31,310536.07,675.21,702880.22
CZ08/RSD&0&rDXHP&Ex&HV_AirDist__SupFanMtr/NE-HVAC-FanBelt-CoggedVBelt-Msr/instance-out.sql,297.99,310206.57,674.15,701778.07
CZ08/RSD&0&rDXHP&Ex&HV_AirDist__SupFanMtr/NE-HVAC-FanBelt-SynchVBelt-Msr/instance-out.sql,297.54,309736.48,672.64,700205.07
CZ08/Rt3&0&rDXHP&Ex&HV_AirDist__SupFanMtr/NE-HVAC-FanBelt-VBelt-Std/instance-out.sql,126.04,2810236.01,404.58,9020729.56
CZ08/Rt3&0&rDXHP&Ex&HV_AirDist__SupFanMtr/NE-HVAC-FanBelt-CoggedVBelt-Msr/instance-out.sql,124.94,2785678.25,400.90,8938706.49
CZ08/Rt3&0&rDXHP&Ex&HV_AirDist__SupFanMtr/NE-HVAC-FanBelt-SynchVBelt-Msr/instance-out.sql,123.36,2750599.65,395.64,8821543.34
CZ08/RtL&0&rDXHP&Ex&HV_AirDist__SupFanMtr/NE-HVAC-FanBelt-VBelt-Std/instance-out.sql,231.61,2807978.08,743.73,9016960.50
CZ08/RtL&0&rDXHP&Ex&HV_AirDist__SupFanMtr/NE-HVAC-FanBelt-CoggedVBelt-Msr/instance-out.sql,229.65,2784303.13,737.21,8937886.17
CZ08/RtL&0&rDXHP&Ex&HV_AirDist__SupFanMtr/NE-HVAC-FanBelt-SynchVBelt-Msr/instance-out.sql,226.86,2750498.38,727.89,8824978.31
CZ08/RtS&0&rDXHP&Ex&HV_AirDist__SupFanMtr/NE-HVAC-FanBelt-VBelt-Std/instance-out.sql,119.94,178317.15,377.61,561386.99
CZ08/RtS&0&rDXHP&Ex&HV_AirDist__SupFanMtr/NE-HVAC-FanBelt-CoggedVBelt-Msr/instance-out.sql,118.86,176713.97,374.01,556032.35
CZ08/RtS&0&rDXHP&Ex&HV_AirDist__SupFanMtr/NE-HVAC-FanBelt-SynchVBelt-Msr/instance-out.sql,117.32,174424.12,368.86,548384.27
CZ08/SCn&0&rDXHP&Ex&HV_AirDist__SupFanMtr/NE-HVAC-FanBelt-VBelt-Std/instance-out.sql,96.65,4489475.65,318.93,14814453.05
CZ08/SCn&0&rDXHP&Ex&HV_AirDist__SupFanMtr/NE-HVAC-FanBelt-CoggedVBelt-Msr/instance-out.sql,95.46,4434230.84,314.96,14629935.38
CZ08/SCn&0&rDXHP&Ex&HV_AirDist__SupFanMtr/NE-HVAC-FanBelt-SynchVBelt-Msr/instance-out.sql,93.76,4355375.46,309.29,14366558.41
CZ09/Asm&0&rDXHP&Ex&HV_AirDist__SupFanMtr/NE-HVAC-FanBelt-VBelt-Std/instance-out.sql,148.03,935265.10,486.79,3075528.65
CZ09/Asm&0&rDXHP&Ex&HV_AirDist__SupFanMtr/NE-HVAC-FanBelt-CoggedVBelt-Msr/instance-out.sql,146.44,925224.85,481.48,3041994.22
CZ09/Asm&0&rDXHP&Ex&HV_AirDist__SupFanMtr/NE-HVAC-FanBelt-SynchVBelt-Msr/instance-out.sql,144.17,910900.91,473.91,2994152.25
CZ09/ECC&0&rDXHP&Ex&HV_AirDist__SupFanMtr/NE-HVAC-FanBelt-VBelt-Std/instance-out.sql,129.94,3430750.31,392.82,10371348.87
CZ09/ECC&0&rDXHP&Ex&HV_AirDist__SupFanMtr/NE-HVAC-FanBelt-CoggedVBelt-Msr/instance-out.sql,129.02,3406372.13,389.74,10289925.80
CZ09/ECC&0&rDXHP&Ex&HV_AirDist__SupFanMtr/NE-HVAC-FanBelt-SynchVBelt-Msr/instance-out.sql,127.70,3371567.95,385.33,10173679.83
CZ09/EPr&0&rDXHP&Ex&HV_AirDist__SupFanMtr/NE-HVAC-FanBelt-VBelt-Std/instance-out.sql,137.51,520524.28,386.25,1462118.82
CZ09/EPr&0&rDXHP&Ex&HV_AirDist__SupFanMtr/NE-HVAC-FanBelt-CoggedVBelt-Msr/instance-out.sql,136.59,517039.64,383.18,1450480.14
CZ09/EPr&0&rDXHP&Ex&HV_AirDist__SupFanMtr/NE-HVAC-FanBelt-SynchVBelt-Msr/instance-out.sql,135.27,512055.79,378.78,1433834.08
CZ09/ERC&0&rDXHP&Ex&HV_AirDist__SupFanMtr/NE-HVAC-FanBelt-VBelt-Std/instance-out.sql,90.78,24318.54,226.12,60577.11
CZ09/ERC&0&rDXHP&Ex&HV_AirDist__SupFanMtr/NE-HVAC-FanBelt-CoggedVBelt-Msr/instance-out.sql,90.09,24134.80,223.83,59963.41
CZ09/ERC&0&rDXHP&Ex&HV_AirDist__SupFanMtr/NE-HVAC-FanBelt-SynchVBelt-Msr/instance-out.sql,89.10,23870.64,220.54,59081.13
CZ09/ESe&0&rDXHP&Ex&HV_AirDist__SupFanMtr/NE-HVAC-FanBelt-VBelt-Std/instance-out.sql,204.32,1412268.57,586.72,4055524.59
CZ09/ESe&0&rDXHP&Ex&HV_AirDist__SupFanMtr/NE-HVAC-FanBelt-CoggedVBelt-Msr/instance-out.sql,203.70,1408027.66,584.67,4041372.63
CZ09/ESe&0&rDXHP&Ex&HV_AirDist__SupFanMtr/NE-HVAC-FanBelt-SynchVBelt-Msr/instance-out.sql,202.83,1401982.04,581.75,4021177.92
CZ09/EUn&0&rDXHP&Ex&HV_AirDist__SupFanMtr/NE-HVAC-FanBelt-VBelt-Std/instance-out.sql,137.45,10953319.92,435.67,34719105.09
CZ09/EUn&0&rDXHP&Ex&HV_AirDist__SupFanMtr/NE-HVAC-FanBelt-CoggedVBelt-Msr/instance-out.sql,136.49,10876814.96,432.47,34463573.31
CZ09/EUn&0&rDXHP&Ex&HV_AirDist__SupFanMtr/NE-HVAC-FanBelt-SynchVBelt-Msr/instance-out.sql,135.12,10767527.08,427.88,34098544.33
CZ09/Hsp&0&rDXHP&Ex&HV_AirDist__SupFanMtr/NE-HVAC-FanBelt-VBelt-Std/instance-out.sql,122.47,5621313.53,359.02,16478743.02
CZ09/Hsp&0&rDXHP&Ex&HV_AirDist__SupFanMtr/NE-HVAC-FanBelt-CoggedVBelt-Msr/instance-out.sql,122.18,5608135.56,358.06,16434513.30
CZ09/Hsp&0&rDXHP&Ex&HV_AirDist__SupFanMtr/NE-HVAC-FanBelt-SynchVBelt-Msr/instance-out.sql,121.77,5589175.83,356.68,16371141.31
CZ09/MBT&0&rDXHP&Ex&HV_AirDist__SupFanMtr/NE-HVAC-FanBelt-VBelt-Std/instance-out.sql,166.95,6203222.99,456.08,16946270.03
CZ09/MBT&0&rDXHP&Ex&HV_AirDist__SupFanMtr/NE-HVAC-FanBelt-CoggedVBelt-Msr/instance-out.sql,166.54,6187933.72,454.70,16895096.79
CZ09/MBT&0&rDXHP&Ex&HV_AirDist__SupFanMtr/NE-HVAC-FanBelt-SynchVBelt-Msr/instance-out.sql,165.95,6166111.20,452.74,16822050.45
CZ09/MLI&0&rDXHP&Ex&HV_AirDist__SupFanMtr/NE-HVAC-FanBelt-VBelt-Std/instance-out.sql,162.97,1514214.69,533.30,4955225.22
CZ09/MLI&0&rDXHP&Ex&HV_AirDist__SupFanMtr/NE-HVAC-FanBelt-CoggedVBelt-Msr/instance-out.sql,161.19,1497723.25,527.37,4900143.83
CZ09/MLI&0&rDXHP&Ex&HV_AirDist__SupFanMtr/NE-HVAC-FanBelt-SynchVBelt-Msr/instance-out.sql,158.66,1474176.92,518.91,4821499.09
CZ09/Mtl&0&rDXHP&Ex&HV_AirDist__SupFanMtr/NE-HVAC-FanBelt-VBelt-Std/instance-out.sql,88.57,246735.64,289.33,806018.06
CZ09/Mtl&0&rDXHP&Ex&HV_AirDist__SupFanMtr/NE-HVAC-FanBelt-CoggedVBelt-Msr/instance-out.sql,87.62,244091.19,286.16,797185.59
CZ09/Mtl&0&rDXHP&Ex&HV_AirDist__SupFanMtr/NE-HVAC-FanBelt-SynchVBelt-Msr/instance-out.sql,86.26,240315.41,281.63,784574.49
CZ09/Nrs&0&rDXHP&Ex&HV_AirDist__SupFanMtr/NE-HVAC-FanBelt-VBelt-Std/instance-out.sql,119.52,1232474.71,344.14,3548854.11
CZ09/Nrs&0&rDXHP&Ex&HV_AirDist__SupFanMtr/NE-HVAC-FanBelt-CoggedVBelt-Msr/instance-out.sql,119.05,1227647.73,342.56,3532543.16
CZ09/Nrs&0&rDXHP&Ex&HV_AirDist__SupFanMtr/NE-HVAC-FanBelt-SynchVBelt-Msr/instance-out.sql,118.36,1220537.98,340.28,3509020.94
CZ09/OfL&0&rDXHP&Ex&HV_AirDist__SupFanMtr/NE-HVAC-FanBelt-VBelt-Std/instance-out.sql,120.59,3920095.86,392.50,12759730.24
CZ09/OfL&0&rDXHP&Ex&HV_AirDist__SupFanMtr/NE-HVAC-FanBelt-CoggedVBelt-Msr/instance-out.sql,119.37,3880502.46,388.44,12627578.26
CZ09/OfL&0&rDXHP&Ex&HV_AirDist__SupFanMtr/NE-HVAC-FanBelt-SynchVBelt-Msr/instance-out.sql,117.63,3824022.05,382.63,12438932.72
CZ09/OfS&0&rDXHP&Ex&HV_AirDist__SupFanMtr/NE-HVAC-FanBelt-VBelt-Std/instance-out.sql,126.44,234988.20,397.05,737914.28
CZ09/OfS&0&rDXHP&Ex&HV_AirDist__SupFanMtr/NE-HVAC-FanBelt-CoggedVBelt-Msr/instance-out.sql,124.93,232179.81,392.00,728534.25
CZ09/OfS&0&rDXHP&Ex&HV_AirDist__SupFanMtr/NE-HVAC-FanBelt-SynchVBelt-Msr/instance-out.sql,122.77,228168.98,384.80,715138.10
CZ09/RFF&0&rDXHP&Ex&HV_AirDist__SupFanMtr/NE-HVAC-FanBelt-VBelt-Std/instance-out.sql,379.98,141071.75,1001.45,371797.62
CZ09/RFF&0&rDXHP&Ex&HV_AirDist__SupFanMtr/NE-HVAC-FanBelt-CoggedVBelt-Msr/instance-out.sql,377.98,140327.43,994.75,369311.58
CZ09/RFF&0&rDXHP&Ex&HV_AirDist__SupFanMtr/NE-HVAC-FanBelt-SynchVBelt-Msr/instance-out.sql,375.12,139264.96,985.20,365762.95
CZ09/RSD&0&rDXHP&Ex&HV_AirDist__SupFanMtr/NE-HVAC-FanBelt-VBelt-Std/instance-out.sql,315.54,328470.16,714.45,743730.78
CZ09/RSD&0&rDXHP&Ex&HV_AirDist__SupFanMtr/NE-HVAC-FanBelt-CoggedVBelt-Msr/instance-out.sql,315.20,328122.06,713.33,742565.95
CZ09/RSD&0&rDXHP&Ex&HV_AirDist__SupFanMtr/NE-HVAC-FanBelt-SynchVBelt-Msr/instance-out.sql,314.73,327624.99,711.73,740902.86
CZ09/Rt3&0&rDXHP&Ex&HV_AirDist__SupFanMtr/NE-HVAC-FanBelt-VBelt-Std/instance-out.sql,131.03,2921554.53,421.47,9397367.15
CZ09/Rt3&0&rDXHP&Ex&HV_AirDist__SupFanMtr/NE-HVAC-FanBelt-CoggedVBelt-Msr/instance-out.sql,129.86,2895445.18,417.56,9310161.80
CZ09/Rt3&0&rDXHP&Ex&HV_AirDist__SupFanMtr/NE-HVAC-FanBelt-SynchVBelt-Msr/instance-out.sql,128.19,2858118.40,411.97,9185490.00
CZ09/RtL&0&rDXHP&Ex&HV_AirDist__SupFanMtr/NE-HVAC-FanBelt-VBelt-Std/instance-out.sql,237.66,2881430.50,764.25,9265771.89
CZ09/RtL&0&rDXHP&Ex&HV_AirDist__SupFanMtr/NE-HVAC-FanBelt-CoggedVBelt-Msr/instance-out.sql,235.64,2856945.19,757.51,9183990.97
CZ09/RtL&0&rDXHP&Ex&HV_AirDist__SupFanMtr/NE-HVAC-FanBelt-SynchVBelt-Msr/instance-out.sql,232.76,2821983.72,747.87,9067219.66
CZ09/RtS&0&rDXHP&Ex&HV_AirDist__SupFanMtr/NE-HVAC-FanBelt-VBelt-Std/instance-out.sql,125.06,185926.33,394.89,587078.16
CZ09/RtS&0&rDXHP&Ex&HV_AirDist__SupFanMtr/NE-HVAC-FanBelt-CoggedVBelt-Msr/instance-out.sql,123.91,184219.92,391.05,581378.71
CZ09/RtS&0&rDXHP&Ex&HV_AirDist__SupFanMtr/NE-HVAC-FanBelt-SynchVBelt-Msr/instance-out.sql,122.27,181782.93,385.58,573239.17
CZ09/SCn&0&rDXHP&Ex&HV_AirDist__SupFanMtr/NE-HVAC-FanBelt-VBelt-Std/instance-out.sql,101.72,4725183.23,335.93,15603993.39
CZ09/SCn&0&rDXHP&Ex&HV_AirDist__SupFanMtr/NE-HVAC-FanBelt-CoggedVBelt-Msr/instance-out.sql,100.45,4665771.42,331.65,15405557.93
CZ09/SCn&0&rDXHP&Ex&HV_AirDist__SupFanMtr/NE-HVAC-FanBelt-SynchVBelt-Msr/instance-out.sql,98.64,4582055.39,325.63,15125946.39
CZ10/Asm&0&rDXHP&Ex&HV_AirDist__SupFanMtr/NE-HVAC-FanBelt-VBelt-Std/instance-out.sql,159.85,1009958.23,526.31,3325271.43
CZ10/Asm&0&rDXHP&Ex&HV_AirDist__SupFanMtr/NE-HVAC-FanBelt-CoggedVBelt-Msr/instance-out.sql,158.25,999850.46,520.97,3291511.49
CZ10/Asm&0&rDXHP&Ex&HV_AirDist__SupFanMtr/NE-HVAC-FanBelt-SynchVBelt-Msr/instance-out.sql,155.97,985422.20,513.34,3243321.11
CZ10/ECC&0&rDXHP&Ex&HV_AirDist__SupFanMtr/NE-HVAC-FanBelt-VBelt-Std/instance-out.sql,135.11,3567238.16,410.48,10837592.04
CZ10/ECC&0&rDXHP&Ex&HV_AirDist__SupFanMtr/NE-HVAC-FanBelt-CoggedVBelt-Msr/instance-out.sql,134.16,3542049.88,407.29,10753465.95
CZ10/ECC&0&rDXHP&Ex&HV_AirDist__SupFanMtr/NE-HVAC-FanBelt-SynchVBelt-Msr/instance-out.sql,132.79,3506085.68,402.74,10633352.02
CZ10/EPr&0&rDXHP&Ex&HV_AirDist__SupFanMtr/NE-HVAC-FanBelt-VBelt-Std/instance-out.sql,140.52,531932.68,396.82,1502126.44
CZ10/EPr&0&rDXHP&Ex&HV_AirDist__SupFanMtr/NE-HVAC-FanBelt-CoggedVBelt-Msr/instance-out.sql,139.61,528489.87,393.79,1490627.45
CZ10/EPr&0&rDXHP&Ex&HV_AirDist__SupFanMtr/NE-HVAC-FanBelt-SynchVBelt-Msr/instance-out.sql,138.31,523572.60,389.45,1474203.68
CZ10/ERC&0&rDXHP&Ex&HV_AirDist__SupFanMtr/NE-HVAC-FanBelt-VBelt-Std/instance-out.sql,94.18,25229.04,237.73,63687.87
CZ10/ERC&0&rDXHP&Ex&HV_AirDist__SupFanMtr/NE-HVAC-FanBelt-CoggedVBelt-Msr/instance-out.sql,93.47,25039.86,235.38,63056.01
CZ10/ERC&0&rDXHP&Ex&HV_AirDist__SupFanMtr/NE-HVAC-FanBelt-SynchVBelt-Msr/instance-out.sql,92.46,24770.59,232.02,62156.64
CZ10/ESe&0&rDXHP&Ex&HV_AirDist__SupFanMtr/NE-HVAC-FanBelt-VBelt-Std/instance-out.sql,217.33,1502252.03,624.79,4318643.57
CZ10/ESe&0&rDXHP&Ex&HV_AirDist__SupFanMtr/NE-HVAC-FanBelt-CoggedVBelt-Msr/instance-out.sql,216.72,1497983.06,622.72,4304341.98
CZ10/ESe&0&rDXHP&Ex&HV_AirDist__SupFanMtr/NE-HVAC-FanBelt-SynchVBelt-Msr/instance-out.sql,215.83,1491857.64,619.76,4283916.91
CZ10/EUn&0&rDXHP&Ex&HV_AirDist__SupFanMtr/NE-HVAC-FanBelt-VBelt-Std/instance-out.sql,140.52,11198251.06,446.09,35549007.86
CZ10/EUn&0&rDXHP&Ex&HV_AirDist__SupFanMtr/NE-HVAC-FanBelt-CoggedVBelt-Msr/instance-out.sql,139.57,11122401.44,442.91,35295656.72
CZ10/EUn&0&rDXHP&Ex&HV_AirDist__SupFanMtr/NE-HVAC-FanBelt-SynchVBelt-Msr/instance-out.sql,138.21,11014133.32,438.37,34934021.91
CZ10/Hsp&0&rDXHP&Ex&HV_AirDist__SupFanMtr/NE-HVAC-FanBelt-VBelt-Std/instance-out.sql,134.37,6167609.97,384.09,17629368.94
CZ10/Hsp&0&rDXHP&Ex&HV_AirDist__SupFanMtr/NE-HVAC-FanBelt-CoggedVBelt-Msr/instance-out.sql,134.07,6153629.62,383.07,17582522.54
CZ10/Hsp&0&rDXHP&Ex&HV_AirDist__SupFanMtr/NE-HVAC-FanBelt-SynchVBelt-Msr/instance-out.sql,133.63,6133650.12,381.61,17515486.69
CZ10/MBT&0&rDXHP&Ex&HV_AirDist__SupFanMtr/NE-HVAC-FanBelt-VBelt-Std/instance-out.sql,186.12,6915541.77,492.22,18289010.98
CZ10/MBT&0&rDXHP&Ex&HV_AirDist__SupFanMtr/NE-HVAC-FanBelt-CoggedVBelt-Msr/instance-out.sql,185.70,6900057.28,490.82,18237146.90
CZ10/MBT&0&rDXHP&Ex&HV_AirDist__SupFanMtr/NE-HVAC-FanBelt-SynchVBelt-Msr/instance-out.sql,185.11,6877956.44,488.83,18163114.92
CZ10/MLI&0&rDXHP&Ex&HV_AirDist__SupFanMtr/NE-HVAC-FanBelt-VBelt-Std/instance-out.sql,169.95,1579107.11,556.71,5172697.43
CZ10/MLI&0&rDXHP&Ex&HV_AirDist__SupFanMtr/NE-HVAC-FanBelt-CoggedVBelt-Msr/instance-out.sql,168.13,1562205.36,550.63,5116246.51
CZ10/MLI&0&rDXHP&Ex&HV_AirDist__SupFanMtr/NE-HVAC-FanBelt-SynchVBelt-Msr/instance-out.sql,165.54,1538088.57,541.96,5035696.43
CZ10/Mtl&0&rDXHP&Ex&HV_AirDist__SupFanMtr/NE-HVAC-FanBelt-VBelt-Std/instance-out.sql,93.88,261531.75,307.08,855458.15
CZ10/Mtl&0&rDXHP&Ex&HV_AirDist__SupFanMtr/NE-HVAC-FanBelt-CoggedVBelt-Msr/instance-out.sql,92.90,258815.01,303.82,846384.25
CZ10/Mtl&0&rDXHP&Ex&HV_AirDist__SupFanMtr/NE-HVAC-FanBelt-SynchVBelt-Msr/instance-out.sql,91.51,254929.58,299.16,833406.92
CZ10/Nrs&0&rDXHP&Ex&HV_AirDist__SupFanMtr/NE-HVAC-FanBelt-VBelt-Std/instance-out.sql,124.61,1284991.26,357.45,3686021.44
CZ10/Nrs&0&rDXHP&Ex&HV_AirDist__SupFanMtr/NE-HVAC-FanBelt-CoggedVBelt-Msr/instance-out.sql,124.12,1279970.93,355.82,3669247.90
CZ10/Nrs&0&rDXHP&Ex&HV_AirDist__SupFanMtr/NE-HVAC-FanBelt-SynchVBelt-Msr/instance-out.sql,123.44,1272972.80,353.51,3645475.48
CZ10/OfL&0&rDXHP&Ex&HV_AirDist__SupFanMtr/NE-HVAC-FanBelt-VBelt-Std/instance-out.sql,121.26,3942113.83,393.06,12777790.59
CZ10/OfL&0&rDXHP&Ex&HV_AirDist__SupFanMtr/NE-HVAC-FanBelt-CoggedVBelt-Msr/instance-out.sql,120.09,3903964.98,389.14,12650374.35
CZ10/OfL&0&rDXHP&Ex&HV_AirDist__SupFanMtr/NE-HVAC-FanBelt-SynchVBelt-Msr/instance-out.sql,118.41,3849483.79,383.54,12468408.72
CZ10/OfS&0&rDXHP&Ex&HV_AirDist__SupFanMtr/NE-HVAC-FanBelt-VBelt-Std/instance-out.sql,124.76,231862.02,391.59,727770.37
CZ10/OfS&0&rDXHP&Ex&HV_AirDist__SupFanMtr/NE-HVAC-FanBelt-CoggedVBelt-Msr/instance-out.sql,123.32,229196.65,386.80,718868.04
CZ10/OfS&0&rDXHP&Ex&HV_AirDist__SupFanMtr/NE-HVAC-FanBelt-SynchVBelt-Msr/instance-out.sql,121.27,225387.62,379.96,706145.88
CZ10/RFF&0&rDXHP&Ex&HV_AirDist__SupFanMtr/NE-HVAC-FanBelt-VBelt-Std/instance-out.sql,391.89,145492.37,1042.11,386892.29
CZ10/RFF&0&rDXHP&Ex&HV_AirDist__SupFanMtr/NE-HVAC-FanBelt-CoggedVBelt-Msr/instance-out.sql,389.88,144746.38,1035.40,384400.69
CZ10/RFF&0&rDXHP&Ex&HV_AirDist__SupFanMtr/NE-HVAC-FanBelt-SynchVBelt-Msr/instance-out.sql,387.01,143682.04,1025.82,380845.79
CZ10/RSD&0&rDXHP&Ex&HV_AirDist__SupFanMtr/NE-HVAC-FanBelt-VBelt-Std/instance-out.sql,342.52,356555.64,773.12,804806.70
CZ10/RSD&0&rDXHP&Ex&HV_AirDist__SupFanMtr/NE-HVAC-FanBelt-CoggedVBelt-Msr/instance-out.sql,342.19,356215.43,772.02,803662.75
CZ10/RSD&0&rDXHP&Ex&HV_AirDist__SupFanMtr/NE-HVAC-FanBelt-SynchVBelt-Msr/instance-out.sql,341.72,355726.51,770.45,802025.14
CZ10/Rt3&0&rDXHP&Ex&HV_AirDist__SupFanMtr/NE-HVAC-FanBelt-VBelt-Std/instance-out.sql,138.91,3097221.04,447.88,9986262.58
CZ10/Rt3&0&rDXHP&Ex&HV_AirDist__SupFanMtr/NE-HVAC-FanBelt-CoggedVBelt-Msr/instance-out.sql,137.67,3069647.23,443.75,9894164.97
CZ10/Rt3&0&rDXHP&Ex&HV_AirDist__SupFanMtr/NE-HVAC-FanBelt-SynchVBelt-Msr/instance-out.sql,135.91,3030314.86,437.86,9762792.96
CZ10/RtL&0&rDXHP&Ex&HV_AirDist__SupFanMtr/NE-HVAC-FanBelt-VBelt-Std/instance-out.sql,244.87,2968783.66,788.48,9559531.19
CZ10/RtL&0&rDXHP&Ex&HV_AirDist__SupFanMtr/NE-HVAC-FanBelt-CoggedVBelt-Msr/instance-out.sql,242.83,2944097.99,781.68,9477081.04
CZ10/RtL&0&rDXHP&Ex&HV_AirDist__SupFanMtr/NE-HVAC-FanBelt-SynchVBelt-Msr/instance-out.sql,239.92,2908846.89,771.97,9359342.37
CZ10/RtS&0&rDXHP&Ex&HV_AirDist__SupFanMtr/NE-HVAC-FanBelt-VBelt-Std/instance-out.sql,134.68,200231.24,427.13,635016.45
CZ10/RtS&0&rDXHP&Ex&HV_AirDist__SupFanMtr/NE-HVAC-FanBelt-CoggedVBelt-Msr/instance-out.sql,133.44,198388.35,422.99,628861.17
CZ10/RtS&0&rDXHP&Ex&HV_AirDist__SupFanMtr/NE-HVAC-FanBelt-SynchVBelt-Msr/instance-out.sql,131.67,195756.67,417.08,620071.37
CZ10/SCn&0&rDXHP&Ex&HV_AirDist__SupFanMtr/NE-HVAC-FanBelt-VBelt-Std/instance-out.sql,107.61,4998531.14,355.61,16518333.50
CZ10/SCn&0&rDXHP&Ex&HV_AirDist__SupFanMtr/NE-HVAC-FanBelt-CoggedVBelt-Msr/instance-out.sql,106.32,4938419.70,351.29,16317561.30
CZ10/SCn&0&rDXHP&Ex&HV_AirDist__SupFanMtr/NE-HVAC-FanBelt-SynchVBelt-Msr/instance-out.sql,104.47,4852887.77,345.14,16031884.65
CZ11/Asm&0&rDXHP&Ex&HV_AirDist__SupFanMtr/NE-HVAC-FanBelt-VBelt-Std/instance-out.sql,169.56,1071266.29,558.60,3529277.76
CZ11/Asm&0&rDXHP&Ex&HV_AirDist__SupFanMtr/NE-HVAC-FanBelt-CoggedVBelt-Msr/instance-out.sql,167.97,1061264.98,553.32,3495873.39
CZ11/Asm&0&rDXHP&Ex&HV_AirDist__SupFanMtr/NE-HVAC-FanBelt-SynchVBelt-Msr/instance-out.sql,165.71,1046989.02,545.77,3448191.67
CZ11/ECC&0&rDXHP&Ex&HV_AirDist__SupFanMtr/NE-HVAC-FanBelt-VBelt-Std/instance-out.sql,138.74,3662964.02,421.85,11137879.41
CZ11/ECC&0&rDXHP&Ex&HV_AirDist__SupFanMtr/NE-HVAC-FanBelt-CoggedVBelt-Msr/instance-out.sql,137.75,3637019.02,418.57,11051211.86
CZ11/ECC&0&rDXHP&Ex&HV_AirDist__SupFanMtr/NE-HVAC-FanBelt-SynchVBelt-Msr/instance-out.sql,136.35,3600052.00,413.89,10927741.95
CZ11/EPr&0&rDXHP&Ex&HV_AirDist__SupFanMtr/NE-HVAC-FanBelt-VBelt-Std/instance-out.sql,148.13,560711.90,421.33,1594881.46
CZ11/EPr&0&rDXHP&Ex&HV_AirDist__SupFanMtr/NE-HVAC-FanBelt-CoggedVBelt-Msr/instance-out.sql,147.15,557031.65,418.08,1582589.45
CZ11/EPr&0&rDXHP&Ex&HV_AirDist__SupFanMtr/NE-HVAC-FanBelt-SynchVBelt-Msr/instance-out.sql,145.76,551771.82,413.44,1565021.60
CZ11/ERC&0&rDXHP&Ex&HV_AirDist__SupFanMtr/NE-HVAC-FanBelt-VBelt-Std/instance-out.sql,104.02,27865.86,270.16,72373.25
CZ11/ERC&0&rDXHP&Ex&HV_AirDist__SupFanMtr/NE-HVAC-FanBelt-CoggedVBelt-Msr/instance-out.sql,103.22,27651.63,267.48,71657.74
CZ11/ERC&0&rDXHP&Ex&HV_AirDist__SupFanMtr/NE-HVAC-FanBelt-SynchVBelt-Msr/instance-out.sql,102.07,27343.85,263.65,70629.73
CZ11/ESe&0&rDXHP&Ex&HV_AirDist__SupFanMtr/NE-HVAC-FanBelt-VBelt-Std/instance-out.sql,230.68,1594498.38,653.04,4513941.94
CZ11/ESe&0&rDXHP&Ex&HV_AirDist__SupFanMtr/NE-HVAC-FanBelt-CoggedVBelt-Msr/instance-out.sql,230.03,1590021.88,650.88,4498989.73
CZ11/ESe&0&rDXHP&Ex&HV_AirDist__SupFanMtr/NE-HVAC-FanBelt-SynchVBelt-Msr/instance-out.sql,229.11,1583629.61,647.78,4477585.47
CZ11/EUn&0&rDXHP&Ex&HV_AirDist__SupFanMtr/NE-HVAC-FanBelt-VBelt-Std/instance-out.sql,144.10,11483453.71,457.06,36423234.65
CZ11/EUn&0&rDXHP&Ex&HV_AirDist__SupFanMtr/NE-HVAC-FanBelt-CoggedVBelt-Msr/instance-out.sql,143.12,11405357.06,453.78,36162304.58
CZ11/EUn&0&rDXHP&Ex&HV_AirDist__SupFanMtr/NE-HVAC-FanBelt-SynchVBelt-Msr/instance-out.sql,141.72,11293883.42,449.11,35789860.25
CZ11/Hsp&0&rDXHP&Ex&HV_AirDist__SupFanMtr/NE-HVAC-FanBelt-VBelt-Std/instance-out.sql,136.00,6242086.01,383.41,17598217.79
CZ11/Hsp&0&rDXHP&Ex&HV_AirDist__SupFanMtr/NE-HVAC-FanBelt-CoggedVBelt-Msr/instance-out.sql,135.70,6228748.58,382.43,17553219.61
CZ11/Hsp&0&rDXHP&Ex&HV_AirDist__SupFanMtr/NE-HVAC-FanBelt-SynchVBelt-Msr/instance-out.sql,135.29,6209514.61,381.02,17488539.70
CZ11/MBT&0&rDXHP&Ex&HV_AirDist__SupFanMtr/NE-HVAC-FanBelt-VBelt-Std/instance-out.sql,211.31,7851560.44,530.13,19697679.60
CZ11/MBT&0&rDXHP&Ex&HV_AirDist__SupFanMtr/NE-HVAC-FanBelt-CoggedVBelt-Msr/instance-out.sql,210.88,7835451.58,528.67,19643549.47
CZ11/MBT&0&rDXHP&Ex&HV_AirDist__SupFanMtr/NE-HVAC-FanBelt-SynchVBelt-Msr/instance-out.sql,210.26,7812463.85,526.59,19566287.98
CZ11/MLI&0&rDXHP&Ex&HV_AirDist__SupFanMtr/NE-HVAC-FanBelt-VBelt-Std/instance-out.sql,177.72,1651270.44,582.43,5411718.96
CZ11/MLI&0&rDXHP&Ex&HV_AirDist__SupFanMtr/NE-HVAC-FanBelt-CoggedVBelt-Msr/instance-out.sql,175.85,1633908.76,576.19,5353730.94
CZ11/MLI&0&rDXHP&Ex&HV_AirDist__SupFanMtr/NE-HVAC-FanBelt-SynchVBelt-Msr/instance-out.sql,173.18,1609139.52,567.29,5271001.69
CZ11/Mtl&0&rDXHP&Ex&HV_AirDist__SupFanMtr/NE-HVAC-FanBelt-VBelt-Std/instance-out.sql,96.93,270030.78,316.96,882988.45
CZ11/Mtl&0&rDXHP&Ex&HV_AirDist__SupFanMtr/NE-HVAC-FanBelt-CoggedVBelt-Msr/instance-out.sql,95.96,267317.40,313.70,873916.07
CZ11/Mtl&0&rDXHP&Ex&HV_AirDist__SupFanMtr/NE-HVAC-FanBelt-SynchVBelt-Msr/instance-out.sql,94.57,263448.41,309.06,860980.20
CZ11/Nrs&0&rDXHP&Ex&HV_AirDist__SupFanMtr/NE-HVAC-FanBelt-VBelt-Std/instance-out.sql,135.66,1398916.50,375.99,3877264.49
CZ11/Nrs&0&rDXHP&Ex&HV_AirDist__SupFanMtr/NE-HVAC-FanBelt-CoggedVBelt-Msr/instance-out.sql,135.17,1393911.05,374.34,3860263.91
CZ11/Nrs&0&rDXHP&Ex&HV_AirDist__SupFanMtr/NE-HVAC-FanBelt-SynchVBelt-Msr/instance-out.sql,134.48,1386814.68,372.00,3836073.05
CZ11/OfL&0&rDXHP&Ex&HV_AirDist__SupFanMtr/NE-HVAC-FanBelt-VBelt-Std/instance-out.sql,127.51,4145144.34,411.48,13376581.94
CZ11/OfL&0&rDXHP&Ex&HV_AirDist__SupFanMtr/NE-HVAC-FanBelt-CoggedVBelt-Msr/instance-out.sql,126.26,4104585.85,407.31,13241124.23
CZ11/OfL&0&rDXHP&Ex&HV_AirDist__SupFanMtr/NE-HVAC-FanBelt-SynchVBelt-Msr/instance-out.sql,124.48,4046663.99,401.36,13047574.44
CZ11/OfS&0&rDXHP&Ex&HV_AirDist__SupFanMtr/NE-HVAC-FanBelt-VBelt-Std/instance-out.sql,135.85,252485.14,428.20,795807.97
CZ11/OfS&0&rDXHP&Ex&HV_AirDist__SupFanMtr/NE-HVAC-FanBelt-CoggedVBelt-Msr/instance-out.sql,134.27,249543.83,422.92,785984.01
CZ11/OfS&0&rDXHP&Ex&HV_AirDist__SupFanMtr/NE-HVAC-FanBelt-SynchVBelt-Msr/instance-out.sql,132.01,245346.28,415.37,771964.18
CZ11/RFF&0&rDXHP&Ex&HV_AirDist__SupFanMtr/NE-HVAC-FanBelt-VBelt-Std/instance-out.sql,397.92,147732.33,1059.74,393439.69
CZ11/RFF&0&rDXHP&Ex&HV_AirDist__SupFanMtr/NE-HVAC-FanBelt-CoggedVBelt-Msr/instance-out.sql,395.89,146979.31,1052.97,390924.62
CZ11/RFF&0&rDXHP&Ex&HV_AirDist__SupFanMtr/NE-HVAC-FanBelt-SynchVBelt-Msr/instance-out.sql,393.00,145905.34,1043.31,387337.54
CZ11/RSD&0&rDXHP&Ex&HV_AirDist__SupFanMtr/NE-HVAC-FanBelt-VBelt-Std/instance-out.sql,376.53,391962.81,830.00,864019.33
CZ11/RSD&0&rDXHP&Ex&HV_AirDist__SupFanMtr/NE-HVAC-FanBelt-CoggedVBelt-Msr/instance-out.sql,376.19,391607.59,828.86,862826.32
CZ11/RSD&0&rDXHP&Ex&HV_AirDist__SupFanMtr/NE-HVAC-FanBelt-SynchVBelt-Msr/instance-out.sql,375.70,391099.49,827.22,861123.42
CZ11/Rt3&0&rDXHP&Ex&HV_AirDist__SupFanMtr/NE-HVAC-FanBelt-VBelt-Std/instance-out.sql,136.91,3052567.36,440.80,9828322.07
CZ11/Rt3&0&rDXHP&Ex&HV_AirDist__SupFanMtr/NE-HVAC-FanBelt-CoggedVBelt-Msr/instance-out.sql,135.73,3026359.01,436.87,9740779.17
CZ11/Rt3&0&rDXHP&Ex&HV_AirDist__SupFanMtr/NE-HVAC-FanBelt-SynchVBelt-Msr/instance-out.sql,134.06,2988992.73,431.27,9615965.92
CZ11/RtL&0&rDXHP&Ex&HV_AirDist__SupFanMtr/NE-HVAC-FanBelt-VBelt-Std/instance-out.sql,249.94,3030261.07,804.95,9759175.30
CZ11/RtL&0&rDXHP&Ex&HV_AirDist__SupFanMtr/NE-HVAC-FanBelt-CoggedVBelt-Msr/instance-out.sql,247.86,3005068.63,798.01,9675032.55
CZ11/RtL&0&rDXHP&Ex&HV_AirDist__SupFanMtr/NE-HVAC-FanBelt-SynchVBelt-Msr/instance-out.sql,244.89,2969102.09,788.10,9554904.31
CZ11/RtS&0&rDXHP&Ex&HV_AirDist__SupFanMtr/NE-HVAC-FanBelt-VBelt-Std/instance-out.sql,136.44,202848.82,432.71,643308.68
CZ11/RtS&0&rDXHP&Ex&HV_AirDist__SupFanMtr/NE-HVAC-FanBelt-CoggedVBelt-Msr/instance-out.sql,135.23,201046.85,428.66,637290.13
CZ11/RtS&0&rDXHP&Ex&HV_AirDist__SupFanMtr/NE-HVAC-FanBelt-SynchVBelt-Msr/instance-out.sql,133.50,198477.01,422.89,628706.85
CZ11/SCn&0&rDXHP&Ex&HV_AirDist__SupFanMtr/NE-HVAC-FanBelt-VBelt-Std/instance-out.sql,118.18,5489488.53,390.83,18154444.38
CZ11/SCn&0&rDXHP&Ex&HV_AirDist__SupFanMtr/NE-HVAC-FanBelt-CoggedVBelt-Msr/instance-out.sql,116.81,5426087.09,386.27,17942683.56
CZ11/SCn&0&rDXHP&Ex&HV_AirDist__SupFanMtr/NE-HVAC-FanBelt-SynchVBelt-Msr/instance-out.sql,114.85,5334870.65,379.72,17638020.65
CZ12/Asm&0&rDXHP&Ex&HV_AirDist__SupFanMtr/NE-HVAC-FanBelt-VBelt-Std/instance-out.sql,158.00,998250.20,519.85,3284457.66
CZ12/Asm&0&rDXHP&Ex&HV_AirDist__SupFanMtr/NE-HVAC-FanBelt-CoggedVBelt-Msr/instance-out.sql,156.50,988750.53,514.83,3252728.77
CZ12/Asm&0&rDXHP&Ex&HV_AirDist__SupFanMtr/NE-HVAC-FanBelt-SynchVBelt-Msr/instance-out.sql,154.35,975192.62,507.67,3207445.36
CZ12/ECC&0&rDXHP&Ex&HV_AirDist__SupFanMtr/NE-HVAC-FanBelt-VBelt-Std/instance-out.sql,130.56,3446963.38,393.47,10388461.66
CZ12/ECC&0&rDXHP&Ex&HV_AirDist__SupFanMtr/NE-HVAC-FanBelt-CoggedVBelt-Msr/instance-out.sql,129.68,3423860.43,390.54,10311293.98
CZ12/ECC&0&rDXHP&Ex&HV_AirDist__SupFanMtr/NE-HVAC-FanBelt-SynchVBelt-Msr/instance-out.sql,128.43,3390759.94,386.36,10200738.91
CZ12/EPr&0&rDXHP&Ex&HV_AirDist__SupFanMtr/NE-HVAC-FanBelt-VBelt-Std/instance-out.sql,139.75,528990.83,392.01,1483915.70
CZ12/EPr&0&rDXHP&Ex&HV_AirDist__SupFanMtr/NE-HVAC-FanBelt-CoggedVBelt-Msr/instance-out.sql,138.87,525689.53,389.10,1472889.36
CZ12/EPr&0&rDXHP&Ex&HV_AirDist__SupFanMtr/NE-HVAC-FanBelt-SynchVBelt-Msr/instance-out.sql,137.62,520957.79,384.92,1457085.37
CZ12/ERC&0&rDXHP&Ex&HV_AirDist__SupFanMtr/NE-HVAC-FanBelt-VBelt-Std/instance-out.sql,96.11,25748.39,243.07,65118.35
CZ12/ERC&0&rDXHP&Ex&HV_AirDist__SupFanMtr/NE-HVAC-FanBelt-CoggedVBelt-Msr/instance-out.sql,95.42,25562.04,240.75,64495.92
CZ12/ERC&0&rDXHP&Ex&HV_AirDist__SupFanMtr/NE-HVAC-FanBelt-SynchVBelt-Msr/instance-out.sql,94.43,25297.16,237.45,63611.23
CZ12/ESe&0&rDXHP&Ex&HV_AirDist__SupFanMtr/NE-HVAC-FanBelt-VBelt-Std/instance-out.sql,218.77,1512158.21,611.60,4227521.21
CZ12/ESe&0&rDXHP&Ex&HV_AirDist__SupFanMtr/NE-HVAC-FanBelt-CoggedVBelt-Msr/instance-out.sql,218.19,1508198.99,609.69,4214293.72
CZ12/ESe&0&rDXHP&Ex&HV_AirDist__SupFanMtr/NE-HVAC-FanBelt-SynchVBelt-Msr/instance-out.sql,217.37,1502533.29,606.95,4195340.33
CZ12/EUn&0&rDXHP&Ex&HV_AirDist__SupFanMtr/NE-HVAC-FanBelt-VBelt-Std/instance-out.sql,137.71,10974452.91,435.30,34689363.50
CZ12/EUn&0&rDXHP&Ex&HV_AirDist__SupFanMtr/NE-HVAC-FanBelt-CoggedVBelt-Msr/instance-out.sql,136.79,10901165.90,432.23,34444549.36
CZ12/EUn&0&rDXHP&Ex&HV_AirDist__SupFanMtr/NE-HVAC-FanBelt-SynchVBelt-Msr/instance-out.sql,135.49,10797055.92,427.86,34096722.70
CZ12/Hsp&0&rDXHP&Ex&HV_AirDist__SupFanMtr/NE-HVAC-FanBelt-VBelt-Std/instance-out.sql,127.50,5852257.78,361.34,16585351.76
CZ12/Hsp&0&rDXHP&Ex&HV_AirDist__SupFanMtr/NE-HVAC-FanBelt-CoggedVBelt-Msr/instance-out.sql,127.22,5839153.27,360.39,16541531.29
CZ12/Hsp&0&rDXHP&Ex&HV_AirDist__SupFanMtr/NE-HVAC-FanBelt-SynchVBelt-Msr/instance-out.sql,126.83,5821492.19,359.08,16481728.23
CZ12/MBT&0&rDXHP&Ex&HV_AirDist__SupFanMtr/NE-HVAC-FanBelt-VBelt-Std/instance-out.sql,202.72,7532379.59,500.31,18589516.56
CZ12/MBT&0&rDXHP&Ex&HV_AirDist__SupFanMtr/NE-HVAC-FanBelt-CoggedVBelt-Msr/instance-out.sql,202.33,7517780.26,498.98,18540442.68
CZ12/MBT&0&rDXHP&Ex&HV_AirDist__SupFanMtr/NE-HVAC-FanBelt-SynchVBelt-Msr/instance-out.sql,201.77,7496959.67,497.10,18470451.11
CZ12/MLI&0&rDXHP&Ex&HV_AirDist__SupFanMtr/NE-HVAC-FanBelt-VBelt-Std/instance-out.sql,167.03,1551936.34,546.45,5077422.86
CZ12/MLI&0&rDXHP&Ex&HV_AirDist__SupFanMtr/NE-HVAC-FanBelt-CoggedVBelt-Msr/instance-out.sql,165.28,1535763.76,540.64,5023406.43
CZ12/MLI&0&rDXHP&Ex&HV_AirDist__SupFanMtr/NE-HVAC-FanBelt-SynchVBelt-Msr/instance-out.sql,162.80,1512690.77,532.35,4946342.66
CZ12/Mtl&0&rDXHP&Ex&HV_AirDist__SupFanMtr/NE-HVAC-FanBelt-VBelt-Std/instance-out.sql,89.15,248364.48,290.78,810064.80
CZ12/Mtl&0&rDXHP&Ex&HV_AirDist__SupFanMtr/NE-HVAC-FanBelt-CoggedVBelt-Msr/instance-out.sql,88.27,245902.95,287.83,801840.82
CZ12/Mtl&0&rDXHP&Ex&HV_AirDist__SupFanMtr/NE-HVAC-FanBelt-SynchVBelt-Msr/instance-out.sql,87.01,242391.84,283.62,790104.90
CZ12/Nrs&0&rDXHP&Ex&HV_AirDist__SupFanMtr/NE-HVAC-FanBelt-VBelt-Std/instance-out.sql,125.33,1292464.43,349.49,3603938.22
CZ12/Nrs&0&rDXHP&Ex&HV_AirDist__SupFanMtr/NE-HVAC-FanBelt-CoggedVBelt-Msr/instance-out.sql,124.88,1287808.26,347.96,3588194.47
CZ12/Nrs&0&rDXHP&Ex&HV_AirDist__SupFanMtr/NE-HVAC-FanBelt-SynchVBelt-Msr/instance-out.sql,124.24,1281136.52,345.78,3565691.54
CZ12/OfL&0&rDXHP&Ex&HV_AirDist__SupFanMtr/NE-HVAC-FanBelt-VBelt-Std/instance-out.sql,119.36,3880135.05,385.28,12524789.27
CZ12/OfL&0&rDXHP&Ex&HV_AirDist__SupFanMtr/NE-HVAC-FanBelt-CoggedVBelt-Msr/instance-out.sql,118.20,3842504.09,381.41,12399159.89
CZ12/OfL&0&rDXHP&Ex&HV_AirDist__SupFanMtr/NE-HVAC-FanBelt-SynchVBelt-Msr/instance-out.sql,116.55,3788846.58,375.90,12219962.99
CZ12/OfS&0&rDXHP&Ex&HV_AirDist__SupFanMtr/NE-HVAC-FanBelt-VBelt-Std/instance-out.sql,124.23,230873.47,388.80,722576.72
CZ12/OfS&0&rDXHP&Ex&HV_AirDist__SupFanMtr/NE-HVAC-FanBelt-CoggedVBelt-Msr/instance-out.sql,122.81,228235.38,384.06,713765.52
CZ12/OfS&0&rDXHP&Ex&HV_AirDist__SupFanMtr/NE-HVAC-FanBelt-SynchVBelt-Msr/instance-out.sql,120.79,224479.96,377.31,701222.40
CZ12/RFF&0&rDXHP&Ex&HV_AirDist__SupFanMtr/NE-HVAC-FanBelt-VBelt-Std/instance-out.sql,376.20,139669.31,984.08,365347.39
CZ12/RFF&0&rDXHP&Ex&HV_AirDist__SupFanMtr/NE-HVAC-FanBelt-CoggedVBelt-Msr/instance-out.sql,374.40,139001.16,978.07,363115.77
CZ12/RFF&0&rDXHP&Ex&HV_AirDist__SupFanMtr/NE-HVAC-FanBelt-SynchVBelt-Msr/instance-out.sql,371.83,138046.57,969.48,359927.40
CZ12/RSD&0&rDXHP&Ex&HV_AirDist__SupFanMtr/NE-HVAC-FanBelt-VBelt-Std/instance-out.sql,336.93,350735.55,745.93,776502.66
CZ12/RSD&0&rDXHP&Ex&HV_AirDist__SupFanMtr/NE-HVAC-FanBelt-CoggedVBelt-Msr/instance-out.sql,336.62,350412.75,744.89,775417.53
CZ12/RSD&0&rDXHP&Ex&HV_AirDist__SupFanMtr/NE-HVAC-FanBelt-SynchVBelt-Msr/instance-out.sql,336.17,349952.08,743.40,773869.59
CZ12/Rt3&0&rDXHP&Ex&HV_AirDist__SupFanMtr/NE-HVAC-FanBelt-VBelt-Std/instance-out.sql,130.63,2912564.05,419.38,9350705.37
CZ12/Rt3&0&rDXHP&Ex&HV_AirDist__SupFanMtr/NE-HVAC-FanBelt-CoggedVBelt-Msr/instance-out.sql,129.52,2887914.41,415.68,9268370.40
CZ12/Rt3&0&rDXHP&Ex&HV_AirDist__SupFanMtr/NE-HVAC-FanBelt-SynchVBelt-Msr/instance-out.sql,127.94,2852715.50,410.41,9150796.91
CZ12/RtL&0&rDXHP&Ex&HV_AirDist__SupFanMtr/NE-HVAC-FanBelt-VBelt-Std/instance-out.sql,238.58,2892511.08,766.42,9292030.97
CZ12/RtL&0&rDXHP&Ex&HV_AirDist__SupFanMtr/NE-HVAC-FanBelt-CoggedVBelt-Msr/instance-out.sql,236.63,2868894.59,759.91,9213151.89
CZ12/RtL&0&rDXHP&Ex&HV_AirDist__SupFanMtr/NE-HVAC-FanBelt-SynchVBelt-Msr/instance-out.sql,233.85,2835180.32,750.62,9100546.22
CZ12/RtS&0&rDXHP&Ex&HV_AirDist__SupFanMtr/NE-HVAC-FanBelt-VBelt-Std/instance-out.sql,127.12,188990.79,401.20,596460.92
CZ12/RtS&0&rDXHP&Ex&HV_AirDist__SupFanMtr/NE-HVAC-FanBelt-CoggedVBelt-Msr/instance-out.sql,126.02,187358.01,397.53,591007.44
CZ12/RtS&0&rDXHP&Ex&HV_AirDist__SupFanMtr/NE-HVAC-FanBelt-SynchVBelt-Msr/instance-out.sql,124.46,185029.90,392.30,583231.55
CZ12/SCn&0&rDXHP&Ex&HV_AirDist__SupFanMtr/NE-HVAC-FanBelt-VBelt-Std/instance-out.sql,114.86,5335231.58,379.64,17634576.86
CZ12/SCn&0&rDXHP&Ex&HV_AirDist__SupFanMtr/NE-HVAC-FanBelt-CoggedVBelt-Msr/instance-out.sql,113.46,5270225.78,374.97,17417457.49
CZ12/SCn&0&rDXHP&Ex&HV_AirDist__SupFanMtr/NE-HVAC-FanBelt-SynchVBelt-Msr/instance-out.sql,111.48,5178448.26,368.37,17110920.59
CZ13/Asm&0&rDXHP&Ex&HV_AirDist__SupFanMtr/NE-HVAC-FanBelt-VBelt-Std/instance-out.sql,171.13,1081209.34,564.02,3563473.38
CZ13/Asm&0&rDXHP&Ex&HV_AirDist__SupFanMtr/NE-HVAC-FanBelt-CoggedVBelt-Msr/instance-out.sql,169.52,1071062.77,558.65,3529583.74
CZ13/Asm&0&rDXHP&Ex&HV_AirDist__SupFanMtr/NE-HVAC-FanBelt-SynchVBelt-Msr/instance-out.sql,167.23,1056578.07,551.00,3481204.86
CZ13/ECC&0&rDXHP&Ex&HV_AirDist__SupFanMtr/NE-HVAC-FanBelt-VBelt-Std/instance-out.sql,139.55,3684567.43,425.62,11237320.59
CZ13/ECC&0&rDXHP&Ex&HV_AirDist__SupFanMtr/NE-HVAC-FanBelt-CoggedVBelt-Msr/instance-out.sql,138.57,3658574.72,422.33,11150477.95
CZ13/ECC&0&rDXHP&Ex&HV_AirDist__SupFanMtr/NE-HVAC-FanBelt-SynchVBelt-Msr/instance-out.sql,137.16,3621390.77,417.63,11026290.59
CZ13/EPr&0&rDXHP&Ex&HV_AirDist__SupFanMtr/NE-HVAC-FanBelt-VBelt-Std/instance-out.sql,149.80,567038.74,428.20,1620906.73
CZ13/EPr&0&rDXHP&Ex&HV_AirDist__SupFanMtr/NE-HVAC-FanBelt-CoggedVBelt-Msr/instance-out.sql,148.80,563260.51,424.87,1608287.44
CZ13/EPr&0&rDXHP&Ex&HV_AirDist__SupFanMtr/NE-HVAC-FanBelt-SynchVBelt-Msr/instance-out.sql,147.37,557860.00,420.10,1590249.78
CZ13/ERC&0&rDXHP&Ex&HV_AirDist__SupFanMtr/NE-HVAC-FanBelt-VBelt-Std/instance-out.sql,105.02,28135.02,274.17,73449.61
CZ13/ERC&0&rDXHP&Ex&HV_AirDist__SupFanMtr/NE-HVAC-FanBelt-CoggedVBelt-Msr/instance-out.sql,104.21,27918.16,271.47,72725.31
CZ13/ERC&0&rDXHP&Ex&HV_AirDist__SupFanMtr/NE-HVAC-FanBelt-SynchVBelt-Msr/instance-out.sql,103.05,27606.50,267.58,71684.35
CZ13/ESe&0&rDXHP&Ex&HV_AirDist__SupFanMtr/NE-HVAC-FanBelt-VBelt-Std/instance-out.sql,227.48,1572422.64,650.30,4495002.60
CZ13/ESe&0&rDXHP&Ex&HV_AirDist__SupFanMtr/NE-HVAC-FanBelt-CoggedVBelt-Msr/instance-out.sql,226.84,1567932.16,648.13,4480005.59
CZ13/ESe&0&rDXHP&Ex&HV_AirDist__SupFanMtr/NE-HVAC-FanBelt-SynchVBelt-Msr/instance-out.sql,225.91,1561538.35,645.04,4458631.59
CZ13/EUn&0&rDXHP&Ex&HV_AirDist__SupFanMtr/NE-HVAC-FanBelt-VBelt-Std/instance-out.sql,144.65,11527241.48,459.77,36639783.88
CZ13/EUn&0&rDXHP&Ex&HV_AirDist__SupFanMtr/NE-HVAC-FanBelt-CoggedVBelt-Msr/instance-out.sql,143.67,11449290.09,456.51,36379357.52
CZ13/EUn&0&rDXHP&Ex&HV_AirDist__SupFanMtr/NE-HVAC-FanBelt-SynchVBelt-Msr/instance-out.sql,142.28,11338068.95,451.84,36007783.08
CZ13/Hsp&0&rDXHP&Ex&HV_AirDist__SupFanMtr/NE-HVAC-FanBelt-VBelt-Std/instance-out.sql,137.12,6293795.70,391.73,17979936.10
CZ13/Hsp&0&rDXHP&Ex&HV_AirDist__SupFanMtr/NE-HVAC-FanBelt-CoggedVBelt-Msr/instance-out.sql,136.82,6280152.93,390.73,17934240.55
CZ13/Hsp&0&rDXHP&Ex&HV_AirDist__SupFanMtr/NE-HVAC-FanBelt-SynchVBelt-Msr/instance-out.sql,136.41,6260921.55,389.32,17869522.03
CZ13/MBT&0&rDXHP&Ex&HV_AirDist__SupFanMtr/NE-HVAC-FanBelt-VBelt-Std/instance-out.sql,205.26,7626577.11,528.92,19652789.91
CZ13/MBT&0&rDXHP&Ex&HV_AirDist__SupFanMtr/NE-HVAC-FanBelt-CoggedVBelt-Msr/instance-out.sql,204.82,7610428.33,527.46,19598583.28
CZ13/MBT&0&rDXHP&Ex&HV_AirDist__SupFanMtr/NE-HVAC-FanBelt-SynchVBelt-Msr/instance-out.sql,204.20,7587398.44,525.38,19521256.75
CZ13/MLI&0&rDXHP&Ex&HV_AirDist__SupFanMtr/NE-HVAC-FanBelt-VBelt-Std/instance-out.sql,178.86,1661860.06,586.52,5449699.52
CZ13/MLI&0&rDXHP&Ex&HV_AirDist__SupFanMtr/NE-HVAC-FanBelt-CoggedVBelt-Msr/instance-out.sql,176.98,1644412.90,580.25,5391426.02
CZ13/MLI&0&rDXHP&Ex&HV_AirDist__SupFanMtr/NE-HVAC-FanBelt-SynchVBelt-Msr/instance-out.sql,174.30,1619519.99,571.30,5308283.68
CZ13/Mtl&0&rDXHP&Ex&HV_AirDist__SupFanMtr/NE-HVAC-FanBelt-VBelt-Std/instance-out.sql,97.00,270234.35,317.25,883799.79
CZ13/Mtl&0&rDXHP&Ex&HV_AirDist__SupFanMtr/NE-HVAC-FanBelt-CoggedVBelt-Msr/instance-out.sql,96.05,267573.04,314.06,874906.24
CZ13/Mtl&0&rDXHP&Ex&HV_AirDist__SupFanMtr/NE-HVAC-FanBelt-SynchVBelt-Msr/instance-out.sql,94.68,263771.46,309.50,862202.49
CZ13/Nrs&0&rDXHP&Ex&HV_AirDist__SupFanMtr/NE-HVAC-FanBelt-VBelt-Std/instance-out.sql,132.52,1366537.74,374.78,3864790.84
CZ13/Nrs&0&rDXHP&Ex&HV_AirDist__SupFanMtr/NE-HVAC-FanBelt-CoggedVBelt-Msr/instance-out.sql,132.03,1361527.30,373.14,3847908.94
CZ13/Nrs&0&rDXHP&Ex&HV_AirDist__SupFanMtr/NE-HVAC-FanBelt-SynchVBelt-Msr/instance-out.sql,131.35,1354489.17,370.82,3823941.26
CZ13/OfL&0&rDXHP&Ex&HV_AirDist__SupFanMtr/NE-HVAC-FanBelt-VBelt-Std/instance-out.sql,126.96,4127449.25,410.64,13349206.26
CZ13/OfL&0&rDXHP&Ex&HV_AirDist__SupFanMtr/NE-HVAC-FanBelt-CoggedVBelt-Msr/instance-out.sql,125.74,4087532.51,406.53,13215806.47
CZ13/OfL&0&rDXHP&Ex&HV_AirDist__SupFanMtr/NE-HVAC-FanBelt-SynchVBelt-Msr/instance-out.sql,123.99,4030588.15,400.68,13025646.15
CZ13/OfS&0&rDXHP&Ex&HV_AirDist__SupFanMtr/NE-HVAC-FanBelt-VBelt-Std/instance-out.sql,134.75,250435.76,425.11,790054.49
CZ13/OfS&0&rDXHP&Ex&HV_AirDist__SupFanMtr/NE-HVAC-FanBelt-CoggedVBelt-Msr/instance-out.sql,133.20,247554.47,419.93,780430.99
CZ13/OfS&0&rDXHP&Ex&HV_AirDist__SupFanMtr/NE-HVAC-FanBelt-SynchVBelt-Msr/instance-out.sql,130.99,243434.60,412.52,766670.59
CZ13/RFF&0&rDXHP&Ex&HV_AirDist__SupFanMtr/NE-HVAC-FanBelt-VBelt-Std/instance-out.sql,397.17,147451.23,1060.47,393709.69
CZ13/RFF&0&rDXHP&Ex&HV_AirDist__SupFanMtr/NE-HVAC-FanBelt-CoggedVBelt-Msr/instance-out.sql,395.18,146715.27,1053.85,391251.60
CZ13/RFF&0&rDXHP&Ex&HV_AirDist__SupFanMtr/NE-HVAC-FanBelt-SynchVBelt-Msr/instance-out.sql,392.36,145665.71,1044.41,387746.06
CZ13/RSD&0&rDXHP&Ex&HV_AirDist__SupFanMtr/NE-HVAC-FanBelt-VBelt-Std/instance-out.sql,376.19,391610.94,840.68,875133.86
CZ13/RSD&0&rDXHP&Ex&HV_AirDist__SupFanMtr/NE-HVAC-FanBelt-CoggedVBelt-Msr/instance-out.sql,375.85,391255.50,839.53,873943.05
CZ13/RSD&0&rDXHP&Ex&HV_AirDist__SupFanMtr/NE-HVAC-FanBelt-SynchVBelt-Msr/instance-out.sql,375.37,390749.56,837.90,872245.42
CZ13/Rt3&0&rDXHP&Ex&HV_AirDist__SupFanMtr/NE-HVAC-FanBelt-VBelt-Std/instance-out.sql,137.65,3069172.22,443.77,9894602.10
CZ13/Rt3&0&rDXHP&Ex&HV_AirDist__SupFanMtr/NE-HVAC-FanBelt-CoggedVBelt-Msr/instance-out.sql,136.47,3042858.80,439.83,9806711.65
CZ13/Rt3&0&rDXHP&Ex&HV_AirDist__SupFanMtr/NE-HVAC-FanBelt-SynchVBelt-Msr/instance-out.sql,134.79,3005325.92,434.20,9681345.86
CZ13/RtL&0&rDXHP&Ex&HV_AirDist__SupFanMtr/NE-HVAC-FanBelt-VBelt-Std/instance-out.sql,252.09,3056333.91,812.74,9853614.38
CZ13/RtL&0&rDXHP&Ex&HV_AirDist__SupFanMtr/NE-HVAC-FanBelt-CoggedVBelt-Msr/instance-out.sql,250.00,3031014.79,805.76,9769048.53
CZ13/RtL&0&rDXHP&Ex&HV_AirDist__SupFanMtr/NE-HVAC-FanBelt-SynchVBelt-Msr/instance-out.sql,247.02,2994869.74,795.80,9648324.05
CZ13/RtS&0&rDXHP&Ex&HV_AirDist__SupFanMtr/NE-HVAC-FanBelt-VBelt-Std/instance-out.sql,137.30,204118.60,435.96,648133.77
CZ13/RtS&0&rDXHP&Ex&HV_AirDist__SupFanMtr/NE-HVAC-FanBelt-CoggedVBelt-Msr/instance-out.sql,136.08,202307.12,431.89,642083.43
CZ13/RtS&0&rDXHP&Ex&HV_AirDist__SupFanMtr/NE-HVAC-FanBelt-SynchVBelt-Msr/instance-out.sql,134.34,199722.27,426.08,633450.00
CZ13/SCn&0&rDXHP&Ex&HV_AirDist__SupFanMtr/NE-HVAC-FanBelt-VBelt-Std/instance-out.sql,119.82,5565884.28,396.43,18414422.55
CZ13/SCn&0&rDXHP&Ex&HV_AirDist__SupFanMtr/NE-HVAC-FanBelt-CoggedVBelt-Msr/instance-out.sql,118.43,5501191.93,391.78,18198350.10
CZ13/SCn&0&rDXHP&Ex&HV_AirDist__SupFanMtr/NE-HVAC-FanBelt-SynchVBelt-Msr/instance-out.sql,116.44,5408835.00,385.14,17889877.95
CZ14/Asm&0&rDXHP&Ex&HV_AirDist__SupFanMtr/NE-HVAC-FanBelt-VBelt-Std/instance-out.sql,187.84,1186773.69,620.09,3917750.81
CZ14/Asm&0&rDXHP&Ex&HV_AirDist__SupFanMtr/NE-HVAC-FanBelt-CoggedVBelt-Msr/instance-out.sql,186.04,1175377.39,614.07,3879687.15
CZ14/Asm&0&rDXHP&Ex&HV_AirDist__SupFanMtr/NE-HVAC-FanBelt-SynchVBelt-Msr/instance-out.sql,183.45,1159047.77,605.43,3825146.26
CZ14/ECC&0&rDXHP&Ex&HV_AirDist__SupFanMtr/NE-HVAC-FanBelt-VBelt-Std/instance-out.sql,150.42,3971505.08,463.74,12243862.81
CZ14/ECC&0&rDXHP&Ex&HV_AirDist__SupFanMtr/NE-HVAC-FanBelt-CoggedVBelt-Msr/instance-out.sql,149.30,3941897.73,460.00,12144971.32
CZ14/ECC&0&rDXHP&Ex&HV_AirDist__SupFanMtr/NE-HVAC-FanBelt-SynchVBelt-Msr/instance-out.sql,147.70,3899618.23,454.65,12003756.83
CZ14/EPr&0&rDXHP&Ex&HV_AirDist__SupFanMtr/NE-HVAC-FanBelt-VBelt-Std/instance-out.sql,161.04,609614.80,468.05,1771741.62
CZ14/EPr&0&rDXHP&Ex&HV_AirDist__SupFanMtr/NE-HVAC-FanBelt-CoggedVBelt-Msr/instance-out.sql,159.91,605330.21,464.27,1757431.06
CZ14/EPr&0&rDXHP&Ex&HV_AirDist__SupFanMtr/NE-HVAC-FanBelt-SynchVBelt-Msr/instance-out.sql,158.29,599193.73,458.85,1736935.21
CZ14/ERC&0&rDXHP&Ex&HV_AirDist__SupFanMtr/NE-HVAC-FanBelt-VBelt-Std/instance-out.sql,114.26,30609.28,306.19,82027.25
CZ14/ERC&0&rDXHP&Ex&HV_AirDist__SupFanMtr/NE-HVAC-FanBelt-CoggedVBelt-Msr/instance-out.sql,113.29,30350.80,302.97,81163.93
CZ14/ERC&0&rDXHP&Ex&HV_AirDist__SupFanMtr/NE-HVAC-FanBelt-SynchVBelt-Msr/instance-out.sql,111.92,29983.04,298.38,79935.60
CZ14/ESe&0&rDXHP&Ex&HV_AirDist__SupFanMtr/NE-HVAC-FanBelt-VBelt-Std/instance-out.sql,236.13,1632191.98,690.23,4770995.66
CZ14/ESe&0&rDXHP&Ex&HV_AirDist__SupFanMtr/NE-HVAC-FanBelt-CoggedVBelt-Msr/instance-out.sql,235.39,1627081.10,687.76,4753937.41
CZ14/ESe&0&rDXHP&Ex&HV_AirDist__SupFanMtr/NE-HVAC-FanBelt-SynchVBelt-Msr/instance-out.sql,234.35,1619870.69,684.28,4729859.79
CZ14/EUn&0&rDXHP&Ex&HV_AirDist__SupFanMtr/NE-HVAC-FanBelt-VBelt-Std/instance-out.sql,154.70,12327972.68,494.45,39403199.06
CZ14/EUn&0&rDXHP&Ex&HV_AirDist__SupFanMtr/NE-HVAC-FanBelt-CoggedVBelt-Msr/instance-out.sql,153.62,12241777.54,490.84,39115179.92
CZ14/EUn&0&rDXHP&Ex&HV_AirDist__SupFanMtr/NE-HVAC-FanBelt-SynchVBelt-Msr/instance-out.sql,152.07,12118524.61,485.67,38703467.20
CZ14/Hsp&0&rDXHP&Ex&HV_AirDist__SupFanMtr/NE-HVAC-FanBelt-VBelt-Std/instance-out.sql,149.78,6874602.85,428.24,19655993.26
CZ14/Hsp&0&rDXHP&Ex&HV_AirDist__SupFanMtr/NE-HVAC-FanBelt-CoggedVBelt-Msr/instance-out.sql,149.45,6859845.70,427.17,19606670.81
CZ14/Hsp&0&rDXHP&Ex&HV_AirDist__SupFanMtr/NE-HVAC-FanBelt-SynchVBelt-Msr/instance-out.sql,149.00,6838948.41,425.64,19536446.31
CZ14/MBT&0&rDXHP&Ex&HV_AirDist__SupFanMtr/NE-HVAC-FanBelt-VBelt-Std/instance-out.sql,210.65,7827075.43,567.30,21078648.25
CZ14/MBT&0&rDXHP&Ex&HV_AirDist__SupFanMtr/NE-HVAC-FanBelt-CoggedVBelt-Msr/instance-out.sql,210.16,7808839.61,565.65,21017544.04
CZ14/MBT&0&rDXHP&Ex&HV_AirDist__SupFanMtr/NE-HVAC-FanBelt-SynchVBelt-Msr/instance-out.sql,209.46,7782815.06,563.30,20930334.91
CZ14/MLI&0&rDXHP&Ex&HV_AirDist__SupFanMtr/NE-HVAC-FanBelt-VBelt-Std/instance-out.sql,195.83,1819615.38,643.71,5981098.21
CZ14/MLI&0&rDXHP&Ex&HV_AirDist__SupFanMtr/NE-HVAC-FanBelt-CoggedVBelt-Msr/instance-out.sql,193.71,1799891.78,636.62,5915221.38
CZ14/MLI&0&rDXHP&Ex&HV_AirDist__SupFanMtr/NE-HVAC-FanBelt-SynchVBelt-Msr/instance-out.sql,190.68,1771724.67,626.49,5821143.23
CZ14/Mtl&0&rDXHP&Ex&HV_AirDist__SupFanMtr/NE-HVAC-FanBelt-VBelt-Std/instance-out.sql,107.74,300131.99,353.31,984261.44
CZ14/Mtl&0&rDXHP&Ex&HV_AirDist__SupFanMtr/NE-HVAC-FanBelt-CoggedVBelt-Msr/instance-out.sql,106.64,297092.15,349.67,974106.19
CZ14/Mtl&0&rDXHP&Ex&HV_AirDist__SupFanMtr/NE-HVAC-FanBelt-SynchVBelt-Msr/instance-out.sql,105.09,292751.38,344.46,959604.53
CZ14/Nrs&0&rDXHP&Ex&HV_AirDist__SupFanMtr/NE-HVAC-FanBelt-VBelt-Std/instance-out.sql,144.33,1488382.62,410.80,4236214.15
CZ14/Nrs&0&rDXHP&Ex&HV_AirDist__SupFanMtr/NE-HVAC-FanBelt-CoggedVBelt-Msr/instance-out.sql,143.77,1482578.74,408.95,4217094.31
CZ14/Nrs&0&rDXHP&Ex&HV_AirDist__SupFanMtr/NE-HVAC-FanBelt-SynchVBelt-Msr/instance-out.sql,143.00,1474656.05,406.34,4190212.95
CZ14/OfL&0&rDXHP&Ex&HV_AirDist__SupFanMtr/NE-HVAC-FanBelt-VBelt-Std/instance-out.sql,138.87,4514327.05,449.29,14605764.63
CZ14/OfL&0&rDXHP&Ex&HV_AirDist__SupFanMtr/NE-HVAC-FanBelt-CoggedVBelt-Msr/instance-out.sql,137.51,4470215.25,444.75,14458320.50
CZ14/OfL&0&rDXHP&Ex&HV_AirDist__SupFanMtr/NE-HVAC-FanBelt-SynchVBelt-Msr/instance-out.sql,135.57,4407186.17,438.28,14247859.06
CZ14/OfS&0&rDXHP&Ex&HV_AirDist__SupFanMtr/NE-HVAC-FanBelt-VBelt-Std/instance-out.sql,148.66,276281.84,472.56,878253.89
CZ14/OfS&0&rDXHP&Ex&HV_AirDist__SupFanMtr/NE-HVAC-FanBelt-CoggedVBelt-Msr/instance-out.sql,146.90,273020.75,466.70,867361.88
CZ14/OfS&0&rDXHP&Ex&HV_AirDist__SupFanMtr/NE-HVAC-FanBelt-SynchVBelt-Msr/instance-out.sql,144.40,268367.45,458.34,851819.83
CZ14/RFF&0&rDXHP&Ex&HV_AirDist__SupFanMtr/NE-HVAC-FanBelt-VBelt-Std/instance-out.sql,418.34,155313.98,1136.80,422046.99
CZ14/RFF&0&rDXHP&Ex&HV_AirDist__SupFanMtr/NE-HVAC-FanBelt-CoggedVBelt-Msr/instance-out.sql,416.13,154491.67,1129.40,419300.48
CZ14/RFF&0&rDXHP&Ex&HV_AirDist__SupFanMtr/NE-HVAC-FanBelt-SynchVBelt-Msr/instance-out.sql,412.97,153318.13,1118.84,415380.83
CZ14/RSD&0&rDXHP&Ex&HV_AirDist__SupFanMtr/NE-HVAC-FanBelt-VBelt-Std/instance-out.sql,415.75,432794.36,935.26,973591.57
CZ14/RSD&0&rDXHP&Ex&HV_AirDist__SupFanMtr/NE-HVAC-FanBelt-CoggedVBelt-Msr/instance-out.sql,415.37,432393.73,933.97,972249.05
CZ14/RSD&0&rDXHP&Ex&HV_AirDist__SupFanMtr/NE-HVAC-FanBelt-SynchVBelt-Msr/instance-out.sql,414.82,431822.06,932.13,970332.99
CZ14/Rt3&0&rDXHP&Ex&HV_AirDist__SupFanMtr/NE-HVAC-FanBelt-VBelt-Std/instance-out.sql,145.68,3248095.40,471.37,10510009.15
CZ14/Rt3&0&rDXHP&Ex&HV_AirDist__SupFanMtr/NE-HVAC-FanBelt-CoggedVBelt-Msr/instance-out.sql,144.41,3219766.09,467.13,10415387.86
CZ14/Rt3&0&rDXHP&Ex&HV_AirDist__SupFanMtr/NE-HVAC-FanBelt-SynchVBelt-Msr/instance-out.sql,142.59,3179287.56,461.06,10280187.14
CZ14/RtL&0&rDXHP&Ex&HV_AirDist__SupFanMtr/NE-HVAC-FanBelt-VBelt-Std/instance-out.sql,269.14,3263093.50,870.74,10556819.70
CZ14/RtL&0&rDXHP&Ex&HV_AirDist__SupFanMtr/NE-HVAC-FanBelt-CoggedVBelt-Msr/instance-out.sql,266.86,3235411.64,863.11,10464362.42
CZ14/RtL&0&rDXHP&Ex&HV_AirDist__SupFanMtr/NE-HVAC-FanBelt-SynchVBelt-Msr/instance-out.sql,263.60,3195884.75,852.22,10332342.62
CZ14/RtS&0&rDXHP&Ex&HV_AirDist__SupFanMtr/NE-HVAC-FanBelt-VBelt-Std/instance-out.sql,147.39,219120.15,470.33,699242.41
CZ14/RtS&0&rDXHP&Ex&HV_AirDist__SupFanMtr/NE-HVAC-FanBelt-CoggedVBelt-Msr/instance-out.sql,146.03,217108.49,465.81,692523.48
CZ14/RtS&0&rDXHP&Ex&HV_AirDist__SupFanMtr/NE-HVAC-FanBelt-SynchVBelt-Msr/instance-out.sql,144.10,214236.68,459.36,682931.62
CZ14/SCn&0&rDXHP&Ex&HV_AirDist__SupFanMtr/NE-HVAC-FanBelt-VBelt-Std/instance-out.sql,130.86,6078633.51,433.48,20135294.08
CZ14/SCn&0&rDXHP&Ex&HV_AirDist__SupFanMtr/NE-HVAC-FanBelt-CoggedVBelt-Msr/instance-out.sql,129.31,6006402.82,428.28,19894043.56
CZ14/SCn&0&rDXHP&Ex&HV_AirDist__SupFanMtr/NE-HVAC-FanBelt-SynchVBelt-Msr/instance-out.sql,127.05,5901525.67,420.74,19543753.89
CZ15/Asm&0&rDXHP&Ex&HV_AirDist__SupFanMtr/NE-HVAC-FanBelt-VBelt-Std/instance-out.sql,201.71,1274425.20,666.98,4214015.14
CZ15/Asm&0&rDXHP&Ex&HV_AirDist__SupFanMtr/NE-HVAC-FanBelt-CoggedVBelt-Msr/instance-out.sql,199.86,1262741.33,660.81,4174991.04
CZ15/Asm&0&rDXHP&Ex&HV_AirDist__SupFanMtr/NE-HVAC-FanBelt-SynchVBelt-Msr/instance-out.sql,197.22,1246060.05,651.99,4119275.55
CZ15/ECC&0&rDXHP&Ex&HV_AirDist__SupFanMtr/NE-HVAC-FanBelt-VBelt-Std/instance-out.sql,158.26,4178382.06,493.50,13029533.94
CZ15/ECC&0&rDXHP&Ex&HV_AirDist__SupFanMtr/NE-HVAC-FanBelt-CoggedVBelt-Msr/instance-out.sql,157.10,4147704.86,489.62,12927072.09
CZ15/ECC&0&rDXHP&Ex&HV_AirDist__SupFanMtr/NE-HVAC-FanBelt-SynchVBelt-Msr/instance-out.sql,155.44,4103889.58,484.08,12780729.05
CZ15/EPr&0&rDXHP&Ex&HV_AirDist__SupFanMtr/NE-HVAC-FanBelt-VBelt-Std/instance-out.sql,169.03,639848.02,499.25,1889846.14
CZ15/EPr&0&rDXHP&Ex&HV_AirDist__SupFanMtr/NE-HVAC-FanBelt-CoggedVBelt-Msr/instance-out.sql,167.86,635417.46,495.34,1875048.10
CZ15/EPr&0&rDXHP&Ex&HV_AirDist__SupFanMtr/NE-HVAC-FanBelt-SynchVBelt-Msr/instance-out.sql,166.19,629087.02,489.75,1853904.41
CZ15/ERC&0&rDXHP&Ex&HV_AirDist__SupFanMtr/NE-HVAC-FanBelt-VBelt-Std/instance-out.sql,119.38,31980.94,325.61,87229.14
CZ15/ERC&0&rDXHP&Ex&HV_AirDist__SupFanMtr/NE-HVAC-FanBelt-CoggedVBelt-Msr/instance-out.sql,118.37,31709.63,322.23,86322.97
CZ15/ERC&0&rDXHP&Ex&HV_AirDist__SupFanMtr/NE-HVAC-FanBelt-SynchVBelt-Msr/instance-out.sql,116.93,31324.50,317.43,85036.64
CZ15/ESe&0&rDXHP&Ex&HV_AirDist__SupFanMtr/NE-HVAC-FanBelt-VBelt-Std/instance-out.sql,241.12,1666664.99,721.82,4989351.19
CZ15/ESe&0&rDXHP&Ex&HV_AirDist__SupFanMtr/NE-HVAC-FanBelt-CoggedVBelt-Msr/instance-out.sql,240.36,1661416.11,719.28,4971819.74
CZ15/ESe&0&rDXHP&Ex&HV_AirDist__SupFanMtr/NE-HVAC-FanBelt-SynchVBelt-Msr/instance-out.sql,239.27,1653882.47,715.64,4946657.05
CZ15/EUn&0&rDXHP&Ex&HV_AirDist__SupFanMtr/NE-HVAC-FanBelt-VBelt-Std/instance-out.sql,159.88,12741384.13,513.96,40958248.67
CZ15/EUn&0&rDXHP&Ex&HV_AirDist__SupFanMtr/NE-HVAC-FanBelt-CoggedVBelt-Msr/instance-out.sql,158.81,12655904.99,510.38,40672746.71
CZ15/EUn&0&rDXHP&Ex&HV_AirDist__SupFanMtr/NE-HVAC-FanBelt-SynchVBelt-Msr/instance-out.sql,157.28,12533818.59,505.26,40264975.90
CZ15/Hsp&0&rDXHP&Ex&HV_AirDist__SupFanMtr/NE-HVAC-FanBelt-VBelt-Std/instance-out.sql,165.59,7600238.20,475.50,21824996.90
CZ15/Hsp&0&rDXHP&Ex&HV_AirDist__SupFanMtr/NE-HVAC-FanBelt-CoggedVBelt-Msr/instance-out.sql,165.26,7585482.69,474.43,21775816.71
CZ15/Hsp&0&rDXHP&Ex&HV_AirDist__SupFanMtr/NE-HVAC-FanBelt-SynchVBelt-Msr/instance-out.sql,164.80,7564416.58,472.89,21705483.78
CZ15/MBT&0&rDXHP&Ex&HV_AirDist__SupFanMtr/NE-HVAC-FanBelt-VBelt-Std/instance-out.sql,203.70,7568777.83,584.98,21735784.71
CZ15/MBT&0&rDXHP&Ex&HV_AirDist__SupFanMtr/NE-HVAC-FanBelt-CoggedVBelt-Msr/instance-out.sql,203.20,7550031.71,583.30,21673114.54
CZ15/MBT&0&rDXHP&Ex&HV_AirDist__SupFanMtr/NE-HVAC-FanBelt-SynchVBelt-Msr/instance-out.sql,202.48,7523265.03,580.89,21583627.50
CZ15/MLI&0&rDXHP&Ex&HV_AirDist__SupFanMtr/NE-HVAC-FanBelt-VBelt-Std/instance-out.sql,208.48,1937120.86,686.95,6382847.25
CZ15/MLI&0&rDXHP&Ex&HV_AirDist__SupFanMtr/NE-HVAC-FanBelt-CoggedVBelt-Msr/instance-out.sql,206.27,1916545.21,679.55,6314124.58
CZ15/MLI&0&rDXHP&Ex&HV_AirDist__SupFanMtr/NE-HVAC-FanBelt-SynchVBelt-Msr/instance-out.sql,203.10,1887152.98,668.99,6215954.53
CZ15/Mtl&0&rDXHP&Ex&HV_AirDist__SupFanMtr/NE-HVAC-FanBelt-VBelt-Std/instance-out.sql,116.23,323786.25,381.87,1063810.92
CZ15/Mtl&0&rDXHP&Ex&HV_AirDist__SupFanMtr/NE-HVAC-FanBelt-CoggedVBelt-Msr/instance-out.sql,115.12,320691.07,378.16,1053473.01
CZ15/Mtl&0&rDXHP&Ex&HV_AirDist__SupFanMtr/NE-HVAC-FanBelt-SynchVBelt-Msr/instance-out.sql,113.53,316270.03,372.86,1038706.76
CZ15/Nrs&0&rDXHP&Ex&HV_AirDist__SupFanMtr/NE-HVAC-FanBelt-VBelt-Std/instance-out.sql,154.52,1593398.50,445.08,4589702.31
CZ15/Nrs&0&rDXHP&Ex&HV_AirDist__SupFanMtr/NE-HVAC-FanBelt-CoggedVBelt-Msr/instance-out.sql,153.97,1587796.77,443.25,4570861.57
CZ15/Nrs&0&rDXHP&Ex&HV_AirDist__SupFanMtr/NE-HVAC-FanBelt-SynchVBelt-Msr/instance-out.sql,153.19,1579701.10,440.63,4543825.18
CZ15/OfL&0&rDXHP&Ex&HV_AirDist__SupFanMtr/NE-HVAC-FanBelt-VBelt-Std/instance-out.sql,146.17,4751688.82,472.45,15358621.41
CZ15/OfL&0&rDXHP&Ex&HV_AirDist__SupFanMtr/NE-HVAC-FanBelt-CoggedVBelt-Msr/instance-out.sql,144.85,4708724.02,468.03,15215112.64
CZ15/OfL&0&rDXHP&Ex&HV_AirDist__SupFanMtr/NE-HVAC-FanBelt-SynchVBelt-Msr/instance-out.sql,142.96,4647331.02,461.73,15010065.05
CZ15/OfS&0&rDXHP&Ex&HV_AirDist__SupFanMtr/NE-HVAC-FanBelt-VBelt-Std/instance-out.sql,152.91,284173.35,488.83,908492.03
CZ15/OfS&0&rDXHP&Ex&HV_AirDist__SupFanMtr/NE-HVAC-FanBelt-CoggedVBelt-Msr/instance-out.sql,151.18,280964.62,483.07,897774.85
CZ15/OfS&0&rDXHP&Ex&HV_AirDist__SupFanMtr/NE-HVAC-FanBelt-SynchVBelt-Msr/instance-out.sql,148.71,276380.18,474.83,882462.81
CZ15/RFF&0&rDXHP&Ex&HV_AirDist__SupFanMtr/NE-HVAC-FanBelt-VBelt-Std/instance-out.sql,431.96,160368.46,1193.85,443227.18
CZ15/RFF&0&rDXHP&Ex&HV_AirDist__SupFanMtr/NE-HVAC-FanBelt-CoggedVBelt-Msr/instance-out.sql,429.70,159528.75,1186.29,440422.53
CZ15/RFF&0&rDXHP&Ex&HV_AirDist__SupFanMtr/NE-HVAC-FanBelt-SynchVBelt-Msr/instance-out.sql,426.47,158330.08,1175.51,436419.00
CZ15/RSD&0&rDXHP&Ex&HV_AirDist__SupFanMtr/NE-HVAC-FanBelt-VBelt-Std/instance-out.sql,464.35,483384.92,1050.37,1093421.14
CZ15/RSD&0&rDXHP&Ex&HV_AirDist__SupFanMtr/NE-HVAC-FanBelt-CoggedVBelt-Msr/instance-out.sql,463.97,482983.38,1049.09,1092083.17
CZ15/RSD&0&rDXHP&Ex&HV_AirDist__SupFanMtr/NE-HVAC-FanBelt-SynchVBelt-Msr/instance-out.sql,463.43,482423.08,1047.27,1090189.61
CZ15/Rt3&0&rDXHP&Ex&HV_AirDist__SupFanMtr/NE-HVAC-FanBelt-VBelt-Std/instance-out.sql,153.82,3429664.92,500.20,11152771.10
CZ15/Rt3&0&rDXHP&Ex&HV_AirDist__SupFanMtr/NE-HVAC-FanBelt-CoggedVBelt-Msr/instance-out.sql,152.52,3400598.76,495.84,11055689.98
CZ15/Rt3&0&rDXHP&Ex&HV_AirDist__SupFanMtr/NE-HVAC-FanBelt-SynchVBelt-Msr/instance-out.sql,150.65,3359085.82,489.63,10917036.55
CZ15/RtL&0&rDXHP&Ex&HV_AirDist__SupFanMtr/NE-HVAC-FanBelt-VBelt-Std/instance-out.sql,282.65,3426807.81,918.00,11129783.21
CZ15/RtL&0&rDXHP&Ex&HV_AirDist__SupFanMtr/NE-HVAC-FanBelt-CoggedVBelt-Msr/instance-out.sql,280.34,3398839.11,910.29,11036367.74
CZ15/RtL&0&rDXHP&Ex&HV_AirDist__SupFanMtr/NE-HVAC-FanBelt-SynchVBelt-Msr/instance-out.sql,277.05,3358892.31,899.29,10902945.44
CZ15/RtS&0&rDXHP&Ex&HV_AirDist__SupFanMtr/NE-HVAC-FanBelt-VBelt-Std/instance-out.sql,159.13,236583.69,510.96,759647.92
CZ15/RtS&0&rDXHP&Ex&HV_AirDist__SupFanMtr/NE-HVAC-FanBelt-CoggedVBelt-Msr/instance-out.sql,157.70,234444.47,506.16,752502.93
CZ15/RtS&0&rDXHP&Ex&HV_AirDist__SupFanMtr/NE-HVAC-FanBelt-SynchVBelt-Msr/instance-out.sql,155.64,231387.19,499.29,742291.63
CZ15/SCn&0&rDXHP&Ex&HV_AirDist__SupFanMtr/NE-HVAC-FanBelt-VBelt-Std/instance-out.sql,143.96,6687137.03,477.60,22184796.99
CZ15/SCn&0&rDXHP&Ex&HV_AirDist__SupFanMtr/NE-HVAC-FanBelt-CoggedVBelt-Msr/instance-out.sql,142.23,6606676.14,471.81,21916057.64
CZ15/SCn&0&rDXHP&Ex&HV_AirDist__SupFanMtr/NE-HVAC-FanBelt-SynchVBelt-Msr/instance-out.sql,139.76,6491843.99,463.56,21532518.25
CZ16/Asm&0&rDXHP&Ex&HV_AirDist__SupFanMtr/NE-HVAC-FanBelt-VBelt-Std/instance-out.sql,178.54,1128027.89,588.14,3715911.13
CZ16/Asm&0&rDXHP&Ex&HV_AirDist__SupFanMtr/NE-HVAC-FanBelt-CoggedVBelt-Msr/instance-out.sql,176.81,1117091.21,582.36,3679382.60
CZ16/Asm&0&rDXHP&Ex&HV_AirDist__SupFanMtr/NE-HVAC-FanBelt-SynchVBelt-Msr/instance-out.sql,174.34,1101487.76,574.11,3627267.07
CZ16/ECC&0&rDXHP&Ex&HV_AirDist__SupFanMtr/NE-HVAC-FanBelt-VBelt-Std/instance-out.sql,142.00,3749116.87,429.65,11343776.73
CZ16/ECC&0&rDXHP&Ex&HV_AirDist__SupFanMtr/NE-HVAC-FanBelt-CoggedVBelt-Msr/instance-out.sql,141.00,3722637.42,426.30,11255323.29
CZ16/ECC&0&rDXHP&Ex&HV_AirDist__SupFanMtr/NE-HVAC-FanBelt-SynchVBelt-Msr/instance-out.sql,139.57,3684992.00,421.54,11129559.97
CZ16/EPr&0&rDXHP&Ex&HV_AirDist__SupFanMtr/NE-HVAC-FanBelt-VBelt-Std/instance-out.sql,152.82,578482.92,433.18,1639756.61
CZ16/EPr&0&rDXHP&Ex&HV_AirDist__SupFanMtr/NE-HVAC-FanBelt-CoggedVBelt-Msr/instance-out.sql,151.82,574683.04,429.83,1627065.00
CZ16/EPr&0&rDXHP&Ex&HV_AirDist__SupFanMtr/NE-HVAC-FanBelt-SynchVBelt-Msr/instance-out.sql,150.39,569275.06,425.06,1609002.33
CZ16/ERC&0&rDXHP&Ex&HV_AirDist__SupFanMtr/NE-HVAC-FanBelt-VBelt-Std/instance-out.sql,107.30,28744.72,279.15,74783.49
CZ16/ERC&0&rDXHP&Ex&HV_AirDist__SupFanMtr/NE-HVAC-FanBelt-CoggedVBelt-Msr/instance-out.sql,106.46,28521.05,276.36,74036.43
CZ16/ERC&0&rDXHP&Ex&HV_AirDist__SupFanMtr/NE-HVAC-FanBelt-SynchVBelt-Msr/instance-out.sql,105.32,28215.02,272.55,73014.29
CZ16/ESe&0&rDXHP&Ex&HV_AirDist__SupFanMtr/NE-HVAC-FanBelt-VBelt-Std/instance-out.sql,237.52,1641816.33,659.64,4559564.50
CZ16/ESe&0&rDXHP&Ex&HV_AirDist__SupFanMtr/NE-HVAC-FanBelt-CoggedVBelt-Msr/instance-out.sql,236.87,1637289.81,657.45,4544422.57
CZ16/ESe&0&rDXHP&Ex&HV_AirDist__SupFanMtr/NE-HVAC-FanBelt-SynchVBelt-Msr/instance-out.sql,235.94,1630836.23,654.32,4522780.25
CZ16/EUn&0&rDXHP&Ex&HV_AirDist__SupFanMtr/NE-HVAC-FanBelt-VBelt-Std/instance-out.sql,151.08,12039845.62,478.05,38096571.09
CZ16/EUn&0&rDXHP&Ex&HV_AirDist__SupFanMtr/NE-HVAC-FanBelt-CoggedVBelt-Msr/instance-out.sql,150.02,11954894.19,474.49,37812707.70
CZ16/EUn&0&rDXHP&Ex&HV_AirDist__SupFanMtr/NE-HVAC-FanBelt-SynchVBelt-Msr/instance-out.sql,148.50,11834000.23,469.42,37408729.80
CZ16/Hsp&0&rDXHP&Ex&HV_AirDist__SupFanMtr/NE-HVAC-FanBelt-VBelt-Std/instance-out.sql,151.48,6952998.92,419.97,19276335.26
CZ16/Hsp&0&rDXHP&Ex&HV_AirDist__SupFanMtr/NE-HVAC-FanBelt-CoggedVBelt-Msr/instance-out.sql,151.17,6938639.69,418.91,19227847.44
CZ16/Hsp&0&rDXHP&Ex&HV_AirDist__SupFanMtr/NE-HVAC-FanBelt-SynchVBelt-Msr/instance-out.sql,150.72,6917870.17,417.40,19158303.16
CZ16/MBT&0&rDXHP&Ex&HV_AirDist__SupFanMtr/NE-HVAC-FanBelt-VBelt-Std/instance-out.sql,232.14,8625345.61,558.07,20735818.18
CZ16/MBT&0&rDXHP&Ex&HV_AirDist__SupFanMtr/NE-HVAC-FanBelt-CoggedVBelt-Msr/instance-out.sql,231.69,8608806.28,556.57,20680265.82
CZ16/MBT&0&rDXHP&Ex&HV_AirDist__SupFanMtr/NE-HVAC-FanBelt-SynchVBelt-Msr/instance-out.sql,231.06,8585281.58,554.45,20601199.65
CZ16/MLI&0&rDXHP&Ex&HV_AirDist__SupFanMtr/NE-HVAC-FanBelt-VBelt-Std/instance-out.sql,184.95,1718457.49,605.74,5628324.75
CZ16/MLI&0&rDXHP&Ex&HV_AirDist__SupFanMtr/NE-HVAC-FanBelt-CoggedVBelt-Msr/instance-out.sql,183.01,1700446.77,599.27,5568168.95
CZ16/MLI&0&rDXHP&Ex&HV_AirDist__SupFanMtr/NE-HVAC-FanBelt-SynchVBelt-Msr/instance-out.sql,180.24,1674740.75,590.03,5482310.85
CZ16/Mtl&0&rDXHP&Ex&HV_AirDist__SupFanMtr/NE-HVAC-FanBelt-VBelt-Std/instance-out.sql,101.13,281734.54,329.82,918820.66
CZ16/Mtl&0&rDXHP&Ex&HV_AirDist__SupFanMtr/NE-HVAC-FanBelt-CoggedVBelt-Msr/instance-out.sql,100.11,278889.81,326.40,909293.98
CZ16/Mtl&0&rDXHP&Ex&HV_AirDist__SupFanMtr/NE-HVAC-FanBelt-SynchVBelt-Msr/instance-out.sql,98.65,274825.75,321.51,895674.97
CZ16/Nrs&0&rDXHP&Ex&HV_AirDist__SupFanMtr/NE-HVAC-FanBelt-VBelt-Std/instance-out.sql,145.45,1499913.82,393.46,4057380.80
CZ16/Nrs&0&rDXHP&Ex&HV_AirDist__SupFanMtr/NE-HVAC-FanBelt-CoggedVBelt-Msr/instance-out.sql,144.93,1494572.57,391.71,4039338.11
CZ16/Nrs&0&rDXHP&Ex&HV_AirDist__SupFanMtr/NE-HVAC-FanBelt-SynchVBelt-Msr/instance-out.sql,144.20,1487058.52,389.23,4013739.27
CZ16/OfL&0&rDXHP&Ex&HV_AirDist__SupFanMtr/NE-HVAC-FanBelt-VBelt-Std/instance-out.sql,134.47,4371306.82,431.99,14043369.70
CZ16/OfL&0&rDXHP&Ex&HV_AirDist__SupFanMtr/NE-HVAC-FanBelt-CoggedVBelt-Msr/instance-out.sql,133.09,4326678.22,427.40,13894301.68
CZ16/OfL&0&rDXHP&Ex&HV_AirDist__SupFanMtr/NE-HVAC-FanBelt-SynchVBelt-Msr/instance-out.sql,131.13,4262971.88,420.85,13681369.54
CZ16/OfS&0&rDXHP&Ex&HV_AirDist__SupFanMtr/NE-HVAC-FanBelt-VBelt-Std/instance-out.sql,140.29,260730.20,441.27,820086.94
CZ16/OfS&0&rDXHP&Ex&HV_AirDist__SupFanMtr/NE-HVAC-FanBelt-CoggedVBelt-Msr/instance-out.sql,138.62,257628.75,435.69,809728.07
CZ16/OfS&0&rDXHP&Ex&HV_AirDist__SupFanMtr/NE-HVAC-FanBelt-SynchVBelt-Msr/instance-out.sql,136.25,253222.03,427.77,795009.64
CZ16/RFF&0&rDXHP&Ex&HV_AirDist__SupFanMtr/NE-HVAC-FanBelt-VBelt-Std/instance-out.sql,400.09,148538.43,1057.24,392510.06
CZ16/RFF&0&rDXHP&Ex&HV_AirDist__SupFanMtr/NE-HVAC-FanBelt-CoggedVBelt-Msr/instance-out.sql,398.09,147793.46,1050.54,390021.73
CZ16/RFF&0&rDXHP&Ex&HV_AirDist__SupFanMtr/NE-HVAC-FanBelt-SynchVBelt-Msr/instance-out.sql,395.22,146730.49,1040.97,386471.21
CZ16/RSD&0&rDXHP&Ex&HV_AirDist__SupFanMtr/NE-HVAC-FanBelt-VBelt-Std/instance-out.sql,401.87,418341.88,868.76,904363.05
CZ16/RSD&0&rDXHP&Ex&HV_AirDist__SupFanMtr/NE-HVAC-FanBelt-CoggedVBelt-Msr/instance-out.sql,401.52,417978.74,867.58,903135.38
CZ16/RSD&0&rDXHP&Ex&HV_AirDist__SupFanMtr/NE-HVAC-FanBelt-SynchVBelt-Msr/instance-out.sql,401.03,417463.03,865.90,901388.45
CZ16/Rt3&0&rDXHP&Ex&HV_AirDist__SupFanMtr/NE-HVAC-FanBelt-VBelt-Std/instance-out.sql,139.27,3105184.69,447.23,9971815.36
CZ16/Rt3&0&rDXHP&Ex&HV_AirDist__SupFanMtr/NE-HVAC-FanBelt-CoggedVBelt-Msr/instance-out.sql,138.04,3077756.32,443.12,9880192.71
CZ16/Rt3&0&rDXHP&Ex&HV_AirDist__SupFanMtr/NE-HVAC-FanBelt-SynchVBelt-Msr/instance-out.sql,136.28,3038563.81,437.25,9749277.21
CZ16/RtL&0&rDXHP&Ex&HV_AirDist__SupFanMtr/NE-HVAC-FanBelt-VBelt-Std/instance-out.sql,259.81,3149927.56,836.10,10136888.60
CZ16/RtL&0&rDXHP&Ex&HV_AirDist__SupFanMtr/NE-HVAC-FanBelt-CoggedVBelt-Msr/instance-out.sql,257.55,3122557.58,828.56,10045472.79
CZ16/RtL&0&rDXHP&Ex&HV_AirDist__SupFanMtr/NE-HVAC-FanBelt-SynchVBelt-Msr/instance-out.sql,254.33,3083439.04,817.78,9914816.79
CZ16/RtS&0&rDXHP&Ex&HV_AirDist__SupFanMtr/NE-HVAC-FanBelt-VBelt-Std/instance-out.sql,136.73,203279.98,432.51,643003.65
CZ16/RtS&0&rDXHP&Ex&HV_AirDist__SupFanMtr/NE-HVAC-FanBelt-CoggedVBelt-Msr/instance-out.sql,135.52,201475.67,428.45,636977.25
CZ16/RtS&0&rDXHP&Ex&HV_AirDist__SupFanMtr/NE-HVAC-FanBelt-SynchVBelt-Msr/instance-out.sql,133.79,198900.26,422.67,628375.36
CZ16/SCn&0&rDXHP&Ex&HV_AirDist__SupFanMtr/NE-HVAC-FanBelt-VBelt-Std/instance-out.sql,133.35,6193965.31,441.18,20493026.04
CZ16/SCn&0&rDXHP&Ex&HV_AirDist__SupFanMtr/NE-HVAC-FanBelt-CoggedVBelt-Msr/instance-out.sql,131.73,6119050.88,435.79,20242811.84
CZ16/SCn&0&rDXHP&Ex&HV_AirDist__SupFanMtr/NE-HVAC-FanBelt-SynchVBelt-Msr/instance-out.sql,129.39,6010198.34,427.97,19879244.35

File Name,Total (kWh),Heating (kWh),Cooling (kWh),Interior Lighting (kWh),Exterior Lighting (kWh),Interior Equipment (kWh),Exterior Equipment (kWh),Fans (kWh),Pumps (kWh),Heat Rejection (kWh),Humidification (kWh),Heat Recovery (kWh),Water Systems (kWh),Refrigeration (kWh),Generators (kWh),Heating Elec (kWh),Cooling Elec (kWh),Heating NG (kWh),Cooling NG (kWh),Interior Equipment Elec (kWh),Interior Equipment NG (kWh)
CZ01/Asm&0&rDXHP&Ex&HV_AirDist__SupFanMtr/NE-HVAC-FanBelt-VBelt-Std/instance-out.sql,788121.72,53601.56,1113.63,153727.01,0.0,145823.51,0.0,409592.76,3.36,0.0,0.0,0.0,24259.89,0.0,0.0,53601.56,1113.63,0.00,0.00,145823.51,0.00
CZ01/Asm&0&rDXHP&Ex&HV_AirDist__SupFanMtr/NE-HVAC-FanBelt-CoggedVBelt-Msr/instance-out.sql,781139.42,54666.71,1097.41,153727.01,0.0,145823.51,0.0,401561.53,3.36,0.0,0.0,0.0,24259.89,0.0,0.0,54666.71,1097.41,0.00,0.00,145823.51,0.00
CZ01/Asm&0&rDXHP&Ex&HV_AirDist__SupFanMtr/NE-HVAC-FanBelt-SynchVBelt-Msr/instance-out.sql,771193.08,56215.54,1075.43,153727.01,0.0,145823.51,0.0,390088.35,3.36,0.0,0.0,0.0,24259.89,0.0,0.0,56215.54,1075.43,0.00,0.00,145823.51,0.00
CZ01/ECC&0&rDXHP&Ex&HV_AirDist__SupFanMtr/NE-HVAC-FanBelt-VBelt-Std/instance-out.sql,2919651.3899999997,14618.18,35825.37,358430.2,0.0,1013813.91,0.0,1002234.14,1514.09,0.0,0.0,0.0,493215.49,0.0,0.0,14327.14,35825.37,291.04,0.00,945189.93,68623.98
CZ01/ECC&0&rDXHP&Ex&HV_AirDist__SupFanMtr/NE-HVAC-FanBelt-CoggedVBelt-Msr/instance-out.sql,2903150.91,15133.529999999999,35754.25,358430.2,0.0,1013813.91,0.0,985296.04,1513.42,0.0,0.0,0.0,493209.54,0.0,0.0,14837.73,35754.25,295.80,0.00,945189.93,68623.98
CZ01/ECC&0&rDXHP&Ex&HV_AirDist__SupFanMtr/NE-HVAC-FanBelt-SynchVBelt-Msr/instance-out.sql,2879371.13,15874.78,35665.94,358430.2,0.0,1013813.91,0.0,960861.07,1512.34,0.0,0.0,0.0,493212.89,0.0,0.0,15584.85,35665.94,289.93,0.00,945189.93,68623.98
CZ01/EPr&0&rDXHP&Ex&HV_AirDist__SupFanMtr/NE-HVAC-FanBelt-VBelt-Std/instance-out.sql,448406.58999999997,6822.85,10613.55,64700.97,0.0,125897.03,0.0,146595.58,3.37,0.0,0.0,0.0,93773.24,0.0,0.0,6822.85,10613.55,0.00,0.00,83226.75,42670.28
CZ01/EPr&0&rDXHP&Ex&HV_AirDist__SupFanMtr/NE-HVAC-FanBelt-CoggedVBelt-Msr/instance-out.sql,446161.55000000005,7006.43,10603.52,64700.97,0.0,125897.03,0.0,144176.99,3.37,0.0,0.0,0.0,93773.25,0.0,0.0,7006.43,10603.52,0.00,0.00,83226.75,42670.28
CZ01/EPr&0&rDXHP&Ex&HV_AirDist__SupFanMtr/NE-HVAC-FanBelt-SynchVBelt-Msr/instance-out.sql,442957.97,7276.52,10589.75,64700.97,0.0,125897.03,0.0,140717.08,3.37,0.0,0.0,0.0,93773.25,0.0,0.0,7276.52,10589.75,0.00,0.00,83226.75,42670.28
CZ01/ERC&0&rDXHP&Ex&HV_AirDist__SupFanMtr/NE-HVAC-FanBelt-VBelt-Std/instance-out.sql,20960.24,595.1,15.95,2224.35,0.0,2196.82,0.0,6344.21,3.36,0.0,0.0,0.0,9580.45,0.0,0.0,595.10,15.95,0.00,0.00,2196.82,0.00
CZ01/ERC&0&rDXHP&Ex&HV_AirDist__SupFanMtr/NE-HVAC-FanBelt-CoggedVBelt-Msr/instance-out.sql,20857.800000000003,609.4,15.77,2224.35,0.0,2196.82,0.0,6227.65,3.36,0.0,0.0,0.0,9580.45,0.0,0.0,609.40,15.77,0.00,0.00,2196.82,0.00
CZ01/ERC&0&rDXHP&Ex&HV_AirDist__SupFanMtr/NE-HVAC-FanBelt-SynchVBelt-Msr/instance-out.sql,20708.36,629.55,15.52,2224.35,0.0,2196.82,0.0,6058.31,3.36,0.0,0.0,0.0,9580.45,0.0,0.0,629.55,15.52,0.00,0.00,2196.82,0.00
CZ01/ESe&0&rDXHP&Ex&HV_AirDist__SupFanMtr/NE-HVAC-FanBelt-VBelt-Std/instance-out.sql,1380121.7000000002,139580.24,17639.07,197959.32,0.0,323176.74,0.0,444808.83,3.39,0.0,0.0,0.0,256954.12,0.0,0.0,2919.63,17639.07,136660.61,0.00,259085.82,64090.92
CZ01/ESe&0&rDXHP&Ex&HV_AirDist__SupFanMtr/NE-HVAC-FanBelt-CoggedVBelt-Msr/instance-out.sql,1377337.6099999999,139684.94,17626.54,197959.32,0.0,323176.74,0.0,441932.57,3.39,0.0,0.0,0.0,256954.12,0.0,0.0,3015.20,17626.54,136669.74,0.00,259085.82,64090.92
CZ01/ESe&0&rDXHP&Ex&HV_AirDist__SupFanMtr/NE-HVAC-FanBelt-SynchVBelt-Msr/instance-out.sql,1373470.08,139844.19,17607.64,197959.32,0.0,323176.74,0.0,437924.69,3.39,0.0,0.0,0.0,256954.12,0.0,0.0,3156.92,17607.64,136687.27,0.00,259085.82,64090.92
CZ01/EUn&0&rDXHP&Ex&HV_AirDist__SupFanMtr/NE-HVAC-FanBelt-VBelt-Std/instance-out.sql,9608539.49,58902.28,84415.53,1277404.75,0.0,3682881.23,0.0,3672107.23,3.37,0.0,0.0,0.0,832825.1,0.0,0.0,33478.65,84415.53,25423.63,0.00,3555459.15,127422.08
CZ01/EUn&0&rDXHP&Ex&HV_AirDist__SupFanMtr/NE-HVAC-FanBelt-CoggedVBelt-Msr/instance-out.sql,9548542.620000001,60108.4,84223.12,1277404.75,0.0,3682881.23,0.0,3611096.65,3.37,0.0,0.0,0.0,832825.11,0.0,0.0,34638.43,84223.12,25469.97,0.00,3555459.15,127422.08
CZ01/EUn&0&rDXHP&Ex&HV_AirDist__SupFanMtr/NE-HVAC-FanBelt-SynchVBelt-Msr/instance-out.sql,9462946.879999999,61936.4,83936.89,1277404.75,0.0,3682881.23,0.0,3523959.1,3.37,0.0,0.0,0.0,832825.14,0.0,0.0,36398.08,83936.89,25538.32,0.00,3555459.15,127422.08
CZ01/Hsp&0&rDXHP&Ex&HV_AirDist__SupFanMtr/NE-HVAC-FanBelt-VBelt-Std/instance-out.sql,3680836.5,397366.21,207565.69,856282.21,0.0,1182847.3,0.0,689340.2,57950.9,0.0,0.0,0.0,289483.99,0.0,0.0,4641.93,207565.69,392724.28,0.00,1139112.10,43735.20
CZ01/Hsp&0&rDXHP&Ex&HV_AirDist__SupFanMtr/NE-HVAC-FanBelt-CoggedVBelt-Msr/instance-out.sql,3670711.16,397668.07,207539.49,856282.21,0.0,1182847.3,0.0,678948.41,57950.69,0.0,0.0,0.0,289475.0,0.0,0.0,4796.73,207539.49,392871.34,0.00,1139112.10,43735.20
CZ01/Hsp&0&rDXHP&Ex&HV_AirDist__SupFanMtr/NE-HVAC-FanBelt-SynchVBelt-Msr/instance-out.sql,3656726.04,398539.87,207493.09,856282.21,0.0,1182847.3,0.0,664121.61,57945.23,0.0,0.0,0.0,289496.73,0.0,0.0,5050.92,207493.09,393488.95,0.00,1139112.10,43735.20
CZ01/MBT&0&rDXHP&Ex&HV_AirDist__SupFanMtr/NE-HVAC-FanBelt-VBelt-Std/instance-out.sql,8423232.030000001,3667977.4899999998,38464.86,709539.71,0.0,2167645.51,0.0,1646486.23,1207.36,0.0,0.0,0.0,191910.88,0.0,0.0,21653.78,38464.86,3646323.71,0.00,1394057.91,773587.60
CZ01/MBT&0&rDXHP&Ex&HV_AirDist__SupFanMtr/NE-HVAC-FanBelt-CoggedVBelt-Msr/instance-out.sql,8412953.16,3668857.9,38444.76,709539.71,0.0,2167645.51,0.0,1635347.1,1207.3,0.0,0.0,0.0,191910.88,0.0,0.0,22256.64,38444.76,3646601.26,0.00,1394057.91,773587.60
CZ01/MBT&0&rDXHP&Ex&HV_AirDist__SupFanMtr/NE-HVAC-FanBelt-SynchVBelt-Msr/instance-out.sql,8398294.559999999,3670150.93,38415.72,709539.71,0.0,2167645.51,0.0,1619424.62,1207.19,0.0,0.0,0.0,191910.88,0.0,0.0,23145.31,38415.72,3647005.62,0.00,1394057.91,773587.60
CZ01/MLI&0&rDXHP&Ex&HV_AirDist__SupFanMtr/NE-HVAC-FanBelt-VBelt-Std/instance-out.sql,1307401.94,17223.03,1150.53,283149.19,0.0,239893.0,0.0,712886.37,3.37,0.0,0.0,0.0,53096.45,0.0,0.0,17223.03,1150.53,0.00,0.00,239893.00,0.00
CZ01/MLI&0&rDXHP&Ex&HV_AirDist__SupFanMtr/NE-HVAC-FanBelt-CoggedVBelt-Msr/instance-out.sql,1294225.69,18041.36,1134.11,283149.19,0.0,239893.0,0.0,698908.2,3.37,0.0,0.0,0.0,53096.45,0.0,0.0,18041.36,1134.11,0.00,0.00,239893.00,0.00
CZ01/MLI&0&rDXHP&Ex&HV_AirDist__SupFanMtr/NE-HVAC-FanBelt-SynchVBelt-Msr/instance-out.sql,1275453.57,19260.57,1111.57,283149.19,0.0,239893.0,0.0,678939.4,3.37,0.0,0.0,0.0,53096.46,0.0,0.0,19260.57,1111.57,0.00,0.00,239893.00,0.00
CZ01/Mtl&0&rDXHP&Ex&HV_AirDist__SupFanMtr/NE-HVAC-FanBelt-VBelt-Std/instance-out.sql,190160.53,4779.2,1697.45,51285.47,0.0,22443.33,0.0,102070.16,3.36,0.0,0.0,0.0,7881.55,0.0,0.0,4241.73,1697.45,537.47,0.00,22191.36,251.97
CZ01/Mtl&0&rDXHP&Ex&HV_AirDist__SupFanMtr/NE-HVAC-FanBelt-CoggedVBelt-Msr/instance-out.sql,188283.78,4914.08,1686.85,51285.47,0.0,22443.33,0.0,100069.14,3.36,0.0,0.0,0.0,7881.55,0.0,0.0,4374.04,1686.85,540.04,0.00,22191.36,251.97
CZ01/Mtl&0&rDXHP&Ex&HV_AirDist__SupFanMtr/NE-HVAC-FanBelt-SynchVBelt-Msr/instance-out.sql,185613.0,5111.99,1672.04,51285.47,0.0,22443.33,0.0,97215.24,3.36,0.0,0.0,0.0,7881.55,0.0,0.0,4568.38,1672.04,543.61,0.00,22191.36,251.97
CZ01/Nrs&0&rDXHP&Ex&HV_AirDist__SupFanMtr/NE-HVAC-FanBelt-VBelt-Std/instance-out.sql,1040336.77,93020.09000000001,24641.81,200868.06,0.0,347425.87,0.0,244071.71,42.71,0.0,0.0,0.0,130266.52,0.0,0.0,4959.46,24641.81,88060.63,0.00,281574.59,65851.28
CZ01/Nrs&0&rDXHP&Ex&HV_AirDist__SupFanMtr/NE-HVAC-FanBelt-CoggedVBelt-Msr/instance-out.sql,1036820.22,93287.68000000001,24630.2,200868.06,0.0,347425.87,0.0,240289.69,42.74,0.0,0.0,0.0,130275.97,0.0,0.0,5100.99,24630.20,88186.69,0.00,281574.59,65851.28
CZ01/Nrs&0&rDXHP&Ex&HV_AirDist__SupFanMtr/NE-HVAC-FanBelt-SynchVBelt-Msr/instance-out.sql,1031828.8500000001,93709.6,24616.65,200868.06,0.0,347425.87,0.0,234897.7,42.8,0.0,0.0,0.0,130268.18,0.0,0.0,5309.13,24616.65,88400.47,0.00,281574.59,65851.28
CZ01/OfL&0&rDXHP&Ex&HV_AirDist__SupFanMtr/NE-HVAC-FanBelt-VBelt-Std/instance-out.sql,3101769.5300000003,60094.24,17133.11,462712.61,0.0,829334.66,0.0,1599454.51,1166.9,0.0,0.0,0.0,131873.5,0.0,0.0,9336.22,17133.11,50758.02,0.00,829334.66,0.00
CZ01/OfL&0&rDXHP&Ex&HV_AirDist__SupFanMtr/NE-HVAC-FanBelt-CoggedVBelt-Msr/instance-out.sql,3070997.75,60327.700000000004,17012.97,462712.61,0.0,829334.66,0.0,1568569.39,1166.92,0.0,0.0,0.0,131873.5,0.0,0.0,9593.47,17012.97,50734.23,0.00,829334.66,0.00
CZ01/OfL&0&rDXHP&Ex&HV_AirDist__SupFanMtr/NE-HVAC-FanBelt-SynchVBelt-Msr/instance-out.sql,3027180.27,60731.97,16854.95,462712.61,0.0,829334.66,0.0,1524505.69,1166.9,0.0,0.0,0.0,131873.49,0.0,0.0,9969.42,16854.95,50762.55,0.00,829334.66,0.00
CZ01/OfS&0&rDXHP&Ex&HV_AirDist__SupFanMtr/NE-HVAC-FanBelt-VBelt-Std/instance-out.sql,180186.76,1552.34,289.27,23737.13,0.0,29387.4,0.0,101190.51,1.13,0.0,0.0,0.0,24028.97,0.0,0.0,1552.34,289.27,0.00,0.00,29387.40,0.00
CZ01/OfS&0&rDXHP&Ex&HV_AirDist__SupFanMtr/NE-HVAC-FanBelt-CoggedVBelt-Msr/instance-out.sql,178249.62,1599.83,284.26,23737.13,0.0,29387.4,0.0,99210.89,1.13,0.0,0.0,0.0,24028.97,0.0,0.0,1599.83,284.26,0.00,0.00,29387.40,0.00
CZ01/OfS&0&rDXHP&Ex&HV_AirDist__SupFanMtr/NE-HVAC-FanBelt-SynchVBelt-Msr/instance-out.sql,175486.57,1669.64,277.84,23737.13,0.0,29387.4,0.0,96384.45,1.13,0.0,0.0,0.0,24028.97,0.0,0.0,1669.64,277.84,0.00,0.00,29387.40,0.00
CZ01/RFF&0&rDXHP&Ex&HV_AirDist__SupFanMtr/NE-HVAC-FanBelt-VBelt-Std/instance-out.sql,118366.76000000001,922.35,4095.95,13247.63,0.0,37903.17,0.0,34394.84,3.37,0.0,0.0,0.0,27799.46,0.0,0.0,922.33,4095.95,0.02,0.00,18423.46,19479.71
CZ01/RFF&0&rDXHP&Ex&HV_AirDist__SupFanMtr/NE-HVAC-FanBelt-CoggedVBelt-Msr/instance-out.sql,117900.39,955.4,4093.32,13247.63,0.0,37903.17,0.0,33898.04,3.37,0.0,0.0,0.0,27799.46,0.0,0.0,955.38,4093.32,0.02,0.00,18423.46,19479.71
CZ01/RFF&0&rDXHP&Ex&HV_AirDist__SupFanMtr/NE-HVAC-FanBelt-SynchVBelt-Msr/instance-out.sql,117235.97,1004.66,4089.67,13247.63,0.0,37903.17,0.0,33188.01,3.37,0.0,0.0,0.0,27799.46,0.0,0.0,1004.64,4089.67,0.02,0.00,18423.46,19479.71
CZ01/RSD&0&rDXHP&Ex&HV_AirDist__SupFanMtr/NE-HVAC-FanBelt-VBelt-Std/instance-out.sql,269074.82,35806.22,11205.01,36047.32,0.0,76546.73,0.0,37380.06,18.37,0.0,0.0,0.0,72071.12,0.0,0.0,496.41,11205.01,35309.81,0.00,37475.60,39071.13
CZ01/RSD&0&rDXHP&Ex&HV_AirDist__SupFanMtr/NE-HVAC-FanBelt-CoggedVBelt-Msr/instance-out.sql,268840.47000000003,35829.49,11202.57,36047.32,0.0,76546.73,0.0,37124.88,18.37,0.0,0.0,0.0,72071.12,0.0,0.0,513.47,11202.57,35316.02,0.00,37475.60,39071.13
CZ01/RSD&0&rDXHP&Ex&HV_AirDist__SupFanMtr/NE-HVAC-FanBelt-SynchVBelt-Msr/instance-out.sql,268507.53,35863.869999999995,11199.25,36047.32,0.0,76546.73,0.0,36760.88,18.37,0.0,0.0,0.0,72071.12,0.0,0.0,538.70,11199.25,35325.17,0.00,37475.60,39071.13
CZ01/Rt3&0&rDXHP&Ex&HV_AirDist__SupFanMtr/NE-HVAC-FanBelt-VBelt-Std/instance-out.sql,2426360.4400000004,7918.0,2517.2,774348.97,0.0,436362.0,0.0,1015069.79,3.38,0.0,0.0,0.0,190141.1,0.0,0.0,6793.90,2517.20,1124.10,0.00,436362.00,0.00
CZ01/Rt3&0&rDXHP&Ex&HV_AirDist__SupFanMtr/NE-HVAC-FanBelt-CoggedVBelt-Msr/instance-out.sql,2407210.2,8207.74,2486.26,774348.97,0.0,436362.0,0.0,995660.75,3.38,0.0,0.0,0.0,190141.1,0.0,0.0,7077.76,2486.26,1129.98,0.00,436362.00,0.00
CZ01/Rt3&0&rDXHP&Ex&HV_AirDist__SupFanMtr/NE-HVAC-FanBelt-SynchVBelt-Msr/instance-out.sql,2379912.3,8620.27,2443.22,774348.97,0.0,436362.0,0.0,967993.37,3.38,0.0,0.0,0.0,190141.09,0.0,0.0,7485.88,2443.22,1134.39,0.00,436362.00,0.00
CZ01/RtL&0&rDXHP&Ex&HV_AirDist__SupFanMtr/NE-HVAC-FanBelt-VBelt-Std/instance-out.sql,2451486.0100000002,5278.46,13663.76,767420.15,0.0,509200.67,0.0,1016089.46,3.39,0.0,0.0,0.0,139830.13,0.0,0.0,5278.46,13663.76,0.00,0.00,468847.72,40352.95
CZ01/RtL&0&rDXHP&Ex&HV_AirDist__SupFanMtr/NE-HVAC-FanBelt-CoggedVBelt-Msr/instance-out.sql,2432184.36,5528.2,13626.78,767420.15,0.0,509200.67,0.0,996575.05,3.39,0.0,0.0,0.0,139830.12,0.0,0.0,5528.20,13626.78,0.00,0.00,468847.72,40352.95
CZ01/RtL&0&rDXHP&Ex&HV_AirDist__SupFanMtr/NE-HVAC-FanBelt-SynchVBelt-Msr/instance-out.sql,2404633.59,5907.43,13574.52,767420.15,0.0,509200.67,0.0,968697.31,3.39,0.0,0.0,0.0,139830.12,0.0,0.0,5907.43,13574.52,0.00,0.00,468847.72,40352.95
CZ01/RtS&0&rDXHP&Ex&HV_AirDist__SupFanMtr/NE-HVAC-FanBelt-VBelt-Std/instance-out.sql,146122.1,2147.87,156.21,44599.63,0.0,24440.79,0.0,58080.3,3.36,0.0,0.0,0.0,16693.94,0.0,0.0,2147.87,156.21,0.00,0.00,24440.79,0.00
CZ01/RtS&0&rDXHP&Ex&HV_AirDist__SupFanMtr/NE-HVAC-FanBelt-CoggedVBelt-Msr/instance-out.sql,145052.86,2219.45,154.21,44599.63,0.0,24440.79,0.0,56941.47,3.36,0.0,0.0,0.0,16693.94,0.0,0.0,2219.45,154.21,0.00,0.00,24440.79,0.00
CZ01/RtS&0&rDXHP&Ex&HV_AirDist__SupFanMtr/NE-HVAC-FanBelt-SynchVBelt-Msr/instance-out.sql,143527.87,2324.35,151.41,44599.63,0.0,24440.79,0.0,55314.39,3.36,0.0,0.0,0.0,16693.94,0.0,0.0,2324.35,151.41,0.00,0.00,24440.79,0.00
CZ01/SCn&0&rDXHP&Ex&HV_AirDist__SupFanMtr/NE-HVAC-FanBelt-VBelt-Std/instance-out.sql,4506502.24,113001.33,2925.76,850055.03,0.0,449066.39,0.0,2998101.13,3.36,0.0,0.0,0.0,93349.24,0.0,0.0,113001.33,2925.76,0.00,0.00,449066.39,0.00
CZ01/SCn&0&rDXHP&Ex&HV_AirDist__SupFanMtr/NE-HVAC-FanBelt-CoggedVBelt-Msr/instance-out.sql,4453162.36,118473.04,2878.93,850055.03,0.0,449066.39,0.0,2939336.38,3.36,0.0,0.0,0.0,93349.24,0.0,0.0,118473.04,2878.93,0.00,0.00,449066.39,0.00
CZ01/SCn&0&rDXHP&Ex&HV_AirDist__SupFanMtr/NE-HVAC-FanBelt-SynchVBelt-Msr/instance-out.sql,4377272.95,126631.36,2812.25,850055.03,0.0,449066.39,0.0,2855355.33,3.36,0.0,0.0,0.0,93349.24,0.0,0.0,126631.36,2812.25,0.00,0.00,449066.39,0.00
CZ02/Asm&0&rDXHP&Ex&HV_AirDist__SupFanMtr/NE-HVAC-FanBelt-VBelt-Std/instance-out.sql,876452.92,34923.36,74745.36,153727.01,0.0,145823.51,0.0,444418.93,3.36,0.0,0.0,0.0,22811.4,0.0,0.0,34923.36,74745.36,0.00,0.00,145823.51,0.00
CZ02/Asm&0&rDXHP&Ex&HV_AirDist__SupFanMtr/NE-HVAC-FanBelt-CoggedVBelt-Msr/instance-out.sql,867727.87,35529.19,74128.57,153727.01,0.0,145823.51,0.0,435704.83,3.36,0.0,0.0,0.0,22811.4,0.0,0.0,35529.19,74128.57,0.00,0.00,145823.51,0.00
CZ02/Asm&0&rDXHP&Ex&HV_AirDist__SupFanMtr/NE-HVAC-FanBelt-SynchVBelt-Msr/instance-out.sql,855281.0800000001,36409.15,73250.52,153727.01,0.0,145823.51,0.0,423256.12,3.36,0.0,0.0,0.0,22811.41,0.0,0.0,36409.15,73250.52,0.00,0.00,145823.51,0.00
CZ02/ECC&0&rDXHP&Ex&HV_AirDist__SupFanMtr/NE-HVAC-FanBelt-VBelt-Std/instance-out.sql,3177727.57,13110.42,194150.47,358430.2,0.0,1013813.91,0.0,1143051.79,1794.66,0.0,0.0,0.0,453376.12,0.0,0.0,12554.39,194150.47,556.03,0.00,945189.93,68623.98
CZ02/ECC&0&rDXHP&Ex&HV_AirDist__SupFanMtr/NE-HVAC-FanBelt-CoggedVBelt-Msr/instance-out.sql,3156855.76,13486.56,192780.89,358430.2,0.0,1013813.91,0.0,1123173.65,1794.39,0.0,0.0,0.0,453376.13,0.0,0.0,12932.96,192780.89,553.60,0.00,945189.93,68623.98
CZ02/ECC&0&rDXHP&Ex&HV_AirDist__SupFanMtr/NE-HVAC-FanBelt-SynchVBelt-Msr/instance-out.sql,3127394.35,14061.029999999999,190834.68,358430.2,0.0,1013813.91,0.0,1095084.35,1794.04,0.0,0.0,0.0,453376.13,0.0,0.0,13503.46,190834.68,557.57,0.00,945189.93,68623.98
CZ02/EPr&0&rDXHP&Ex&HV_AirDist__SupFanMtr/NE-HVAC-FanBelt-VBelt-Std/instance-out.sql,483454.07999999996,4676.4,35532.51,64700.97,0.0,125897.03,0.0,166092.23,3.37,0.0,0.0,0.0,86551.58,0.0,0.0,4676.40,35532.51,0.00,0.00,83226.75,42670.28
CZ02/EPr&0&rDXHP&Ex&HV_AirDist__SupFanMtr/NE-HVAC-FanBelt-CoggedVBelt-Msr/instance-out.sql,480561.81,4787.4,35325.8,64700.97,0.0,125897.03,0.0,163295.66,3.37,0.0,0.0,0.0,86551.58,0.0,0.0,4787.40,35325.80,0.00,0.00,83226.75,42670.28
CZ02/EPr&0&rDXHP&Ex&HV_AirDist__SupFanMtr/NE-HVAC-FanBelt-SynchVBelt-Msr/instance-out.sql,476471.92,4950.19,35031.74,64700.97,0.0,125897.03,0.0,159337.05,3.37,0.0,0.0,0.0,86551.58,0.0,0.0,4950.19,35031.74,0.00,0.00,83226.75,42670.28
CZ02/ERC&0&rDXHP&Ex&HV_AirDist__SupFanMtr/NE-HVAC-FanBelt-VBelt-Std/instance-out.sql,22863.38,332.51,924.09,2224.35,0.0,2196.82,0.0,7863.67,3.36,0.0,0.0,0.0,9318.59,0.0,0.0,332.51,924.09,0.00,0.00,2196.82,0.00
CZ02/ERC&0&rDXHP&Ex&HV_AirDist__SupFanMtr/NE-HVAC-FanBelt-CoggedVBelt-Msr/instance-out.sql,22717.25,340.28,914.88,2224.35,0.0,2196.82,0.0,7718.96,3.36,0.0,0.0,0.0,9318.59,0.0,0.0,340.28,914.88,0.00,0.00,2196.82,0.00
CZ02/ERC&0&rDXHP&Ex&HV_AirDist__SupFanMtr/NE-HVAC-FanBelt-SynchVBelt-Msr/instance-out.sql,22507.04,351.43,901.86,2224.35,0.0,2196.82,0.0,7510.62,3.36,0.0,0.0,0.0,9318.59,0.0,0.0,351.43,901.86,0.00,0.00,2196.82,0.00
CZ02/ESe&0&rDXHP&Ex&HV_AirDist__SupFanMtr/NE-HVAC-FanBelt-VBelt-Std/instance-out.sql,1440674.75,88308.29000000001,89379.18,197959.32,0.0,323176.74,0.0,505119.03,3.39,0.0,0.0,0.0,236728.79,0.0,0.0,2727.10,89379.18,85581.19,0.00,259085.82,64090.92
CZ02/ESe&0&rDXHP&Ex&HV_AirDist__SupFanMtr/NE-HVAC-FanBelt-CoggedVBelt-Msr/instance-out.sql,1437106.14,88399.78,89130.62,197959.32,0.0,323176.74,0.0,501707.51,3.39,0.0,0.0,0.0,236728.79,0.0,0.0,2801.24,89130.62,85598.54,0.00,259085.82,64090.92
CZ02/ESe&0&rDXHP&Ex&HV_AirDist__SupFanMtr/NE-HVAC-FanBelt-SynchVBelt-Msr/instance-out.sql,1432045.4,88502.81,88775.92,197959.32,0.0,323176.74,0.0,496898.43,3.39,0.0,0.0,0.0,236728.79,0.0,0.0,2914.14,88775.92,85588.67,0.00,259085.82,64090.92
CZ02/EUn&0&rDXHP&Ex&HV_AirDist__SupFanMtr/NE-HVAC-FanBelt-VBelt-Std/instance-out.sql,10318785.2,44649.24,598326.35,1277404.75,0.0,3682881.23,0.0,3949467.94,3.37,0.0,0.0,0.0,766052.32,0.0,0.0,27917.64,598326.35,16731.60,0.00,3555459.15,127422.08
CZ02/EUn&0&rDXHP&Ex&HV_AirDist__SupFanMtr/NE-HVAC-FanBelt-CoggedVBelt-Msr/instance-out.sql,10250018.77,45899.880000000005,594157.61,1277404.75,0.0,3682881.23,0.0,3883619.59,3.37,0.0,0.0,0.0,766052.33,0.0,0.0,29091.50,594157.61,16808.38,0.00,3555459.15,127422.08
CZ02/EUn&0&rDXHP&Ex&HV_AirDist__SupFanMtr/NE-HVAC-FanBelt-SynchVBelt-Msr/instance-out.sql,10151190.780000001,47428.31,588305.26,1277404.75,0.0,3682881.23,0.0,3789115.52,3.37,0.0,0.0,0.0,766052.34,0.0,0.0,30564.52,588305.26,16863.79,0.00,3555459.15,127422.08
CZ02/Hsp&0&rDXHP&Ex&HV_AirDist__SupFanMtr/NE-HVAC-FanBelt-VBelt-Std/instance-out.sql,4889630.01,725457.1,901416.97,856282.21,0.0,1182847.3,0.0,884571.99,72251.22,0.0,0.0,0.0,266803.23,0.0,0.0,4112.26,901416.97,721344.84,0.00,1139112.10,43735.20
CZ02/Hsp&0&rDXHP&Ex&HV_AirDist__SupFanMtr/NE-HVAC-FanBelt-CoggedVBelt-Msr/instance-out.sql,4877700.53,725780.88,900725.16,856282.21,0.0,1182847.3,0.0,873018.59,72246.42,0.0,0.0,0.0,266799.97,0.0,0.0,4253.50,900725.16,721527.38,0.00,1139112.10,43735.20
CZ02/Hsp&0&rDXHP&Ex&HV_AirDist__SupFanMtr/NE-HVAC-FanBelt-SynchVBelt-Msr/instance-out.sql,4860713.449999999,726128.7,899866.42,856282.21,0.0,1182847.3,0.0,856537.94,72250.08,0.0,0.0,0.0,266800.8,0.0,0.0,4461.51,899866.42,721667.19,0.00,1139112.10,43735.20
CZ02/MBT&0&rDXHP&Ex&HV_AirDist__SupFanMtr/NE-HVAC-FanBelt-VBelt-Std/instance-out.sql,7498217.33,2369467.76,234206.6,709539.71,0.0,2167645.51,0.0,1839135.79,1286.15,0.0,0.0,0.0,176935.81,0.0,0.0,13905.36,234206.60,2355562.40,0.00,1394057.91,773587.60
CZ02/MBT&0&rDXHP&Ex&HV_AirDist__SupFanMtr/NE-HVAC-FanBelt-CoggedVBelt-Msr/instance-out.sql,7485072.460000001,2370023.81,233482.27,709539.71,0.0,2167645.51,0.0,1826159.2,1286.15,0.0,0.0,0.0,176935.81,0.0,0.0,14314.00,233482.27,2355709.81,0.00,1394057.91,773587.60
CZ02/MBT&0&rDXHP&Ex&HV_AirDist__SupFanMtr/NE-HVAC-FanBelt-SynchVBelt-Msr/instance-out.sql,7466314.07,2370834.58,232450.76,709539.71,0.0,2167645.51,0.0,1807621.62,1286.08,0.0,0.0,0.0,176935.81,0.0,0.0,14912.92,232450.76,2355921.66,0.00,1394057.91,773587.60
CZ02/MLI&0&rDXHP&Ex&HV_AirDist__SupFanMtr/NE-HVAC-FanBelt-VBelt-Std/instance-out.sql,1429059.51,14897.6,76601.37,283149.19,0.0,239893.0,0.0,765249.54,3.37,0.0,0.0,0.0,49265.43,0.0,0.0,14897.60,76601.37,0.00,0.00,239893.00,0.00
CZ02/MLI&0&rDXHP&Ex&HV_AirDist__SupFanMtr/NE-HVAC-FanBelt-CoggedVBelt-Msr/instance-out.sql,1413839.5,15493.89,75789.97,283149.19,0.0,239893.0,0.0,750244.65,3.37,0.0,0.0,0.0,49265.43,0.0,0.0,15493.89,75789.97,0.00,0.00,239893.00,0.00
CZ02/MLI&0&rDXHP&Ex&HV_AirDist__SupFanMtr/NE-HVAC-FanBelt-SynchVBelt-Msr/instance-out.sql,1392134.0599999998,16379.6,74634.38,283149.19,0.0,239893.0,0.0,728809.09,3.37,0.0,0.0,0.0,49265.43,0.0,0.0,16379.60,74634.38,0.00,0.00,239893.00,0.00
CZ02/Mtl&0&rDXHP&Ex&HV_AirDist__SupFanMtr/NE-HVAC-FanBelt-VBelt-Std/instance-out.sql,222029.85,3590.2599999999998,20238.77,51285.47,0.0,22443.33,0.0,116699.15,3.36,0.0,0.0,0.0,7769.5,0.0,0.0,3238.08,20238.77,352.18,0.00,22191.36,251.97
CZ02/Mtl&0&rDXHP&Ex&HV_AirDist__SupFanMtr/NE-HVAC-FanBelt-CoggedVBelt-Msr/instance-out.sql,219700.11000000002,3681.26,20093.72,51285.47,0.0,22443.33,0.0,114423.47,3.36,0.0,0.0,0.0,7769.5,0.0,0.0,3327.78,20093.72,353.48,0.00,22191.36,251.97
CZ02/Mtl&0&rDXHP&Ex&HV_AirDist__SupFanMtr/NE-HVAC-FanBelt-SynchVBelt-Msr/instance-out.sql,216380.88999999998,3816.47,19888.57,51285.47,0.0,22443.33,0.0,111174.17,3.36,0.0,0.0,0.0,7769.5,0.0,0.0,3460.10,19888.57,356.37,0.00,22191.36,251.97
CZ02/Nrs&0&rDXHP&Ex&HV_AirDist__SupFanMtr/NE-HVAC-FanBelt-VBelt-Std/instance-out.sql,1161279.15,107008.40000000001,93279.19,200868.06,0.0,347425.87,0.0,294321.9,68.53,0.0,0.0,0.0,118307.2,0.0,0.0,3769.52,93279.19,103238.88,0.00,281574.59,65851.28
CZ02/Nrs&0&rDXHP&Ex&HV_AirDist__SupFanMtr/NE-HVAC-FanBelt-CoggedVBelt-Msr/instance-out.sql,1156891.95,107224.23,93022.55,200868.06,0.0,347425.87,0.0,290047.44,68.49,0.0,0.0,0.0,118235.31,0.0,0.0,3866.78,93022.55,103357.45,0.00,281574.59,65851.28
CZ02/Nrs&0&rDXHP&Ex&HV_AirDist__SupFanMtr/NE-HVAC-FanBelt-SynchVBelt-Msr/instance-out.sql,1150727.24,107493.91,92666.19,200868.06,0.0,347425.87,0.0,283936.37,68.5,0.0,0.0,0.0,118268.34,0.0,0.0,4008.85,92666.19,103485.06,0.00,281574.59,65851.28
CZ02/OfL&0&rDXHP&Ex&HV_AirDist__SupFanMtr/NE-HVAC-FanBelt-VBelt-Std/instance-out.sql,3569595.83,56115.75,307219.3,462712.61,0.0,829334.66,0.0,1786878.55,5627.3,0.0,0.0,0.0,121707.65,0.0,0.0,5920.90,307219.30,50194.85,0.00,829334.66,0.00
CZ02/OfL&0&rDXHP&Ex&HV_AirDist__SupFanMtr/NE-HVAC-FanBelt-CoggedVBelt-Msr/instance-out.sql,3533271.77,56272.08,305169.19,462712.61,0.0,829334.66,0.0,1752449.22,5626.14,0.0,0.0,0.0,121707.87,0.0,0.0,6123.02,305169.19,50149.06,0.00,829334.66,0.00
CZ02/OfL&0&rDXHP&Ex&HV_AirDist__SupFanMtr/NE-HVAC-FanBelt-SynchVBelt-Msr/instance-out.sql,3481553.35,56616.79,302264.24,462712.61,0.0,829334.66,0.0,1703290.52,5626.67,0.0,0.0,0.0,121707.87,0.0,0.0,6434.94,302264.24,50181.85,0.00,829334.66,0.00
CZ02/OfS&0&rDXHP&Ex&HV_AirDist__SupFanMtr/NE-HVAC-FanBelt-VBelt-Std/instance-out.sql,211319.93,1088.29,13895.72,23737.13,0.0,29387.4,0.0,120782.31,1.13,0.0,0.0,0.0,22427.94,0.0,0.0,1088.29,13895.72,0.00,0.00,29387.40,0.00
CZ02/OfS&0&rDXHP&Ex&HV_AirDist__SupFanMtr/NE-HVAC-FanBelt-CoggedVBelt-Msr/instance-out.sql,208847.41,1121.62,13757.15,23737.13,0.0,29387.4,0.0,118415.03,1.13,0.0,0.0,0.0,22427.94,0.0,0.0,1121.62,13757.15,0.00,0.00,29387.40,0.00
CZ02/OfS&0&rDXHP&Ex&HV_AirDist__SupFanMtr/NE-HVAC-FanBelt-SynchVBelt-Msr/instance-out.sql,205329.68,1172.98,13560.71,23737.13,0.0,29387.4,0.0,115042.39,1.13,0.0,0.0,0.0,22427.94,0.0,0.0,1172.98,13560.71,0.00,0.00,29387.40,0.00
CZ02/RFF&0&rDXHP&Ex&HV_AirDist__SupFanMtr/NE-HVAC-FanBelt-VBelt-Std/instance-out.sql,132691.49,628.08,10379.1,13247.63,0.0,37903.17,0.0,44504.15,3.37,0.0,0.0,0.0,26025.98,0.0,0.0,625.14,10379.10,2.94,0.00,18423.46,19479.71
CZ02/RFF&0&rDXHP&Ex&HV_AirDist__SupFanMtr/NE-HVAC-FanBelt-CoggedVBelt-Msr/instance-out.sql,132045.55,651.71,10344.9,13247.63,0.0,37903.17,0.0,43868.78,3.37,0.0,0.0,0.0,26025.98,0.0,0.0,648.75,10344.90,2.96,0.00,18423.46,19479.71
CZ02/RFF&0&rDXHP&Ex&HV_AirDist__SupFanMtr/NE-HVAC-FanBelt-SynchVBelt-Msr/instance-out.sql,131124.21000000002,686.97,10296.39,13247.63,0.0,37903.17,0.0,42960.69,3.37,0.0,0.0,0.0,26025.98,0.0,0.0,683.97,10296.39,3.00,0.00,18423.46,19479.71
CZ02/RSD&0&rDXHP&Ex&HV_AirDist__SupFanMtr/NE-HVAC-FanBelt-VBelt-Std/instance-out.sql,299229.57999999996,46471.42,27378.47,36047.32,0.0,76546.73,0.0,46029.53,33.99,0.0,0.0,0.0,66722.13,0.0,0.0,338.06,27378.47,46133.36,0.00,37475.60,39071.13
CZ02/RSD&0&rDXHP&Ex&HV_AirDist__SupFanMtr/NE-HVAC-FanBelt-CoggedVBelt-Msr/instance-out.sql,298928.88,46485.909999999996,27361.11,36047.32,0.0,76546.73,0.0,45731.69,33.99,0.0,0.0,0.0,66722.12,0.0,0.0,349.32,27361.11,46136.59,0.00,37475.60,39071.13
CZ02/RSD&0&rDXHP&Ex&HV_AirDist__SupFanMtr/NE-HVAC-FanBelt-SynchVBelt-Msr/instance-out.sql,298500.22,46507.68,27336.2,36047.32,0.0,76546.73,0.0,45306.2,33.99,0.0,0.0,0.0,66722.1,0.0,0.0,365.93,27336.20,46141.75,0.00,37475.60,39071.13
CZ02/Rt3&0&rDXHP&Ex&HV_AirDist__SupFanMtr/NE-HVAC-FanBelt-VBelt-Std/instance-out.sql,2705688.69,9674.310000000001,155647.86,774348.97,0.0,436362.0,0.0,1154325.86,3.38,0.0,0.0,0.0,175326.32,0.0,0.0,8538.94,155647.86,1135.37,0.00,436362.00,0.00
CZ02/Rt3&0&rDXHP&Ex&HV_AirDist__SupFanMtr/NE-HVAC-FanBelt-CoggedVBelt-Msr/instance-out.sql,2682425.79,9978.72,154178.76,774348.97,0.0,436362.0,0.0,1132227.64,3.38,0.0,0.0,0.0,175326.32,0.0,0.0,8840.74,154178.76,1137.98,0.00,436362.00,0.00
CZ02/Rt3&0&rDXHP&Ex&HV_AirDist__SupFanMtr/NE-HVAC-FanBelt-SynchVBelt-Msr/instance-out.sql,2649256.76,10429.41,152092.7,774348.97,0.0,436362.0,0.0,1100693.97,3.38,0.0,0.0,0.0,175326.32,0.0,0.0,9287.83,152092.70,1141.58,0.00,436362.00,0.00
CZ02/RtL&0&rDXHP&Ex&HV_AirDist__SupFanMtr/NE-HVAC-FanBelt-VBelt-Std/instance-out.sql,2678724.94,5981.93,171423.29,767420.15,0.0,509200.67,0.0,1095659.61,3.39,0.0,0.0,0.0,129035.9,0.0,0.0,5981.93,171423.29,0.00,0.00,468847.72,40352.95
CZ02/RtL&0&rDXHP&Ex&HV_AirDist__SupFanMtr/NE-HVAC-FanBelt-CoggedVBelt-Msr/instance-out.sql,2656526.08,6242.67,169981.46,767420.15,0.0,509200.67,0.0,1074641.82,3.39,0.0,0.0,0.0,129035.93,0.0,0.0,6242.67,169981.46,0.00,0.00,468847.72,40352.95
CZ02/RtL&0&rDXHP&Ex&HV_AirDist__SupFanMtr/NE-HVAC-FanBelt-SynchVBelt-Msr/instance-out.sql,2624842.28,6635.77,167929.93,767420.15,0.0,509200.67,0.0,1044616.39,3.39,0.0,0.0,0.0,129035.99,0.0,0.0,6635.77,167929.93,0.00,0.00,468847.72,40352.95
CZ02/RtS&0&rDXHP&Ex&HV_AirDist__SupFanMtr/NE-HVAC-FanBelt-VBelt-Std/instance-out.sql,172298.24,1755.31,10832.94,44599.63,0.0,24440.79,0.0,74829.36,3.36,0.0,0.0,0.0,15836.84,0.0,0.0,1755.31,10832.94,0.00,0.00,24440.79,0.00
CZ02/RtS&0&rDXHP&Ex&HV_AirDist__SupFanMtr/NE-HVAC-FanBelt-CoggedVBelt-Msr/instance-out.sql,170788.12,1807.34,10735.41,44599.63,0.0,24440.79,0.0,73364.74,3.36,0.0,0.0,0.0,15836.84,0.0,0.0,1807.34,10735.41,0.00,0.00,24440.79,0.00
CZ02/RtS&0&rDXHP&Ex&HV_AirDist__SupFanMtr/NE-HVAC-FanBelt-SynchVBelt-Msr/instance-out.sql,168634.7,1885.22,10596.4,44599.63,0.0,24440.79,0.0,71272.42,3.36,0.0,0.0,0.0,15836.88,0.0,0.0,1885.22,10596.40,0.00,0.00,24440.79,0.00
CZ02/SCn&0&rDXHP&Ex&HV_AirDist__SupFanMtr/NE-HVAC-FanBelt-VBelt-Std/instance-out.sql,4930600.53,84951.94,269750.01,850055.03,0.0,449066.39,0.0,3190485.22,3.36,0.0,0.0,0.0,86288.59,0.0,0.0,84951.94,269750.01,0.00,0.00,449066.39,0.00
CZ02/SCn&0&rDXHP&Ex&HV_AirDist__SupFanMtr/NE-HVAC-FanBelt-CoggedVBelt-Msr/instance-out.sql,4868406.9399999995,88511.99,266463.21,850055.03,0.0,449066.39,0.0,3128018.37,3.36,0.0,0.0,0.0,86288.59,0.0,0.0,88511.99,266463.21,0.00,0.00,449066.39,0.00
CZ02/SCn&0&rDXHP&Ex&HV_AirDist__SupFanMtr/NE-HVAC-FanBelt-SynchVBelt-Msr/instance-out.sql,4779684.72,93821.8,261758.6,850055.03,0.0,449066.39,0.0,3038690.95,3.36,0.0,0.0,0.0,86288.59,0.0,0.0,93821.80,261758.60,0.00,0.00,449066.39,0.00
CZ03/Asm&0&rDXHP&Ex&HV_AirDist__SupFanMtr/NE-HVAC-FanBelt-VBelt-Std/instance-out.sql,808361.61,18603.86,31477.36,153727.01,0.0,145823.51,0.0,435978.09,3.36,0.0,0.0,0.0,22748.42,0.0,0.0,18603.86,31477.36,0.00,0.00,145823.51,0.00
CZ03/Asm&0&rDXHP&Ex&HV_AirDist__SupFanMtr/NE-HVAC-FanBelt-CoggedVBelt-Msr/instance-out.sql,799908.0800000001,19053.33,31122.95,153727.01,0.0,145823.51,0.0,427429.5,3.36,0.0,0.0,0.0,22748.42,0.0,0.0,19053.33,31122.95,0.00,0.00,145823.51,0.00
CZ03/Asm&0&rDXHP&Ex&HV_AirDist__SupFanMtr/NE-HVAC-FanBelt-SynchVBelt-Msr/instance-out.sql,787850.25,19712.04,30618.68,153727.01,0.0,145823.51,0.0,415217.23,3.36,0.0,0.0,0.0,22748.42,0.0,0.0,19712.04,30618.68,0.00,0.00,145823.51,0.00
CZ03/ECC&0&rDXHP&Ex&HV_AirDist__SupFanMtr/NE-HVAC-FanBelt-VBelt-Std/instance-out.sql,3029716.79,4918.389999999999,102237.27,358430.2,0.0,1013813.91,0.0,1096290.48,1893.94,0.0,0.0,0.0,452132.6,0.0,0.0,4775.74,102237.27,142.65,0.00,945189.93,68623.98
CZ03/ECC&0&rDXHP&Ex&HV_AirDist__SupFanMtr/NE-HVAC-FanBelt-CoggedVBelt-Msr/instance-out.sql,3010321.5599999996,5104.8099999999995,101550.86,358430.2,0.0,1013813.91,0.0,1077388.65,1893.75,0.0,0.0,0.0,452139.38,0.0,0.0,4961.66,101550.86,143.15,0.00,945189.93,68623.98
CZ03/ECC&0&rDXHP&Ex&HV_AirDist__SupFanMtr/NE-HVAC-FanBelt-SynchVBelt-Msr/instance-out.sql,2982794.75,5394.0,100576.07,358430.2,0.0,1013813.91,0.0,1050544.61,1893.67,0.0,0.0,0.0,452142.28,0.0,0.0,5245.96,100576.07,148.04,0.00,945189.93,68623.98
CZ03/EPr&0&rDXHP&Ex&HV_AirDist__SupFanMtr/NE-HVAC-FanBelt-VBelt-Std/instance-out.sql,460994.07,2019.87,22643.41,64700.97,0.0,125897.03,0.0,159403.16,3.37,0.0,0.0,0.0,86326.27,0.0,0.0,2019.87,22643.41,0.00,0.00,83226.75,42670.28
CZ03/EPr&0&rDXHP&Ex&HV_AirDist__SupFanMtr/NE-HVAC-FanBelt-CoggedVBelt-Msr/instance-out.sql,458279.45999999996,2084.49,22531.73,64700.97,0.0,125897.03,0.0,156735.61,3.37,0.0,0.0,0.0,86326.27,0.0,0.0,2084.49,22531.73,0.00,0.00,83226.75,42670.28
CZ03/EPr&0&rDXHP&Ex&HV_AirDist__SupFanMtr/NE-HVAC-FanBelt-SynchVBelt-Msr/instance-out.sql,454413.23,2180.32,22374.89,64700.97,0.0,125897.03,0.0,152930.39,3.37,0.0,0.0,0.0,86326.27,0.0,0.0,2180.32,22374.89,0.00,0.00,83226.75,42670.28
CZ03/ERC&0&rDXHP&Ex&HV_AirDist__SupFanMtr/NE-HVAC-FanBelt-VBelt-Std/instance-out.sql,21411.3,162.9,364.51,2224.35,0.0,2196.82,0.0,7148.87,3.36,0.0,0.0,0.0,9310.49,0.0,0.0,162.90,364.51,0.00,0.00,2196.82,0.00
CZ03/ERC&0&rDXHP&Ex&HV_AirDist__SupFanMtr/NE-HVAC-FanBelt-CoggedVBelt-Msr/instance-out.sql,21277.03,168.13,360.19,2224.35,0.0,2196.82,0.0,7013.69,3.36,0.0,0.0,0.0,9310.49,0.0,0.0,168.13,360.19,0.00,0.00,2196.82,0.00
CZ03/ERC&0&rDXHP&Ex&HV_AirDist__SupFanMtr/NE-HVAC-FanBelt-SynchVBelt-Msr/instance-out.sql,21085.96,175.82,354.08,2224.35,0.0,2196.82,0.0,6821.04,3.36,0.0,0.0,0.0,9310.49,0.0,0.0,175.82,354.08,0.00,0.00,2196.82,0.00
CZ03/ESe&0&rDXHP&Ex&HV_AirDist__SupFanMtr/NE-HVAC-FanBelt-VBelt-Std/instance-out.sql,1355642.88,54051.07,50447.97,197959.32,0.0,323176.74,0.0,494110.65,3.39,0.0,0.0,0.0,235893.75,0.0,0.0,974.75,50447.97,53076.32,0.00,259085.82,64090.92
CZ03/ESe&0&rDXHP&Ex&HV_AirDist__SupFanMtr/NE-HVAC-FanBelt-CoggedVBelt-Msr/instance-out.sql,1352320.71,54086.369999999995,50315.95,197959.32,0.0,323176.74,0.0,490885.19,3.39,0.0,0.0,0.0,235893.75,0.0,0.0,1010.38,50315.95,53075.99,0.00,259085.82,64090.92
CZ03/ESe&0&rDXHP&Ex&HV_AirDist__SupFanMtr/NE-HVAC-FanBelt-SynchVBelt-Msr/instance-out.sql,1347580.76,54145.48,50130.25,197959.32,0.0,323176.74,0.0,486271.84,3.39,0.0,0.0,0.0,235893.75,0.0,0.0,1063.44,50130.25,53082.04,0.00,259085.82,64090.92
CZ03/EUn&0&rDXHP&Ex&HV_AirDist__SupFanMtr/NE-HVAC-FanBelt-VBelt-Std/instance-out.sql,9922476.73,17731.41,295931.15,1277404.75,0.0,3682881.23,0.0,3884991.26,3.37,0.0,0.0,0.0,763533.55,0.0,0.0,11108.08,295931.15,6623.33,0.00,3555459.15,127422.08
CZ03/EUn&0&rDXHP&Ex&HV_AirDist__SupFanMtr/NE-HVAC-FanBelt-CoggedVBelt-Msr/instance-out.sql,9855893.68,18196.78,293797.17,1277404.75,0.0,3682881.23,0.0,3820076.8,3.37,0.0,0.0,0.0,763533.57,0.0,0.0,11552.00,293797.17,6644.78,0.00,3555459.15,127422.08
CZ03/EUn&0&rDXHP&Ex&HV_AirDist__SupFanMtr/NE-HVAC-FanBelt-SynchVBelt-Msr/instance-out.sql,9760887.4,18916.8,290768.01,1277404.75,0.0,3682881.23,0.0,3727379.64,3.37,0.0,0.0,0.0,763533.59,0.0,0.0,12235.24,290768.01,6681.56,0.00,3555459.15,127422.08
CZ03/Hsp&0&rDXHP&Ex&HV_AirDist__SupFanMtr/NE-HVAC-FanBelt-VBelt-Std/instance-out.sql,4165648.04,397395.67,605714.46,856282.21,0.0,1182847.3,0.0,789889.81,67682.98,0.0,0.0,0.0,265835.6,0.0,0.0,1597.79,605714.46,395797.88,0.00,1139112.10,43735.20
CZ03/Hsp&0&rDXHP&Ex&HV_AirDist__SupFanMtr/NE-HVAC-FanBelt-CoggedVBelt-Msr/instance-out.sql,4154286.5999999996,397562.66,605410.05,856282.21,0.0,1182847.3,0.0,778663.24,67684.52,0.0,0.0,0.0,265836.62,0.0,0.0,1669.42,605410.05,395893.24,0.00,1139112.10,43735.20
CZ03/Hsp&0&rDXHP&Ex&HV_AirDist__SupFanMtr/NE-HVAC-FanBelt-SynchVBelt-Msr/instance-out.sql,4138075.66,397799.50999999995,605000.38,856282.21,0.0,1182847.3,0.0,762624.93,67685.19,0.0,0.0,0.0,265836.14,0.0,0.0,1776.60,605000.38,396022.91,0.00,1139112.10,43735.20
CZ03/MBT&0&rDXHP&Ex&HV_AirDist__SupFanMtr/NE-HVAC-FanBelt-VBelt-Std/instance-out.sql,6845362.779999999,1869761.43,111296.35,709539.71,0.0,2167645.51,0.0,1809533.95,1293.07,0.0,0.0,0.0,176292.75,0.0,0.0,6351.15,111296.35,1863410.28,0.00,1394057.91,773587.60
CZ03/MBT&0&rDXHP&Ex&HV_AirDist__SupFanMtr/NE-HVAC-FanBelt-CoggedVBelt-Msr/instance-out.sql,6832953.5,1870124.74,110934.55,709539.71,0.0,2167645.51,0.0,1797123.18,1293.06,0.0,0.0,0.0,176292.75,0.0,0.0,6589.46,110934.55,1863535.28,0.00,1394057.91,773587.60
CZ03/MBT&0&rDXHP&Ex&HV_AirDist__SupFanMtr/NE-HVAC-FanBelt-SynchVBelt-Msr/instance-out.sql,6815244.45,1870659.4,110421.11,709539.71,0.0,2167645.51,0.0,1779393.29,1293.03,0.0,0.0,0.0,176292.39,0.0,0.0,6940.90,110421.11,1863718.50,0.00,1394057.91,773587.60
CZ03/MLI&0&rDXHP&Ex&HV_AirDist__SupFanMtr/NE-HVAC-FanBelt-VBelt-Std/instance-out.sql,1357176.68,5955.09,30531.7,283149.19,0.0,239893.0,0.0,748543.29,3.37,0.0,0.0,0.0,49101.03,0.0,0.0,5955.09,30531.70,0.00,0.00,239893.00,0.00
CZ03/MLI&0&rDXHP&Ex&HV_AirDist__SupFanMtr/NE-HVAC-FanBelt-CoggedVBelt-Msr/instance-out.sql,1342418.1500000001,6269.66,30135.92,283149.19,0.0,239893.0,0.0,733865.98,3.37,0.0,0.0,0.0,49101.03,0.0,0.0,6269.66,30135.92,0.00,0.00,239893.00,0.00
CZ03/MLI&0&rDXHP&Ex&HV_AirDist__SupFanMtr/NE-HVAC-FanBelt-SynchVBelt-Msr/instance-out.sql,1321363.31,6743.27,29575.07,283149.19,0.0,239893.0,0.0,712898.38,3.37,0.0,0.0,0.0,49101.03,0.0,0.0,6743.27,29575.07,0.00,0.00,239893.00,0.00
CZ03/Mtl&0&rDXHP&Ex&HV_AirDist__SupFanMtr/NE-HVAC-FanBelt-VBelt-Std/instance-out.sql,203056.62,1565.75,10872.23,51285.47,0.0,22443.33,0.0,109122.22,3.36,0.0,0.0,0.0,7764.25,0.0,0.0,1354.35,10872.23,211.40,0.00,22191.36,251.97
CZ03/Mtl&0&rDXHP&Ex&HV_AirDist__SupFanMtr/NE-HVAC-FanBelt-CoggedVBelt-Msr/instance-out.sql,200895.28,1612.49,10791.37,51285.47,0.0,22443.33,0.0,106995.01,3.36,0.0,0.0,0.0,7764.25,0.0,0.0,1401.14,10791.37,211.35,0.00,22191.36,251.97
CZ03/Mtl&0&rDXHP&Ex&HV_AirDist__SupFanMtr/NE-HVAC-FanBelt-SynchVBelt-Msr/instance-out.sql,197810.19,1682.58,10676.42,51285.47,0.0,22443.33,0.0,103954.78,3.36,0.0,0.0,0.0,7764.25,0.0,0.0,1470.71,10676.42,211.87,0.00,22191.36,251.97
CZ03/Nrs&0&rDXHP&Ex&HV_AirDist__SupFanMtr/NE-HVAC-FanBelt-VBelt-Std/instance-out.sql,1064971.5,55195.97,67083.87,200868.06,0.0,347425.87,0.0,275425.7,54.45,0.0,0.0,0.0,118917.58,0.0,0.0,1445.71,67083.87,53750.26,0.00,281574.59,65851.28
CZ03/Nrs&0&rDXHP&Ex&HV_AirDist__SupFanMtr/NE-HVAC-FanBelt-CoggedVBelt-Msr/instance-out.sql,1060855.3499999999,55322.8,66954.09,200868.06,0.0,347425.87,0.0,271282.47,54.46,0.0,0.0,0.0,118947.59,0.0,0.0,1498.89,66954.09,53823.91,0.00,281574.59,65851.28
CZ03/Nrs&0&rDXHP&Ex&HV_AirDist__SupFanMtr/NE-HVAC-FanBelt-SynchVBelt-Msr/instance-out.sql,1054962.68,55525.51,66763.54,200868.06,0.0,347425.87,0.0,265359.56,54.49,0.0,0.0,0.0,118965.66,0.0,0.0,1577.40,66763.54,53948.11,0.00,281574.59,65851.28
CZ03/OfL&0&rDXHP&Ex&HV_AirDist__SupFanMtr/NE-HVAC-FanBelt-VBelt-Std/instance-out.sql,3358112.6399999997,31344.989999999998,168140.74,462712.61,0.0,829334.66,0.0,1740030.49,5275.63,0.0,0.0,0.0,121273.53,0.0,0.0,3015.28,168140.74,28329.71,0.00,829334.66,0.00
CZ03/OfL&0&rDXHP&Ex&HV_AirDist__SupFanMtr/NE-HVAC-FanBelt-CoggedVBelt-Msr/instance-out.sql,3323617.0900000003,31473.09,167122.44,462712.61,0.0,829334.66,0.0,1706425.16,5275.6,0.0,0.0,0.0,121273.53,0.0,0.0,3132.44,167122.44,28340.65,0.00,829334.66,0.00
CZ03/OfL&0&rDXHP&Ex&HV_AirDist__SupFanMtr/NE-HVAC-FanBelt-SynchVBelt-Msr/instance-out.sql,3274328.56,31604.78,165697.28,462712.61,0.0,829334.66,0.0,1658429.99,5275.71,0.0,0.0,0.0,121273.53,0.0,0.0,3297.08,165697.28,28307.70,0.00,829334.66,0.00
CZ03/OfS&0&rDXHP&Ex&HV_AirDist__SupFanMtr/NE-HVAC-FanBelt-VBelt-Std/instance-out.sql,197999.28,416.0,5899.48,23737.13,0.0,29387.4,0.0,116199.78,1.13,0.0,0.0,0.0,22358.35,0.0,0.0,416.00,5899.48,0.00,0.00,29387.40,0.00
CZ03/OfS&0&rDXHP&Ex&HV_AirDist__SupFanMtr/NE-HVAC-FanBelt-CoggedVBelt-Msr/instance-out.sql,195667.9,430.35,5830.8,23737.13,0.0,29387.4,0.0,113922.74,1.13,0.0,0.0,0.0,22358.35,0.0,0.0,430.35,5830.80,0.00,0.00,29387.40,0.00
CZ03/OfS&0&rDXHP&Ex&HV_AirDist__SupFanMtr/NE-HVAC-FanBelt-SynchVBelt-Msr/instance-out.sql,192345.57,455.73,5733.03,23737.13,0.0,29387.4,0.0,110672.79,1.13,0.0,0.0,0.0,22358.35,0.0,0.0,455.73,5733.03,0.00,0.00,29387.40,0.00
CZ03/RFF&0&rDXHP&Ex&HV_AirDist__SupFanMtr/NE-HVAC-FanBelt-VBelt-Std/instance-out.sql,126915.75,195.5,7937.35,13247.63,0.0,37903.17,0.0,41679.54,3.37,0.0,0.0,0.0,25949.19,0.0,0.0,195.46,7937.35,0.04,0.00,18423.46,19479.71
CZ03/RFF&0&rDXHP&Ex&HV_AirDist__SupFanMtr/NE-HVAC-FanBelt-CoggedVBelt-Msr/instance-out.sql,126311.58,206.57999999999998,7919.25,13247.63,0.0,37903.17,0.0,41082.39,3.37,0.0,0.0,0.0,25949.19,0.0,0.0,206.54,7919.25,0.04,0.00,18423.46,19479.71
CZ03/RFF&0&rDXHP&Ex&HV_AirDist__SupFanMtr/NE-HVAC-FanBelt-SynchVBelt-Msr/instance-out.sql,125449.83,223.6,7893.62,13247.63,0.0,37903.17,0.0,40229.25,3.37,0.0,0.0,0.0,25949.19,0.0,0.0,223.56,7893.62,0.04,0.00,18423.46,19479.71
CZ03/RSD&0&rDXHP&Ex&HV_AirDist__SupFanMtr/NE-HVAC-FanBelt-VBelt-Std/instance-out.sql,261787.24,22677.85,20078.11,36047.32,0.0,76546.73,0.0,39928.74,18.43,0.0,0.0,0.0,66490.05,0.0,0.0,95.98,20078.11,22581.87,0.00,37475.60,39071.13
CZ03/RSD&0&rDXHP&Ex&HV_AirDist__SupFanMtr/NE-HVAC-FanBelt-CoggedVBelt-Msr/instance-out.sql,261497.51,22684.4,20068.34,36047.32,0.0,76546.73,0.0,39642.23,18.44,0.0,0.0,0.0,66490.06,0.0,0.0,101.09,20068.34,22583.31,0.00,37475.60,39071.13
CZ03/RSD&0&rDXHP&Ex&HV_AirDist__SupFanMtr/NE-HVAC-FanBelt-SynchVBelt-Msr/instance-out.sql,261087.04,22697.100000000002,20054.48,36047.32,0.0,76546.73,0.0,39232.93,18.44,0.0,0.0,0.0,66490.06,0.0,0.0,108.81,20054.48,22588.29,0.00,37475.60,39071.13
CZ03/Rt3&0&rDXHP&Ex&HV_AirDist__SupFanMtr/NE-HVAC-FanBelt-VBelt-Std/instance-out.sql,2561604.68,3783.4100000000003,62740.85,774348.97,0.0,436362.0,0.0,1109681.68,3.38,0.0,0.0,0.0,174684.39,0.0,0.0,3409.30,62740.85,374.11,0.00,436362.00,0.00
CZ03/Rt3&0&rDXHP&Ex&HV_AirDist__SupFanMtr/NE-HVAC-FanBelt-CoggedVBelt-Msr/instance-out.sql,2539781.1500000004,3917.23,62003.95,774348.97,0.0,436362.0,0.0,1088461.24,3.38,0.0,0.0,0.0,174684.38,0.0,0.0,3542.14,62003.95,375.09,0.00,436362.00,0.00
CZ03/Rt3&0&rDXHP&Ex&HV_AirDist__SupFanMtr/NE-HVAC-FanBelt-SynchVBelt-Msr/instance-out.sql,2508650.53,4119.2,60959.56,774348.97,0.0,436362.0,0.0,1058173.03,3.38,0.0,0.0,0.0,174684.39,0.0,0.0,3742.63,60959.56,376.57,0.00,436362.00,0.00
CZ03/RtL&0&rDXHP&Ex&HV_AirDist__SupFanMtr/NE-HVAC-FanBelt-VBelt-Std/instance-out.sql,2562913.74,1999.56,80142.96,767420.15,0.0,509200.67,0.0,1075580.7,3.39,0.0,0.0,0.0,128566.32,0.0,0.0,1999.56,80142.96,0.00,0.00,468847.72,40352.95
CZ03/RtL&0&rDXHP&Ex&HV_AirDist__SupFanMtr/NE-HVAC-FanBelt-CoggedVBelt-Msr/instance-out.sql,2541609.45,2107.34,79372.22,767420.15,0.0,509200.67,0.0,1054939.36,3.39,0.0,0.0,0.0,128566.32,0.0,0.0,2107.34,79372.22,0.00,0.00,468847.72,40352.95
CZ03/RtL&0&rDXHP&Ex&HV_AirDist__SupFanMtr/NE-HVAC-FanBelt-SynchVBelt-Msr/instance-out.sql,2511181.03,2254.79,78283.97,767420.15,0.0,509200.67,0.0,1025451.74,3.39,0.0,0.0,0.0,128566.32,0.0,0.0,2254.79,78283.97,0.00,0.00,468847.72,40352.95
CZ03/RtS&0&rDXHP&Ex&HV_AirDist__SupFanMtr/NE-HVAC-FanBelt-VBelt-Std/instance-out.sql,158715.46,752.59,4477.18,44599.63,0.0,24440.79,0.0,68641.97,3.36,0.0,0.0,0.0,15799.94,0.0,0.0,752.59,4477.18,0.00,0.00,24440.79,0.00
CZ03/RtS&0&rDXHP&Ex&HV_AirDist__SupFanMtr/NE-HVAC-FanBelt-CoggedVBelt-Msr/instance-out.sql,157347.79,781.26,4426.76,44599.63,0.0,24440.79,0.0,67296.05,3.36,0.0,0.0,0.0,15799.94,0.0,0.0,781.26,4426.76,0.00,0.00,24440.79,0.00
CZ03/RtS&0&rDXHP&Ex&HV_AirDist__SupFanMtr/NE-HVAC-FanBelt-SynchVBelt-Msr/instance-out.sql,155396.89,824.05,4355.81,44599.63,0.0,24440.79,0.0,65373.31,3.36,0.0,0.0,0.0,15799.94,0.0,0.0,824.05,4355.81,0.00,0.00,24440.79,0.00
CZ03/SCn&0&rDXHP&Ex&HV_AirDist__SupFanMtr/NE-HVAC-FanBelt-VBelt-Std/instance-out.sql,4254475.18,50980.6,91605.98,850055.03,0.0,449066.39,0.0,2726775.76,3.36,0.0,0.0,0.0,85988.06,0.0,0.0,50980.60,91605.98,0.00,0.00,449066.39,0.00
CZ03/SCn&0&rDXHP&Ex&HV_AirDist__SupFanMtr/NE-HVAC-FanBelt-CoggedVBelt-Msr/instance-out.sql,4202594.069999999,53532.42,90325.82,850055.03,0.0,449066.39,0.0,2673622.99,3.36,0.0,0.0,0.0,85988.06,0.0,0.0,53532.42,90325.82,0.00,0.00,449066.39,0.00
CZ03/SCn&0&rDXHP&Ex&HV_AirDist__SupFanMtr/NE-HVAC-FanBelt-SynchVBelt-Msr/instance-out.sql,4127618.36,57013.66,88505.48,850055.03,0.0,449066.39,0.0,2596986.38,3.36,0.0,0.0,0.0,85988.06,0.0,0.0,57013.66,88505.48,0.00,0.00,449066.39,0.00
CZ04/Asm&0&rDXHP&Ex&HV_AirDist__SupFanMtr/NE-HVAC-FanBelt-VBelt-Std/instance-out.sql,878288.6399999999,17248.8,91428.21,153727.01,0.0,145823.51,0.0,447868.57,3.36,0.0,0.0,0.0,22189.19,0.0,0.0,17248.80,91428.21,0.00,0.00,145823.51,0.00
CZ04/Asm&0&rDXHP&Ex&HV_AirDist__SupFanMtr/NE-HVAC-FanBelt-CoggedVBelt-Msr/instance-out.sql,869203.1000000001,17652.55,90720.67,153727.01,0.0,145823.51,0.0,439086.83,3.36,0.0,0.0,0.0,22189.17,0.0,0.0,17652.55,90720.67,0.00,0.00,145823.51,0.00
CZ04/Asm&0&rDXHP&Ex&HV_AirDist__SupFanMtr/NE-HVAC-FanBelt-SynchVBelt-Msr/instance-out.sql,856233.9600000001,18236.52,89712.91,153727.01,0.0,145823.51,0.0,426541.49,3.36,0.0,0.0,0.0,22189.17,0.0,0.0,18236.52,89712.91,0.00,0.00,145823.51,0.00
CZ04/ECC&0&rDXHP&Ex&HV_AirDist__SupFanMtr/NE-HVAC-FanBelt-VBelt-Std/instance-out.sql,3215090.69,4196.65,234430.98,358430.2,0.0,1013813.91,0.0,1165796.54,2002.72,0.0,0.0,0.0,436419.67,0.0,0.0,4034.04,234430.98,162.61,0.00,945189.93,68623.98
CZ04/ECC&0&rDXHP&Ex&HV_AirDist__SupFanMtr/NE-HVAC-FanBelt-CoggedVBelt-Msr/instance-out.sql,3193439.81,4370.3,232793.86,358430.2,0.0,1013813.91,0.0,1145608.71,2002.5,0.0,0.0,0.0,436420.31,0.0,0.0,4207.54,232793.86,162.76,0.00,945189.93,68623.98
CZ04/ECC&0&rDXHP&Ex&HV_AirDist__SupFanMtr/NE-HVAC-FanBelt-SynchVBelt-Msr/instance-out.sql,3162277.39,4625.34,230458.11,358430.2,0.0,1013813.91,0.0,1116528.62,2002.09,0.0,0.0,0.0,436419.11,0.0,0.0,4464.76,230458.11,160.58,0.00,945189.93,68623.98
CZ04/EPr&0&rDXHP&Ex&HV_AirDist__SupFanMtr/NE-HVAC-FanBelt-VBelt-Std/instance-out.sql,487036.52,1730.72,42744.42,64700.97,0.0,125897.03,0.0,168482.45,3.37,0.0,0.0,0.0,83477.57,0.0,0.0,1730.72,42744.42,0.00,0.00,83226.75,42670.28
CZ04/EPr&0&rDXHP&Ex&HV_AirDist__SupFanMtr/NE-HVAC-FanBelt-CoggedVBelt-Msr/instance-out.sql,484005.47,1788.36,42497.29,64700.97,0.0,125897.03,0.0,165640.88,3.37,0.0,0.0,0.0,83477.57,0.0,0.0,1788.36,42497.29,0.00,0.00,83226.75,42670.28
CZ04/EPr&0&rDXHP&Ex&HV_AirDist__SupFanMtr/NE-HVAC-FanBelt-SynchVBelt-Msr/instance-out.sql,479684.15,1874.99,42145.66,64700.97,0.0,125897.03,0.0,161584.56,3.37,0.0,0.0,0.0,83477.57,0.0,0.0,1874.99,42145.66,0.00,0.00,83226.75,42670.28
CZ04/ERC&0&rDXHP&Ex&HV_AirDist__SupFanMtr/NE-HVAC-FanBelt-VBelt-Std/instance-out.sql,22792.690000000002,133.32,1232.46,2224.35,0.0,2196.82,0.0,7795.26,3.36,0.0,0.0,0.0,9207.12,0.0,0.0,133.32,1232.46,0.00,0.00,2196.82,0.00
CZ04/ERC&0&rDXHP&Ex&HV_AirDist__SupFanMtr/NE-HVAC-FanBelt-CoggedVBelt-Msr/instance-out.sql,22636.52,137.85,1220.82,2224.35,0.0,2196.82,0.0,7646.19,3.36,0.0,0.0,0.0,9207.12,0.0,0.0,137.85,1220.82,0.00,0.00,2196.82,0.00
CZ04/ERC&0&rDXHP&Ex&HV_AirDist__SupFanMtr/NE-HVAC-FanBelt-SynchVBelt-Msr/instance-out.sql,22414.18,144.53,1204.29,2224.35,0.0,2196.82,0.0,7433.73,3.36,0.0,0.0,0.0,9207.11,0.0,0.0,144.53,1204.29,0.00,0.00,2196.82,0.00
CZ04/ESe&0&rDXHP&Ex&HV_AirDist__SupFanMtr/NE-HVAC-FanBelt-VBelt-Std/instance-out.sql,1408487.66,47891.16,107891.93,197959.32,0.0,323176.74,0.0,503526.81,3.39,0.0,0.0,0.0,228038.32,0.0,0.0,907.72,107891.93,46983.44,0.00,259085.82,64090.92
CZ04/ESe&0&rDXHP&Ex&HV_AirDist__SupFanMtr/NE-HVAC-FanBelt-CoggedVBelt-Msr/instance-out.sql,1404656.6400000001,47935.060000000005,107595.6,197959.32,0.0,323176.74,0.0,499948.21,3.39,0.0,0.0,0.0,228038.32,0.0,0.0,944.23,107595.60,46990.83,0.00,259085.82,64090.92
CZ04/ESe&0&rDXHP&Ex&HV_AirDist__SupFanMtr/NE-HVAC-FanBelt-SynchVBelt-Msr/instance-out.sql,1399241.82,47984.67,107175.47,197959.32,0.0,323176.74,0.0,494903.92,3.39,0.0,0.0,0.0,228038.32,0.0,0.0,992.21,107175.47,46992.46,0.00,259085.82,64090.92
CZ04/EUn&0&rDXHP&Ex&HV_AirDist__SupFanMtr/NE-HVAC-FanBelt-VBelt-Std/instance-out.sql,10400273.219999999,15216.01,698040.89,1277404.75,0.0,3682881.23,0.0,3989286.6,3.37,0.0,0.0,0.0,737440.36,0.0,0.0,9741.25,698040.89,5474.76,0.00,3555459.15,127422.08
CZ04/EUn&0&rDXHP&Ex&HV_AirDist__SupFanMtr/NE-HVAC-FanBelt-CoggedVBelt-Msr/instance-out.sql,10329200.21,15648.25,693387.57,1277404.75,0.0,3682881.23,0.0,3922434.66,3.37,0.0,0.0,0.0,737440.37,0.0,0.0,10157.99,693387.57,5490.26,0.00,3555459.15,127422.08
CZ04/EUn&0&rDXHP&Ex&HV_AirDist__SupFanMtr/NE-HVAC-FanBelt-SynchVBelt-Msr/instance-out.sql,10227710.83,16301.810000000001,686772.55,1277404.75,0.0,3682881.23,0.0,3826906.74,3.37,0.0,0.0,0.0,737440.37,0.0,0.0,10789.36,686772.55,5512.45,0.00,3555459.15,127422.08
CZ04/Hsp&0&rDXHP&Ex&HV_AirDist__SupFanMtr/NE-HVAC-FanBelt-VBelt-Std/instance-out.sql,4842482.91,611880.52,959218.79,856282.21,0.0,1182847.3,0.0,902127.26,73148.82,0.0,0.0,0.0,256978.02,0.0,0.0,1381.88,959218.79,610498.64,0.00,1139112.10,43735.20
CZ04/Hsp&0&rDXHP&Ex&HV_AirDist__SupFanMtr/NE-HVAC-FanBelt-CoggedVBelt-Msr/instance-out.sql,4830142.65,611994.26,958469.47,856282.21,0.0,1182847.3,0.0,890429.52,73140.18,0.0,0.0,0.0,256979.7,0.0,0.0,1447.15,958469.47,610547.11,0.00,1139112.10,43735.20
CZ04/Hsp&0&rDXHP&Ex&HV_AirDist__SupFanMtr/NE-HVAC-FanBelt-SynchVBelt-Msr/instance-out.sql,4812666.59,612243.2100000001,957422.1,856282.21,0.0,1182847.3,0.0,873751.74,73149.29,0.0,0.0,0.0,256970.74,0.0,0.0,1545.31,957422.10,610697.90,0.00,1139112.10,43735.20
CZ04/MBT&0&rDXHP&Ex&HV_AirDist__SupFanMtr/NE-HVAC-FanBelt-VBelt-Std/instance-out.sql,6855457.36,1646540.8,282027.12,709539.71,0.0,2167645.51,0.0,1877896.76,1317.15,0.0,0.0,0.0,170490.31,0.0,0.0,4954.54,282027.12,1641586.26,0.00,1394057.91,773587.60
CZ04/MBT&0&rDXHP&Ex&HV_AirDist__SupFanMtr/NE-HVAC-FanBelt-CoggedVBelt-Msr/instance-out.sql,6841707.880000001,1646853.6,281187.46,709539.71,0.0,2167645.51,0.0,1864674.13,1317.15,0.0,0.0,0.0,170490.31,0.0,0.0,5155.29,281187.46,1641698.31,0.00,1394057.91,773587.60
CZ04/MBT&0&rDXHP&Ex&HV_AirDist__SupFanMtr/NE-HVAC-FanBelt-SynchVBelt-Msr/instance-out.sql,6822082.1,1647315.38,279990.95,709539.71,0.0,2167645.51,0.0,1845783.13,1317.12,0.0,0.0,0.0,170490.31,0.0,0.0,5452.94,279990.95,1641862.44,0.00,1394057.91,773587.60
CZ04/MLI&0&rDXHP&Ex&HV_AirDist__SupFanMtr/NE-HVAC-FanBelt-VBelt-Std/instance-out.sql,1435223.01,5250.77,96737.27,283149.19,0.0,239893.0,0.0,762572.19,3.37,0.0,0.0,0.0,47617.21,0.0,0.0,5250.77,96737.27,0.00,0.00,239893.00,0.00
CZ04/MLI&0&rDXHP&Ex&HV_AirDist__SupFanMtr/NE-HVAC-FanBelt-CoggedVBelt-Msr/instance-out.sql,1419602.67,5520.21,95799.9,283149.19,0.0,239893.0,0.0,747619.79,3.37,0.0,0.0,0.0,47617.21,0.0,0.0,5520.21,95799.90,0.00,0.00,239893.00,0.00
CZ04/MLI&0&rDXHP&Ex&HV_AirDist__SupFanMtr/NE-HVAC-FanBelt-SynchVBelt-Msr/instance-out.sql,1397314.9,5925.49,94467.41,283149.19,0.0,239893.0,0.0,726259.23,3.37,0.0,0.0,0.0,47617.21,0.0,0.0,5925.49,94467.41,0.00,0.00,239893.00,0.00
CZ04/Mtl&0&rDXHP&Ex&HV_AirDist__SupFanMtr/NE-HVAC-FanBelt-VBelt-Std/instance-out.sql,224959.43,1377.37,24842.28,51285.47,0.0,22443.33,0.0,117286.89,3.36,0.0,0.0,0.0,7720.72,0.0,0.0,1169.73,24842.28,207.64,0.00,22191.36,251.97
CZ04/Mtl&0&rDXHP&Ex&HV_AirDist__SupFanMtr/NE-HVAC-FanBelt-CoggedVBelt-Msr/instance-out.sql,222554.34,1419.4199999999998,24680.05,51285.47,0.0,22443.33,0.0,115001.98,3.36,0.0,0.0,0.0,7720.72,0.0,0.0,1211.58,24680.05,207.84,0.00,22191.36,251.97
CZ04/Mtl&0&rDXHP&Ex&HV_AirDist__SupFanMtr/NE-HVAC-FanBelt-SynchVBelt-Msr/instance-out.sql,219124.1,1482.41,24448.56,51285.47,0.0,22443.33,0.0,111740.23,3.36,0.0,0.0,0.0,7720.72,0.0,0.0,1274.19,24448.56,208.22,0.00,22191.36,251.97
CZ04/Nrs&0&rDXHP&Ex&HV_AirDist__SupFanMtr/NE-HVAC-FanBelt-VBelt-Std/instance-out.sql,1137882.55,68283.28,106700.92,200868.06,0.0,347425.87,0.0,300719.38,62.65,0.0,0.0,0.0,113822.39,0.0,0.0,1284.67,106700.92,66998.61,0.00,281574.59,65851.28
CZ04/Nrs&0&rDXHP&Ex&HV_AirDist__SupFanMtr/NE-HVAC-FanBelt-CoggedVBelt-Msr/instance-out.sql,1133392.37,68423.33,106413.11,200868.06,0.0,347425.87,0.0,296386.69,62.72,0.0,0.0,0.0,113812.6,0.0,0.0,1332.52,106413.11,67090.81,0.00,281574.59,65851.28
CZ04/Nrs&0&rDXHP&Ex&HV_AirDist__SupFanMtr/NE-HVAC-FanBelt-SynchVBelt-Msr/instance-out.sql,1126942.7,68560.97,106006.07,200868.06,0.0,347425.87,0.0,290188.66,62.74,0.0,0.0,0.0,113830.32,0.0,0.0,1403.58,106006.07,67157.39,0.00,281574.59,65851.28
CZ04/OfL&0&rDXHP&Ex&HV_AirDist__SupFanMtr/NE-HVAC-FanBelt-VBelt-Std/instance-out.sql,3616063.7,38361.17,358809.78,462712.61,0.0,829334.66,0.0,1803168.79,6340.99,0.0,0.0,0.0,117335.72,0.0,0.0,2226.95,358809.78,36134.22,0.00,829334.66,0.00
CZ04/OfL&0&rDXHP&Ex&HV_AirDist__SupFanMtr/NE-HVAC-FanBelt-CoggedVBelt-Msr/instance-out.sql,3579132.59,38410.0,356576.47,462712.61,0.0,829334.66,0.0,1768422.11,6341.02,0.0,0.0,0.0,117335.72,0.0,0.0,2314.22,356576.47,36095.78,0.00,829334.66,0.00
CZ04/OfL&0&rDXHP&Ex&HV_AirDist__SupFanMtr/NE-HVAC-FanBelt-SynchVBelt-Msr/instance-out.sql,3526488.63,38611.170000000006,353342.28,462712.61,0.0,829334.66,0.0,1718811.01,6341.18,0.0,0.0,0.0,117335.72,0.0,0.0,2462.55,353342.28,36148.62,0.00,829334.66,0.00
CZ04/OfS&0&rDXHP&Ex&HV_AirDist__SupFanMtr/NE-HVAC-FanBelt-VBelt-Std/instance-out.sql,215597.03,332.72,17283.51,23737.13,0.0,29387.4,0.0,123116.42,1.13,0.0,0.0,0.0,21738.72,0.0,0.0,332.72,17283.51,0.00,0.00,29387.40,0.00
CZ04/OfS&0&rDXHP&Ex&HV_AirDist__SupFanMtr/NE-HVAC-FanBelt-CoggedVBelt-Msr/instance-out.sql,213039.01,344.99,17125.45,23737.13,0.0,29387.4,0.0,120704.19,1.13,0.0,0.0,0.0,21738.72,0.0,0.0,344.99,17125.45,0.00,0.00,29387.40,0.00
CZ04/OfS&0&rDXHP&Ex&HV_AirDist__SupFanMtr/NE-HVAC-FanBelt-SynchVBelt-Msr/instance-out.sql,209390.27,363.24,16900.62,23737.13,0.0,29387.4,0.0,117262.02,1.13,0.0,0.0,0.0,21738.72,0.0,0.0,363.24,16900.62,0.00,0.00,29387.40,0.00
CZ04/RFF&0&rDXHP&Ex&HV_AirDist__SupFanMtr/NE-HVAC-FanBelt-VBelt-Std/instance-out.sql,134158.26,161.29999999999998,12309.37,13247.63,0.0,37903.17,0.0,45270.64,3.37,0.0,0.0,0.0,25262.77,0.0,0.0,161.23,12309.37,0.07,0.00,18423.46,19479.71
CZ04/RFF&0&rDXHP&Ex&HV_AirDist__SupFanMtr/NE-HVAC-FanBelt-CoggedVBelt-Msr/instance-out.sql,133483.33000000002,170.6,12269.41,13247.63,0.0,37903.17,0.0,44626.37,3.37,0.0,0.0,0.0,25262.77,0.0,0.0,170.53,12269.41,0.07,0.00,18423.46,19479.71
CZ04/RFF&0&rDXHP&Ex&HV_AirDist__SupFanMtr/NE-HVAC-FanBelt-SynchVBelt-Msr/instance-out.sql,132521.16999999998,185.09,12212.71,13247.63,0.0,37903.17,0.0,43706.42,3.37,0.0,0.0,0.0,25262.77,0.0,0.0,185.02,12212.71,0.07,0.00,18423.46,19479.71
CZ04/RSD&0&rDXHP&Ex&HV_AirDist__SupFanMtr/NE-HVAC-FanBelt-VBelt-Std/instance-out.sql,294566.4,39498.85,31280.55,36047.32,0.0,76546.73,0.0,46738.81,33.92,0.0,0.0,0.0,64420.22,0.0,0.0,82.40,31280.55,39416.45,0.00,37475.60,39071.13
CZ04/RSD&0&rDXHP&Ex&HV_AirDist__SupFanMtr/NE-HVAC-FanBelt-CoggedVBelt-Msr/instance-out.sql,294250.69999999995,39505.92,31260.7,36047.32,0.0,76546.73,0.0,46435.89,33.92,0.0,0.0,0.0,64420.22,0.0,0.0,86.65,31260.70,39419.27,0.00,37475.60,39071.13
CZ04/RSD&0&rDXHP&Ex&HV_AirDist__SupFanMtr/NE-HVAC-FanBelt-SynchVBelt-Msr/instance-out.sql,293799.78,39516.11,31232.35,36047.32,0.0,76546.73,0.0,46003.13,33.92,0.0,0.0,0.0,64420.21,0.0,0.0,93.24,31232.35,39422.87,0.00,37475.60,39071.13
CZ04/Rt3&0&rDXHP&Ex&HV_AirDist__SupFanMtr/NE-HVAC-FanBelt-VBelt-Std/instance-out.sql,2733069.1,3635.0499999999997,190733.91,774348.97,0.0,436362.0,0.0,1159037.69,3.38,0.0,0.0,0.0,168948.11,0.0,0.0,3274.24,190733.91,360.81,0.00,436362.00,0.00
CZ04/Rt3&0&rDXHP&Ex&HV_AirDist__SupFanMtr/NE-HVAC-FanBelt-CoggedVBelt-Msr/instance-out.sql,2709315.42,3766.1000000000004,189046.65,774348.97,0.0,436362.0,0.0,1136840.21,3.38,0.0,0.0,0.0,168948.11,0.0,0.0,3403.63,189046.65,362.47,0.00,436362.00,0.00
CZ04/Rt3&0&rDXHP&Ex&HV_AirDist__SupFanMtr/NE-HVAC-FanBelt-SynchVBelt-Msr/instance-out.sql,2675373.02,3956.3900000000003,186645.81,774348.97,0.0,436362.0,0.0,1105108.35,3.38,0.0,0.0,0.0,168948.11,0.0,0.0,3593.30,186645.81,363.09,0.00,436362.00,0.00
CZ04/RtL&0&rDXHP&Ex&HV_AirDist__SupFanMtr/NE-HVAC-FanBelt-VBelt-Std/instance-out.sql,2709525.92,1830.77,206807.36,767420.15,0.0,509200.67,0.0,1099873.19,3.39,0.0,0.0,0.0,124390.4,0.0,0.0,1830.77,206807.36,0.00,0.00,468847.72,40352.95
CZ04/RtL&0&rDXHP&Ex&HV_AirDist__SupFanMtr/NE-HVAC-FanBelt-CoggedVBelt-Msr/instance-out.sql,2686858.91,1911.08,205157.66,767420.15,0.0,509200.67,0.0,1078775.56,3.39,0.0,0.0,0.0,124390.4,0.0,0.0,1911.08,205157.66,0.00,0.00,468847.72,40352.95
CZ04/RtL&0&rDXHP&Ex&HV_AirDist__SupFanMtr/NE-HVAC-FanBelt-SynchVBelt-Msr/instance-out.sql,2654515.42,2051.87,202812.86,767420.15,0.0,509200.67,0.0,1048636.1,3.39,0.0,0.0,0.0,124390.4,0.0,0.0,2051.87,202812.86,0.00,0.00,468847.72,40352.95
CZ04/RtS&0&rDXHP&Ex&HV_AirDist__SupFanMtr/NE-HVAC-FanBelt-VBelt-Std/instance-out.sql,173893.35,670.67,13646.17,44599.63,0.0,24440.79,0.0,75064.64,3.36,0.0,0.0,0.0,15468.09,0.0,0.0,670.67,13646.17,0.00,0.00,24440.79,0.00
CZ04/RtS&0&rDXHP&Ex&HV_AirDist__SupFanMtr/NE-HVAC-FanBelt-CoggedVBelt-Msr/instance-out.sql,172334.69999999998,697.22,13532.74,44599.63,0.0,24440.79,0.0,73592.86,3.36,0.0,0.0,0.0,15468.09,0.0,0.0,697.22,13532.74,0.00,0.00,24440.79,0.00
CZ04/RtS&0&rDXHP&Ex&HV_AirDist__SupFanMtr/NE-HVAC-FanBelt-SynchVBelt-Msr/instance-out.sql,170109.63,736.23,13371.12,44599.63,0.0,24440.79,0.0,71490.41,3.36,0.0,0.0,0.0,15468.09,0.0,0.0,736.23,13371.12,0.00,0.00,24440.79,0.00
CZ04/SCn&0&rDXHP&Ex&HV_AirDist__SupFanMtr/NE-HVAC-FanBelt-VBelt-Std/instance-out.sql,4627238.12,39044.67,333922.65,850055.03,0.0,449066.39,0.0,2871894.85,3.36,0.0,0.0,0.0,83251.17,0.0,0.0,39044.67,333922.65,0.00,0.00,449066.39,0.00
CZ04/SCn&0&rDXHP&Ex&HV_AirDist__SupFanMtr/NE-HVAC-FanBelt-CoggedVBelt-Msr/instance-out.sql,4568980.47,40899.4,330369.45,850055.03,0.0,449066.39,0.0,2815335.66,3.36,0.0,0.0,0.0,83251.18,0.0,0.0,40899.40,330369.45,0.00,0.00,449066.39,0.00
CZ04/SCn&0&rDXHP&Ex&HV_AirDist__SupFanMtr/NE-HVAC-FanBelt-SynchVBelt-Msr/instance-out.sql,4486536.99,43788.59,325314.65,850055.03,0.0,449066.39,0.0,2735057.8,3.36,0.0,0.0,0.0,83251.17,0.0,0.0,43788.59,325314.65,0.00,0.00,449066.39,0.00
CZ05/Asm&0&rDXHP&Ex&HV_AirDist__SupFanMtr/NE-HVAC-FanBelt-VBelt-Std/instance-out.sql,823662.51,18324.94,46618.55,153727.01,0.0,145823.51,0.0,436415.13,3.36,0.0,0.0,0.0,22750.02,0.0,0.0,18324.94,46618.55,0.00,0.00,145823.51,0.00
CZ05/Asm&0&rDXHP&Ex&HV_AirDist__SupFanMtr/NE-HVAC-FanBelt-CoggedVBelt-Msr/instance-out.sql,815036.15,18756.56,46117.72,153727.01,0.0,145823.51,0.0,427857.97,3.36,0.0,0.0,0.0,22750.02,0.0,0.0,18756.56,46117.72,0.00,0.00,145823.51,0.00
CZ05/Asm&0&rDXHP&Ex&HV_AirDist__SupFanMtr/NE-HVAC-FanBelt-SynchVBelt-Msr/instance-out.sql,802731.98,19386.7,45407.93,153727.01,0.0,145823.51,0.0,415633.45,3.36,0.0,0.0,0.0,22750.02,0.0,0.0,19386.70,45407.93,0.00,0.00,145823.51,0.00
CZ05/ECC&0&rDXHP&Ex&HV_AirDist__SupFanMtr/NE-HVAC-FanBelt-VBelt-Std/instance-out.sql,3078109.13,5566.69,152884.39,358430.2,0.0,1013813.91,0.0,1093378.3,1860.4,0.0,0.0,0.0,452175.24,0.0,0.0,5485.91,152884.39,80.78,0.00,945189.93,68623.98
CZ05/ECC&0&rDXHP&Ex&HV_AirDist__SupFanMtr/NE-HVAC-FanBelt-CoggedVBelt-Msr/instance-out.sql,3058360.98,5748.87,151796.05,358430.2,0.0,1013813.91,0.0,1074536.47,1860.25,0.0,0.0,0.0,452175.23,0.0,0.0,5667.93,151796.05,80.94,0.00,945189.93,68623.98
CZ05/ECC&0&rDXHP&Ex&HV_AirDist__SupFanMtr/NE-HVAC-FanBelt-SynchVBelt-Msr/instance-out.sql,3030081.53,6018.51,150258.85,358430.2,0.0,1013813.91,0.0,1047530.9,1859.84,0.0,0.0,0.0,452169.32,0.0,0.0,5937.41,150258.85,81.10,0.00,945189.93,68623.98
CZ05/EPr&0&rDXHP&Ex&HV_AirDist__SupFanMtr/NE-HVAC-FanBelt-VBelt-Std/instance-out.sql,467145.43999999994,2182.63,29622.78,64700.97,0.0,125897.03,0.0,158407.1,3.37,0.0,0.0,0.0,86331.56,0.0,0.0,2182.63,29622.78,0.00,0.00,83226.75,42670.28
CZ05/EPr&0&rDXHP&Ex&HV_AirDist__SupFanMtr/NE-HVAC-FanBelt-CoggedVBelt-Msr/instance-out.sql,464377.0,2241.41,29452.26,64700.97,0.0,125897.03,0.0,155750.4,3.37,0.0,0.0,0.0,86331.56,0.0,0.0,2241.41,29452.26,0.00,0.00,83226.75,42670.28
CZ05/EPr&0&rDXHP&Ex&HV_AirDist__SupFanMtr/NE-HVAC-FanBelt-SynchVBelt-Msr/instance-out.sql,460418.19999999995,2326.5,29213.15,64700.97,0.0,125897.03,0.0,151945.61,3.37,0.0,0.0,0.0,86331.57,0.0,0.0,2326.50,29213.15,0.00,0.00,83226.75,42670.28
CZ05/ERC&0&rDXHP&Ex&HV_AirDist__SupFanMtr/NE-HVAC-FanBelt-VBelt-Std/instance-out.sql,21550.04,171.33,611.54,2224.35,0.0,2196.82,0.0,7031.89,3.36,0.0,0.0,0.0,9310.76,0.0,0.0,171.33,611.54,0.00,0.00,2196.82,0.00
CZ05/ERC&0&rDXHP&Ex&HV_AirDist__SupFanMtr/NE-HVAC-FanBelt-CoggedVBelt-Msr/instance-out.sql,21413.02,175.92,604.5,2224.35,0.0,2196.82,0.0,6897.31,3.36,0.0,0.0,0.0,9310.76,0.0,0.0,175.92,604.50,0.00,0.00,2196.82,0.00
CZ05/ERC&0&rDXHP&Ex&HV_AirDist__SupFanMtr/NE-HVAC-FanBelt-SynchVBelt-Msr/instance-out.sql,21218.47,182.69,594.5,2224.35,0.0,2196.82,0.0,6705.99,3.36,0.0,0.0,0.0,9310.76,0.0,0.0,182.69,594.50,0.00,0.00,2196.82,0.00
CZ05/ESe&0&rDXHP&Ex&HV_AirDist__SupFanMtr/NE-HVAC-FanBelt-VBelt-Std/instance-out.sql,1359828.21,54301.74,67167.17,197959.32,0.0,323176.74,0.0,481303.36,3.39,0.0,0.0,0.0,235916.49,0.0,0.0,1196.18,67167.17,53105.56,0.00,259085.82,64090.92
CZ05/ESe&0&rDXHP&Ex&HV_AirDist__SupFanMtr/NE-HVAC-FanBelt-CoggedVBelt-Msr/instance-out.sql,1356445.46,54337.76,66972.34,197959.32,0.0,323176.74,0.0,478079.43,3.39,0.0,0.0,0.0,235916.49,0.0,0.0,1230.94,66972.34,53106.82,0.00,259085.82,64090.92
CZ05/ESe&0&rDXHP&Ex&HV_AirDist__SupFanMtr/NE-HVAC-FanBelt-SynchVBelt-Msr/instance-out.sql,1351665.81,54390.439999999995,66695.79,197959.32,0.0,323176.74,0.0,473523.65,3.39,0.0,0.0,0.0,235916.49,0.0,0.0,1282.06,66695.79,53108.38,0.00,259085.82,64090.92
CZ05/EUn&0&rDXHP&Ex&HV_AirDist__SupFanMtr/NE-HVAC-FanBelt-VBelt-Std/instance-out.sql,10070637.44,19195.12,448778.9,1277404.75,0.0,3682881.23,0.0,3878785.57,3.37,0.0,0.0,0.0,763588.49,0.0,0.0,14729.30,448778.90,4465.82,0.00,3555459.15,127422.08
CZ05/EUn&0&rDXHP&Ex&HV_AirDist__SupFanMtr/NE-HVAC-FanBelt-CoggedVBelt-Msr/instance-out.sql,10003190.96,19738.739999999998,445495.47,1277404.75,0.0,3682881.23,0.0,3814078.9,3.37,0.0,0.0,0.0,763588.49,0.0,0.0,15261.49,445495.47,4477.25,0.00,3555459.15,127422.08
CZ05/EUn&0&rDXHP&Ex&HV_AirDist__SupFanMtr/NE-HVAC-FanBelt-SynchVBelt-Msr/instance-out.sql,9906895.979999999,20550.15,440844.71,1277404.75,0.0,3682881.23,0.0,3721623.28,3.37,0.0,0.0,0.0,763588.49,0.0,0.0,16056.35,440844.71,4493.80,0.00,3555459.15,127422.08
CZ05/Hsp&0&rDXHP&Ex&HV_AirDist__SupFanMtr/NE-HVAC-FanBelt-VBelt-Std/instance-out.sql,4409374.97,471273.74,737460.17,856282.21,0.0,1182847.3,0.0,829864.52,65783.9,0.0,0.0,0.0,265863.14,0.0,0.0,2118.41,737460.17,469155.33,0.00,1139112.10,43735.20
CZ05/Hsp&0&rDXHP&Ex&HV_AirDist__SupFanMtr/NE-HVAC-FanBelt-CoggedVBelt-Msr/instance-out.sql,4397808.18,471435.23,736941.02,856282.21,0.0,1182847.3,0.0,818657.47,65783.9,0.0,0.0,0.0,265861.04,0.0,0.0,2194.74,736941.02,469240.49,0.00,1139112.10,43735.20
CZ05/Hsp&0&rDXHP&Ex&HV_AirDist__SupFanMtr/NE-HVAC-FanBelt-SynchVBelt-Msr/instance-out.sql,4381347.63,471708.18,736223.93,856282.21,0.0,1182847.3,0.0,802637.8,65783.82,0.0,0.0,0.0,265864.4,0.0,0.0,2309.05,736223.93,469399.13,0.00,1139112.10,43735.20
CZ05/MBT&0&rDXHP&Ex&HV_AirDist__SupFanMtr/NE-HVAC-FanBelt-VBelt-Std/instance-out.sql,7010234.029999999,1991365.3499999999,153759.95,709539.71,0.0,2167645.51,0.0,1810364.87,1249.54,0.0,0.0,0.0,176309.1,0.0,0.0,6248.94,153759.95,1985116.41,0.00,1394057.91,773587.60
CZ05/MBT&0&rDXHP&Ex&HV_AirDist__SupFanMtr/NE-HVAC-FanBelt-CoggedVBelt-Msr/instance-out.sql,6997669.54,1991697.8699999999,153202.25,709539.71,0.0,2167645.51,0.0,1798025.62,1249.48,0.0,0.0,0.0,176309.1,0.0,0.0,6470.91,153202.25,1985226.96,0.00,1394057.91,773587.60
CZ05/MBT&0&rDXHP&Ex&HV_AirDist__SupFanMtr/NE-HVAC-FanBelt-SynchVBelt-Msr/instance-out.sql,6979747.99,1992190.2,152414.15,709539.71,0.0,2167645.51,0.0,1780399.83,1249.48,0.0,0.0,0.0,176309.1,0.0,0.0,6799.04,152414.15,1985391.16,0.00,1394057.91,773587.60
CZ05/MLI&0&rDXHP&Ex&HV_AirDist__SupFanMtr/NE-HVAC-FanBelt-VBelt-Std/instance-out.sql,1378585.66,6382.68,48040.1,283149.19,0.0,239893.0,0.0,752011.32,3.37,0.0,0.0,0.0,49106.0,0.0,0.0,6382.68,48040.10,0.00,0.00,239893.00,0.00
CZ05/MLI&0&rDXHP&Ex&HV_AirDist__SupFanMtr/NE-HVAC-FanBelt-CoggedVBelt-Msr/instance-out.sql,1363511.76,6692.54,47401.65,283149.19,0.0,239893.0,0.0,737266.0,3.37,0.0,0.0,0.0,49106.0,0.0,0.0,6692.54,47401.65,0.00,0.00,239893.00,0.00
CZ05/MLI&0&rDXHP&Ex&HV_AirDist__SupFanMtr/NE-HVAC-FanBelt-SynchVBelt-Msr/instance-out.sql,1342003.34,7156.05,46494.47,283149.19,0.0,239893.0,0.0,716201.26,3.37,0.0,0.0,0.0,49106.0,0.0,0.0,7156.05,46494.47,0.00,0.00,239893.00,0.00
CZ05/Mtl&0&rDXHP&Ex&HV_AirDist__SupFanMtr/NE-HVAC-FanBelt-VBelt-Std/instance-out.sql,205899.33000000002,1654.74,15111.56,51285.47,0.0,22443.33,0.0,107636.63,3.36,0.0,0.0,0.0,7764.24,0.0,0.0,1650.72,15111.56,4.02,0.00,22191.36,251.97
CZ05/Mtl&0&rDXHP&Ex&HV_AirDist__SupFanMtr/NE-HVAC-FanBelt-CoggedVBelt-Msr/instance-out.sql,203733.43,1702.3799999999999,14995.87,51285.47,0.0,22443.33,0.0,105538.77,3.36,0.0,0.0,0.0,7764.24,0.0,0.0,1698.29,14995.87,4.09,0.00,22191.36,251.97
CZ05/Mtl&0&rDXHP&Ex&HV_AirDist__SupFanMtr/NE-HVAC-FanBelt-SynchVBelt-Msr/instance-out.sql,200641.03000000003,1773.02,14831.15,51285.47,0.0,22443.33,0.0,102540.45,3.36,0.0,0.0,0.0,7764.24,0.0,0.0,1768.85,14831.15,4.17,0.00,22191.36,251.97
CZ05/Nrs&0&rDXHP&Ex&HV_AirDist__SupFanMtr/NE-HVAC-FanBelt-VBelt-Std/instance-out.sql,1083061.83,57334.39,82667.89,200868.06,0.0,347425.87,0.0,276675.39,65.2,0.0,0.0,0.0,118025.03,0.0,0.0,1795.54,82667.89,55538.85,0.00,281574.59,65851.28
CZ05/Nrs&0&rDXHP&Ex&HV_AirDist__SupFanMtr/NE-HVAC-FanBelt-CoggedVBelt-Msr/instance-out.sql,1078912.43,57438.409999999996,82463.83,200868.06,0.0,347425.87,0.0,272598.9,65.15,0.0,0.0,0.0,118052.21,0.0,0.0,1851.17,82463.83,55587.24,0.00,281574.59,65851.28
CZ05/Nrs&0&rDXHP&Ex&HV_AirDist__SupFanMtr/NE-HVAC-FanBelt-SynchVBelt-Msr/instance-out.sql,1073006.6099999999,57602.27,82177.9,200868.06,0.0,347425.87,0.0,266778.08,65.21,0.0,0.0,0.0,118089.22,0.0,0.0,1933.60,82177.90,55668.67,0.00,281574.59,65851.28
CZ05/OfL&0&rDXHP&Ex&HV_AirDist__SupFanMtr/NE-HVAC-FanBelt-VBelt-Std/instance-out.sql,3410607.82,31467.73,233352.71,462712.61,0.0,829334.66,0.0,1727099.97,5354.03,0.0,0.0,0.0,121286.1,0.0,0.0,3335.31,233352.71,28132.42,0.00,829334.66,0.00
CZ05/OfL&0&rDXHP&Ex&HV_AirDist__SupFanMtr/NE-HVAC-FanBelt-CoggedVBelt-Msr/instance-out.sql,3375916.9,31666.37,231775.56,462712.61,0.0,829334.66,0.0,1693785.9,5355.7,0.0,0.0,0.0,121286.1,0.0,0.0,3438.05,231775.56,28228.32,0.00,829334.66,0.00
CZ05/OfL&0&rDXHP&Ex&HV_AirDist__SupFanMtr/NE-HVAC-FanBelt-SynchVBelt-Msr/instance-out.sql,3326107.2800000003,31748.84,229529.82,462712.61,0.0,829334.66,0.0,1646141.23,5354.02,0.0,0.0,0.0,121286.1,0.0,0.0,3590.97,229529.82,28157.87,0.00,829334.66,0.00
CZ05/OfS&0&rDXHP&Ex&HV_AirDist__SupFanMtr/NE-HVAC-FanBelt-VBelt-Std/instance-out.sql,199301.41999999998,456.24,9351.35,23737.13,0.0,29387.4,0.0,114008.01,1.13,0.0,0.0,0.0,22360.15,0.0,0.0,456.24,9351.35,0.00,0.00,29387.40,0.00
CZ05/OfS&0&rDXHP&Ex&HV_AirDist__SupFanMtr/NE-HVAC-FanBelt-CoggedVBelt-Msr/instance-out.sql,196970.09,466.04,9246.51,23737.13,0.0,29387.4,0.0,111771.72,1.13,0.0,0.0,0.0,22360.15,0.0,0.0,466.04,9246.51,0.00,0.00,29387.40,0.00
CZ05/OfS&0&rDXHP&Ex&HV_AirDist__SupFanMtr/NE-HVAC-FanBelt-SynchVBelt-Msr/instance-out.sql,193655.72,489.92,9098.06,23737.13,0.0,29387.4,0.0,108581.93,1.13,0.0,0.0,0.0,22360.15,0.0,0.0,489.92,9098.06,0.00,0.00,29387.40,0.00
CZ05/RFF&0&rDXHP&Ex&HV_AirDist__SupFanMtr/NE-HVAC-FanBelt-VBelt-Std/instance-out.sql,127531.16,266.51,9018.8,13247.63,0.0,37903.17,0.0,41140.45,3.37,0.0,0.0,0.0,25951.22,0.0,0.0,266.51,9018.80,0.00,0.00,18423.46,19479.71
CZ05/RFF&0&rDXHP&Ex&HV_AirDist__SupFanMtr/NE-HVAC-FanBelt-CoggedVBelt-Msr/instance-out.sql,126933.12,277.47,8993.7,13247.63,0.0,37903.17,0.0,40556.55,3.37,0.0,0.0,0.0,25951.22,0.0,0.0,277.47,8993.70,0.00,0.00,18423.46,19479.71
CZ05/RFF&0&rDXHP&Ex&HV_AirDist__SupFanMtr/NE-HVAC-FanBelt-SynchVBelt-Msr/instance-out.sql,126079.4,293.82,8958.18,13247.63,0.0,37903.17,0.0,39722.01,3.37,0.0,0.0,0.0,25951.22,0.0,0.0,293.82,8958.18,0.00,0.00,18423.46,19479.71
CZ05/RSD&0&rDXHP&Ex&HV_AirDist__SupFanMtr/NE-HVAC-FanBelt-VBelt-Std/instance-out.sql,273849.22,30253.92,22962.21,36047.32,0.0,76546.73,0.0,41516.5,26.22,0.0,0.0,0.0,66496.33,0.0,0.0,131.39,22962.21,30122.53,0.00,37475.60,39071.13
CZ05/RSD&0&rDXHP&Ex&HV_AirDist__SupFanMtr/NE-HVAC-FanBelt-CoggedVBelt-Msr/instance-out.sql,273561.51,30261.199999999997,22949.03,36047.32,0.0,76546.73,0.0,41234.68,26.22,0.0,0.0,0.0,66496.33,0.0,0.0,136.42,22949.03,30124.78,0.00,37475.60,39071.13
CZ05/RSD&0&rDXHP&Ex&HV_AirDist__SupFanMtr/NE-HVAC-FanBelt-SynchVBelt-Msr/instance-out.sql,273150.15,30271.23,22930.25,36047.32,0.0,76546.73,0.0,40832.08,26.22,0.0,0.0,0.0,66496.33,0.0,0.0,143.94,22930.25,30127.29,0.00,37475.60,39071.13
CZ05/Rt3&0&rDXHP&Ex&HV_AirDist__SupFanMtr/NE-HVAC-FanBelt-VBelt-Std/instance-out.sql,2607473.4,4632.91,98470.75,774348.97,0.0,436362.0,0.0,1118954.29,3.38,0.0,0.0,0.0,174701.12,0.0,0.0,4123.99,98470.75,508.92,0.00,436362.00,0.00
CZ05/Rt3&0&rDXHP&Ex&HV_AirDist__SupFanMtr/NE-HVAC-FanBelt-CoggedVBelt-Msr/instance-out.sql,2584977.08,4773.27,97325.63,774348.97,0.0,436362.0,0.0,1097462.71,3.38,0.0,0.0,0.0,174701.11,0.0,0.0,4263.46,97325.63,509.81,0.00,436362.00,0.00
CZ05/Rt3&0&rDXHP&Ex&HV_AirDist__SupFanMtr/NE-HVAC-FanBelt-SynchVBelt-Msr/instance-out.sql,2552952.71,4983.07,95700.44,774348.97,0.0,436362.0,0.0,1066853.74,3.38,0.0,0.0,0.0,174701.11,0.0,0.0,4472.05,95700.44,511.02,0.00,436362.00,0.00
CZ05/RtL&0&rDXHP&Ex&HV_AirDist__SupFanMtr/NE-HVAC-FanBelt-VBelt-Std/instance-out.sql,2598825.61,2331.62,115798.96,767420.15,0.0,509200.67,0.0,1075490.69,3.39,0.0,0.0,0.0,128580.13,0.0,0.0,2331.62,115798.96,0.00,0.00,468847.72,40352.95
CZ05/RtL&0&rDXHP&Ex&HV_AirDist__SupFanMtr/NE-HVAC-FanBelt-CoggedVBelt-Msr/instance-out.sql,2577138.95,2444.56,114636.59,767420.15,0.0,509200.67,0.0,1054853.47,3.39,0.0,0.0,0.0,128580.13,0.0,0.0,2444.56,114636.59,0.00,0.00,468847.72,40352.95
CZ05/RtL&0&rDXHP&Ex&HV_AirDist__SupFanMtr/NE-HVAC-FanBelt-SynchVBelt-Msr/instance-out.sql,2546178.72,2616.06,112986.61,767420.15,0.0,509200.67,0.0,1025371.72,3.39,0.0,0.0,0.0,128580.13,0.0,0.0,2616.06,112986.61,0.00,0.00,468847.72,40352.95
CZ05/RtS&0&rDXHP&Ex&HV_AirDist__SupFanMtr/NE-HVAC-FanBelt-VBelt-Std/instance-out.sql,161556.87999999998,711.66,6856.68,44599.63,0.0,24440.79,0.0,69143.92,3.36,0.0,0.0,0.0,15800.83,0.0,0.0,711.66,6856.68,0.00,0.00,24440.79,0.00
CZ05/RtS&0&rDXHP&Ex&HV_AirDist__SupFanMtr/NE-HVAC-FanBelt-CoggedVBelt-Msr/instance-out.sql,160150.74,736.17,6781.8,44599.63,0.0,24440.79,0.0,67788.16,3.36,0.0,0.0,0.0,15800.83,0.0,0.0,736.17,6781.80,0.00,0.00,24440.79,0.00
CZ05/RtS&0&rDXHP&Ex&HV_AirDist__SupFanMtr/NE-HVAC-FanBelt-SynchVBelt-Msr/instance-out.sql,158144.66,772.68,6676.03,44599.63,0.0,24440.79,0.0,65851.35,3.36,0.0,0.0,0.0,15800.81,0.0,0.0,772.68,6676.03,0.00,0.00,24440.79,0.00
CZ05/SCn&0&rDXHP&Ex&HV_AirDist__SupFanMtr/NE-HVAC-FanBelt-VBelt-Std/instance-out.sql,4568168.11,37702.34,137289.37,850055.03,0.0,449066.39,0.0,3008054.92,3.36,0.0,0.0,0.0,85996.71,0.0,0.0,37702.34,137289.37,0.00,0.00,449066.39,0.00
CZ05/SCn&0&rDXHP&Ex&HV_AirDist__SupFanMtr/NE-HVAC-FanBelt-CoggedVBelt-Msr/instance-out.sql,4508665.7,39403.5,135067.27,850055.03,0.0,449066.39,0.0,2949073.45,3.36,0.0,0.0,0.0,85996.71,0.0,0.0,39403.50,135067.27,0.00,0.00,449066.39,0.00
CZ05/SCn&0&rDXHP&Ex&HV_AirDist__SupFanMtr/NE-HVAC-FanBelt-SynchVBelt-Msr/instance-out.sql,4423852.97,41960.1,131915.18,850055.03,0.0,449066.39,0.0,2864856.2,3.36,0.0,0.0,0.0,85996.71,0.0,0.0,41960.10,131915.18,0.00,0.00,449066.39,0.00
CZ06/Asm&0&rDXHP&Ex&HV_AirDist__SupFanMtr/NE-HVAC-FanBelt-VBelt-Std/instance-out.sql,840931.13,2561.75,72945.26,153727.01,0.0,145823.51,0.0,444409.15,3.36,0.0,0.0,0.0,21461.09,0.0,0.0,2561.75,72945.26,0.00,0.00,145823.51,0.00
CZ06/Asm&0&rDXHP&Ex&HV_AirDist__SupFanMtr/NE-HVAC-FanBelt-CoggedVBelt-Msr/instance-out.sql,831588.83,2678.12,72200.51,153727.01,0.0,145823.51,0.0,435695.24,3.36,0.0,0.0,0.0,21461.07,0.0,0.0,2678.12,72200.51,0.00,0.00,145823.51,0.00
CZ06/Asm&0&rDXHP&Ex&HV_AirDist__SupFanMtr/NE-HVAC-FanBelt-SynchVBelt-Msr/instance-out.sql,818262.7999999999,2854.1,71146.95,153727.01,0.0,145823.51,0.0,423246.81,3.36,0.0,0.0,0.0,21461.07,0.0,0.0,2854.10,71146.95,0.00,0.00,145823.51,0.00
CZ06/ECC&0&rDXHP&Ex&HV_AirDist__SupFanMtr/NE-HVAC-FanBelt-VBelt-Std/instance-out.sql,3149160.46,512.39,233245.05,358430.2,0.0,1013813.91,0.0,1123716.07,2116.05,0.0,0.0,0.0,417326.79,0.0,0.0,512.39,233245.05,0.00,0.00,945189.93,68623.98
CZ06/ECC&0&rDXHP&Ex&HV_AirDist__SupFanMtr/NE-HVAC-FanBelt-CoggedVBelt-Msr/instance-out.sql,3127972.9299999997,540.62,231502.92,358430.2,0.0,1013813.91,0.0,1104242.43,2116.04,0.0,0.0,0.0,417326.79,0.0,0.0,540.62,231502.92,0.00,0.00,945189.93,68623.98
CZ06/ECC&0&rDXHP&Ex&HV_AirDist__SupFanMtr/NE-HVAC-FanBelt-SynchVBelt-Msr/instance-out.sql,3097692.09,583.38,229022.57,358430.2,0.0,1013813.91,0.0,1076399.25,2115.97,0.0,0.0,0.0,417326.79,0.0,0.0,583.38,229022.57,0.00,0.00,945189.93,68623.98
CZ06/EPr&0&rDXHP&Ex&HV_AirDist__SupFanMtr/NE-HVAC-FanBelt-VBelt-Std/instance-out.sql,480586.94,236.06,43550.69,64700.97,0.0,125897.03,0.0,166186.58,3.37,0.0,0.0,0.0,80012.23,0.0,0.0,236.06,43550.69,0.00,0.00,83226.75,42670.28
CZ06/EPr&0&rDXHP&Ex&HV_AirDist__SupFanMtr/NE-HVAC-FanBelt-CoggedVBelt-Msr/instance-out.sql,477520.08,247.66,43270.87,64700.97,0.0,125897.03,0.0,163387.94,3.37,0.0,0.0,0.0,80012.23,0.0,0.0,247.66,43270.87,0.00,0.00,83226.75,42670.28
CZ06/EPr&0&rDXHP&Ex&HV_AirDist__SupFanMtr/NE-HVAC-FanBelt-SynchVBelt-Msr/instance-out.sql,473136.53,265.25,42873.1,64700.97,0.0,125897.03,0.0,159384.57,3.37,0.0,0.0,0.0,80012.23,0.0,0.0,265.25,42873.10,0.00,0.00,83226.75,42670.28
CZ06/ERC&0&rDXHP&Ex&HV_AirDist__SupFanMtr/NE-HVAC-FanBelt-VBelt-Std/instance-out.sql,21868.08,22.68,1152.27,2224.35,0.0,2196.82,0.0,7186.95,3.36,0.0,0.0,0.0,9081.66,0.0,0.0,22.68,1152.27,0.00,0.00,2196.82,0.00
CZ06/ERC&0&rDXHP&Ex&HV_AirDist__SupFanMtr/NE-HVAC-FanBelt-CoggedVBelt-Msr/instance-out.sql,21715.91,23.68,1140.02,2224.35,0.0,2196.82,0.0,7046.02,3.36,0.0,0.0,0.0,9081.66,0.0,0.0,23.68,1140.02,0.00,0.00,2196.82,0.00
CZ06/ERC&0&rDXHP&Ex&HV_AirDist__SupFanMtr/NE-HVAC-FanBelt-SynchVBelt-Msr/instance-out.sql,21498.77,25.23,1122.64,2224.35,0.0,2196.82,0.0,6844.71,3.36,0.0,0.0,0.0,9081.66,0.0,0.0,25.23,1122.64,0.00,0.00,2196.82,0.00
CZ06/ESe&0&rDXHP&Ex&HV_AirDist__SupFanMtr/NE-HVAC-FanBelt-VBelt-Std/instance-out.sql,1314077.42,11670.15,95796.69,197959.32,0.0,323176.74,0.0,467500.94,3.39,0.0,0.0,0.0,217970.2,0.0,0.0,93.09,95796.69,11577.06,0.00,259085.82,64090.92
CZ06/ESe&0&rDXHP&Ex&HV_AirDist__SupFanMtr/NE-HVAC-FanBelt-CoggedVBelt-Msr/instance-out.sql,1310423.88,11676.09,95483.57,197959.32,0.0,323176.74,0.0,464154.58,3.39,0.0,0.0,0.0,217970.2,0.0,0.0,98.41,95483.57,11577.68,0.00,259085.82,64090.92
CZ06/ESe&0&rDXHP&Ex&HV_AirDist__SupFanMtr/NE-HVAC-FanBelt-SynchVBelt-Msr/instance-out.sql,1305212.52,11684.87,95038.28,197959.32,0.0,323176.74,0.0,459379.72,3.39,0.0,0.0,0.0,217970.2,0.0,0.0,106.68,95038.28,11578.19,0.00,259085.82,64090.92
CZ06/EUn&0&rDXHP&Ex&HV_AirDist__SupFanMtr/NE-HVAC-FanBelt-VBelt-Std/instance-out.sql,10261882.46,1600.79,670604.62,1277404.75,0.0,3682881.23,0.0,3924757.62,3.37,0.0,0.0,0.0,704630.07,0.0,0.0,1237.90,670604.62,362.89,0.00,3555459.15,127422.08
CZ06/EUn&0&rDXHP&Ex&HV_AirDist__SupFanMtr/NE-HVAC-FanBelt-CoggedVBelt-Msr/instance-out.sql,10191590.850000001,1682.31,665663.99,1277404.75,0.0,3682881.23,0.0,3859325.12,3.37,0.0,0.0,0.0,704630.08,0.0,0.0,1318.25,665663.99,364.06,0.00,3555459.15,127422.08
CZ06/EUn&0&rDXHP&Ex&HV_AirDist__SupFanMtr/NE-HVAC-FanBelt-SynchVBelt-Msr/instance-out.sql,10091233.98,1807.97,658661.06,1277404.75,0.0,3682881.23,0.0,3765845.51,3.37,0.0,0.0,0.0,704630.08,0.0,0.0,1442.21,658661.06,365.76,0.00,3555459.15,127422.08
CZ06/Hsp&0&rDXHP&Ex&HV_AirDist__SupFanMtr/NE-HVAC-FanBelt-VBelt-Std/instance-out.sql,4600529.29,296441.96,1106535.12,856282.21,0.0,1182847.3,0.0,841319.9,71496.77,0.0,0.0,0.0,245606.04,0.0,0.0,119.87,1106535.12,296322.09,0.00,1139112.10,43735.20
CZ06/Hsp&0&rDXHP&Ex&HV_AirDist__SupFanMtr/NE-HVAC-FanBelt-CoggedVBelt-Msr/instance-out.sql,4588228.54,296415.87,1105743.63,856282.21,0.0,1182847.3,0.0,829833.85,71496.73,0.0,0.0,0.0,245608.94,0.0,0.0,130.57,1105743.63,296285.30,0.00,1139112.10,43735.20
CZ06/Hsp&0&rDXHP&Ex&HV_AirDist__SupFanMtr/NE-HVAC-FanBelt-SynchVBelt-Msr/instance-out.sql,4570840.07,296506.22000000003,1104654.33,856282.21,0.0,1182847.3,0.0,813446.27,71497.49,0.0,0.0,0.0,245606.26,0.0,0.0,147.32,1104654.33,296358.90,0.00,1139112.10,43735.20
CZ06/MBT&0&rDXHP&Ex&HV_AirDist__SupFanMtr/NE-HVAC-FanBelt-VBelt-Std/instance-out.sql,5851019.85,680226.5800000001,231573.98,709539.71,0.0,2167645.51,0.0,1897715.53,1322.76,0.0,0.0,0.0,162995.78,0.0,0.0,217.42,231573.98,680009.16,0.00,1394057.91,773587.60
CZ06/MBT&0&rDXHP&Ex&HV_AirDist__SupFanMtr/NE-HVAC-FanBelt-CoggedVBelt-Msr/instance-out.sql,5837413.96,680303.06,230668.2,709539.71,0.0,2167645.51,0.0,1884938.9,1322.79,0.0,0.0,0.0,162995.78,0.0,0.0,240.81,230668.20,680062.25,0.00,1394057.91,773587.60
CZ06/MBT&0&rDXHP&Ex&HV_AirDist__SupFanMtr/NE-HVAC-FanBelt-SynchVBelt-Msr/instance-out.sql,5817992.07,680418.63,229383.98,709539.71,0.0,2167645.51,0.0,1866685.67,1322.79,0.0,0.0,0.0,162995.78,0.0,0.0,278.27,229383.98,680140.36,0.00,1394057.91,773587.60
CZ06/MLI&0&rDXHP&Ex&HV_AirDist__SupFanMtr/NE-HVAC-FanBelt-VBelt-Std/instance-out.sql,1394023.18,841.98,86788.69,283149.19,0.0,239893.0,0.0,737646.69,3.37,0.0,0.0,0.0,45700.26,0.0,0.0,841.98,86788.69,0.00,0.00,239893.00,0.00
CZ06/MLI&0&rDXHP&Ex&HV_AirDist__SupFanMtr/NE-HVAC-FanBelt-CoggedVBelt-Msr/instance-out.sql,1378675.01,893.01,85853.14,283149.19,0.0,239893.0,0.0,723183.03,3.37,0.0,0.0,0.0,45700.26,0.0,0.0,893.01,85853.14,0.00,0.00,239893.00,0.00
CZ06/MLI&0&rDXHP&Ex&HV_AirDist__SupFanMtr/NE-HVAC-FanBelt-SynchVBelt-Msr/instance-out.sql,1356762.21,969.96,84525.77,283149.19,0.0,239893.0,0.0,702520.66,3.37,0.0,0.0,0.0,45700.26,0.0,0.0,969.96,84525.77,0.00,0.00,239893.00,0.00
CZ06/Mtl&0&rDXHP&Ex&HV_AirDist__SupFanMtr/NE-HVAC-FanBelt-VBelt-Std/instance-out.sql,216473.83000000002,97.78,24740.77,51285.47,0.0,22443.33,0.0,110239.05,3.36,0.0,0.0,0.0,7664.07,0.0,0.0,97.78,24740.77,0.00,0.00,22191.36,251.97
CZ06/Mtl&0&rDXHP&Ex&HV_AirDist__SupFanMtr/NE-HVAC-FanBelt-CoggedVBelt-Msr/instance-out.sql,214176.77000000002,104.54,24575.87,51285.47,0.0,22443.33,0.0,108100.12,3.36,0.0,0.0,0.0,7664.07,0.0,0.0,104.54,24575.87,0.00,0.00,22191.36,251.97
CZ06/Mtl&0&rDXHP&Ex&HV_AirDist__SupFanMtr/NE-HVAC-FanBelt-SynchVBelt-Msr/instance-out.sql,210897.64,115.02,24341.8,51285.47,0.0,22443.33,0.0,105044.59,3.36,0.0,0.0,0.0,7664.07,0.0,0.0,115.02,24341.80,0.00,0.00,22191.36,251.97
CZ06/Nrs&0&rDXHP&Ex&HV_AirDist__SupFanMtr/NE-HVAC-FanBelt-VBelt-Std/instance-out.sql,1118169.99,45673.34,125548.97,200868.06,0.0,347425.87,0.0,289417.02,101.67,0.0,0.0,0.0,109135.06,0.0,0.0,96.17,125548.97,45577.17,0.00,281574.59,65851.28
CZ06/Nrs&0&rDXHP&Ex&HV_AirDist__SupFanMtr/NE-HVAC-FanBelt-CoggedVBelt-Msr/instance-out.sql,1113664.4100000001,45682.97,125237.28,200868.06,0.0,347425.87,0.0,285213.98,101.65,0.0,0.0,0.0,109134.61,0.0,0.0,103.85,125237.28,45579.12,0.00,281574.59,65851.28
CZ06/Nrs&0&rDXHP&Ex&HV_AirDist__SupFanMtr/NE-HVAC-FanBelt-SynchVBelt-Msr/instance-out.sql,1107267.2,45701.729999999996,124803.26,200868.06,0.0,347425.87,0.0,279219.53,101.67,0.0,0.0,0.0,109147.06,0.0,0.0,114.95,124803.26,45586.78,0.00,281574.59,65851.28
CZ06/OfL&0&rDXHP&Ex&HV_AirDist__SupFanMtr/NE-HVAC-FanBelt-VBelt-Std/instance-out.sql,3534628.93,13104.19,376912.37,462712.61,0.0,829334.66,0.0,1732562.8,7751.82,0.0,0.0,0.0,112250.48,0.0,0.0,368.42,376912.37,12735.77,0.00,829334.66,0.00
CZ06/OfL&0&rDXHP&Ex&HV_AirDist__SupFanMtr/NE-HVAC-FanBelt-CoggedVBelt-Msr/instance-out.sql,3498935.4699999997,13125.029999999999,374653.52,462712.61,0.0,829334.66,0.0,1699107.35,7751.82,0.0,0.0,0.0,112250.48,0.0,0.0,389.57,374653.52,12735.46,0.00,829334.66,0.00
CZ06/OfL&0&rDXHP&Ex&HV_AirDist__SupFanMtr/NE-HVAC-FanBelt-SynchVBelt-Msr/instance-out.sql,3447974.01,13157.27,371451.52,462712.61,0.0,829334.66,0.0,1651315.66,7751.82,0.0,0.0,0.0,112250.48,0.0,0.0,422.27,371451.52,12735.00,0.00,829334.66,0.00
CZ06/OfS&0&rDXHP&Ex&HV_AirDist__SupFanMtr/NE-HVAC-FanBelt-VBelt-Std/instance-out.sql,206733.88,15.92,16388.98,23737.13,0.0,29387.4,0.0,116267.57,1.13,0.0,0.0,0.0,20935.75,0.0,0.0,15.92,16388.98,0.00,0.00,29387.40,0.00
CZ06/OfS&0&rDXHP&Ex&HV_AirDist__SupFanMtr/NE-HVAC-FanBelt-CoggedVBelt-Msr/instance-out.sql,204296.09,17.18,16229.99,23737.13,0.0,29387.4,0.0,113987.5,1.13,0.0,0.0,0.0,20935.75,0.0,0.0,17.18,16229.99,0.00,0.00,29387.40,0.00
CZ06/OfS&0&rDXHP&Ex&HV_AirDist__SupFanMtr/NE-HVAC-FanBelt-SynchVBelt-Msr/instance-out.sql,200816.06,19.19,16004.58,23737.13,0.0,29387.4,0.0,110730.87,1.13,0.0,0.0,0.0,20935.75,0.0,0.0,19.19,16004.58,0.00,0.00,29387.40,0.00
CZ06/RFF&0&rDXHP&Ex&HV_AirDist__SupFanMtr/NE-HVAC-FanBelt-VBelt-Std/instance-out.sql,130386.93,8.81,12528.75,13247.63,0.0,37903.17,0.0,42321.83,3.37,0.0,0.0,0.0,24373.36,0.0,0.0,8.81,12528.75,0.00,0.00,18423.46,19479.71
CZ06/RFF&0&rDXHP&Ex&HV_AirDist__SupFanMtr/NE-HVAC-FanBelt-CoggedVBelt-Msr/instance-out.sql,129750.48999999999,9.88,12487.93,13247.63,0.0,37903.17,0.0,41725.14,3.37,0.0,0.0,0.0,24373.36,0.0,0.0,9.88,12487.93,0.00,0.00,18423.46,19479.71
CZ06/RFF&0&rDXHP&Ex&HV_AirDist__SupFanMtr/NE-HVAC-FanBelt-SynchVBelt-Msr/instance-out.sql,128842.0,11.58,12430.14,13247.63,0.0,37903.17,0.0,40872.74,3.37,0.0,0.0,0.0,24373.36,0.0,0.0,11.58,12430.14,0.00,0.00,18423.46,19479.71
CZ06/RSD&0&rDXHP&Ex&HV_AirDist__SupFanMtr/NE-HVAC-FanBelt-VBelt-Std/instance-out.sql,270547.03,22265.35,30834.01,36047.32,0.0,76546.73,0.0,43092.57,23.68,0.0,0.0,0.0,61737.37,0.0,0.0,1.26,30834.01,22264.09,0.00,37475.60,39071.13
CZ06/RSD&0&rDXHP&Ex&HV_AirDist__SupFanMtr/NE-HVAC-FanBelt-CoggedVBelt-Msr/instance-out.sql,270235.51,22266.02,30813.17,36047.32,0.0,76546.73,0.0,42801.21,23.68,0.0,0.0,0.0,61737.37,0.0,0.0,1.49,30813.17,22264.53,0.00,37475.60,39071.13
CZ06/RSD&0&rDXHP&Ex&HV_AirDist__SupFanMtr/NE-HVAC-FanBelt-SynchVBelt-Msr/instance-out.sql,269791.18,22267.210000000003,30783.85,36047.32,0.0,76546.73,0.0,42385.02,23.68,0.0,0.0,0.0,61737.37,0.0,0.0,1.88,30783.85,22265.33,0.00,37475.60,39071.13
CZ06/Rt3&0&rDXHP&Ex&HV_AirDist__SupFanMtr/NE-HVAC-FanBelt-VBelt-Std/instance-out.sql,2668392.9699999997,576.62,166863.3,774348.97,0.0,436362.0,0.0,1128716.73,3.38,0.0,0.0,0.0,161521.98,0.0,0.0,554.95,166863.30,21.67,0.00,436362.00,0.00
CZ06/Rt3&0&rDXHP&Ex&HV_AirDist__SupFanMtr/NE-HVAC-FanBelt-CoggedVBelt-Msr/instance-out.sql,2645006.66,600.1,165127.5,774348.97,0.0,436362.0,0.0,1107042.73,3.38,0.0,0.0,0.0,161521.98,0.0,0.0,578.38,165127.50,21.72,0.00,436362.00,0.00
CZ06/Rt3&0&rDXHP&Ex&HV_AirDist__SupFanMtr/NE-HVAC-FanBelt-SynchVBelt-Msr/instance-out.sql,2611629.6399999997,635.77,162669.52,774348.97,0.0,436362.0,0.0,1076088.02,3.38,0.0,0.0,0.0,161521.98,0.0,0.0,613.99,162669.52,21.78,0.00,436362.00,0.00
CZ06/RtL&0&rDXHP&Ex&HV_AirDist__SupFanMtr/NE-HVAC-FanBelt-VBelt-Std/instance-out.sql,2683246.8299999996,216.51,187155.55,767420.15,0.0,509200.67,0.0,1100274.74,3.39,0.0,0.0,0.0,118975.83,0.0,0.0,216.51,187155.55,0.00,0.00,468847.72,40352.95
CZ06/RtL&0&rDXHP&Ex&HV_AirDist__SupFanMtr/NE-HVAC-FanBelt-CoggedVBelt-Msr/instance-out.sql,2660395.19,228.32,185403.64,767420.15,0.0,509200.67,0.0,1079163.2,3.39,0.0,0.0,0.0,118975.83,0.0,0.0,228.32,185403.64,0.00,0.00,468847.72,40352.95
CZ06/RtL&0&rDXHP&Ex&HV_AirDist__SupFanMtr/NE-HVAC-FanBelt-SynchVBelt-Msr/instance-out.sql,2627774.4,246.51,182924.0,767420.15,0.0,509200.67,0.0,1049003.85,3.39,0.0,0.0,0.0,118975.83,0.0,0.0,246.51,182924.00,0.00,0.00,468847.72,40352.95
CZ06/RtS&0&rDXHP&Ex&HV_AirDist__SupFanMtr/NE-HVAC-FanBelt-VBelt-Std/instance-out.sql,165912.05,79.13,12176.11,44599.63,0.0,24440.79,0.0,69574.63,3.36,0.0,0.0,0.0,15038.4,0.0,0.0,79.13,12176.11,0.00,0.00,24440.79,0.00
CZ06/RtS&0&rDXHP&Ex&HV_AirDist__SupFanMtr/NE-HVAC-FanBelt-CoggedVBelt-Msr/instance-out.sql,164434.91,83.76,12058.55,44599.63,0.0,24440.79,0.0,68210.42,3.36,0.0,0.0,0.0,15038.4,0.0,0.0,83.76,12058.55,0.00,0.00,24440.79,0.00
CZ06/RtS&0&rDXHP&Ex&HV_AirDist__SupFanMtr/NE-HVAC-FanBelt-SynchVBelt-Msr/instance-out.sql,162326.04,90.91,11891.4,44599.63,0.0,24440.79,0.0,66261.55,3.36,0.0,0.0,0.0,15038.4,0.0,0.0,90.91,11891.40,0.00,0.00,24440.79,0.00
CZ06/SCn&0&rDXHP&Ex&HV_AirDist__SupFanMtr/NE-HVAC-FanBelt-VBelt-Std/instance-out.sql,4085059.39,7386.79,247833.62,850055.03,0.0,449066.39,0.0,2450992.97,3.36,0.0,0.0,0.0,79721.23,0.0,0.0,7386.79,247833.62,0.00,0.00,449066.39,0.00
CZ06/SCn&0&rDXHP&Ex&HV_AirDist__SupFanMtr/NE-HVAC-FanBelt-CoggedVBelt-Msr/instance-out.sql,4034548.4899999998,7843.2,244925.0,850055.03,0.0,449066.39,0.0,2402934.29,3.36,0.0,0.0,0.0,79721.23,0.0,0.0,7843.20,244925.00,0.00,0.00,449066.39,0.00
CZ06/SCn&0&rDXHP&Ex&HV_AirDist__SupFanMtr/NE-HVAC-FanBelt-SynchVBelt-Msr/instance-out.sql,3962474.69,8552.13,240797.53,850055.03,0.0,449066.39,0.0,2334279.02,3.36,0.0,0.0,0.0,79721.23,0.0,0.0,8552.13,240797.53,0.00,0.00,449066.39,0.00
CZ07/Asm&0&rDXHP&Ex&HV_AirDist__SupFanMtr/NE-HVAC-FanBelt-VBelt-Std/instance-out.sql,860835.57,2542.33,98221.07,153727.01,0.0,145823.51,0.0,439243.36,3.36,0.0,0.0,0.0,21274.94,0.0,0.0,2542.33,98221.07,0.00,0.00,145823.51,0.00
CZ07/Asm&0&rDXHP&Ex&HV_AirDist__SupFanMtr/NE-HVAC-FanBelt-CoggedVBelt-Msr/instance-out.sql,851508.94,2657.1,97392.25,153727.01,0.0,145823.51,0.0,430630.74,3.36,0.0,0.0,0.0,21274.97,0.0,0.0,2657.10,97392.25,0.00,0.00,145823.51,0.00
CZ07/Asm&0&rDXHP&Ex&HV_AirDist__SupFanMtr/NE-HVAC-FanBelt-SynchVBelt-Msr/instance-out.sql,838200.6799999999,2831.02,96213.81,153727.01,0.0,145823.51,0.0,418327.01,3.36,0.0,0.0,0.0,21274.97,0.0,0.0,2831.02,96213.81,0.00,0.00,145823.51,0.00
CZ07/ECC&0&rDXHP&Ex&HV_AirDist__SupFanMtr/NE-HVAC-FanBelt-VBelt-Std/instance-out.sql,3201384.63,498.56,299461.19,358430.2,0.0,1013813.91,0.0,1115134.5,2160.47,0.0,0.0,0.0,411885.79,0.0,0.0,498.56,299461.19,0.00,0.00,945189.93,68623.98
CZ07/ECC&0&rDXHP&Ex&HV_AirDist__SupFanMtr/NE-HVAC-FanBelt-CoggedVBelt-Msr/instance-out.sql,3180028.3600000003,525.99,297434.27,358430.2,0.0,1013813.91,0.0,1095777.79,2160.4,0.0,0.0,0.0,411885.8,0.0,0.0,525.99,297434.27,0.00,0.00,945189.93,68623.98
CZ07/ECC&0&rDXHP&Ex&HV_AirDist__SupFanMtr/NE-HVAC-FanBelt-SynchVBelt-Msr/instance-out.sql,3149508.37,567.28,294547.89,358430.2,0.0,1013813.91,0.0,1068102.86,2160.43,0.0,0.0,0.0,411885.8,0.0,0.0,567.28,294547.89,0.00,0.00,945189.93,68623.98
CZ07/EPr&0&rDXHP&Ex&HV_AirDist__SupFanMtr/NE-HVAC-FanBelt-VBelt-Std/instance-out.sql,485422.53,227.96,51955.35,64700.97,0.0,125897.03,0.0,163609.73,3.37,0.0,0.0,0.0,79028.12,0.0,0.0,227.96,51955.35,0.00,0.00,83226.75,42670.28
CZ07/EPr&0&rDXHP&Ex&HV_AirDist__SupFanMtr/NE-HVAC-FanBelt-CoggedVBelt-Msr/instance-out.sql,482354.92000000004,238.78,51641.61,64700.97,0.0,125897.03,0.0,160845.05,3.37,0.0,0.0,0.0,79028.12,0.0,0.0,238.78,51641.61,0.00,0.00,83226.75,42670.28
CZ07/EPr&0&rDXHP&Ex&HV_AirDist__SupFanMtr/NE-HVAC-FanBelt-SynchVBelt-Msr/instance-out.sql,477962.56999999995,254.93,51193.14,64700.97,0.0,125897.03,0.0,156885.02,3.37,0.0,0.0,0.0,79028.12,0.0,0.0,254.93,51193.14,0.00,0.00,83226.75,42670.28
CZ07/ERC&0&rDXHP&Ex&HV_AirDist__SupFanMtr/NE-HVAC-FanBelt-VBelt-Std/instance-out.sql,22192.620000000003,19.93,1584.22,2224.35,0.0,2196.82,0.0,7118.11,3.36,0.0,0.0,0.0,9045.83,0.0,0.0,19.93,1584.22,0.00,0.00,2196.82,0.00
CZ07/ERC&0&rDXHP&Ex&HV_AirDist__SupFanMtr/NE-HVAC-FanBelt-CoggedVBelt-Msr/instance-out.sql,22040.0,20.94,1570.16,2224.35,0.0,2196.82,0.0,6978.54,3.36,0.0,0.0,0.0,9045.83,0.0,0.0,20.94,1570.16,0.00,0.00,2196.82,0.00
CZ07/ERC&0&rDXHP&Ex&HV_AirDist__SupFanMtr/NE-HVAC-FanBelt-SynchVBelt-Msr/instance-out.sql,21822.08,22.43,1550.14,2224.35,0.0,2196.82,0.0,6779.16,3.36,0.0,0.0,0.0,9045.83,0.0,0.0,22.43,1550.14,0.00,0.00,2196.82,0.00
CZ07/ESe&0&rDXHP&Ex&HV_AirDist__SupFanMtr/NE-HVAC-FanBelt-VBelt-Std/instance-out.sql,1322010.74,11459.820000000002,112782.04,197959.32,0.0,323176.74,0.0,461309.98,3.39,0.0,0.0,0.0,215319.44,0.0,0.0,89.79,112782.04,11370.03,0.00,259085.82,64090.92
CZ07/ESe&0&rDXHP&Ex&HV_AirDist__SupFanMtr/NE-HVAC-FanBelt-CoggedVBelt-Msr/instance-out.sql,1318354.25,11464.71,112420.09,197959.32,0.0,323176.74,0.0,458010.56,3.39,0.0,0.0,0.0,215319.44,0.0,0.0,94.90,112420.09,11369.81,0.00,259085.82,64090.92
CZ07/ESe&0&rDXHP&Ex&HV_AirDist__SupFanMtr/NE-HVAC-FanBelt-SynchVBelt-Msr/instance-out.sql,1313147.63,11473.36,111905.47,197959.32,0.0,323176.74,0.0,453309.9,3.39,0.0,0.0,0.0,215319.44,0.0,0.0,102.59,111905.47,11370.77,0.00,259085.82,64090.92
CZ07/EUn&0&rDXHP&Ex&HV_AirDist__SupFanMtr/NE-HVAC-FanBelt-VBelt-Std/instance-out.sql,10400079.809999999,1317.14,872811.89,1277404.75,0.0,3682881.23,0.0,3869909.12,3.37,0.0,0.0,0.0,695752.3,0.0,0.0,1085.16,872811.89,231.98,0.00,3555459.15,127422.08
CZ07/EUn&0&rDXHP&Ex&HV_AirDist__SupFanMtr/NE-HVAC-FanBelt-CoggedVBelt-Msr/instance-out.sql,10329779.66,1387.1499999999999,866929.67,1277404.75,0.0,3682881.23,0.0,3805421.19,3.37,0.0,0.0,0.0,695752.3,0.0,0.0,1154.55,866929.67,232.60,0.00,3555459.15,127422.08
CZ07/EUn&0&rDXHP&Ex&HV_AirDist__SupFanMtr/NE-HVAC-FanBelt-SynchVBelt-Msr/instance-out.sql,10229388.05,1493.86,858558.29,1277404.75,0.0,3682881.23,0.0,3713294.26,3.37,0.0,0.0,0.0,695752.29,0.0,0.0,1260.33,858558.29,233.53,0.00,3555459.15,127422.08
CZ07/Hsp&0&rDXHP&Ex&HV_AirDist__SupFanMtr/NE-HVAC-FanBelt-VBelt-Std/instance-out.sql,4849890.68,385950.01,1237389.11,856282.21,0.0,1182847.3,0.0,871014.02,73775.94,0.0,0.0,0.0,242632.09,0.0,0.0,120.89,1237389.11,385829.12,0.00,1139112.10,43735.20
CZ07/Hsp&0&rDXHP&Ex&HV_AirDist__SupFanMtr/NE-HVAC-FanBelt-CoggedVBelt-Msr/instance-out.sql,4837554.35,385995.87,1236453.96,856282.21,0.0,1182847.3,0.0,859569.55,73775.89,0.0,0.0,0.0,242629.58,0.0,0.0,129.76,1236453.96,385866.11,0.00,1139112.10,43735.20
CZ07/Hsp&0&rDXHP&Ex&HV_AirDist__SupFanMtr/NE-HVAC-FanBelt-SynchVBelt-Msr/instance-out.sql,4819899.9,386047.31999999995,1235105.0,856282.21,0.0,1182847.3,0.0,843209.44,73775.28,0.0,0.0,0.0,242633.35,0.0,0.0,143.72,1235105.00,385903.60,0.00,1139112.10,43735.20
CZ07/MBT&0&rDXHP&Ex&HV_AirDist__SupFanMtr/NE-HVAC-FanBelt-VBelt-Std/instance-out.sql,5840771.88,624146.72,295116.27,709539.71,0.0,2167645.51,0.0,1881930.47,1348.13,0.0,0.0,0.0,161045.07,0.0,0.0,191.11,295116.27,623955.61,0.00,1394057.91,773587.60
CZ07/MBT&0&rDXHP&Ex&HV_AirDist__SupFanMtr/NE-HVAC-FanBelt-CoggedVBelt-Msr/instance-out.sql,5827118.92,624215.0199999999,294047.51,709539.71,0.0,2167645.51,0.0,1869277.99,1348.12,0.0,0.0,0.0,161045.07,0.0,0.0,209.69,294047.51,624005.33,0.00,1394057.91,773587.60
CZ07/MBT&0&rDXHP&Ex&HV_AirDist__SupFanMtr/NE-HVAC-FanBelt-SynchVBelt-Msr/instance-out.sql,5807625.99,624318.8200000001,292525.76,709539.71,0.0,2167645.51,0.0,1851203.01,1348.1,0.0,0.0,0.0,161045.07,0.0,0.0,239.78,292525.76,624079.04,0.00,1394057.91,773587.60
CZ07/MLI&0&rDXHP&Ex&HV_AirDist__SupFanMtr/NE-HVAC-FanBelt-VBelt-Std/instance-out.sql,1427118.21,756.96,125602.05,283149.19,0.0,239893.0,0.0,732512.95,3.37,0.0,0.0,0.0,45200.69,0.0,0.0,756.96,125602.05,0.00,0.00,239893.00,0.00
CZ07/MLI&0&rDXHP&Ex&HV_AirDist__SupFanMtr/NE-HVAC-FanBelt-CoggedVBelt-Msr/instance-out.sql,1411619.17,801.54,124421.41,283149.19,0.0,239893.0,0.0,718149.95,3.37,0.0,0.0,0.0,45200.7,0.0,0.0,801.54,124421.41,0.00,0.00,239893.00,0.00
CZ07/MLI&0&rDXHP&Ex&HV_AirDist__SupFanMtr/NE-HVAC-FanBelt-SynchVBelt-Msr/instance-out.sql,1389483.17,869.1,122736.43,283149.19,0.0,239893.0,0.0,697631.38,3.37,0.0,0.0,0.0,45200.69,0.0,0.0,869.10,122736.43,0.00,0.00,239893.00,0.00
CZ07/Mtl&0&rDXHP&Ex&HV_AirDist__SupFanMtr/NE-HVAC-FanBelt-VBelt-Std/instance-out.sql,219468.9,94.6,30231.94,51285.47,0.0,22443.33,0.0,107760.63,3.36,0.0,0.0,0.0,7649.57,0.0,0.0,94.60,30231.94,0.00,0.00,22191.36,251.97
CZ07/Mtl&0&rDXHP&Ex&HV_AirDist__SupFanMtr/NE-HVAC-FanBelt-CoggedVBelt-Msr/instance-out.sql,217193.11000000002,100.99,30040.72,51285.47,0.0,22443.33,0.0,105669.67,3.36,0.0,0.0,0.0,7649.57,0.0,0.0,100.99,30040.72,0.00,0.00,22191.36,251.97
CZ07/Mtl&0&rDXHP&Ex&HV_AirDist__SupFanMtr/NE-HVAC-FanBelt-SynchVBelt-Msr/instance-out.sql,213941.25,110.74,29767.65,51285.47,0.0,22443.33,0.0,102681.13,3.36,0.0,0.0,0.0,7649.57,0.0,0.0,110.74,29767.65,0.00,0.00,22191.36,251.97
CZ07/Nrs&0&rDXHP&Ex&HV_AirDist__SupFanMtr/NE-HVAC-FanBelt-VBelt-Std/instance-out.sql,1127233.04,43476.46,138252.36,200868.06,0.0,347425.87,0.0,289373.94,101.87,0.0,0.0,0.0,107734.47,0.0,0.0,80.96,138252.36,43395.50,0.00,281574.59,65851.28
CZ07/Nrs&0&rDXHP&Ex&HV_AirDist__SupFanMtr/NE-HVAC-FanBelt-CoggedVBelt-Msr/instance-out.sql,1122799.2,43487.08,137894.88,200868.06,0.0,347425.87,0.0,285239.62,101.93,0.0,0.0,0.0,107781.76,0.0,0.0,86.87,137894.88,43400.21,0.00,281574.59,65851.28
CZ07/Nrs&0&rDXHP&Ex&HV_AirDist__SupFanMtr/NE-HVAC-FanBelt-SynchVBelt-Msr/instance-out.sql,1116330.12,43527.68,137377.41,200868.06,0.0,347425.87,0.0,279329.78,101.95,0.0,0.0,0.0,107699.37,0.0,0.0,95.75,137377.41,43431.93,0.00,281574.59,65851.28
CZ07/OfL&0&rDXHP&Ex&HV_AirDist__SupFanMtr/NE-HVAC-FanBelt-VBelt-Std/instance-out.sql,3596445.33,14395.92,473052.98,462712.61,0.0,829334.66,0.0,1697865.46,8160.27,0.0,0.0,0.0,110923.43,0.0,0.0,247.40,473052.98,14148.52,0.00,829334.66,0.00
CZ07/OfL&0&rDXHP&Ex&HV_AirDist__SupFanMtr/NE-HVAC-FanBelt-CoggedVBelt-Msr/instance-out.sql,3560931.32,14410.3,470283.49,462712.61,0.0,829334.66,0.0,1665106.56,8160.27,0.0,0.0,0.0,110923.43,0.0,0.0,261.59,470283.49,14148.71,0.00,829334.66,0.00
CZ07/OfL&0&rDXHP&Ex&HV_AirDist__SupFanMtr/NE-HVAC-FanBelt-SynchVBelt-Msr/instance-out.sql,3510211.7399999998,14432.2,466340.55,462712.61,0.0,829334.66,0.0,1618308.03,8160.26,0.0,0.0,0.0,110923.43,0.0,0.0,283.54,466340.55,14148.66,0.00,829334.66,0.00
CZ07/OfS&0&rDXHP&Ex&HV_AirDist__SupFanMtr/NE-HVAC-FanBelt-VBelt-Std/instance-out.sql,210146.12,8.49,22673.47,23737.13,0.0,29387.4,0.0,113610.88,1.13,0.0,0.0,0.0,20727.61,0.0,0.0,8.49,22673.47,0.00,0.00,29387.40,0.00
CZ07/OfS&0&rDXHP&Ex&HV_AirDist__SupFanMtr/NE-HVAC-FanBelt-CoggedVBelt-Msr/instance-out.sql,207728.7,9.22,22482.99,23737.13,0.0,29387.4,0.0,111383.22,1.13,0.0,0.0,0.0,20727.61,0.0,0.0,9.22,22482.99,0.00,0.00,29387.40,0.00
CZ07/OfS&0&rDXHP&Ex&HV_AirDist__SupFanMtr/NE-HVAC-FanBelt-SynchVBelt-Msr/instance-out.sql,204275.96999999997,10.39,22211.55,23737.13,0.0,29387.4,0.0,108200.76,1.13,0.0,0.0,0.0,20727.61,0.0,0.0,10.39,22211.55,0.00,0.00,29387.40,0.00
CZ07/RFF&0&rDXHP&Ex&HV_AirDist__SupFanMtr/NE-HVAC-FanBelt-VBelt-Std/instance-out.sql,131925.95,8.44,14427.14,13247.63,0.0,37903.17,0.0,42193.36,3.37,0.0,0.0,0.0,24142.84,0.0,0.0,8.44,14427.14,0.00,0.00,18423.46,19479.71
CZ07/RFF&0&rDXHP&Ex&HV_AirDist__SupFanMtr/NE-HVAC-FanBelt-CoggedVBelt-Msr/instance-out.sql,131288.14,9.39,14378.7,13247.63,0.0,37903.17,0.0,41603.02,3.37,0.0,0.0,0.0,24142.84,0.0,0.0,9.39,14378.70,0.00,0.00,18423.46,19479.71
CZ07/RFF&0&rDXHP&Ex&HV_AirDist__SupFanMtr/NE-HVAC-FanBelt-SynchVBelt-Msr/instance-out.sql,130377.27,11.03,14309.53,13247.63,0.0,37903.17,0.0,40759.69,3.37,0.0,0.0,0.0,24142.84,0.0,0.0,11.03,14309.53,0.00,0.00,18423.46,19479.71
CZ07/RSD&0&rDXHP&Ex&HV_AirDist__SupFanMtr/NE-HVAC-FanBelt-VBelt-Std/instance-out.sql,287168.54000000004,32643.739999999998,35500.56,36047.32,0.0,76546.73,0.0,45355.17,32.27,0.0,0.0,0.0,61042.75,0.0,0.0,1.67,35500.56,32642.07,0.00,37475.60,39071.13
CZ07/RSD&0&rDXHP&Ex&HV_AirDist__SupFanMtr/NE-HVAC-FanBelt-CoggedVBelt-Msr/instance-out.sql,286857.87,32644.300000000003,35476.19,36047.32,0.0,76546.73,0.0,45068.31,32.27,0.0,0.0,0.0,61042.75,0.0,0.0,1.90,35476.19,32642.40,0.00,37475.60,39071.13
CZ07/RSD&0&rDXHP&Ex&HV_AirDist__SupFanMtr/NE-HVAC-FanBelt-SynchVBelt-Msr/instance-out.sql,286414.89,32645.789999999997,35441.51,36047.32,0.0,76546.73,0.0,44658.52,32.27,0.0,0.0,0.0,61042.75,0.0,0.0,2.28,35441.51,32643.51,0.00,37475.60,39071.13
CZ07/Rt3&0&rDXHP&Ex&HV_AirDist__SupFanMtr/NE-HVAC-FanBelt-VBelt-Std/instance-out.sql,2741013.17,583.61,237246.41,774348.97,0.0,436362.0,0.0,1132874.43,3.38,0.0,0.0,0.0,159594.37,0.0,0.0,563.11,237246.41,20.50,0.00,436362.00,0.00
CZ07/Rt3&0&rDXHP&Ex&HV_AirDist__SupFanMtr/NE-HVAC-FanBelt-CoggedVBelt-Msr/instance-out.sql,2717279.99,606.3199999999999,235235.73,774348.97,0.0,436362.0,0.0,1111129.21,3.38,0.0,0.0,0.0,159594.37,0.0,0.0,585.78,235235.73,20.54,0.00,436362.00,0.00
CZ07/Rt3&0&rDXHP&Ex&HV_AirDist__SupFanMtr/NE-HVAC-FanBelt-SynchVBelt-Msr/instance-out.sql,2683389.09,641.14,232372.88,774348.97,0.0,436362.0,0.0,1080066.35,3.38,0.0,0.0,0.0,159594.37,0.0,0.0,620.52,232372.88,20.62,0.00,436362.00,0.00
CZ07/RtL&0&rDXHP&Ex&HV_AirDist__SupFanMtr/NE-HVAC-FanBelt-VBelt-Std/instance-out.sql,2740183.07,183.71,253153.51,767420.15,0.0,509200.67,0.0,1092646.38,3.39,0.0,0.0,0.0,117575.26,0.0,0.0,183.71,253153.51,0.00,0.00,468847.72,40352.95
CZ07/RtL&0&rDXHP&Ex&HV_AirDist__SupFanMtr/NE-HVAC-FanBelt-CoggedVBelt-Msr/instance-out.sql,2717251.59,193.6,251183.2,767420.15,0.0,509200.67,0.0,1071675.35,3.39,0.0,0.0,0.0,117575.24,0.0,0.0,193.60,251183.20,0.00,0.00,468847.72,40352.95
CZ07/RtL&0&rDXHP&Ex&HV_AirDist__SupFanMtr/NE-HVAC-FanBelt-SynchVBelt-Msr/instance-out.sql,2684505.0,208.52,248380.32,767420.15,0.0,509200.67,0.0,1041716.75,3.39,0.0,0.0,0.0,117575.21,0.0,0.0,208.52,248380.32,0.00,0.00,468847.72,40352.95
CZ07/RtS&0&rDXHP&Ex&HV_AirDist__SupFanMtr/NE-HVAC-FanBelt-VBelt-Std/instance-out.sql,170010.19,74.72,16497.6,44599.63,0.0,24440.79,0.0,69467.06,3.36,0.0,0.0,0.0,14927.03,0.0,0.0,74.72,16497.60,0.00,0.00,24440.79,0.00
CZ07/RtS&0&rDXHP&Ex&HV_AirDist__SupFanMtr/NE-HVAC-FanBelt-CoggedVBelt-Msr/instance-out.sql,168524.59,79.11,16369.7,44599.63,0.0,24440.79,0.0,68104.96,3.36,0.0,0.0,0.0,14927.03,0.0,0.0,79.11,16369.70,0.00,0.00,24440.79,0.00
CZ07/RtS&0&rDXHP&Ex&HV_AirDist__SupFanMtr/NE-HVAC-FanBelt-SynchVBelt-Msr/instance-out.sql,166401.29,85.73,16185.63,44599.63,0.0,24440.79,0.0,66159.11,3.36,0.0,0.0,0.0,14927.04,0.0,0.0,85.73,16185.63,0.00,0.00,24440.79,0.00
CZ07/SCn&0&rDXHP&Ex&HV_AirDist__SupFanMtr/NE-HVAC-FanBelt-VBelt-Std/instance-out.sql,4281459.38,5567.5,390057.57,850055.03,0.0,449066.39,0.0,2507909.86,3.36,0.0,0.0,0.0,78799.67,0.0,0.0,5567.50,390057.57,0.00,0.00,449066.39,0.00
CZ07/SCn&0&rDXHP&Ex&HV_AirDist__SupFanMtr/NE-HVAC-FanBelt-CoggedVBelt-Msr/instance-out.sql,4228485.5200000005,5947.89,385878.02,850055.03,0.0,449066.39,0.0,2458735.16,3.36,0.0,0.0,0.0,78799.67,0.0,0.0,5947.89,385878.02,0.00,0.00,449066.39,0.00
CZ07/SCn&0&rDXHP&Ex&HV_AirDist__SupFanMtr/NE-HVAC-FanBelt-SynchVBelt-Msr/instance-out.sql,4152856.71,6549.71,379896.97,850055.03,0.0,449066.39,0.0,2388485.58,3.36,0.0,0.0,0.0,78799.67,0.0,0.0,6549.71,379896.97,0.00,0.00,449066.39,0.00
CZ08/Asm&0&rDXHP&Ex&HV_AirDist__SupFanMtr/NE-HVAC-FanBelt-VBelt-Std/instance-out.sql,902282.3,4744.99,126160.03,153727.01,0.0,145823.51,0.0,450574.34,3.36,0.0,0.0,0.0,21249.06,0.0,0.0,4744.99,126160.03,0.00,0.00,145823.51,0.00
CZ08/Asm&0&rDXHP&Ex&HV_AirDist__SupFanMtr/NE-HVAC-FanBelt-CoggedVBelt-Msr/instance-out.sql,892662.4600000001,4908.48,125211.5,153727.01,0.0,145823.51,0.0,441739.55,3.36,0.0,0.0,0.0,21249.06,0.0,0.0,4908.48,125211.50,0.00,0.00,145823.51,0.00
CZ08/Asm&0&rDXHP&Ex&HV_AirDist__SupFanMtr/NE-HVAC-FanBelt-SynchVBelt-Msr/instance-out.sql,878936.51,5150.48,123864.67,153727.01,0.0,145823.51,0.0,429118.42,3.36,0.0,0.0,0.0,21249.06,0.0,0.0,5150.48,123864.67,0.00,0.00,145823.51,0.00
CZ08/ECC&0&rDXHP&Ex&HV_AirDist__SupFanMtr/NE-HVAC-FanBelt-VBelt-Std/instance-out.sql,3305058.4099999997,923.28,351229.26,358430.2,0.0,1013813.91,0.0,1167378.08,2187.99,0.0,0.0,0.0,411095.69,0.0,0.0,923.13,351229.26,0.15,0.00,945189.93,68623.98
CZ08/ECC&0&rDXHP&Ex&HV_AirDist__SupFanMtr/NE-HVAC-FanBelt-CoggedVBelt-Msr/instance-out.sql,3282384.31,966.13,348884.65,358430.2,0.0,1013813.91,0.0,1147005.94,2187.78,0.0,0.0,0.0,411095.69,0.0,0.0,965.98,348884.65,0.15,0.00,945189.93,68623.98
CZ08/ECC&0&rDXHP&Ex&HV_AirDist__SupFanMtr/NE-HVAC-FanBelt-SynchVBelt-Msr/instance-out.sql,3249999.98,1030.49,345541.2,358430.2,0.0,1013813.91,0.0,1117900.82,2187.66,0.0,0.0,0.0,411095.69,0.0,0.0,1030.33,345541.20,0.16,0.00,945189.93,68623.98
CZ08/EPr&0&rDXHP&Ex&HV_AirDist__SupFanMtr/NE-HVAC-FanBelt-VBelt-Std/instance-out.sql,502928.11000000004,440.49,60330.49,64700.97,0.0,125897.03,0.0,172671.21,3.37,0.0,0.0,0.0,78884.55,0.0,0.0,440.49,60330.49,0.00,0.00,83226.75,42670.28
CZ08/EPr&0&rDXHP&Ex&HV_AirDist__SupFanMtr/NE-HVAC-FanBelt-CoggedVBelt-Msr/instance-out.sql,499663.91000000003,458.14,59969.17,64700.97,0.0,125897.03,0.0,169750.69,3.37,0.0,0.0,0.0,78884.55,0.0,0.0,458.14,59969.17,0.00,0.00,83226.75,42670.28
CZ08/EPr&0&rDXHP&Ex&HV_AirDist__SupFanMtr/NE-HVAC-FanBelt-SynchVBelt-Msr/instance-out.sql,495003.19000000006,484.94,59455.41,64700.97,0.0,125897.03,0.0,165576.9,3.37,0.0,0.0,0.0,78884.57,0.0,0.0,484.94,59455.41,0.00,0.00,83226.75,42670.28
CZ08/ERC&0&rDXHP&Ex&HV_AirDist__SupFanMtr/NE-HVAC-FanBelt-VBelt-Std/instance-out.sql,23357.26,34.91,1988.07,2224.35,0.0,2196.82,0.0,7869.19,3.36,0.0,0.0,0.0,9040.55,0.0,0.0,34.91,1988.07,0.00,0.00,2196.82,0.00
CZ08/ERC&0&rDXHP&Ex&HV_AirDist__SupFanMtr/NE-HVAC-FanBelt-CoggedVBelt-Msr/instance-out.sql,23186.809999999998,36.27,1970.56,2224.35,0.0,2196.82,0.0,7714.9,3.36,0.0,0.0,0.0,9040.55,0.0,0.0,36.27,1970.56,0.00,0.00,2196.82,0.00
CZ08/ERC&0&rDXHP&Ex&HV_AirDist__SupFanMtr/NE-HVAC-FanBelt-SynchVBelt-Msr/instance-out.sql,22944.39,38.25,1945.63,2224.35,0.0,2196.82,0.0,7495.43,3.36,0.0,0.0,0.0,9040.55,0.0,0.0,38.25,1945.63,0.00,0.00,2196.82,0.00
CZ08/ESe&0&rDXHP&Ex&HV_AirDist__SupFanMtr/NE-HVAC-FanBelt-VBelt-Std/instance-out.sql,1373935.1300000001,16527.92,146512.65,197959.32,0.0,323176.74,0.0,474800.51,3.39,0.0,0.0,0.0,214954.6,0.0,0.0,183.92,146512.65,16344.00,0.00,259085.82,64090.92
CZ08/ESe&0&rDXHP&Ex&HV_AirDist__SupFanMtr/NE-HVAC-FanBelt-CoggedVBelt-Msr/instance-out.sql,1370027.0,16540.07,146097.29,197959.32,0.0,323176.74,0.0,471295.6,3.39,0.0,0.0,0.0,214954.61,0.0,0.0,192.88,146097.29,16347.19,0.00,259085.82,64090.92
CZ08/ESe&0&rDXHP&Ex&HV_AirDist__SupFanMtr/NE-HVAC-FanBelt-SynchVBelt-Msr/instance-out.sql,1364451.23,16549.129999999997,145506.04,197959.32,0.0,323176.74,0.0,466302.01,3.39,0.0,0.0,0.0,214954.61,0.0,0.0,206.42,145506.04,16342.71,0.00,259085.82,64090.92
CZ08/EUn&0&rDXHP&Ex&HV_AirDist__SupFanMtr/NE-HVAC-FanBelt-VBelt-Std/instance-out.sql,10658792.709999999,3123.25,1022353.4,1277404.75,0.0,3682881.23,0.0,3978536.81,3.37,0.0,0.0,0.0,694489.9,0.0,0.0,2284.28,1022353.40,838.97,0.00,3555459.15,127422.08
CZ08/EUn&0&rDXHP&Ex&HV_AirDist__SupFanMtr/NE-HVAC-FanBelt-CoggedVBelt-Msr/instance-out.sql,10585851.73,3253.12,1015828.98,1277404.75,0.0,3682881.23,0.0,3911990.37,3.37,0.0,0.0,0.0,694489.9,0.0,0.0,2412.11,1015828.98,841.01,0.00,3555459.15,127422.08
CZ08/EUn&0&rDXHP&Ex&HV_AirDist__SupFanMtr/NE-HVAC-FanBelt-SynchVBelt-Msr/instance-out.sql,10481698.21,3451.05,1006550.1,1277404.75,0.0,3682881.23,0.0,3816917.81,3.37,0.0,0.0,0.0,694489.9,0.0,0.0,2607.04,1006550.10,844.01,0.00,3555459.15,127422.08
CZ08/Hsp&0&rDXHP&Ex&HV_AirDist__SupFanMtr/NE-HVAC-FanBelt-VBelt-Std/instance-out.sql,5290537.300000001,605281.62,1367192.3,856282.21,0.0,1182847.3,0.0,960060.46,76660.87,0.0,0.0,0.0,242212.54,0.0,0.0,249.30,1367192.30,605032.32,0.00,1139112.10,43735.20
CZ08/Hsp&0&rDXHP&Ex&HV_AirDist__SupFanMtr/NE-HVAC-FanBelt-CoggedVBelt-Msr/instance-out.sql,5277921.4799999995,605354.78,1366169.71,856282.21,0.0,1182847.3,0.0,948384.41,76661.61,0.0,0.0,0.0,242221.46,0.0,0.0,266.97,1366169.71,605087.81,0.00,1139112.10,43735.20
CZ08/Hsp&0&rDXHP&Ex&HV_AirDist__SupFanMtr/NE-HVAC-FanBelt-SynchVBelt-Msr/instance-out.sql,5259915.92,605462.74,1364736.61,856282.21,0.0,1182847.3,0.0,931708.4,76664.63,0.0,0.0,0.0,242214.04,0.0,0.0,294.01,1364736.61,605168.73,0.00,1139112.10,43735.20
CZ08/MBT&0&rDXHP&Ex&HV_AirDist__SupFanMtr/NE-HVAC-FanBelt-VBelt-Std/instance-out.sql,6175584.23,820255.78,390338.34,709539.71,0.0,2167645.51,0.0,1925670.62,1359.31,0.0,0.0,0.0,160774.95,0.0,0.0,602.17,390338.34,819653.61,0.00,1394057.91,773587.60
CZ08/MBT&0&rDXHP&Ex&HV_AirDist__SupFanMtr/NE-HVAC-FanBelt-CoggedVBelt-Msr/instance-out.sql,6161115.09,820361.28,389101.4,709539.71,0.0,2167645.51,0.0,1912332.97,1359.25,0.0,0.0,0.0,160774.96,0.0,0.0,653.63,389101.40,819707.65,0.00,1394057.91,773587.60
CZ08/MBT&0&rDXHP&Ex&HV_AirDist__SupFanMtr/NE-HVAC-FanBelt-SynchVBelt-Msr/instance-out.sql,6140465.5,820521.13,387344.3,709539.71,0.0,2167645.51,0.0,1893280.65,1359.25,0.0,0.0,0.0,160774.94,0.0,0.0,732.96,387344.30,819788.17,0.00,1394057.91,773587.60
CZ08/MLI&0&rDXHP&Ex&HV_AirDist__SupFanMtr/NE-HVAC-FanBelt-VBelt-Std/instance-out.sql,1475439.4000000001,1352.79,147395.68,283149.19,0.0,239893.0,0.0,758514.02,3.37,0.0,0.0,0.0,45131.35,0.0,0.0,1352.79,147395.68,0.00,0.00,239893.00,0.00
CZ08/MLI&0&rDXHP&Ex&HV_AirDist__SupFanMtr/NE-HVAC-FanBelt-CoggedVBelt-Msr/instance-out.sql,1459327.99,1427.18,146082.7,283149.19,0.0,239893.0,0.0,743641.2,3.37,0.0,0.0,0.0,45131.35,0.0,0.0,1427.18,146082.70,0.00,0.00,239893.00,0.00
CZ08/MLI&0&rDXHP&Ex&HV_AirDist__SupFanMtr/NE-HVAC-FanBelt-SynchVBelt-Msr/instance-out.sql,1436328.73,1543.7,144213.81,283149.19,0.0,239893.0,0.0,722394.31,3.37,0.0,0.0,0.0,45131.35,0.0,0.0,1543.70,144213.81,0.00,0.00,239893.00,0.00
CZ08/Mtl&0&rDXHP&Ex&HV_AirDist__SupFanMtr/NE-HVAC-FanBelt-VBelt-Std/instance-out.sql,232913.14,239.94,35910.33,51285.47,0.0,22443.33,0.0,115382.45,3.36,0.0,0.0,0.0,7648.25,0.0,0.0,239.94,35910.33,0.00,0.00,22191.36,251.97
CZ08/Mtl&0&rDXHP&Ex&HV_AirDist__SupFanMtr/NE-HVAC-FanBelt-CoggedVBelt-Msr/instance-out.sql,230467.12,253.04,35692.37,51285.47,0.0,22443.33,0.0,113141.29,3.36,0.0,0.0,0.0,7648.25,0.0,0.0,253.04,35692.37,0.00,0.00,22191.36,251.97
CZ08/Mtl&0&rDXHP&Ex&HV_AirDist__SupFanMtr/NE-HVAC-FanBelt-SynchVBelt-Msr/instance-out.sql,226974.92,272.67,35381.98,51285.47,0.0,22443.33,0.0,109939.86,3.36,0.0,0.0,0.0,7648.25,0.0,0.0,272.67,35381.98,0.00,0.00,22191.36,251.97
CZ08/Nrs&0&rDXHP&Ex&HV_AirDist__SupFanMtr/NE-HVAC-FanBelt-VBelt-Std/instance-out.sql,1171966.4100000001,58097.5,149403.22,200868.06,0.0,347425.87,0.0,309560.92,89.54,0.0,0.0,0.0,106521.3,0.0,0.0,229.60,149403.22,57867.90,0.00,281574.59,65851.28
CZ08/Nrs&0&rDXHP&Ex&HV_AirDist__SupFanMtr/NE-HVAC-FanBelt-CoggedVBelt-Msr/instance-out.sql,1167361.67,58102.57,148998.52,200868.06,0.0,347425.87,0.0,305240.08,89.45,0.0,0.0,0.0,106637.12,0.0,0.0,242.81,148998.52,57859.76,0.00,281574.59,65851.28
CZ08/Nrs&0&rDXHP&Ex&HV_AirDist__SupFanMtr/NE-HVAC-FanBelt-SynchVBelt-Msr/instance-out.sql,1160581.75,58185.98,148413.07,200868.06,0.0,347425.87,0.0,299073.25,89.44,0.0,0.0,0.0,106526.09,0.0,0.0,262.66,148413.07,57923.32,0.00,281574.59,65851.28
CZ08/OfL&0&rDXHP&Ex&HV_AirDist__SupFanMtr/NE-HVAC-FanBelt-VBelt-Std/instance-out.sql,3750405.88,30419.120000000003,527236.03,462712.61,0.0,829334.66,0.0,1781742.85,8218.11,0.0,0.0,0.0,110742.5,0.0,0.0,511.63,527236.03,29907.49,0.00,829334.66,0.00
CZ08/OfL&0&rDXHP&Ex&HV_AirDist__SupFanMtr/NE-HVAC-FanBelt-CoggedVBelt-Msr/instance-out.sql,3713057.03,30447.36,524163.18,462712.61,0.0,829334.66,0.0,1747438.63,8218.1,0.0,0.0,0.0,110742.5,0.0,0.0,540.41,524163.18,29906.95,0.00,829334.66,0.00
CZ08/OfL&0&rDXHP&Ex&HV_AirDist__SupFanMtr/NE-HVAC-FanBelt-SynchVBelt-Msr/instance-out.sql,3659744.25,30512.54,519789.41,462712.61,0.0,829334.66,0.0,1698432.79,8219.74,0.0,0.0,0.0,110742.5,0.0,0.0,584.47,519789.41,29928.07,0.00,829334.66,0.00
CZ08/OfS&0&rDXHP&Ex&HV_AirDist__SupFanMtr/NE-HVAC-FanBelt-VBelt-Std/instance-out.sql,222080.44,30.11,26292.8,23737.13,0.0,29387.4,0.0,121932.7,1.13,0.0,0.0,0.0,20699.16,0.0,0.0,30.11,26292.80,0.00,0.00,29387.40,0.00
CZ08/OfS&0&rDXHP&Ex&HV_AirDist__SupFanMtr/NE-HVAC-FanBelt-CoggedVBelt-Msr/instance-out.sql,219473.17,32.2,26074.35,23737.13,0.0,29387.4,0.0,119541.8,1.13,0.0,0.0,0.0,20699.16,0.0,0.0,32.20,26074.35,0.00,0.00,29387.40,0.00
CZ08/OfS&0&rDXHP&Ex&HV_AirDist__SupFanMtr/NE-HVAC-FanBelt-SynchVBelt-Msr/instance-out.sql,215749.43,35.51,25763.41,23737.13,0.0,29387.4,0.0,116125.68,1.13,0.0,0.0,0.0,20699.16,0.0,0.0,35.51,25763.41,0.00,0.00,29387.40,0.00
CZ08/RFF&0&rDXHP&Ex&HV_AirDist__SupFanMtr/NE-HVAC-FanBelt-VBelt-Std/instance-out.sql,135935.07,24.1,15838.02,13247.63,0.0,37903.17,0.0,44807.33,3.37,0.0,0.0,0.0,24111.45,0.0,0.0,24.10,15838.02,0.00,0.00,18423.46,19479.71
CZ08/RFF&0&rDXHP&Ex&HV_AirDist__SupFanMtr/NE-HVAC-FanBelt-CoggedVBelt-Msr/instance-out.sql,135251.91999999998,26.39,15783.57,13247.63,0.0,37903.17,0.0,44176.34,3.37,0.0,0.0,0.0,24111.45,0.0,0.0,26.39,15783.57,0.00,0.00,18423.46,19479.71
CZ08/RFF&0&rDXHP&Ex&HV_AirDist__SupFanMtr/NE-HVAC-FanBelt-SynchVBelt-Msr/instance-out.sql,134276.56,29.83,15706.18,13247.63,0.0,37903.17,0.0,43274.92,3.37,0.0,0.0,0.0,24111.45,0.0,0.0,29.83,15706.18,0.00,0.00,18423.46,19479.71
CZ08/RSD&0&rDXHP&Ex&HV_AirDist__SupFanMtr/NE-HVAC-FanBelt-VBelt-Std/instance-out.sql,310536.07999999996,45785.700000000004,40873.58,36047.32,0.0,76546.73,0.0,50291.08,44.33,0.0,0.0,0.0,60947.35,0.0,0.0,8.15,40873.58,45777.55,0.00,37475.60,39071.13
CZ08/RSD&0&rDXHP&Ex&HV_AirDist__SupFanMtr/NE-HVAC-FanBelt-CoggedVBelt-Msr/instance-out.sql,310206.57,45787.22,40846.55,36047.32,0.0,76546.73,0.0,49987.08,44.33,0.0,0.0,0.0,60947.35,0.0,0.0,8.97,40846.55,45778.25,0.00,37475.60,39071.13
CZ08/RSD&0&rDXHP&Ex&HV_AirDist__SupFanMtr/NE-HVAC-FanBelt-SynchVBelt-Msr/instance-out.sql,309736.49,45789.8,40808.15,36047.32,0.0,76546.73,0.0,49552.81,44.33,0.0,0.0,0.0,60947.35,0.0,0.0,10.29,40808.15,45779.51,0.00,37475.60,39071.13
CZ08/Rt3&0&rDXHP&Ex&HV_AirDist__SupFanMtr/NE-HVAC-FanBelt-VBelt-Std/instance-out.sql,2810236.0100000002,867.9000000000001,281346.96,774348.97,0.0,436362.0,0.0,1157975.57,3.38,0.0,0.0,0.0,159331.23,0.0,0.0,818.96,281346.96,48.94,0.00,436362.00,0.00
CZ08/Rt3&0&rDXHP&Ex&HV_AirDist__SupFanMtr/NE-HVAC-FanBelt-CoggedVBelt-Msr/instance-out.sql,2785678.25,901.25,279011.76,774348.97,0.0,436362.0,0.0,1135719.67,3.38,0.0,0.0,0.0,159331.23,0.0,0.0,852.24,279011.76,49.01,0.00,436362.00,0.00
CZ08/Rt3&0&rDXHP&Ex&HV_AirDist__SupFanMtr/NE-HVAC-FanBelt-SynchVBelt-Msr/instance-out.sql,2750599.65,952.18,275688.8,774348.97,0.0,436362.0,0.0,1103913.09,3.38,0.0,0.0,0.0,159331.23,0.0,0.0,902.91,275688.80,49.27,0.00,436362.00,0.00
CZ08/RtL&0&rDXHP&Ex&HV_AirDist__SupFanMtr/NE-HVAC-FanBelt-VBelt-Std/instance-out.sql,2807978.08,423.21,297465.86,767420.15,0.0,509200.67,0.0,1116082.78,3.39,0.0,0.0,0.0,117382.02,0.0,0.0,423.21,297465.86,0.00,0.00,468847.72,40352.95
CZ08/RtL&0&rDXHP&Ex&HV_AirDist__SupFanMtr/NE-HVAC-FanBelt-CoggedVBelt-Msr/instance-out.sql,2784303.1300000004,443.01,295180.04,767420.15,0.0,509200.67,0.0,1094673.85,3.39,0.0,0.0,0.0,117382.02,0.0,0.0,443.01,295180.04,0.00,0.00,468847.72,40352.95
CZ08/RtL&0&rDXHP&Ex&HV_AirDist__SupFanMtr/NE-HVAC-FanBelt-SynchVBelt-Msr/instance-out.sql,2750498.3800000004,473.1,291929.39,767420.15,0.0,509200.67,0.0,1064089.67,3.39,0.0,0.0,0.0,117382.02,0.0,0.0,473.10,291929.39,0.00,0.00,468847.72,40352.95
CZ08/RtS&0&rDXHP&Ex&HV_AirDist__SupFanMtr/NE-HVAC-FanBelt-VBelt-Std/instance-out.sql,178317.15,141.68,20060.56,44599.63,0.0,24440.79,0.0,74159.52,3.36,0.0,0.0,0.0,14911.6,0.0,0.0,141.68,20060.56,0.00,0.00,24440.79,0.00
CZ08/RtS&0&rDXHP&Ex&HV_AirDist__SupFanMtr/NE-HVAC-FanBelt-CoggedVBelt-Msr/instance-out.sql,176713.97,148.7,19904.47,44599.63,0.0,24440.79,0.0,72705.41,3.36,0.0,0.0,0.0,14911.6,0.0,0.0,148.70,19904.47,0.00,0.00,24440.79,0.00
CZ08/RtS&0&rDXHP&Ex&HV_AirDist__SupFanMtr/NE-HVAC-FanBelt-SynchVBelt-Msr/instance-out.sql,174424.12,159.4,19681.23,44599.63,0.0,24440.79,0.0,70628.12,3.36,0.0,0.0,0.0,14911.6,0.0,0.0,159.40,19681.23,0.00,0.00,24440.79,0.00
CZ08/SCn&0&rDXHP&Ex&HV_AirDist__SupFanMtr/NE-HVAC-FanBelt-VBelt-Std/instance-out.sql,4489475.65,13398.15,482590.79,850055.03,0.0,449066.39,0.0,2615689.61,3.36,0.0,0.0,0.0,78672.32,0.0,0.0,13398.15,482590.79,0.00,0.00,449066.39,0.00
CZ08/SCn&0&rDXHP&Ex&HV_AirDist__SupFanMtr/NE-HVAC-FanBelt-CoggedVBelt-Msr/instance-out.sql,4434230.84,14078.59,477953.57,850055.03,0.0,449066.39,0.0,2564401.58,3.36,0.0,0.0,0.0,78672.32,0.0,0.0,14078.59,477953.57,0.00,0.00,449066.39,0.00
CZ08/SCn&0&rDXHP&Ex&HV_AirDist__SupFanMtr/NE-HVAC-FanBelt-SynchVBelt-Msr/instance-out.sql,4355375.46,15100.78,471344.62,850055.03,0.0,449066.39,0.0,2491132.96,3.36,0.0,0.0,0.0,78672.32,0.0,0.0,15100.78,471344.62,0.00,0.00,449066.39,0.00
CZ09/Asm&0&rDXHP&Ex&HV_AirDist__SupFanMtr/NE-HVAC-FanBelt-VBelt-Std/instance-out.sql,935265.1,3699.41,146211.61,153727.01,0.0,145823.51,0.0,464754.95,3.36,0.0,0.0,0.0,21045.26,0.0,0.0,3699.41,146211.61,0.00,0.00,145823.51,0.00
CZ09/Asm&0&rDXHP&Ex&HV_AirDist__SupFanMtr/NE-HVAC-FanBelt-CoggedVBelt-Msr/instance-out.sql,925224.85,3844.92,145138.69,153727.01,0.0,145823.51,0.0,455642.1,3.36,0.0,0.0,0.0,21045.26,0.0,0.0,3844.92,145138.69,0.00,0.00,145823.51,0.00
CZ09/Asm&0&rDXHP&Ex&HV_AirDist__SupFanMtr/NE-HVAC-FanBelt-SynchVBelt-Msr/instance-out.sql,910900.91,4059.09,143618.92,153727.01,0.0,145823.51,0.0,442623.76,3.36,0.0,0.0,0.0,21045.27,0.0,0.0,4059.09,143618.92,0.00,0.00,145823.51,0.00
CZ09/ECC&0&rDXHP&Ex&HV_AirDist__SupFanMtr/NE-HVAC-FanBelt-VBelt-Std/instance-out.sql,3430750.31,584.25,417311.82,358430.2,0.0,1013813.91,0.0,1232744.1,2282.98,0.0,0.0,0.0,405583.04,0.0,0.0,584.05,417311.82,0.20,0.00,945189.93,68623.98
CZ09/ECC&0&rDXHP&Ex&HV_AirDist__SupFanMtr/NE-HVAC-FanBelt-CoggedVBelt-Msr/instance-out.sql,3406372.1300000004,616.0400000000001,414515.65,358430.2,0.0,1013813.91,0.0,1211130.36,2282.95,0.0,0.0,0.0,405583.01,0.0,0.0,615.84,414515.65,0.20,0.00,945189.93,68623.98
CZ09/ECC&0&rDXHP&Ex&HV_AirDist__SupFanMtr/NE-HVAC-FanBelt-SynchVBelt-Msr/instance-out.sql,3371567.95,663.1800000000001,410543.63,358430.2,0.0,1013813.91,0.0,1180251.25,2282.76,0.0,0.0,0.0,405583.02,0.0,0.0,662.98,410543.63,0.20,0.00,945189.93,68623.98
CZ09/EPr&0&rDXHP&Ex&HV_AirDist__SupFanMtr/NE-HVAC-FanBelt-VBelt-Std/instance-out.sql,520524.28,296.65,70144.93,64700.97,0.0,125897.03,0.0,181596.76,3.37,0.0,0.0,0.0,77884.57,0.0,0.0,296.65,70144.93,0.00,0.00,83226.75,42670.28
CZ09/EPr&0&rDXHP&Ex&HV_AirDist__SupFanMtr/NE-HVAC-FanBelt-CoggedVBelt-Msr/instance-out.sql,517039.64,310.34,69724.91,64700.97,0.0,125897.03,0.0,178518.45,3.37,0.0,0.0,0.0,77884.57,0.0,0.0,310.34,69724.91,0.00,0.00,83226.75,42670.28
CZ09/EPr&0&rDXHP&Ex&HV_AirDist__SupFanMtr/NE-HVAC-FanBelt-SynchVBelt-Msr/instance-out.sql,512055.79000000004,330.76,69124.52,64700.97,0.0,125897.03,0.0,174114.58,3.37,0.0,0.0,0.0,77884.57,0.0,0.0,330.76,69124.52,0.00,0.00,83226.75,42670.28
CZ09/ERC&0&rDXHP&Ex&HV_AirDist__SupFanMtr/NE-HVAC-FanBelt-VBelt-Std/instance-out.sql,24318.54,21.73,2457.89,2224.35,0.0,2196.82,0.0,8410.11,3.36,0.0,0.0,0.0,9004.28,0.0,0.0,21.73,2457.89,0.00,0.00,2196.82,0.00
CZ09/ERC&0&rDXHP&Ex&HV_AirDist__SupFanMtr/NE-HVAC-FanBelt-CoggedVBelt-Msr/instance-out.sql,24134.800000000003,22.83,2436.57,2224.35,0.0,2196.82,0.0,8246.59,3.36,0.0,0.0,0.0,9004.28,0.0,0.0,22.83,2436.57,0.00,0.00,2196.82,0.00
CZ09/ERC&0&rDXHP&Ex&HV_AirDist__SupFanMtr/NE-HVAC-FanBelt-SynchVBelt-Msr/instance-out.sql,23870.64,24.47,2406.23,2224.35,0.0,2196.82,0.0,8011.14,3.36,0.0,0.0,0.0,9004.28,0.0,0.0,24.47,2406.23,0.00,0.00,2196.82,0.00
CZ09/ESe&0&rDXHP&Ex&HV_AirDist__SupFanMtr/NE-HVAC-FanBelt-VBelt-Std/instance-out.sql,1412268.57,12379.65,172807.41,197959.32,0.0,323176.74,0.0,493828.73,3.39,0.0,0.0,0.0,212113.32,0.0,0.0,117.94,172807.41,12261.71,0.00,259085.82,64090.92
CZ09/ESe&0&rDXHP&Ex&HV_AirDist__SupFanMtr/NE-HVAC-FanBelt-CoggedVBelt-Msr/instance-out.sql,1408027.66,12380.44,172316.72,197959.32,0.0,323176.74,0.0,490077.67,3.39,0.0,0.0,0.0,212113.38,0.0,0.0,124.32,172316.72,12256.12,0.00,259085.82,64090.92
CZ09/ESe&0&rDXHP&Ex&HV_AirDist__SupFanMtr/NE-HVAC-FanBelt-SynchVBelt-Msr/instance-out.sql,1401982.05,12391.32,171615.95,197959.32,0.0,323176.74,0.0,484722.0,3.39,0.0,0.0,0.0,212113.32,0.0,0.0,134.11,171615.95,12257.21,0.00,259085.82,64090.92
CZ09/EUn&0&rDXHP&Ex&HV_AirDist__SupFanMtr/NE-HVAC-FanBelt-VBelt-Std/instance-out.sql,10953319.92,2301.22,1186258.08,1277404.75,0.0,3682881.23,0.0,4119304.5,3.37,0.0,0.0,0.0,685166.77,0.0,0.0,1552.33,1186258.08,748.89,0.00,3555459.15,127422.08
CZ09/EUn&0&rDXHP&Ex&HV_AirDist__SupFanMtr/NE-HVAC-FanBelt-CoggedVBelt-Msr/instance-out.sql,10876814.959999999,2399.98,1178766.74,1277404.75,0.0,3682881.23,0.0,4050192.12,3.37,0.0,0.0,0.0,685166.78,0.0,0.0,1648.82,1178766.74,751.16,0.00,3555459.15,127422.08
CZ09/EUn&0&rDXHP&Ex&HV_AirDist__SupFanMtr/NE-HVAC-FanBelt-SynchVBelt-Msr/instance-out.sql,10767527.08,2549.63,1168085.78,1277404.75,0.0,3682881.23,0.0,3951435.54,3.37,0.0,0.0,0.0,685166.78,0.0,0.0,1795.22,1168085.78,754.41,0.00,3555459.15,127422.08
CZ09/Hsp&0&rDXHP&Ex&HV_AirDist__SupFanMtr/NE-HVAC-FanBelt-VBelt-Std/instance-out.sql,5621313.53,718995.16,1514914.81,856282.21,0.0,1182847.3,0.0,1030414.14,78948.38,0.0,0.0,0.0,238911.54,0.0,0.0,139.86,1514914.81,718855.30,0.00,1139112.10,43735.20
CZ09/Hsp&0&rDXHP&Ex&HV_AirDist__SupFanMtr/NE-HVAC-FanBelt-CoggedVBelt-Msr/instance-out.sql,5608135.56,719108.19,1513696.07,856282.21,0.0,1182847.3,0.0,1018350.59,78946.42,0.0,0.0,0.0,238904.79,0.0,0.0,152.24,1513696.07,718955.95,0.00,1139112.10,43735.20
CZ09/Hsp&0&rDXHP&Ex&HV_AirDist__SupFanMtr/NE-HVAC-FanBelt-SynchVBelt-Msr/instance-out.sql,5589175.83,719153.87,1511957.75,856282.21,0.0,1182847.3,0.0,1001089.4,78946.48,0.0,0.0,0.0,238898.81,0.0,0.0,171.67,1511957.75,718982.20,0.00,1139112.10,43735.20
CZ09/MBT&0&rDXHP&Ex&HV_AirDist__SupFanMtr/NE-HVAC-FanBelt-VBelt-Std/instance-out.sql,6203222.99,713453.99,461610.96,709539.71,0.0,2167645.51,0.0,1990926.65,1377.85,0.0,0.0,0.0,158668.32,0.0,0.0,487.60,461610.96,712966.39,0.00,1394057.91,773587.60
CZ09/MBT&0&rDXHP&Ex&HV_AirDist__SupFanMtr/NE-HVAC-FanBelt-CoggedVBelt-Msr/instance-out.sql,6187933.72,713539.4299999999,460179.29,709539.71,0.0,2167645.51,0.0,1976983.61,1377.85,0.0,0.0,0.0,158668.32,0.0,0.0,526.34,460179.29,713013.09,0.00,1394057.91,773587.60
CZ09/MBT&0&rDXHP&Ex&HV_AirDist__SupFanMtr/NE-HVAC-FanBelt-SynchVBelt-Msr/instance-out.sql,6166111.199999999,713669.28,458143.27,709539.71,0.0,2167645.51,0.0,1957067.25,1377.85,0.0,0.0,0.0,158668.32,0.0,0.0,586.80,458143.27,713082.48,0.00,1394057.91,773587.60
CZ09/MLI&0&rDXHP&Ex&HV_AirDist__SupFanMtr/NE-HVAC-FanBelt-VBelt-Std/instance-out.sql,1514214.69,1183.37,177506.64,283149.19,0.0,239893.0,0.0,767886.08,3.37,0.0,0.0,0.0,44593.04,0.0,0.0,1183.37,177506.64,0.00,0.00,239893.00,0.00
CZ09/MLI&0&rDXHP&Ex&HV_AirDist__SupFanMtr/NE-HVAC-FanBelt-CoggedVBelt-Msr/instance-out.sql,1497723.25,1247.43,176007.73,283149.19,0.0,239893.0,0.0,752829.49,3.37,0.0,0.0,0.0,44593.04,0.0,0.0,1247.43,176007.73,0.00,0.00,239893.00,0.00
CZ09/MLI&0&rDXHP&Ex&HV_AirDist__SupFanMtr/NE-HVAC-FanBelt-SynchVBelt-Msr/instance-out.sql,1474176.93,1345.51,173872.74,283149.19,0.0,239893.0,0.0,731320.07,3.37,0.0,0.0,0.0,44593.04,0.0,0.0,1345.51,173872.74,0.00,0.00,239893.00,0.00
CZ09/Mtl&0&rDXHP&Ex&HV_AirDist__SupFanMtr/NE-HVAC-FanBelt-VBelt-Std/instance-out.sql,246735.64,153.56,41690.23,51285.47,0.0,22443.33,0.0,123527.23,3.36,0.0,0.0,0.0,7632.45,0.0,0.0,153.56,41690.23,0.00,0.00,22191.36,251.97
CZ09/Mtl&0&rDXHP&Ex&HV_AirDist__SupFanMtr/NE-HVAC-FanBelt-CoggedVBelt-Msr/instance-out.sql,244091.19,163.29,41435.37,51285.47,0.0,22443.33,0.0,121127.92,3.36,0.0,0.0,0.0,7632.45,0.0,0.0,163.29,41435.37,0.00,0.00,22191.36,251.97
CZ09/Mtl&0&rDXHP&Ex&HV_AirDist__SupFanMtr/NE-HVAC-FanBelt-SynchVBelt-Msr/instance-out.sql,240315.41,178.15,41072.02,51285.47,0.0,22443.33,0.0,117700.62,3.36,0.0,0.0,0.0,7632.45,0.0,0.0,178.15,41072.02,0.00,0.00,22191.36,251.97
CZ09/Nrs&0&rDXHP&Ex&HV_AirDist__SupFanMtr/NE-HVAC-FanBelt-VBelt-Std/instance-out.sql,1232474.72,77570.06,173278.14,200868.06,0.0,347425.87,0.0,328895.27,168.49,0.0,0.0,0.0,104268.83,0.0,0.0,149.20,173278.14,77420.86,0.00,281574.59,65851.28
CZ09/Nrs&0&rDXHP&Ex&HV_AirDist__SupFanMtr/NE-HVAC-FanBelt-CoggedVBelt-Msr/instance-out.sql,1227647.73,77585.7,172816.05,200868.06,0.0,347425.87,0.0,324437.52,168.52,0.0,0.0,0.0,104346.0,0.0,0.0,159.67,172816.05,77426.03,0.00,281574.59,65851.28
CZ09/Nrs&0&rDXHP&Ex&HV_AirDist__SupFanMtr/NE-HVAC-FanBelt-SynchVBelt-Msr/instance-out.sql,1220537.98,77635.52,172152.29,200868.06,0.0,347425.87,0.0,318073.33,168.6,0.0,0.0,0.0,104214.31,0.0,0.0,175.64,172152.29,77459.88,0.00,281574.59,65851.28
CZ09/OfL&0&rDXHP&Ex&HV_AirDist__SupFanMtr/NE-HVAC-FanBelt-VBelt-Std/instance-out.sql,3920095.87,36461.68,602523.19,462712.61,0.0,829334.66,0.0,1871181.06,8570.25,0.0,0.0,0.0,109312.41,0.0,0.0,379.44,602523.19,36082.24,0.00,829334.66,0.00
CZ09/OfL&0&rDXHP&Ex&HV_AirDist__SupFanMtr/NE-HVAC-FanBelt-CoggedVBelt-Msr/instance-out.sql,3880502.46,36443.78,598960.78,462712.61,0.0,829334.66,0.0,1835167.98,8570.23,0.0,0.0,0.0,109312.41,0.0,0.0,400.79,598960.78,36042.99,0.00,829334.66,0.00
CZ09/OfL&0&rDXHP&Ex&HV_AirDist__SupFanMtr/NE-HVAC-FanBelt-SynchVBelt-Msr/instance-out.sql,3824022.06,36479.7,593878.95,462712.61,0.0,829334.66,0.0,1783733.49,8570.23,0.0,0.0,0.0,109312.41,0.0,0.0,436.28,593878.95,36043.42,0.00,829334.66,0.00
CZ09/OfS&0&rDXHP&Ex&HV_AirDist__SupFanMtr/NE-HVAC-FanBelt-VBelt-Std/instance-out.sql,234988.2,23.16,31199.81,23737.13,0.0,29387.4,0.0,130165.81,1.13,0.0,0.0,0.0,20473.75,0.0,0.0,23.16,31199.81,0.00,0.00,29387.40,0.00
CZ09/OfS&0&rDXHP&Ex&HV_AirDist__SupFanMtr/NE-HVAC-FanBelt-CoggedVBelt-Msr/instance-out.sql,232179.81,24.78,30941.83,23737.13,0.0,29387.4,0.0,127613.78,1.13,0.0,0.0,0.0,20473.75,0.0,0.0,24.78,30941.83,0.00,0.00,29387.40,0.00
CZ09/OfS&0&rDXHP&Ex&HV_AirDist__SupFanMtr/NE-HVAC-FanBelt-SynchVBelt-Msr/instance-out.sql,228168.98,27.39,30574.85,23737.13,0.0,29387.4,0.0,123967.33,1.13,0.0,0.0,0.0,20473.75,0.0,0.0,27.39,30574.85,0.00,0.00,29387.40,0.00
CZ09/RFF&0&rDXHP&Ex&HV_AirDist__SupFanMtr/NE-HVAC-FanBelt-VBelt-Std/instance-out.sql,141071.74,10.56,17896.16,13247.63,0.0,37903.17,0.0,48149.08,3.37,0.0,0.0,0.0,23861.77,0.0,0.0,10.56,17896.16,0.00,0.00,18423.46,19479.71
CZ09/RFF&0&rDXHP&Ex&HV_AirDist__SupFanMtr/NE-HVAC-FanBelt-CoggedVBelt-Msr/instance-out.sql,140327.42,11.81,17831.55,13247.63,0.0,37903.17,0.0,47468.12,3.37,0.0,0.0,0.0,23861.77,0.0,0.0,11.81,17831.55,0.00,0.00,18423.46,19479.71
CZ09/RFF&0&rDXHP&Ex&HV_AirDist__SupFanMtr/NE-HVAC-FanBelt-SynchVBelt-Msr/instance-out.sql,139264.96,13.98,17739.71,13247.63,0.0,37903.17,0.0,46495.32,3.37,0.0,0.0,0.0,23861.77,0.0,0.0,13.98,17739.71,0.00,0.00,18423.46,19479.71
CZ09/RSD&0&rDXHP&Ex&HV_AirDist__SupFanMtr/NE-HVAC-FanBelt-VBelt-Std/instance-out.sql,328470.16000000003,54840.729999999996,46094.93,36047.32,0.0,76546.73,0.0,54693.1,52.77,0.0,0.0,0.0,60194.59,0.0,0.0,2.84,46094.93,54837.89,0.00,37475.60,39071.13
CZ09/RSD&0&rDXHP&Ex&HV_AirDist__SupFanMtr/NE-HVAC-FanBelt-CoggedVBelt-Msr/instance-out.sql,328122.06,54842.149999999994,46063.59,36047.32,0.0,76546.73,0.0,54374.92,52.77,0.0,0.0,0.0,60194.59,0.0,0.0,3.31,46063.59,54838.84,0.00,37475.60,39071.13
CZ09/RSD&0&rDXHP&Ex&HV_AirDist__SupFanMtr/NE-HVAC-FanBelt-SynchVBelt-Msr/instance-out.sql,327624.99,54844.159999999996,46019.06,36047.32,0.0,76546.73,0.0,53920.37,52.77,0.0,0.0,0.0,60194.59,0.0,0.0,4.07,46019.06,54840.09,0.00,37475.60,39071.13
CZ09/Rt3&0&rDXHP&Ex&HV_AirDist__SupFanMtr/NE-HVAC-FanBelt-VBelt-Std/instance-out.sql,2921554.53,569.0799999999999,335294.55,774348.97,0.0,436362.0,0.0,1217730.48,3.38,0.0,0.0,0.0,157246.07,0.0,0.0,543.02,335294.55,26.06,0.00,436362.00,0.00
CZ09/Rt3&0&rDXHP&Ex&HV_AirDist__SupFanMtr/NE-HVAC-FanBelt-CoggedVBelt-Msr/instance-out.sql,2895445.18,591.77,332557.08,774348.97,0.0,436362.0,0.0,1194335.92,3.38,0.0,0.0,0.0,157246.07,0.0,0.0,565.65,332557.08,26.12,0.00,436362.00,0.00
CZ09/Rt3&0&rDXHP&Ex&HV_AirDist__SupFanMtr/NE-HVAC-FanBelt-SynchVBelt-Msr/instance-out.sql,2858118.4099999997,626.3,328662.36,774348.97,0.0,436362.0,0.0,1160869.33,3.38,0.0,0.0,0.0,157246.07,0.0,0.0,600.03,328662.36,26.27,0.00,436362.00,0.00
CZ09/RtL&0&rDXHP&Ex&HV_AirDist__SupFanMtr/NE-HVAC-FanBelt-VBelt-Std/instance-out.sql,2881430.5,351.97,346249.24,767420.15,0.0,509200.67,0.0,1142340.86,3.39,0.0,0.0,0.0,115864.22,0.0,0.0,351.97,346249.24,0.00,0.00,468847.72,40352.95
CZ09/RtL&0&rDXHP&Ex&HV_AirDist__SupFanMtr/NE-HVAC-FanBelt-CoggedVBelt-Msr/instance-out.sql,2856945.19,368.83,343641.04,767420.15,0.0,509200.67,0.0,1120446.89,3.39,0.0,0.0,0.0,115864.22,0.0,0.0,368.83,343641.04,0.00,0.00,468847.72,40352.95
CZ09/RtL&0&rDXHP&Ex&HV_AirDist__SupFanMtr/NE-HVAC-FanBelt-SynchVBelt-Msr/instance-out.sql,2821983.7199999997,394.55,339930.96,767420.15,0.0,509200.67,0.0,1089169.79,3.39,0.0,0.0,0.0,115864.22,0.0,0.0,394.55,339930.96,0.00,0.00,468847.72,40352.95
CZ09/RtS&0&rDXHP&Ex&HV_AirDist__SupFanMtr/NE-HVAC-FanBelt-VBelt-Std/instance-out.sql,185926.33000000002,110.53,23989.72,44599.63,0.0,24440.79,0.0,77991.29,3.36,0.0,0.0,0.0,14791.01,0.0,0.0,110.53,23989.72,0.00,0.00,24440.79,0.00
CZ09/RtS&0&rDXHP&Ex&HV_AirDist__SupFanMtr/NE-HVAC-FanBelt-CoggedVBelt-Msr/instance-out.sql,184219.91999999998,116.39,23806.68,44599.63,0.0,24440.79,0.0,76462.05,3.36,0.0,0.0,0.0,14791.02,0.0,0.0,116.39,23806.68,0.00,0.00,24440.79,0.00
CZ09/RtS&0&rDXHP&Ex&HV_AirDist__SupFanMtr/NE-HVAC-FanBelt-SynchVBelt-Msr/instance-out.sql,181782.94,125.19,23545.51,44599.63,0.0,24440.79,0.0,74277.42,3.36,0.0,0.0,0.0,14791.03,0.0,0.0,125.19,23545.51,0.00,0.00,24440.79,0.00
CZ09/SCn&0&rDXHP&Ex&HV_AirDist__SupFanMtr/NE-HVAC-FanBelt-VBelt-Std/instance-out.sql,4725183.23,11255.43,599300.59,850055.03,0.0,449066.39,0.0,2737823.15,3.36,0.0,0.0,0.0,77679.29,0.0,0.0,11255.43,599300.59,0.00,0.00,449066.39,0.00
CZ09/SCn&0&rDXHP&Ex&HV_AirDist__SupFanMtr/NE-HVAC-FanBelt-CoggedVBelt-Msr/instance-out.sql,4665771.42,11532.95,593806.89,850055.03,0.0,449066.39,0.0,2683627.52,3.36,0.0,0.0,0.0,77679.29,0.0,0.0,11532.95,593806.89,0.00,0.00,449066.39,0.00
CZ09/SCn&0&rDXHP&Ex&HV_AirDist__SupFanMtr/NE-HVAC-FanBelt-SynchVBelt-Msr/instance-out.sql,4582055.39,12329.63,585969.25,850055.03,0.0,449066.39,0.0,2606952.44,3.36,0.0,0.0,0.0,77679.29,0.0,0.0,12329.63,585969.25,0.00,0.00,449066.39,0.00
CZ10/Asm&0&rDXHP&Ex&HV_AirDist__SupFanMtr/NE-HVAC-FanBelt-VBelt-Std/instance-out.sql,1009958.23,11791.83,214325.97,153727.01,0.0,145823.51,0.0,463358.05,3.36,0.0,0.0,0.0,20928.5,0.0,0.0,11791.83,214325.97,0.00,0.00,145823.51,0.00
CZ10/Asm&0&rDXHP&Ex&HV_AirDist__SupFanMtr/NE-HVAC-FanBelt-CoggedVBelt-Msr/instance-out.sql,999850.46,12050.97,213044.52,153727.01,0.0,145823.51,0.0,454272.59,3.36,0.0,0.0,0.0,20928.5,0.0,0.0,12050.97,213044.52,0.00,0.00,145823.51,0.00
CZ10/Asm&0&rDXHP&Ex&HV_AirDist__SupFanMtr/NE-HVAC-FanBelt-SynchVBelt-Msr/instance-out.sql,985422.2,12431.71,211214.74,153727.01,0.0,145823.51,0.0,441293.38,3.36,0.0,0.0,0.0,20928.5,0.0,0.0,12431.71,211214.74,0.00,0.00,145823.51,0.00
CZ10/ECC&0&rDXHP&Ex&HV_AirDist__SupFanMtr/NE-HVAC-FanBelt-VBelt-Std/instance-out.sql,3567238.17,4326.81,531174.23,358430.2,0.0,1013813.91,0.0,1256341.05,2180.4,0.0,0.0,0.0,400971.56,0.0,0.0,4239.22,531174.23,87.59,0.00,945189.93,68623.98
CZ10/ECC&0&rDXHP&Ex&HV_AirDist__SupFanMtr/NE-HVAC-FanBelt-CoggedVBelt-Msr/instance-out.sql,3542049.88,4468.15,527893.37,358430.2,0.0,1013813.91,0.0,1234292.89,2180.28,0.0,0.0,0.0,400971.07,0.0,0.0,4381.28,527893.37,86.87,0.00,945189.93,68623.98
CZ10/ECC&0&rDXHP&Ex&HV_AirDist__SupFanMtr/NE-HVAC-FanBelt-SynchVBelt-Msr/instance-out.sql,3506085.69,4677.41,523216.68,358430.2,0.0,1013813.91,0.0,1202796.22,2180.3,0.0,0.0,0.0,400970.96,0.0,0.0,4593.26,523216.68,84.15,0.00,945189.93,68623.98
CZ10/EPr&0&rDXHP&Ex&HV_AirDist__SupFanMtr/NE-HVAC-FanBelt-VBelt-Std/instance-out.sql,531932.6799999999,1432.04,85215.58,64700.97,0.0,125897.03,0.0,177629.29,3.37,0.0,0.0,0.0,77054.41,0.0,0.0,1432.04,85215.58,0.00,0.00,83226.75,42670.28
CZ10/EPr&0&rDXHP&Ex&HV_AirDist__SupFanMtr/NE-HVAC-FanBelt-CoggedVBelt-Msr/instance-out.sql,528489.88,1472.49,84752.25,64700.97,0.0,125897.03,0.0,174609.36,3.37,0.0,0.0,0.0,77054.41,0.0,0.0,1472.49,84752.25,0.00,0.00,83226.75,42670.28
CZ10/EPr&0&rDXHP&Ex&HV_AirDist__SupFanMtr/NE-HVAC-FanBelt-SynchVBelt-Msr/instance-out.sql,523572.6,1531.64,84091.54,64700.97,0.0,125897.03,0.0,170293.61,3.37,0.0,0.0,0.0,77054.44,0.0,0.0,1531.64,84091.54,0.00,0.00,83226.75,42670.28
CZ10/ERC&0&rDXHP&Ex&HV_AirDist__SupFanMtr/NE-HVAC-FanBelt-VBelt-Std/instance-out.sql,25229.04,95.82,3203.03,2224.35,0.0,2196.82,0.0,8531.76,3.36,0.0,0.0,0.0,8973.89,0.0,0.0,95.82,3203.03,0.00,0.00,2196.82,0.00
CZ10/ERC&0&rDXHP&Ex&HV_AirDist__SupFanMtr/NE-HVAC-FanBelt-CoggedVBelt-Msr/instance-out.sql,25039.86,98.55,3178.3,2224.35,0.0,2196.82,0.0,8364.59,3.36,0.0,0.0,0.0,8973.89,0.0,0.0,98.55,3178.30,0.00,0.00,2196.82,0.00
CZ10/ERC&0&rDXHP&Ex&HV_AirDist__SupFanMtr/NE-HVAC-FanBelt-SynchVBelt-Msr/instance-out.sql,24770.59,102.59,3143.04,2224.35,0.0,2196.82,0.0,8126.53,3.36,0.0,0.0,0.0,8973.89,0.0,0.0,102.59,3143.04,0.00,0.00,2196.82,0.00
CZ10/ESe&0&rDXHP&Ex&HV_AirDist__SupFanMtr/NE-HVAC-FanBelt-VBelt-Std/instance-out.sql,1502252.03,31206.54,236179.5,197959.32,0.0,323176.74,0.0,503370.59,3.39,0.0,0.0,0.0,210355.95,0.0,0.0,865.71,236179.50,30340.83,0.00,259085.82,64090.92
CZ10/ESe&0&rDXHP&Ex&HV_AirDist__SupFanMtr/NE-HVAC-FanBelt-CoggedVBelt-Msr/instance-out.sql,1497983.06,31254.289999999997,235612.83,197959.32,0.0,323176.74,0.0,499620.53,3.39,0.0,0.0,0.0,210355.95,0.0,0.0,894.60,235612.83,30359.69,0.00,259085.82,64090.92
CZ10/ESe&0&rDXHP&Ex&HV_AirDist__SupFanMtr/NE-HVAC-FanBelt-SynchVBelt-Msr/instance-out.sql,1491857.6400000001,31279.65,234808.65,197959.32,0.0,323176.74,0.0,494273.94,3.39,0.0,0.0,0.0,210355.95,0.0,0.0,934.72,234808.65,30344.93,0.00,259085.82,64090.92
CZ10/EUn&0&rDXHP&Ex&HV_AirDist__SupFanMtr/NE-HVAC-FanBelt-VBelt-Std/instance-out.sql,11198251.059999999,10170.43,1511865.07,1277404.75,0.0,3682881.23,0.0,4037243.84,3.37,0.0,0.0,0.0,678682.37,0.0,0.0,8097.52,1511865.07,2072.91,0.00,3555459.15,127422.08
CZ10/EUn&0&rDXHP&Ex&HV_AirDist__SupFanMtr/NE-HVAC-FanBelt-CoggedVBelt-Msr/instance-out.sql,11122401.44,10521.38,1503084.75,1277404.75,0.0,3682881.23,0.0,3969823.58,3.37,0.0,0.0,0.0,678682.38,0.0,0.0,8442.64,1503084.75,2078.74,0.00,3555459.15,127422.08
CZ10/EUn&0&rDXHP&Ex&HV_AirDist__SupFanMtr/NE-HVAC-FanBelt-SynchVBelt-Msr/instance-out.sql,11014133.32,11048.009999999998,1490587.4,1277404.75,0.0,3682881.23,0.0,3873526.15,3.37,0.0,0.0,0.0,678682.39,0.0,0.0,8960.88,1490587.40,2087.13,0.00,3555459.15,127422.08
CZ10/Hsp&0&rDXHP&Ex&HV_AirDist__SupFanMtr/NE-HVAC-FanBelt-VBelt-Std/instance-out.sql,6167609.970000001,1015926.18,1673643.85,856282.21,0.0,1182847.3,0.0,1119225.95,82716.14,0.0,0.0,0.0,236968.35,0.0,0.0,1187.79,1673643.85,1014738.39,0.00,1139112.10,43735.20
CZ10/Hsp&0&rDXHP&Ex&HV_AirDist__SupFanMtr/NE-HVAC-FanBelt-CoggedVBelt-Msr/instance-out.sql,6153629.62,1016039.72,1672144.03,856282.21,0.0,1182847.3,0.0,1106612.75,82729.89,0.0,0.0,0.0,236973.72,0.0,0.0,1240.40,1672144.03,1014799.32,0.00,1139112.10,43735.20
CZ10/Hsp&0&rDXHP&Ex&HV_AirDist__SupFanMtr/NE-HVAC-FanBelt-SynchVBelt-Msr/instance-out.sql,6133650.12,1016218.81,1669954.34,856282.21,0.0,1182847.3,0.0,1088623.35,82717.36,0.0,0.0,0.0,237006.75,0.0,0.0,1319.81,1669954.34,1014899.00,0.00,1139112.10,43735.20
CZ10/MBT&0&rDXHP&Ex&HV_AirDist__SupFanMtr/NE-HVAC-FanBelt-VBelt-Std/instance-out.sql,6915541.77,1169324.25,725972.14,709539.71,0.0,2167645.51,0.0,1984261.93,1370.59,0.0,0.0,0.0,157427.63,0.0,0.0,3131.22,725972.14,1166193.03,0.00,1394057.91,773587.60
CZ10/MBT&0&rDXHP&Ex&HV_AirDist__SupFanMtr/NE-HVAC-FanBelt-CoggedVBelt-Msr/instance-out.sql,6900057.28,1169523.2899999998,724234.19,709539.71,0.0,2167645.51,0.0,1970316.34,1370.59,0.0,0.0,0.0,157427.63,0.0,0.0,3266.65,724234.19,1166256.64,0.00,1394057.91,773587.60
CZ10/MBT&0&rDXHP&Ex&HV_AirDist__SupFanMtr/NE-HVAC-FanBelt-SynchVBelt-Msr/instance-out.sql,6877956.4399999995,1169818.29,721758.31,709539.71,0.0,2167645.51,0.0,1950396.46,1370.53,0.0,0.0,0.0,157427.63,0.0,0.0,3467.80,721758.31,1166350.49,0.00,1394057.91,773587.60
CZ10/MLI&0&rDXHP&Ex&HV_AirDist__SupFanMtr/NE-HVAC-FanBelt-VBelt-Std/instance-out.sql,1579107.11,4153.4,229369.96,283149.19,0.0,239893.0,0.0,778264.18,3.37,0.0,0.0,0.0,44274.01,0.0,0.0,4153.40,229369.96,0.00,0.00,239893.00,0.00
CZ10/MLI&0&rDXHP&Ex&HV_AirDist__SupFanMtr/NE-HVAC-FanBelt-CoggedVBelt-Msr/instance-out.sql,1562205.36,4346.26,227535.83,283149.19,0.0,239893.0,0.0,763004.09,3.37,0.0,0.0,0.0,44273.61,0.0,0.0,4346.26,227535.83,0.00,0.00,239893.00,0.00
CZ10/MLI&0&rDXHP&Ex&HV_AirDist__SupFanMtr/NE-HVAC-FanBelt-SynchVBelt-Msr/instance-out.sql,1538088.57,4638.63,224926.79,283149.19,0.0,239893.0,0.0,741203.98,3.37,0.0,0.0,0.0,44273.61,0.0,0.0,4638.63,224926.79,0.00,0.00,239893.00,0.00
CZ10/Mtl&0&rDXHP&Ex&HV_AirDist__SupFanMtr/NE-HVAC-FanBelt-VBelt-Std/instance-out.sql,261531.75,821.16,54045.2,51285.47,0.0,22443.33,0.0,125309.97,3.36,0.0,0.0,0.0,7623.25,0.0,0.0,821.16,54045.20,0.00,0.00,22191.36,251.97
CZ10/Mtl&0&rDXHP&Ex&HV_AirDist__SupFanMtr/NE-HVAC-FanBelt-CoggedVBelt-Msr/instance-out.sql,258815.01,850.1,53732.54,51285.47,0.0,22443.33,0.0,122876.95,3.36,0.0,0.0,0.0,7623.25,0.0,0.0,850.10,53732.54,0.00,0.00,22191.36,251.97
CZ10/Mtl&0&rDXHP&Ex&HV_AirDist__SupFanMtr/NE-HVAC-FanBelt-SynchVBelt-Msr/instance-out.sql,254929.58,893.86,53285.49,51285.47,0.0,22443.33,0.0,119394.81,3.36,0.0,0.0,0.0,7623.25,0.0,0.0,893.86,53285.49,0.00,0.00,22191.36,251.97
CZ10/Nrs&0&rDXHP&Ex&HV_AirDist__SupFanMtr/NE-HVAC-FanBelt-VBelt-Std/instance-out.sql,1284991.26,96171.77,202327.56,200868.06,0.0,347425.87,0.0,334909.84,99.91,0.0,0.0,0.0,103188.25,0.0,0.0,994.39,202327.56,95177.38,0.00,281574.59,65851.28
CZ10/Nrs&0&rDXHP&Ex&HV_AirDist__SupFanMtr/NE-HVAC-FanBelt-CoggedVBelt-Msr/instance-out.sql,1279970.9300000002,96278.49,201762.67,200868.06,0.0,347425.87,0.0,330418.15,99.81,0.0,0.0,0.0,103117.88,0.0,0.0,1028.28,201762.67,95250.21,0.00,281574.59,65851.28
CZ10/Nrs&0&rDXHP&Ex&HV_AirDist__SupFanMtr/NE-HVAC-FanBelt-SynchVBelt-Msr/instance-out.sql,1272972.79,96374.16,200963.82,200868.06,0.0,347425.87,0.0,323995.74,99.76,0.0,0.0,0.0,103245.38,0.0,0.0,1077.60,200963.82,95296.56,0.00,281574.59,65851.28
CZ10/OfL&0&rDXHP&Ex&HV_AirDist__SupFanMtr/NE-HVAC-FanBelt-VBelt-Std/instance-out.sql,3942113.83,62542.07000000001,696567.12,462712.61,0.0,829334.66,0.0,1774457.46,8036.95,0.0,0.0,0.0,108462.96,0.0,0.0,1415.16,696567.12,61126.91,0.00,829334.66,0.00
CZ10/OfL&0&rDXHP&Ex&HV_AirDist__SupFanMtr/NE-HVAC-FanBelt-CoggedVBelt-Msr/instance-out.sql,3903964.98,62596.479999999996,692327.08,462712.61,0.0,829334.66,0.0,1740494.23,8036.95,0.0,0.0,0.0,108462.96,0.0,0.0,1469.96,692327.08,61126.52,0.00,829334.66,0.00
CZ10/OfL&0&rDXHP&Ex&HV_AirDist__SupFanMtr/NE-HVAC-FanBelt-SynchVBelt-Msr/instance-out.sql,3849483.79,62683.2,686291.1,462712.61,0.0,829334.66,0.0,1691962.31,8036.95,0.0,0.0,0.0,108462.96,0.0,0.0,1557.35,686291.10,61125.85,0.00,829334.66,0.00
CZ10/OfS&0&rDXHP&Ex&HV_AirDist__SupFanMtr/NE-HVAC-FanBelt-VBelt-Std/instance-out.sql,231862.03,236.47,37100.35,23737.13,0.0,29387.4,0.0,121055.53,1.13,0.0,0.0,0.0,20344.0,0.0,0.0,236.47,37100.35,0.00,0.00,29387.40,0.00
CZ10/OfS&0&rDXHP&Ex&HV_AirDist__SupFanMtr/NE-HVAC-FanBelt-CoggedVBelt-Msr/instance-out.sql,229196.66,243.57,36801.32,23737.13,0.0,29387.4,0.0,118682.11,1.13,0.0,0.0,0.0,20344.0,0.0,0.0,243.57,36801.32,0.00,0.00,29387.40,0.00
CZ10/OfS&0&rDXHP&Ex&HV_AirDist__SupFanMtr/NE-HVAC-FanBelt-SynchVBelt-Msr/instance-out.sql,225387.63,254.53,36375.05,23737.13,0.0,29387.4,0.0,115288.39,1.13,0.0,0.0,0.0,20344.0,0.0,0.0,254.53,36375.05,0.00,0.00,29387.40,0.00
CZ10/RFF&0&rDXHP&Ex&HV_AirDist__SupFanMtr/NE-HVAC-FanBelt-VBelt-Std/instance-out.sql,145492.37,162.88,21302.18,13247.63,0.0,37903.17,0.0,49155.4,3.37,0.0,0.0,0.0,23717.73,0.0,0.0,162.66,21302.18,0.22,0.00,18423.46,19479.71
CZ10/RFF&0&rDXHP&Ex&HV_AirDist__SupFanMtr/NE-HVAC-FanBelt-CoggedVBelt-Msr/instance-out.sql,144746.38,170.51,21223.81,13247.63,0.0,37903.17,0.0,48480.16,3.37,0.0,0.0,0.0,23717.73,0.0,0.0,170.29,21223.81,0.22,0.00,18423.46,19479.71
CZ10/RFF&0&rDXHP&Ex&HV_AirDist__SupFanMtr/NE-HVAC-FanBelt-SynchVBelt-Msr/instance-out.sql,143682.04,182.47,21112.13,13247.63,0.0,37903.17,0.0,47515.53,3.37,0.0,0.0,0.0,23717.73,0.0,0.0,182.25,21112.13,0.22,0.00,18423.46,19479.71
CZ10/RSD&0&rDXHP&Ex&HV_AirDist__SupFanMtr/NE-HVAC-FanBelt-VBelt-Std/instance-out.sql,356555.64,69629.54999999999,54474.23,36047.32,0.0,76546.73,0.0,60032.04,64.53,0.0,0.0,0.0,59761.25,0.0,0.0,84.62,54474.23,69544.93,0.00,37475.60,39071.13
CZ10/RSD&0&rDXHP&Ex&HV_AirDist__SupFanMtr/NE-HVAC-FanBelt-CoggedVBelt-Msr/instance-out.sql,356215.43,69636.26,54437.6,36047.32,0.0,76546.73,0.0,59721.74,64.54,0.0,0.0,0.0,59761.25,0.0,0.0,88.00,54437.60,69548.26,0.00,37475.60,39071.13
CZ10/RSD&0&rDXHP&Ex&HV_AirDist__SupFanMtr/NE-HVAC-FanBelt-SynchVBelt-Msr/instance-out.sql,355726.51,69643.39,54384.83,36047.32,0.0,76546.73,0.0,59278.46,64.54,0.0,0.0,0.0,59761.25,0.0,0.0,93.12,54384.83,69550.27,0.00,37475.60,39071.13
CZ10/Rt3&0&rDXHP&Ex&HV_AirDist__SupFanMtr/NE-HVAC-FanBelt-VBelt-Std/instance-out.sql,3097221.03,3254.94,458047.26,774348.97,0.0,436362.0,0.0,1269164.36,3.38,0.0,0.0,0.0,156040.14,0.0,0.0,2969.00,458047.26,285.94,0.00,436362.00,0.00
CZ10/Rt3&0&rDXHP&Ex&HV_AirDist__SupFanMtr/NE-HVAC-FanBelt-CoggedVBelt-Msr/instance-out.sql,3069647.23,3359.4700000000003,454718.36,774348.97,0.0,436362.0,0.0,1244814.92,3.38,0.0,0.0,0.0,156040.14,0.0,0.0,3073.05,454718.36,286.42,0.00,436362.00,0.00
CZ10/Rt3&0&rDXHP&Ex&HV_AirDist__SupFanMtr/NE-HVAC-FanBelt-SynchVBelt-Msr/instance-out.sql,3030314.8600000003,3516.4300000000003,449974.26,774348.97,0.0,436362.0,0.0,1210069.68,3.38,0.0,0.0,0.0,156040.13,0.0,0.0,3229.19,449974.26,287.24,0.00,436362.00,0.00
CZ10/RtL&0&rDXHP&Ex&HV_AirDist__SupFanMtr/NE-HVAC-FanBelt-VBelt-Std/instance-out.sql,2968783.6599999997,1247.34,442121.06,767420.15,0.0,509200.67,0.0,1133798.93,3.39,0.0,0.0,0.0,114992.12,0.0,0.0,1247.34,442121.06,0.00,0.00,468847.72,40352.95
CZ10/RtL&0&rDXHP&Ex&HV_AirDist__SupFanMtr/NE-HVAC-FanBelt-CoggedVBelt-Msr/instance-out.sql,2944097.9899999998,1311.93,439113.55,767420.15,0.0,509200.67,0.0,1112056.18,3.39,0.0,0.0,0.0,114992.13,0.0,0.0,1311.93,439113.55,0.00,0.00,468847.72,40352.95
CZ10/RtL&0&rDXHP&Ex&HV_AirDist__SupFanMtr/NE-HVAC-FanBelt-SynchVBelt-Msr/instance-out.sql,2908846.8899999997,1412.74,434822.71,767420.15,0.0,509200.67,0.0,1080995.12,3.39,0.0,0.0,0.0,114992.12,0.0,0.0,1412.74,434822.71,0.00,0.00,468847.72,40352.95
CZ10/RtS&0&rDXHP&Ex&HV_AirDist__SupFanMtr/NE-HVAC-FanBelt-VBelt-Std/instance-out.sql,200231.24,514.42,32501.18,44599.63,0.0,24440.79,0.0,83450.57,3.36,0.0,0.0,0.0,14721.28,0.0,0.0,514.42,32501.18,0.00,0.00,24440.79,0.00
CZ10/RtS&0&rDXHP&Ex&HV_AirDist__SupFanMtr/NE-HVAC-FanBelt-CoggedVBelt-Msr/instance-out.sql,198388.34,532.6,32276.39,44599.63,0.0,24440.79,0.0,81814.29,3.36,0.0,0.0,0.0,14721.28,0.0,0.0,532.60,32276.39,0.00,0.00,24440.79,0.00
CZ10/RtS&0&rDXHP&Ex&HV_AirDist__SupFanMtr/NE-HVAC-FanBelt-SynchVBelt-Msr/instance-out.sql,195756.66,559.3,31954.98,44599.63,0.0,24440.79,0.0,79477.32,3.36,0.0,0.0,0.0,14721.28,0.0,0.0,559.30,31954.98,0.00,0.00,24440.79,0.00
CZ10/SCn&0&rDXHP&Ex&HV_AirDist__SupFanMtr/NE-HVAC-FanBelt-VBelt-Std/instance-out.sql,4998531.14,31221.76,816807.89,850055.03,0.0,449066.39,0.0,2774289.71,3.36,0.0,0.0,0.0,77087.01,0.0,0.0,31221.76,816807.89,0.00,0.00,449066.39,0.00
CZ10/SCn&0&rDXHP&Ex&HV_AirDist__SupFanMtr/NE-HVAC-FanBelt-CoggedVBelt-Msr/instance-out.sql,4938419.71,32480.69,809875.21,850055.03,0.0,449066.39,0.0,2719852.02,3.36,0.0,0.0,0.0,77087.01,0.0,0.0,32480.69,809875.21,0.00,0.00,449066.39,0.00
CZ10/SCn&0&rDXHP&Ex&HV_AirDist__SupFanMtr/NE-HVAC-FanBelt-SynchVBelt-Msr/instance-out.sql,4852887.77,34457.37,799979.85,850055.03,0.0,449066.39,0.0,2642238.76,3.36,0.0,0.0,0.0,77087.01,0.0,0.0,34457.37,799979.85,0.00,0.00,449066.39,0.00
CZ11/Asm&0&rDXHP&Ex&HV_AirDist__SupFanMtr/NE-HVAC-FanBelt-VBelt-Std/instance-out.sql,1071266.29,34460.16,237202.87,153727.01,0.0,145823.51,0.0,478788.3,3.36,0.0,0.0,0.0,21261.08,0.0,0.0,34460.16,237202.87,0.00,0.00,145823.51,0.00
CZ11/Asm&0&rDXHP&Ex&HV_AirDist__SupFanMtr/NE-HVAC-FanBelt-CoggedVBelt-Msr/instance-out.sql,1061264.98,35039.54,236010.19,153727.01,0.0,145823.51,0.0,469400.29,3.36,0.0,0.0,0.0,21261.08,0.0,0.0,35039.54,236010.19,0.00,0.00,145823.51,0.00
CZ11/Asm&0&rDXHP&Ex&HV_AirDist__SupFanMtr/NE-HVAC-FanBelt-SynchVBelt-Msr/instance-out.sql,1046989.0199999999,35876.88,234308.32,153727.01,0.0,145823.51,0.0,455988.86,3.36,0.0,0.0,0.0,21261.08,0.0,0.0,35876.88,234308.32,0.00,0.00,145823.51,0.00
CZ11/ECC&0&rDXHP&Ex&HV_AirDist__SupFanMtr/NE-HVAC-FanBelt-VBelt-Std/instance-out.sql,3662964.02,11224.92,551110.42,358430.2,0.0,1013813.91,0.0,1317375.22,1964.42,0.0,0.0,0.0,409044.92,0.0,0.0,10734.03,551110.42,490.89,0.00,945189.93,68623.98
CZ11/ECC&0&rDXHP&Ex&HV_AirDist__SupFanMtr/NE-HVAC-FanBelt-CoggedVBelt-Msr/instance-out.sql,3637019.02,11601.73,547826.36,358430.2,0.0,1013813.91,0.0,1294334.88,1963.93,0.0,0.0,0.0,409048.01,0.0,0.0,11109.02,547826.36,492.71,0.00,945189.93,68623.98
CZ11/ECC&0&rDXHP&Ex&HV_AirDist__SupFanMtr/NE-HVAC-FanBelt-SynchVBelt-Msr/instance-out.sql,3600052.01,12157.710000000001,543157.36,358430.2,0.0,1013813.91,0.0,1261482.77,1963.64,0.0,0.0,0.0,409046.41,0.0,0.0,11663.36,543157.36,494.35,0.00,945189.93,68623.98
CZ11/EPr&0&rDXHP&Ex&HV_AirDist__SupFanMtr/NE-HVAC-FanBelt-VBelt-Std/instance-out.sql,560711.9,4248.91,91274.73,64700.97,0.0,125897.03,0.0,196063.85,3.37,0.0,0.0,0.0,78523.03,0.0,0.0,4248.91,91274.73,0.00,0.00,83226.75,42670.28
CZ11/EPr&0&rDXHP&Ex&HV_AirDist__SupFanMtr/NE-HVAC-FanBelt-CoggedVBelt-Msr/instance-out.sql,557031.65,4360.24,90797.6,64700.97,0.0,125897.03,0.0,192749.41,3.37,0.0,0.0,0.0,78523.03,0.0,0.0,4360.24,90797.60,0.00,0.00,83226.75,42670.28
CZ11/EPr&0&rDXHP&Ex&HV_AirDist__SupFanMtr/NE-HVAC-FanBelt-SynchVBelt-Msr/instance-out.sql,551771.8200000001,4520.16,90114.61,64700.97,0.0,125897.03,0.0,188012.65,3.37,0.0,0.0,0.0,78523.04,0.0,0.0,4520.16,90114.61,0.00,0.00,83226.75,42670.28
CZ11/ERC&0&rDXHP&Ex&HV_AirDist__SupFanMtr/NE-HVAC-FanBelt-VBelt-Std/instance-out.sql,27865.86,272.68,3736.33,2224.35,0.0,2196.82,0.0,10405.4,3.36,0.0,0.0,0.0,9026.92,0.0,0.0,272.68,3736.33,0.00,0.00,2196.82,0.00
CZ11/ERC&0&rDXHP&Ex&HV_AirDist__SupFanMtr/NE-HVAC-FanBelt-CoggedVBelt-Msr/instance-out.sql,27651.64,280.15,3708.83,2224.35,0.0,2196.82,0.0,10211.2,3.36,0.0,0.0,0.0,9026.92,0.0,0.0,280.15,3708.83,0.00,0.00,2196.82,0.00
CZ11/ERC&0&rDXHP&Ex&HV_AirDist__SupFanMtr/NE-HVAC-FanBelt-SynchVBelt-Msr/instance-out.sql,27343.85,291.2,3669.46,2224.35,0.0,2196.82,0.0,9931.74,3.36,0.0,0.0,0.0,9026.92,0.0,0.0,291.20,3669.46,0.00,0.00,2196.82,0.00
CZ11/ESe&0&rDXHP&Ex&HV_AirDist__SupFanMtr/NE-HVAC-FanBelt-VBelt-Std/instance-out.sql,1594498.37,77253.27,248834.99,197959.32,0.0,323176.74,0.0,532358.52,3.39,0.0,0.0,0.0,214912.14,0.0,0.0,2273.50,248834.99,74979.77,0.00,259085.82,64090.92
CZ11/ESe&0&rDXHP&Ex&HV_AirDist__SupFanMtr/NE-HVAC-FanBelt-CoggedVBelt-Msr/instance-out.sql,1590021.88,77330.29,248272.45,197959.32,0.0,323176.74,0.0,528367.56,3.39,0.0,0.0,0.0,214912.14,0.0,0.0,2350.20,248272.45,74980.09,0.00,259085.82,64090.92
CZ11/ESe&0&rDXHP&Ex&HV_AirDist__SupFanMtr/NE-HVAC-FanBelt-SynchVBelt-Msr/instance-out.sql,1583629.6099999999,77466.45999999999,247470.32,197959.32,0.0,323176.74,0.0,522641.24,3.39,0.0,0.0,0.0,214912.14,0.0,0.0,2462.79,247470.32,75003.67,0.00,259085.82,64090.92
CZ11/EUn&0&rDXHP&Ex&HV_AirDist__SupFanMtr/NE-HVAC-FanBelt-VBelt-Std/instance-out.sql,11483453.709999999,44387.03,1596261.37,1277404.75,0.0,3682881.23,0.0,4189306.22,3.37,0.0,0.0,0.0,693209.73,0.0,0.0,22672.25,1596261.37,21714.78,0.00,3555459.15,127422.08
CZ11/EUn&0&rDXHP&Ex&HV_AirDist__SupFanMtr/NE-HVAC-FanBelt-CoggedVBelt-Msr/instance-out.sql,11405357.06,45359.4,1587591.44,1277404.75,0.0,3682881.23,0.0,4118907.11,3.37,0.0,0.0,0.0,693209.76,0.0,0.0,23606.59,1587591.44,21752.81,0.00,3555459.15,127422.08
CZ11/EUn&0&rDXHP&Ex&HV_AirDist__SupFanMtr/NE-HVAC-FanBelt-SynchVBelt-Msr/instance-out.sql,11293883.42,46803.22,1575246.72,1277404.75,0.0,3682881.23,0.0,4018334.36,3.37,0.0,0.0,0.0,693209.77,0.0,0.0,24997.05,1575246.72,21806.17,0.00,3555459.15,127422.08
CZ11/Hsp&0&rDXHP&Ex&HV_AirDist__SupFanMtr/NE-HVAC-FanBelt-VBelt-Std/instance-out.sql,6242086.0,1134496.52,1649636.53,856282.21,0.0,1182847.3,0.0,1093302.94,83289.13,0.0,0.0,0.0,242231.38,0.0,0.0,2953.52,1649636.53,1131543.00,0.00,1139112.10,43735.20
CZ11/Hsp&0&rDXHP&Ex&HV_AirDist__SupFanMtr/NE-HVAC-FanBelt-CoggedVBelt-Msr/instance-out.sql,6228748.58,1134822.94,1648283.3,856282.21,0.0,1182847.3,0.0,1080995.35,83292.26,0.0,0.0,0.0,242225.22,0.0,0.0,3077.02,1648283.30,1131745.92,0.00,1139112.10,43735.20
CZ11/Hsp&0&rDXHP&Ex&HV_AirDist__SupFanMtr/NE-HVAC-FanBelt-SynchVBelt-Msr/instance-out.sql,6209514.6,1135198.96,1646277.5,856282.21,0.0,1182847.3,0.0,1063394.05,83291.88,0.0,0.0,0.0,242222.7,0.0,0.0,3259.31,1646277.50,1131939.65,0.00,1139112.10,43735.20
CZ11/MBT&0&rDXHP&Ex&HV_AirDist__SupFanMtr/NE-HVAC-FanBelt-VBelt-Std/instance-out.sql,7851560.4399999995,1923408.0,867461.38,709539.71,0.0,2167645.51,0.0,2021265.34,1393.08,0.0,0.0,0.0,160847.41,0.0,0.0,11557.67,867461.38,1911850.33,0.00,1394057.91,773587.60
CZ11/MBT&0&rDXHP&Ex&HV_AirDist__SupFanMtr/NE-HVAC-FanBelt-CoggedVBelt-Msr/instance-out.sql,7835451.58,1923938.7,865718.25,709539.71,0.0,2167645.51,0.0,2006368.92,1393.08,0.0,0.0,0.0,160847.41,0.0,0.0,11945.97,865718.25,1911992.73,0.00,1394057.91,773587.60
CZ11/MBT&0&rDXHP&Ex&HV_AirDist__SupFanMtr/NE-HVAC-FanBelt-SynchVBelt-Msr/instance-out.sql,7812463.86,1924724.3199999998,863234.43,709539.71,0.0,2167645.51,0.0,1985079.41,1393.07,0.0,0.0,0.0,160847.41,0.0,0.0,12521.17,863234.43,1912203.15,0.00,1394057.91,773587.60
CZ11/MLI&0&rDXHP&Ex&HV_AirDist__SupFanMtr/NE-HVAC-FanBelt-VBelt-Std/instance-out.sql,1651270.44,13661.72,244563.1,283149.19,0.0,239893.0,0.0,824852.08,3.37,0.0,0.0,0.0,45147.98,0.0,0.0,13661.72,244563.10,0.00,0.00,239893.00,0.00
CZ11/MLI&0&rDXHP&Ex&HV_AirDist__SupFanMtr/NE-HVAC-FanBelt-CoggedVBelt-Msr/instance-out.sql,1633908.76,14263.07,242771.52,283149.19,0.0,239893.0,0.0,808680.63,3.37,0.0,0.0,0.0,45147.98,0.0,0.0,14263.07,242771.52,0.00,0.00,239893.00,0.00
CZ11/MLI&0&rDXHP&Ex&HV_AirDist__SupFanMtr/NE-HVAC-FanBelt-SynchVBelt-Msr/instance-out.sql,1609139.52,15156.25,240214.26,283149.19,0.0,239893.0,0.0,785575.47,3.37,0.0,0.0,0.0,45147.98,0.0,0.0,15156.25,240214.26,0.00,0.00,239893.00,0.00
CZ11/Mtl&0&rDXHP&Ex&HV_AirDist__SupFanMtr/NE-HVAC-FanBelt-VBelt-Std/instance-out.sql,270030.78,3244.5,56284.04,51285.47,0.0,22443.33,0.0,129121.79,3.36,0.0,0.0,0.0,7648.28,0.0,0.0,2896.02,56284.04,348.48,0.00,22191.36,251.97
CZ11/Mtl&0&rDXHP&Ex&HV_AirDist__SupFanMtr/NE-HVAC-FanBelt-CoggedVBelt-Msr/instance-out.sql,267317.39999999997,3344.6,55980.31,51285.47,0.0,22443.33,0.0,126612.04,3.36,0.0,0.0,0.0,7648.28,0.0,0.0,2991.89,55980.31,352.71,0.00,22191.36,251.97
CZ11/Mtl&0&rDXHP&Ex&HV_AirDist__SupFanMtr/NE-HVAC-FanBelt-SynchVBelt-Msr/instance-out.sql,263448.41,3491.1800000000003,55546.63,51285.47,0.0,22443.33,0.0,123030.15,3.36,0.0,0.0,0.0,7648.28,0.0,0.0,3132.61,55546.63,358.57,0.00,22191.36,251.97
CZ11/Nrs&0&rDXHP&Ex&HV_AirDist__SupFanMtr/NE-HVAC-FanBelt-VBelt-Std/instance-out.sql,1398916.5,178053.08,216801.67,200868.06,0.0,347425.87,0.0,349669.53,116.36,0.0,0.0,0.0,105981.93,0.0,0.0,3128.06,216801.67,174925.02,0.00,281574.59,65851.28
CZ11/Nrs&0&rDXHP&Ex&HV_AirDist__SupFanMtr/NE-HVAC-FanBelt-CoggedVBelt-Msr/instance-out.sql,1393911.05,178254.12,216245.54,200868.06,0.0,347425.87,0.0,345003.96,116.15,0.0,0.0,0.0,105997.36,0.0,0.0,3221.38,216245.54,175032.74,0.00,281574.59,65851.28
CZ11/Nrs&0&rDXHP&Ex&HV_AirDist__SupFanMtr/NE-HVAC-FanBelt-SynchVBelt-Msr/instance-out.sql,1386814.6800000002,178589.74000000002,215460.68,200868.06,0.0,347425.87,0.0,338342.13,116.08,0.0,0.0,0.0,106012.12,0.0,0.0,3358.51,215460.68,175231.23,0.00,281574.59,65851.28
CZ11/OfL&0&rDXHP&Ex&HV_AirDist__SupFanMtr/NE-HVAC-FanBelt-VBelt-Std/instance-out.sql,4145144.3400000003,97364.43,731589.96,462712.61,0.0,829334.66,0.0,1906054.01,7307.45,0.0,0.0,0.0,110781.22,0.0,0.0,3958.93,731589.96,93405.50,0.00,829334.66,0.00
CZ11/OfL&0&rDXHP&Ex&HV_AirDist__SupFanMtr/NE-HVAC-FanBelt-CoggedVBelt-Msr/instance-out.sql,4104585.84,97542.32,727175.02,462712.61,0.0,829334.66,0.0,1869732.61,7307.41,0.0,0.0,0.0,110781.22,0.0,0.0,4140.16,727175.02,93402.16,0.00,829334.66,0.00
CZ11/OfL&0&rDXHP&Ex&HV_AirDist__SupFanMtr/NE-HVAC-FanBelt-SynchVBelt-Msr/instance-out.sql,4046663.9899999998,97860.04,720863.63,462712.61,0.0,829334.66,0.0,1817805.1,7306.73,0.0,0.0,0.0,110781.22,0.0,0.0,4418.28,720863.63,93441.76,0.00,829334.66,0.00
CZ11/OfS&0&rDXHP&Ex&HV_AirDist__SupFanMtr/NE-HVAC-FanBelt-VBelt-Std/instance-out.sql,252485.13,851.91,42167.34,23737.13,0.0,29387.4,0.0,135628.32,1.13,0.0,0.0,0.0,20711.9,0.0,0.0,851.91,42167.34,0.00,0.00,29387.40,0.00
CZ11/OfS&0&rDXHP&Ex&HV_AirDist__SupFanMtr/NE-HVAC-FanBelt-CoggedVBelt-Msr/instance-out.sql,249543.83,883.68,41845.11,23737.13,0.0,29387.4,0.0,132977.47,1.13,0.0,0.0,0.0,20711.9,0.0,0.0,883.68,41845.11,0.00,0.00,29387.40,0.00
CZ11/OfS&0&rDXHP&Ex&HV_AirDist__SupFanMtr/NE-HVAC-FanBelt-SynchVBelt-Msr/instance-out.sql,245346.28,932.02,41386.27,23737.13,0.0,29387.4,0.0,129190.43,1.13,0.0,0.0,0.0,20711.9,0.0,0.0,932.02,41386.27,0.00,0.00,29387.40,0.00
CZ11/RFF&0&rDXHP&Ex&HV_AirDist__SupFanMtr/NE-HVAC-FanBelt-VBelt-Std/instance-out.sql,147732.33000000002,529.51,22132.65,13247.63,0.0,37903.17,0.0,49790.92,3.37,0.0,0.0,0.0,24125.07,0.0,0.0,529.28,22132.65,0.23,0.00,18423.46,19479.71
CZ11/RFF&0&rDXHP&Ex&HV_AirDist__SupFanMtr/NE-HVAC-FanBelt-CoggedVBelt-Msr/instance-out.sql,146979.31,553.69,22053.65,13247.63,0.0,37903.17,0.0,49092.73,3.37,0.0,0.0,0.0,24125.07,0.0,0.0,553.46,22053.65,0.23,0.00,18423.46,19479.71
CZ11/RFF&0&rDXHP&Ex&HV_AirDist__SupFanMtr/NE-HVAC-FanBelt-SynchVBelt-Msr/instance-out.sql,145905.35,589.39,21941.06,13247.63,0.0,37903.17,0.0,48095.64,3.37,0.0,0.0,0.0,24125.07,0.0,0.0,589.16,21941.06,0.23,0.00,18423.46,19479.71
CZ11/RSD&0&rDXHP&Ex&HV_AirDist__SupFanMtr/NE-HVAC-FanBelt-VBelt-Std/instance-out.sql,391962.81,94386.57,59242.82,36047.32,0.0,76546.73,0.0,64681.92,67.41,0.0,0.0,0.0,60990.04,0.0,0.0,319.33,59242.82,94067.24,0.00,37475.60,39071.13
CZ11/RSD&0&rDXHP&Ex&HV_AirDist__SupFanMtr/NE-HVAC-FanBelt-CoggedVBelt-Msr/instance-out.sql,391607.6,94401.26,59203.86,36047.32,0.0,76546.73,0.0,64350.97,67.41,0.0,0.0,0.0,60990.04,0.0,0.0,331.14,59203.86,94070.12,0.00,37475.60,39071.13
CZ11/RSD&0&rDXHP&Ex&HV_AirDist__SupFanMtr/NE-HVAC-FanBelt-SynchVBelt-Msr/instance-out.sql,391099.49,94421.3,59148.52,36047.32,0.0,76546.73,0.0,63878.18,67.41,0.0,0.0,0.0,60990.04,0.0,0.0,348.63,59148.52,94072.67,0.00,37475.60,39071.13
CZ11/Rt3&0&rDXHP&Ex&HV_AirDist__SupFanMtr/NE-HVAC-FanBelt-VBelt-Std/instance-out.sql,3052567.36,7032.400000000001,445729.29,774348.97,0.0,436362.0,0.0,1229650.29,3.38,0.0,0.0,0.0,159441.03,0.0,0.0,6310.80,445729.29,721.60,0.00,436362.00,0.00
CZ11/Rt3&0&rDXHP&Ex&HV_AirDist__SupFanMtr/NE-HVAC-FanBelt-CoggedVBelt-Msr/instance-out.sql,3026359.01,7306.599999999999,442808.55,774348.97,0.0,436362.0,0.0,1206088.47,3.38,0.0,0.0,0.0,159441.03,0.0,0.0,6581.95,442808.55,724.65,0.00,436362.00,0.00
CZ11/Rt3&0&rDXHP&Ex&HV_AirDist__SupFanMtr/NE-HVAC-FanBelt-SynchVBelt-Msr/instance-out.sql,2988992.73,7717.14,438643.0,774348.97,0.0,436362.0,0.0,1172477.21,3.38,0.0,0.0,0.0,159441.03,0.0,0.0,6988.17,438643.00,728.97,0.00,436362.00,0.00
CZ11/RtL&0&rDXHP&Ex&HV_AirDist__SupFanMtr/NE-HVAC-FanBelt-VBelt-Std/instance-out.sql,3030261.0700000003,5059.72,450002.78,767420.15,0.0,509200.67,0.0,1181100.6,3.39,0.0,0.0,0.0,117473.77,0.0,0.0,5059.72,450002.78,0.00,0.00,468847.72,40352.95
CZ11/RtL&0&rDXHP&Ex&HV_AirDist__SupFanMtr/NE-HVAC-FanBelt-CoggedVBelt-Msr/instance-out.sql,3005068.6300000004,5310.49,447202.49,767420.15,0.0,509200.67,0.0,1158457.68,3.39,0.0,0.0,0.0,117473.77,0.0,0.0,5310.49,447202.49,0.00,0.00,468847.72,40352.95
CZ11/RtL&0&rDXHP&Ex&HV_AirDist__SupFanMtr/NE-HVAC-FanBelt-SynchVBelt-Msr/instance-out.sql,2969102.08,5686.73,443206.73,767420.15,0.0,509200.67,0.0,1126110.66,3.39,0.0,0.0,0.0,117473.77,0.0,0.0,5686.73,443206.73,0.00,0.00,468847.72,40352.95
CZ11/RtS&0&rDXHP&Ex&HV_AirDist__SupFanMtr/NE-HVAC-FanBelt-VBelt-Std/instance-out.sql,202848.81999999998,1583.38,33482.25,44599.63,0.0,24440.79,0.0,83821.66,3.36,0.0,0.0,0.0,14917.74,0.0,0.0,1583.38,33482.25,0.00,0.00,24440.79,0.00
CZ11/RtS&0&rDXHP&Ex&HV_AirDist__SupFanMtr/NE-HVAC-FanBelt-CoggedVBelt-Msr/instance-out.sql,201046.86,1635.7,33271.98,44599.63,0.0,24440.79,0.0,82177.65,3.36,0.0,0.0,0.0,14917.74,0.0,0.0,1635.70,33271.98,0.00,0.00,24440.79,0.00
CZ11/RtS&0&rDXHP&Ex&HV_AirDist__SupFanMtr/NE-HVAC-FanBelt-SynchVBelt-Msr/instance-out.sql,198477.02,1712.82,32971.79,44599.63,0.0,24440.79,0.0,79830.88,3.36,0.0,0.0,0.0,14917.74,0.0,0.0,1712.82,32971.79,0.00,0.00,24440.79,0.00
CZ11/SCn&0&rDXHP&Ex&HV_AirDist__SupFanMtr/NE-HVAC-FanBelt-VBelt-Std/instance-out.sql,5489488.53,102022.22,929441.57,850055.03,0.0,449066.39,0.0,3080205.1,3.36,0.0,0.0,0.0,78694.86,0.0,0.0,102022.22,929441.57,0.00,0.00,449066.39,0.00
CZ11/SCn&0&rDXHP&Ex&HV_AirDist__SupFanMtr/NE-HVAC-FanBelt-CoggedVBelt-Msr/instance-out.sql,5426087.100000001,105799.29,922305.21,850055.03,0.0,449066.39,0.0,3020162.95,3.36,0.0,0.0,0.0,78694.87,0.0,0.0,105799.29,922305.21,0.00,0.00,449066.39,0.00
CZ11/SCn&0&rDXHP&Ex&HV_AirDist__SupFanMtr/NE-HVAC-FanBelt-SynchVBelt-Msr/instance-out.sql,5334870.66,111143.5,912120.91,850055.03,0.0,449066.39,0.0,2933786.6,3.36,0.0,0.0,0.0,78694.87,0.0,0.0,111143.50,912120.91,0.00,0.00,449066.39,0.00
CZ12/Asm&0&rDXHP&Ex&HV_AirDist__SupFanMtr/NE-HVAC-FanBelt-VBelt-Std/instance-out.sql,998250.2000000001,32523.38,186779.5,153727.01,0.0,145823.51,0.0,457719.65,3.36,0.0,0.0,0.0,21673.79,0.0,0.0,32523.38,186779.50,0.00,0.00,145823.51,0.00
CZ12/Asm&0&rDXHP&Ex&HV_AirDist__SupFanMtr/NE-HVAC-FanBelt-CoggedVBelt-Msr/instance-out.sql,988750.54,33052.13,185725.98,153727.01,0.0,145823.51,0.0,448744.75,3.36,0.0,0.0,0.0,21673.8,0.0,0.0,33052.13,185725.98,0.00,0.00,145823.51,0.00
CZ12/Asm&0&rDXHP&Ex&HV_AirDist__SupFanMtr/NE-HVAC-FanBelt-SynchVBelt-Msr/instance-out.sql,975192.61,33817.01,184224.48,153727.01,0.0,145823.51,0.0,435923.47,3.36,0.0,0.0,0.0,21673.78,0.0,0.0,33817.01,184224.48,0.00,0.00,145823.51,0.00
CZ12/ECC&0&rDXHP&Ex&HV_AirDist__SupFanMtr/NE-HVAC-FanBelt-VBelt-Std/instance-out.sql,3446963.38,11266.57,434566.07,358430.2,0.0,1013813.91,0.0,1205750.05,1999.78,0.0,0.0,0.0,421136.79,0.0,0.0,10667.11,434566.07,599.46,0.00,945189.93,68623.98
CZ12/ECC&0&rDXHP&Ex&HV_AirDist__SupFanMtr/NE-HVAC-FanBelt-CoggedVBelt-Msr/instance-out.sql,3423860.42,11621.56,431911.08,358430.2,0.0,1013813.91,0.0,1184948.64,1999.36,0.0,0.0,0.0,421135.67,0.0,0.0,11019.31,431911.08,602.25,0.00,945189.93,68623.98
CZ12/ECC&0&rDXHP&Ex&HV_AirDist__SupFanMtr/NE-HVAC-FanBelt-SynchVBelt-Msr/instance-out.sql,3390759.94,12146.29,428127.87,358430.2,0.0,1013813.91,0.0,1155109.77,1998.9,0.0,0.0,0.0,421132.98,0.0,0.0,11541.60,428127.87,604.69,0.00,945189.93,68623.98
CZ12/EPr&0&rDXHP&Ex&HV_AirDist__SupFanMtr/NE-HVAC-FanBelt-VBelt-Std/instance-out.sql,528990.83,4137.6,73202.39,64700.97,0.0,125897.03,0.0,180338.3,3.37,0.0,0.0,0.0,80711.17,0.0,0.0,4137.60,73202.39,0.00,0.00,83226.75,42670.28
CZ12/EPr&0&rDXHP&Ex&HV_AirDist__SupFanMtr/NE-HVAC-FanBelt-CoggedVBelt-Msr/instance-out.sql,525689.53,4238.59,72809.32,64700.97,0.0,125897.03,0.0,177329.08,3.37,0.0,0.0,0.0,80711.17,0.0,0.0,4238.59,72809.32,0.00,0.00,83226.75,42670.28
CZ12/EPr&0&rDXHP&Ex&HV_AirDist__SupFanMtr/NE-HVAC-FanBelt-SynchVBelt-Msr/instance-out.sql,520957.8,4386.89,72247.48,64700.97,0.0,125897.03,0.0,173010.89,3.37,0.0,0.0,0.0,80711.16,0.0,0.0,4386.89,72247.48,0.00,0.00,83226.75,42670.28
CZ12/ERC&0&rDXHP&Ex&HV_AirDist__SupFanMtr/NE-HVAC-FanBelt-VBelt-Std/instance-out.sql,25748.39,266.06,2754.0,2224.35,0.0,2196.82,0.0,9197.26,3.36,0.0,0.0,0.0,9106.53,0.0,0.0,266.06,2754.00,0.00,0.00,2196.82,0.00
CZ12/ERC&0&rDXHP&Ex&HV_AirDist__SupFanMtr/NE-HVAC-FanBelt-CoggedVBelt-Msr/instance-out.sql,25562.03,272.96,2732.71,2224.35,0.0,2196.82,0.0,9025.31,3.36,0.0,0.0,0.0,9106.53,0.0,0.0,272.96,2732.71,0.00,0.00,2196.82,0.00
CZ12/ERC&0&rDXHP&Ex&HV_AirDist__SupFanMtr/NE-HVAC-FanBelt-SynchVBelt-Msr/instance-out.sql,25297.15,282.88,2702.36,2224.35,0.0,2196.82,0.0,8780.86,3.36,0.0,0.0,0.0,9106.53,0.0,0.0,282.88,2702.36,0.00,0.00,2196.82,0.00
CZ12/ESe&0&rDXHP&Ex&HV_AirDist__SupFanMtr/NE-HVAC-FanBelt-VBelt-Std/instance-out.sql,1512158.21,76479.06999999999,197466.85,197959.32,0.0,323176.74,0.0,496324.32,3.39,0.0,0.0,0.0,220748.52,0.0,0.0,2362.03,197466.85,74117.04,0.00,259085.82,64090.92
CZ12/ESe&0&rDXHP&Ex&HV_AirDist__SupFanMtr/NE-HVAC-FanBelt-CoggedVBelt-Msr/instance-out.sql,1508198.99,76550.65999999999,197006.57,197959.32,0.0,323176.74,0.0,492753.79,3.39,0.0,0.0,0.0,220748.52,0.0,0.0,2432.01,197006.57,74118.65,0.00,259085.82,64090.92
CZ12/ESe&0&rDXHP&Ex&HV_AirDist__SupFanMtr/NE-HVAC-FanBelt-SynchVBelt-Msr/instance-out.sql,1502533.29,76667.99,196349.23,197959.32,0.0,323176.74,0.0,487628.1,3.39,0.0,0.0,0.0,220748.52,0.0,0.0,2536.28,196349.23,74131.71,0.00,259085.82,64090.92
CZ12/EUn&0&rDXHP&Ex&HV_AirDist__SupFanMtr/NE-HVAC-FanBelt-VBelt-Std/instance-out.sql,10974452.9,42289.07,1277233.28,1277404.75,0.0,3682881.23,0.0,3981819.11,3.37,0.0,0.0,0.0,712822.09,0.0,0.0,25442.44,1277233.28,16846.63,0.00,3555459.15,127422.08
CZ12/EUn&0&rDXHP&Ex&HV_AirDist__SupFanMtr/NE-HVAC-FanBelt-CoggedVBelt-Msr/instance-out.sql,10901165.9,43124.8,1269958.61,1277404.75,0.0,3682881.23,0.0,3914971.05,3.37,0.0,0.0,0.0,712822.09,0.0,0.0,26262.67,1269958.61,16862.13,0.00,3555459.15,127422.08
CZ12/EUn&0&rDXHP&Ex&HV_AirDist__SupFanMtr/NE-HVAC-FanBelt-SynchVBelt-Msr/instance-out.sql,10797055.92,44556.81,1259542.26,1277404.75,0.0,3682881.23,0.0,3819845.4,3.37,0.0,0.0,0.0,712822.1,0.0,0.0,27651.37,1259542.26,16905.44,0.00,3555459.15,127422.08
CZ12/Hsp&0&rDXHP&Ex&HV_AirDist__SupFanMtr/NE-HVAC-FanBelt-VBelt-Std/instance-out.sql,5852257.779999999,1002317.14,1453719.34,856282.21,0.0,1182847.3,0.0,1027839.18,80458.43,0.0,0.0,0.0,248794.18,0.0,0.0,3442.59,1453719.34,998874.55,0.00,1139112.10,43735.20
CZ12/Hsp&0&rDXHP&Ex&HV_AirDist__SupFanMtr/NE-HVAC-FanBelt-CoggedVBelt-Msr/instance-out.sql,5839153.2700000005,1002468.2899999999,1452324.7,856282.21,0.0,1182847.3,0.0,1015972.53,80454.67,0.0,0.0,0.0,248803.57,0.0,0.0,3580.71,1452324.70,998887.58,0.00,1139112.10,43735.20
CZ12/Hsp&0&rDXHP&Ex&HV_AirDist__SupFanMtr/NE-HVAC-FanBelt-SynchVBelt-Msr/instance-out.sql,5821492.1899999995,1003014.47,1450784.78,856282.21,0.0,1182847.3,0.0,999313.65,80448.89,0.0,0.0,0.0,248800.89,0.0,0.0,3768.75,1450784.78,999245.72,0.00,1139112.10,43735.20
CZ12/MBT&0&rDXHP&Ex&HV_AirDist__SupFanMtr/NE-HVAC-FanBelt-VBelt-Std/instance-out.sql,7532379.59,1938788.5399999998,629005.06,709539.71,0.0,2167645.51,0.0,1920909.53,1351.35,0.0,0.0,0.0,165139.88,0.0,0.0,12870.89,629005.06,1925917.65,0.00,1394057.91,773587.60
CZ12/MBT&0&rDXHP&Ex&HV_AirDist__SupFanMtr/NE-HVAC-FanBelt-CoggedVBelt-Msr/instance-out.sql,7517780.25,1939307.1300000001,627609.52,709539.71,0.0,2167645.51,0.0,1907187.17,1351.34,0.0,0.0,0.0,165139.88,0.0,0.0,13253.37,627609.52,1926053.76,0.00,1394057.91,773587.60
CZ12/MBT&0&rDXHP&Ex&HV_AirDist__SupFanMtr/NE-HVAC-FanBelt-SynchVBelt-Msr/instance-out.sql,7496959.68,1940064.28,625619.14,709539.71,0.0,2167645.51,0.0,1887599.88,1351.27,0.0,0.0,0.0,165139.88,0.0,0.0,13813.92,625619.14,1926250.36,0.00,1394057.91,773587.60
CZ12/MLI&0&rDXHP&Ex&HV_AirDist__SupFanMtr/NE-HVAC-FanBelt-VBelt-Std/instance-out.sql,1551936.35,14164.15,191585.65,283149.19,0.0,239893.0,0.0,776893.91,3.37,0.0,0.0,0.0,46247.07,0.0,0.0,14164.15,191585.65,0.00,0.00,239893.00,0.00
CZ12/MLI&0&rDXHP&Ex&HV_AirDist__SupFanMtr/NE-HVAC-FanBelt-CoggedVBelt-Msr/instance-out.sql,1535763.75,14719.06,190091.37,283149.19,0.0,239893.0,0.0,761660.69,3.37,0.0,0.0,0.0,46247.06,0.0,0.0,14719.06,190091.37,0.00,0.00,239893.00,0.00
CZ12/MLI&0&rDXHP&Ex&HV_AirDist__SupFanMtr/NE-HVAC-FanBelt-SynchVBelt-Msr/instance-out.sql,1512690.78,15542.98,187956.2,283149.19,0.0,239893.0,0.0,739898.96,3.37,0.0,0.0,0.0,46247.07,0.0,0.0,15542.98,187956.20,0.00,0.00,239893.00,0.00
CZ12/Mtl&0&rDXHP&Ex&HV_AirDist__SupFanMtr/NE-HVAC-FanBelt-VBelt-Std/instance-out.sql,248364.47999999998,3777.91,44468.86,51285.47,0.0,22443.33,0.0,118704.35,3.36,0.0,0.0,0.0,7681.19,0.0,0.0,3218.90,44468.86,559.01,0.00,22191.36,251.97
CZ12/Mtl&0&rDXHP&Ex&HV_AirDist__SupFanMtr/NE-HVAC-FanBelt-CoggedVBelt-Msr/instance-out.sql,245902.95,3870.1400000000003,44220.58,51285.47,0.0,22443.33,0.0,116398.87,3.36,0.0,0.0,0.0,7681.19,0.0,0.0,3310.05,44220.58,560.09,0.00,22191.36,251.97
CZ12/Mtl&0&rDXHP&Ex&HV_AirDist__SupFanMtr/NE-HVAC-FanBelt-SynchVBelt-Msr/instance-out.sql,242391.83,4009.1,43866.44,51285.47,0.0,22443.33,0.0,113102.94,3.36,0.0,0.0,0.0,7681.19,0.0,0.0,3445.17,43866.44,563.93,0.00,22191.36,251.97
CZ12/Nrs&0&rDXHP&Ex&HV_AirDist__SupFanMtr/NE-HVAC-FanBelt-VBelt-Std/instance-out.sql,1292464.43,139610.32,173953.26,200868.06,0.0,347425.87,0.0,321592.49,93.15,0.0,0.0,0.0,108921.28,0.0,0.0,3483.19,173953.26,136127.13,0.00,281574.59,65851.28
CZ12/Nrs&0&rDXHP&Ex&HV_AirDist__SupFanMtr/NE-HVAC-FanBelt-CoggedVBelt-Msr/instance-out.sql,1287808.25,139772.72999999998,173498.07,200868.06,0.0,347425.87,0.0,317218.41,93.38,0.0,0.0,0.0,108931.73,0.0,0.0,3572.27,173498.07,136200.46,0.00,281574.59,65851.28
CZ12/Nrs&0&rDXHP&Ex&HV_AirDist__SupFanMtr/NE-HVAC-FanBelt-SynchVBelt-Msr/instance-out.sql,1281136.52,140011.58,172845.31,200868.06,0.0,347425.87,0.0,310972.74,93.46,0.0,0.0,0.0,108919.5,0.0,0.0,3703.24,172845.31,136308.34,0.00,281574.59,65851.28
CZ12/OfL&0&rDXHP&Ex&HV_AirDist__SupFanMtr/NE-HVAC-FanBelt-VBelt-Std/instance-out.sql,3880135.06,80293.09000000001,601420.85,462712.61,0.0,829334.66,0.0,1785689.48,6987.42,0.0,0.0,0.0,113696.94,0.0,0.0,4342.49,601420.85,75950.60,0.00,829334.66,0.00
CZ12/OfL&0&rDXHP&Ex&HV_AirDist__SupFanMtr/NE-HVAC-FanBelt-CoggedVBelt-Msr/instance-out.sql,3842504.09,80451.22,597793.46,462712.61,0.0,829334.66,0.0,1751528.2,6987.0,0.0,0.0,0.0,113696.94,0.0,0.0,4525.93,597793.46,75925.29,0.00,829334.66,0.00
CZ12/OfL&0&rDXHP&Ex&HV_AirDist__SupFanMtr/NE-HVAC-FanBelt-SynchVBelt-Msr/instance-out.sql,3788846.5900000003,80719.87999999999,592616.24,462712.61,0.0,829334.66,0.0,1702779.22,6987.04,0.0,0.0,0.0,113696.94,0.0,0.0,4802.95,592616.24,75916.93,0.00,829334.66,0.00
CZ12/OfS&0&rDXHP&Ex&HV_AirDist__SupFanMtr/NE-HVAC-FanBelt-VBelt-Std/instance-out.sql,230873.47,964.02,32350.42,23737.13,0.0,29387.4,0.0,123264.3,1.13,0.0,0.0,0.0,21169.06,0.0,0.0,964.02,32350.42,0.00,0.00,29387.40,0.00
CZ12/OfS&0&rDXHP&Ex&HV_AirDist__SupFanMtr/NE-HVAC-FanBelt-CoggedVBelt-Msr/instance-out.sql,228235.38,995.96,32094.97,23737.13,0.0,29387.4,0.0,120849.73,1.13,0.0,0.0,0.0,21169.06,0.0,0.0,995.96,32094.97,0.00,0.00,29387.40,0.00
CZ12/OfS&0&rDXHP&Ex&HV_AirDist__SupFanMtr/NE-HVAC-FanBelt-SynchVBelt-Msr/instance-out.sql,224479.96,1043.85,31731.94,23737.13,0.0,29387.4,0.0,117409.44,1.13,0.0,0.0,0.0,21169.06,0.0,0.0,1043.85,31731.94,0.00,0.00,29387.40,0.00
CZ12/RFF&0&rDXHP&Ex&HV_AirDist__SupFanMtr/NE-HVAC-FanBelt-VBelt-Std/instance-out.sql,139669.32,575.26,18022.09,13247.63,0.0,37903.17,0.0,45286.26,3.37,0.0,0.0,0.0,24631.53,0.0,0.0,574.80,18022.09,0.46,0.00,18423.46,19479.71
CZ12/RFF&0&rDXHP&Ex&HV_AirDist__SupFanMtr/NE-HVAC-FanBelt-CoggedVBelt-Msr/instance-out.sql,139001.16999999998,596.98,17960.48,13247.63,0.0,37903.17,0.0,44658.01,3.37,0.0,0.0,0.0,24631.53,0.0,0.0,596.52,17960.48,0.46,0.00,18423.46,19479.71
CZ12/RFF&0&rDXHP&Ex&HV_AirDist__SupFanMtr/NE-HVAC-FanBelt-SynchVBelt-Msr/instance-out.sql,138046.57,628.6800000000001,17872.72,13247.63,0.0,37903.17,0.0,43759.47,3.37,0.0,0.0,0.0,24631.53,0.0,0.0,628.22,17872.72,0.46,0.00,18423.46,19479.71
CZ12/RSD&0&rDXHP&Ex&HV_AirDist__SupFanMtr/NE-HVAC-FanBelt-VBelt-Std/instance-out.sql,350735.55000000005,70994.66,47747.75,36047.32,0.0,76546.73,0.0,56830.53,51.58,0.0,0.0,0.0,62516.97,0.0,0.0,339.38,47747.75,70655.28,0.00,37475.60,39071.13
CZ12/RSD&0&rDXHP&Ex&HV_AirDist__SupFanMtr/NE-HVAC-FanBelt-CoggedVBelt-Msr/instance-out.sql,350412.75,71008.39,47717.01,36047.32,0.0,76546.73,0.0,56524.75,51.58,0.0,0.0,0.0,62516.97,0.0,0.0,350.06,47717.01,70658.33,0.00,37475.60,39071.13
CZ12/RSD&0&rDXHP&Ex&HV_AirDist__SupFanMtr/NE-HVAC-FanBelt-SynchVBelt-Msr/instance-out.sql,349952.08,71028.13,47673.29,36047.32,0.0,76546.73,0.0,56088.06,51.58,0.0,0.0,0.0,62516.98,0.0,0.0,365.75,47673.29,70662.38,0.00,37475.60,39071.13
CZ12/Rt3&0&rDXHP&Ex&HV_AirDist__SupFanMtr/NE-HVAC-FanBelt-VBelt-Std/instance-out.sql,2912564.05,8130.43,361690.91,774348.97,0.0,436362.0,0.0,1168354.28,3.38,0.0,0.0,0.0,163674.06,0.0,0.0,7278.31,361690.91,852.12,0.00,436362.00,0.00
CZ12/Rt3&0&rDXHP&Ex&HV_AirDist__SupFanMtr/NE-HVAC-FanBelt-CoggedVBelt-Msr/instance-out.sql,2887914.41,8408.01,359140.64,774348.97,0.0,436362.0,0.0,1145977.36,3.38,0.0,0.0,0.0,163674.06,0.0,0.0,7553.62,359140.64,854.39,0.00,436362.00,0.00
CZ12/Rt3&0&rDXHP&Ex&HV_AirDist__SupFanMtr/NE-HVAC-FanBelt-SynchVBelt-Msr/instance-out.sql,2852715.5,8823.550000000001,355504.76,774348.97,0.0,436362.0,0.0,1113998.78,3.38,0.0,0.0,0.0,163674.06,0.0,0.0,7965.18,355504.76,858.37,0.00,436362.00,0.00
CZ12/RtL&0&rDXHP&Ex&HV_AirDist__SupFanMtr/NE-HVAC-FanBelt-VBelt-Std/instance-out.sql,2892511.08,5803.77,372180.32,767420.15,0.0,509200.67,0.0,1117350.36,3.39,0.0,0.0,0.0,120552.43,0.0,0.0,5803.77,372180.32,0.00,0.00,468847.72,40352.95
CZ12/RtL&0&rDXHP&Ex&HV_AirDist__SupFanMtr/NE-HVAC-FanBelt-CoggedVBelt-Msr/instance-out.sql,2868894.59,6063.98,369718.24,767420.15,0.0,509200.67,0.0,1095935.73,3.39,0.0,0.0,0.0,120552.43,0.0,0.0,6063.98,369718.24,0.00,0.00,468847.72,40352.95
CZ12/RtL&0&rDXHP&Ex&HV_AirDist__SupFanMtr/NE-HVAC-FanBelt-SynchVBelt-Msr/instance-out.sql,2835180.32,6453.76,366209.46,767420.15,0.0,509200.67,0.0,1065340.47,3.39,0.0,0.0,0.0,120552.43,0.0,0.0,6453.76,366209.46,0.00,0.00,468847.72,40352.95
CZ12/RtS&0&rDXHP&Ex&HV_AirDist__SupFanMtr/NE-HVAC-FanBelt-VBelt-Std/instance-out.sql,188990.79,1624.0,26206.89,44599.63,0.0,24440.79,0.0,76953.31,3.36,0.0,0.0,0.0,15162.81,0.0,0.0,1624.00,26206.89,0.00,0.00,24440.79,0.00
CZ12/RtS&0&rDXHP&Ex&HV_AirDist__SupFanMtr/NE-HVAC-FanBelt-CoggedVBelt-Msr/instance-out.sql,187358.01,1672.93,26033.0,44599.63,0.0,24440.79,0.0,75445.49,3.36,0.0,0.0,0.0,15162.81,0.0,0.0,1672.93,26033.00,0.00,0.00,24440.79,0.00
CZ12/RtS&0&rDXHP&Ex&HV_AirDist__SupFanMtr/NE-HVAC-FanBelt-SynchVBelt-Msr/instance-out.sql,185029.9,1744.11,25784.99,44599.63,0.0,24440.79,0.0,73294.22,3.36,0.0,0.0,0.0,15162.81,0.0,0.0,1744.11,25784.99,0.00,0.00,24440.79,0.00
CZ12/SCn&0&rDXHP&Ex&HV_AirDist__SupFanMtr/NE-HVAC-FanBelt-VBelt-Std/instance-out.sql,5335231.57,90558.52,733645.42,850055.03,0.0,449066.39,0.0,3131180.39,3.36,0.0,0.0,0.0,80722.46,0.0,0.0,90558.52,733645.42,0.00,0.00,449066.39,0.00
CZ12/SCn&0&rDXHP&Ex&HV_AirDist__SupFanMtr/NE-HVAC-FanBelt-CoggedVBelt-Msr/instance-out.sql,5270225.77,93803.55,727239.99,850055.03,0.0,449066.39,0.0,3069334.99,3.36,0.0,0.0,0.0,80722.46,0.0,0.0,93803.55,727239.99,0.00,0.00,449066.39,0.00
CZ12/SCn&0&rDXHP&Ex&HV_AirDist__SupFanMtr/NE-HVAC-FanBelt-SynchVBelt-Msr/instance-out.sql,5178448.26,98724.27,718106.0,850055.03,0.0,449066.39,0.0,2981770.76,3.36,0.0,0.0,0.0,80722.46,0.0,0.0,98724.27,718106.00,0.00,0.00,449066.39,0.00
CZ13/Asm&0&rDXHP&Ex&HV_AirDist__SupFanMtr/NE-HVAC-FanBelt-VBelt-Std/instance-out.sql,1081209.3499999999,27536.79,257911.11,153727.01,0.0,145823.51,0.0,475376.42,3.36,0.0,0.0,0.0,20831.15,0.0,0.0,27536.79,257911.11,0.00,0.00,145823.51,0.00
CZ13/Asm&0&rDXHP&Ex&HV_AirDist__SupFanMtr/NE-HVAC-FanBelt-CoggedVBelt-Msr/instance-out.sql,1071062.77,28015.32,256607.07,153727.01,0.0,145823.51,0.0,466055.31,3.36,0.0,0.0,0.0,20831.19,0.0,0.0,28015.32,256607.07,0.00,0.00,145823.51,0.00
CZ13/Asm&0&rDXHP&Ex&HV_AirDist__SupFanMtr/NE-HVAC-FanBelt-SynchVBelt-Msr/instance-out.sql,1056578.07,28707.48,254746.08,153727.01,0.0,145823.51,0.0,452739.44,3.36,0.0,0.0,0.0,20831.18,0.0,0.0,28707.48,254746.08,0.00,0.00,145823.51,0.00
CZ13/ECC&0&rDXHP&Ex&HV_AirDist__SupFanMtr/NE-HVAC-FanBelt-VBelt-Std/instance-out.sql,3684567.43,7235.77,603709.53,358430.2,0.0,1013813.91,0.0,1302046.9,2070.13,0.0,0.0,0.0,397260.98,0.0,0.0,6860.54,603709.53,375.23,0.00,945189.93,68623.98
CZ13/ECC&0&rDXHP&Ex&HV_AirDist__SupFanMtr/NE-HVAC-FanBelt-CoggedVBelt-Msr/instance-out.sql,3658574.7199999997,7500.209999999999,600145.73,358430.2,0.0,1013813.91,0.0,1279345.44,2069.75,0.0,0.0,0.0,397269.47,0.0,0.0,7121.69,600145.73,378.52,0.00,945189.93,68623.98
CZ13/ECC&0&rDXHP&Ex&HV_AirDist__SupFanMtr/NE-HVAC-FanBelt-SynchVBelt-Msr/instance-out.sql,3621390.77,7884.379999999999,595073.67,358430.2,0.0,1013813.91,0.0,1246851.93,2069.52,0.0,0.0,0.0,397267.14,0.0,0.0,7506.61,595073.67,377.77,0.00,945189.93,68623.98
CZ13/EPr&0&rDXHP&Ex&HV_AirDist__SupFanMtr/NE-HVAC-FanBelt-VBelt-Std/instance-out.sql,567038.74,2986.17,100454.05,64700.97,0.0,125897.03,0.0,196608.28,3.37,0.0,0.0,0.0,76388.88,0.0,0.0,2986.17,100454.05,0.00,0.00,83226.75,42670.28
CZ13/EPr&0&rDXHP&Ex&HV_AirDist__SupFanMtr/NE-HVAC-FanBelt-CoggedVBelt-Msr/instance-out.sql,563260.51,3068.87,99925.89,64700.97,0.0,125897.03,0.0,193275.5,3.37,0.0,0.0,0.0,76388.88,0.0,0.0,3068.87,99925.89,0.00,0.00,83226.75,42670.28
CZ13/EPr&0&rDXHP&Ex&HV_AirDist__SupFanMtr/NE-HVAC-FanBelt-SynchVBelt-Msr/instance-out.sql,557859.99,3190.88,99174.84,64700.97,0.0,125897.03,0.0,188504.05,3.37,0.0,0.0,0.0,76388.86,0.0,0.0,3190.88,99174.84,0.00,0.00,83226.75,42670.28
CZ13/ERC&0&rDXHP&Ex&HV_AirDist__SupFanMtr/NE-HVAC-FanBelt-VBelt-Std/instance-out.sql,28135.010000000002,181.01,4182.7,2224.35,0.0,2196.82,0.0,10397.21,3.36,0.0,0.0,0.0,8949.56,0.0,0.0,181.01,4182.70,0.00,0.00,2196.82,0.00
CZ13/ERC&0&rDXHP&Ex&HV_AirDist__SupFanMtr/NE-HVAC-FanBelt-CoggedVBelt-Msr/instance-out.sql,27918.17,186.33,4152.24,2224.35,0.0,2196.82,0.0,10205.49,3.36,0.0,0.0,0.0,8949.57,0.0,0.0,186.33,4152.24,0.00,0.00,2196.82,0.00
CZ13/ERC&0&rDXHP&Ex&HV_AirDist__SupFanMtr/NE-HVAC-FanBelt-SynchVBelt-Msr/instance-out.sql,27606.5,194.24,4108.82,2224.35,0.0,2196.82,0.0,9929.34,3.36,0.0,0.0,0.0,8949.57,0.0,0.0,194.24,4108.82,0.00,0.00,2196.82,0.00
CZ13/ESe&0&rDXHP&Ex&HV_AirDist__SupFanMtr/NE-HVAC-FanBelt-VBelt-Std/instance-out.sql,1572422.6400000001,58649.33,270018.11,197959.32,0.0,323176.74,0.0,513712.09,3.39,0.0,0.0,0.0,208903.66,0.0,0.0,1557.12,270018.11,57092.21,0.00,259085.82,64090.92
CZ13/ESe&0&rDXHP&Ex&HV_AirDist__SupFanMtr/NE-HVAC-FanBelt-CoggedVBelt-Msr/instance-out.sql,1567932.16,58702.94,269405.72,197959.32,0.0,323176.74,0.0,509780.38,3.39,0.0,0.0,0.0,208903.66,0.0,0.0,1611.26,269405.72,57091.68,0.00,259085.82,64090.92
CZ13/ESe&0&rDXHP&Ex&HV_AirDist__SupFanMtr/NE-HVAC-FanBelt-SynchVBelt-Msr/instance-out.sql,1561538.3499999999,58789.96,268533.79,197959.32,0.0,323176.74,0.0,504171.49,3.39,0.0,0.0,0.0,208903.66,0.0,0.0,1690.12,268533.79,57099.84,0.00,259085.82,64090.92
CZ13/EUn&0&rDXHP&Ex&HV_AirDist__SupFanMtr/NE-HVAC-FanBelt-VBelt-Std/instance-out.sql,11527241.48,27287.09,1736854.75,1277404.75,0.0,3682881.23,0.0,4129417.72,3.37,0.0,0.0,0.0,673392.58,0.0,0.0,16412.84,1736854.75,10874.25,0.00,3555459.15,127422.08
CZ13/EUn&0&rDXHP&Ex&HV_AirDist__SupFanMtr/NE-HVAC-FanBelt-CoggedVBelt-Msr/instance-out.sql,11449290.090000002,28016.84,1727425.26,1277404.75,0.0,3682881.23,0.0,4060166.04,3.37,0.0,0.0,0.0,673392.6,0.0,0.0,17112.64,1727425.26,10904.20,0.00,3555459.15,127422.08
CZ13/EUn&0&rDXHP&Ex&HV_AirDist__SupFanMtr/NE-HVAC-FanBelt-SynchVBelt-Msr/instance-out.sql,11338068.95,29107.97,1713989.38,1277404.75,0.0,3682881.23,0.0,3961289.68,3.37,0.0,0.0,0.0,673392.57,0.0,0.0,18161.95,1713989.38,10946.02,0.00,3555459.15,127422.08
CZ13/Hsp&0&rDXHP&Ex&HV_AirDist__SupFanMtr/NE-HVAC-FanBelt-VBelt-Std/instance-out.sql,6293795.699999999,1049338.57,1781216.46,856282.21,0.0,1182847.3,0.0,1104481.78,84205.94,0.0,0.0,0.0,235423.44,0.0,0.0,2138.06,1781216.46,1047200.51,0.00,1139112.10,43735.20
CZ13/Hsp&0&rDXHP&Ex&HV_AirDist__SupFanMtr/NE-HVAC-FanBelt-CoggedVBelt-Msr/instance-out.sql,6280152.930000001,1049487.29,1779612.79,856282.21,0.0,1182847.3,0.0,1092289.35,84208.65,0.0,0.0,0.0,235425.35,0.0,0.0,2232.56,1779612.79,1047254.73,0.00,1139112.10,43735.20
CZ13/Hsp&0&rDXHP&Ex&HV_AirDist__SupFanMtr/NE-HVAC-FanBelt-SynchVBelt-Msr/instance-out.sql,6260921.550000001,1049829.11,1777432.0,856282.21,0.0,1182847.3,0.0,1074886.55,84208.65,0.0,0.0,0.0,235435.73,0.0,0.0,2372.94,1777432.00,1047456.17,0.00,1139112.10,43735.20
CZ13/MBT&0&rDXHP&Ex&HV_AirDist__SupFanMtr/NE-HVAC-FanBelt-VBelt-Std/instance-out.sql,7626577.109999999,1617298.18,960448.41,709539.71,0.0,2167645.51,0.0,2013829.7,1422.37,0.0,0.0,0.0,156393.23,0.0,0.0,9129.14,960448.41,1608169.04,0.00,1394057.91,773587.60
CZ13/MBT&0&rDXHP&Ex&HV_AirDist__SupFanMtr/NE-HVAC-FanBelt-CoggedVBelt-Msr/instance-out.sql,7610428.34,1617732.5899999999,958537.9,709539.71,0.0,2167645.51,0.0,1999157.05,1422.34,0.0,0.0,0.0,156393.23,0.0,0.0,9445.93,958537.90,1608286.66,0.00,1394057.91,773587.60
CZ13/MBT&0&rDXHP&Ex&HV_AirDist__SupFanMtr/NE-HVAC-FanBelt-SynchVBelt-Msr/instance-out.sql,7587398.4399999995,1618381.06,955814.19,709539.71,0.0,2167645.51,0.0,1978202.46,1422.28,0.0,0.0,0.0,156393.23,0.0,0.0,9917.04,955814.19,1608464.02,0.00,1394057.91,773587.60
CZ13/MLI&0&rDXHP&Ex&HV_AirDist__SupFanMtr/NE-HVAC-FanBelt-VBelt-Std/instance-out.sql,1661860.06,9394.81,271589.25,283149.19,0.0,239893.0,0.0,813821.24,3.37,0.0,0.0,0.0,44009.19,0.0,0.0,9394.81,271589.25,0.00,0.00,239893.00,0.00
CZ13/MLI&0&rDXHP&Ex&HV_AirDist__SupFanMtr/NE-HVAC-FanBelt-CoggedVBelt-Msr/instance-out.sql,1644412.9,9846.31,269647.87,283149.19,0.0,239893.0,0.0,797863.96,3.37,0.0,0.0,0.0,44009.19,0.0,0.0,9846.31,269647.87,0.00,0.00,239893.00,0.00
CZ13/MLI&0&rDXHP&Ex&HV_AirDist__SupFanMtr/NE-HVAC-FanBelt-SynchVBelt-Msr/instance-out.sql,1619519.98,10516.99,266880.39,283149.19,0.0,239893.0,0.0,775067.85,3.37,0.0,0.0,0.0,44009.19,0.0,0.0,10516.99,266880.39,0.00,0.00,239893.00,0.00
CZ13/Mtl&0&rDXHP&Ex&HV_AirDist__SupFanMtr/NE-HVAC-FanBelt-VBelt-Std/instance-out.sql,270234.35000000003,2644.6600000000003,61544.42,51285.47,0.0,22443.33,0.0,124697.73,3.36,0.0,0.0,0.0,7615.37,0.0,0.0,2320.57,61544.42,324.09,0.00,22191.36,251.97
CZ13/Mtl&0&rDXHP&Ex&HV_AirDist__SupFanMtr/NE-HVAC-FanBelt-CoggedVBelt-Msr/instance-out.sql,267573.04,2723.52,61221.15,51285.47,0.0,22443.33,0.0,122280.84,3.36,0.0,0.0,0.0,7615.37,0.0,0.0,2397.35,61221.15,326.17,0.00,22191.36,251.97
CZ13/Mtl&0&rDXHP&Ex&HV_AirDist__SupFanMtr/NE-HVAC-FanBelt-SynchVBelt-Msr/instance-out.sql,263771.46,2839.74,60759.39,51285.47,0.0,22443.33,0.0,118824.79,3.36,0.0,0.0,0.0,7615.37,0.0,0.0,2510.75,60759.39,328.99,0.00,22191.36,251.97
CZ13/Nrs&0&rDXHP&Ex&HV_AirDist__SupFanMtr/NE-HVAC-FanBelt-VBelt-Std/instance-out.sql,1366537.75,138605.09999999998,230354.13,200868.06,0.0,347425.87,0.0,346110.99,102.15,0.0,0.0,0.0,103071.43,0.0,0.0,2492.83,230354.13,136112.27,0.00,281574.59,65851.28
CZ13/Nrs&0&rDXHP&Ex&HV_AirDist__SupFanMtr/NE-HVAC-FanBelt-CoggedVBelt-Msr/instance-out.sql,1361527.2999999998,138774.09,229758.09,200868.06,0.0,347425.87,0.0,341558.51,102.24,0.0,0.0,0.0,103040.44,0.0,0.0,2566.71,229758.09,136207.38,0.00,281574.59,65851.28
CZ13/Nrs&0&rDXHP&Ex&HV_AirDist__SupFanMtr/NE-HVAC-FanBelt-SynchVBelt-Msr/instance-out.sql,1354489.1600000001,139003.44999999998,228914.4,200868.06,0.0,347425.87,0.0,335055.32,102.27,0.0,0.0,0.0,103119.8,0.0,0.0,2674.68,228914.40,136328.77,0.00,281574.59,65851.28
CZ13/OfL&0&rDXHP&Ex&HV_AirDist__SupFanMtr/NE-HVAC-FanBelt-VBelt-Std/instance-out.sql,4127449.25,85071.89,784055.81,462712.61,0.0,829334.66,0.0,1850864.76,7651.68,0.0,0.0,0.0,107757.84,0.0,0.0,2478.99,784055.81,82592.90,0.00,829334.66,0.00
CZ13/OfL&0&rDXHP&Ex&HV_AirDist__SupFanMtr/NE-HVAC-FanBelt-CoggedVBelt-Msr/instance-out.sql,4087532.5100000002,85230.1,779297.8,462712.61,0.0,829334.66,0.0,1815547.32,7652.18,0.0,0.0,0.0,107757.83,0.0,0.0,2603.24,779297.80,82626.86,0.00,829334.66,0.00
CZ13/OfL&0&rDXHP&Ex&HV_AirDist__SupFanMtr/NE-HVAC-FanBelt-SynchVBelt-Msr/instance-out.sql,4030588.15,85389.66,772581.27,462712.61,0.0,829334.66,0.0,1765159.86,7652.26,0.0,0.0,0.0,107757.83,0.0,0.0,2777.55,772581.27,82612.11,0.00,829334.66,0.00
CZ13/OfS&0&rDXHP&Ex&HV_AirDist__SupFanMtr/NE-HVAC-FanBelt-VBelt-Std/instance-out.sql,250435.77000000002,602.26,45595.08,23737.13,0.0,29387.4,0.0,130876.84,1.13,0.0,0.0,0.0,20235.92,0.0,0.0,602.26,45595.08,0.00,0.00,29387.40,0.00
CZ13/OfS&0&rDXHP&Ex&HV_AirDist__SupFanMtr/NE-HVAC-FanBelt-CoggedVBelt-Msr/instance-out.sql,247554.47999999998,626.4,45250.0,23737.13,0.0,29387.4,0.0,128316.49,1.13,0.0,0.0,0.0,20235.92,0.0,0.0,626.40,45250.00,0.00,0.00,29387.40,0.00
CZ13/OfS&0&rDXHP&Ex&HV_AirDist__SupFanMtr/NE-HVAC-FanBelt-SynchVBelt-Msr/instance-out.sql,243434.59999999998,663.46,44758.46,23737.13,0.0,29387.4,0.0,124651.09,1.13,0.0,0.0,0.0,20235.92,0.0,0.0,663.46,44758.46,0.00,0.00,29387.40,0.00
CZ13/RFF&0&rDXHP&Ex&HV_AirDist__SupFanMtr/NE-HVAC-FanBelt-VBelt-Std/instance-out.sql,147451.22999999998,347.58,24139.04,13247.63,0.0,37903.17,0.0,48212.36,3.37,0.0,0.0,0.0,23598.08,0.0,0.0,347.56,24139.04,0.02,0.00,18423.46,19479.71
CZ13/RFF&0&rDXHP&Ex&HV_AirDist__SupFanMtr/NE-HVAC-FanBelt-CoggedVBelt-Msr/instance-out.sql,146715.27000000002,363.53,24054.02,13247.63,0.0,37903.17,0.0,47545.47,3.37,0.0,0.0,0.0,23598.07,0.0,0.0,363.51,24054.02,0.02,0.00,18423.46,19479.71
CZ13/RFF&0&rDXHP&Ex&HV_AirDist__SupFanMtr/NE-HVAC-FanBelt-SynchVBelt-Msr/instance-out.sql,145665.71,387.71999999999997,23932.97,13247.63,0.0,37903.17,0.0,46592.78,3.37,0.0,0.0,0.0,23598.07,0.0,0.0,387.70,23932.97,0.02,0.00,18423.46,19479.71
CZ13/RSD&0&rDXHP&Ex&HV_AirDist__SupFanMtr/NE-HVAC-FanBelt-VBelt-Std/instance-out.sql,391610.94,90530.7,63790.42,36047.32,0.0,76546.73,0.0,65228.69,66.5,0.0,0.0,0.0,59400.59,0.0,0.0,233.69,63790.42,90297.01,0.00,37475.60,39071.13
CZ13/RSD&0&rDXHP&Ex&HV_AirDist__SupFanMtr/NE-HVAC-FanBelt-CoggedVBelt-Msr/instance-out.sql,391255.5,90541.14,63747.87,36047.32,0.0,76546.73,0.0,64905.34,66.5,0.0,0.0,0.0,59400.59,0.0,0.0,242.55,63747.87,90298.59,0.00,37475.60,39071.13
CZ13/RSD&0&rDXHP&Ex&HV_AirDist__SupFanMtr/NE-HVAC-FanBelt-SynchVBelt-Msr/instance-out.sql,390749.56,90557.59,63687.4,36047.32,0.0,76546.73,0.0,64443.45,66.5,0.0,0.0,0.0,59400.59,0.0,0.0,255.59,63687.40,90302.00,0.00,37475.60,39071.13
CZ13/Rt3&0&rDXHP&Ex&HV_AirDist__SupFanMtr/NE-HVAC-FanBelt-VBelt-Std/instance-out.sql,3069172.2199999997,4571.27,482305.77,774348.97,0.0,436362.0,0.0,1216544.07,3.38,0.0,0.0,0.0,155036.76,0.0,0.0,4164.02,482305.77,407.25,0.00,436362.00,0.00
CZ13/Rt3&0&rDXHP&Ex&HV_AirDist__SupFanMtr/NE-HVAC-FanBelt-CoggedVBelt-Msr/instance-out.sql,3042858.81,4760.79,479128.21,774348.97,0.0,436362.0,0.0,1193218.69,3.38,0.0,0.0,0.0,155036.76,0.0,0.0,4351.95,479128.21,408.84,0.00,436362.00,0.00
CZ13/Rt3&0&rDXHP&Ex&HV_AirDist__SupFanMtr/NE-HVAC-FanBelt-SynchVBelt-Msr/instance-out.sql,3005325.9200000004,5047.44,474598.55,774348.97,0.0,436362.0,0.0,1159928.83,3.38,0.0,0.0,0.0,155036.76,0.0,0.0,4635.99,474598.55,411.45,0.00,436362.00,0.00
CZ13/RtL&0&rDXHP&Ex&HV_AirDist__SupFanMtr/NE-HVAC-FanBelt-VBelt-Std/instance-out.sql,3056333.91,3498.83,490115.29,767420.15,0.0,509200.67,0.0,1171829.75,3.39,0.0,0.0,0.0,114265.84,0.0,0.0,3498.83,490115.29,0.00,0.00,468847.72,40352.95
CZ13/RtL&0&rDXHP&Ex&HV_AirDist__SupFanMtr/NE-HVAC-FanBelt-CoggedVBelt-Msr/instance-out.sql,3031014.79,3688.57,487071.83,767420.15,0.0,509200.67,0.0,1149364.35,3.39,0.0,0.0,0.0,114265.84,0.0,0.0,3688.57,487071.83,0.00,0.00,468847.72,40352.95
CZ13/RtL&0&rDXHP&Ex&HV_AirDist__SupFanMtr/NE-HVAC-FanBelt-SynchVBelt-Msr/instance-out.sql,2994869.74,3976.36,482732.43,767420.15,0.0,509200.67,0.0,1117270.91,3.39,0.0,0.0,0.0,114265.84,0.0,0.0,3976.36,482732.43,0.00,0.00,468847.72,40352.95
CZ13/RtS&0&rDXHP&Ex&HV_AirDist__SupFanMtr/NE-HVAC-FanBelt-VBelt-Std/instance-out.sql,204118.61,1166.93,36606.51,44599.63,0.0,24440.79,0.0,82638.33,3.36,0.0,0.0,0.0,14663.05,0.0,0.0,1166.93,36606.51,0.00,0.00,24440.79,0.00
CZ13/RtS&0&rDXHP&Ex&HV_AirDist__SupFanMtr/NE-HVAC-FanBelt-CoggedVBelt-Msr/instance-out.sql,202307.12999999998,1205.99,36376.33,44599.63,0.0,24440.79,0.0,81017.98,3.36,0.0,0.0,0.0,14663.05,0.0,0.0,1205.99,36376.33,0.00,0.00,24440.79,0.00
CZ13/RtS&0&rDXHP&Ex&HV_AirDist__SupFanMtr/NE-HVAC-FanBelt-SynchVBelt-Msr/instance-out.sql,199722.27,1263.39,36048.87,44599.63,0.0,24440.79,0.0,78703.18,3.36,0.0,0.0,0.0,14663.05,0.0,0.0,1263.39,36048.87,0.00,0.00,24440.79,0.00
CZ13/SCn&0&rDXHP&Ex&HV_AirDist__SupFanMtr/NE-HVAC-FanBelt-VBelt-Std/instance-out.sql,5565884.279999999,74094.53,1041341.78,850055.03,0.0,449066.39,0.0,3074728.8,3.36,0.0,0.0,0.0,76594.39,0.0,0.0,74094.53,1041341.78,0.00,0.00,449066.39,0.00
CZ13/SCn&0&rDXHP&Ex&HV_AirDist__SupFanMtr/NE-HVAC-FanBelt-CoggedVBelt-Msr/instance-out.sql,5501191.94,77235.54,1033576.37,850055.03,0.0,449066.39,0.0,3014660.85,3.36,0.0,0.0,0.0,76594.4,0.0,0.0,77235.54,1033576.37,0.00,0.00,449066.39,0.00
CZ13/SCn&0&rDXHP&Ex&HV_AirDist__SupFanMtr/NE-HVAC-FanBelt-SynchVBelt-Msr/instance-out.sql,5408834.989999999,81839.71,1022490.98,850055.03,0.0,449066.39,0.0,2928785.14,3.36,0.0,0.0,0.0,76594.39,0.0,0.0,81839.71,1022490.98,0.00,0.00,449066.39,0.00
CZ14/Asm&0&rDXHP&Ex&HV_AirDist__SupFanMtr/NE-HVAC-FanBelt-VBelt-Std/instance-out.sql,1186773.69,15814.42,337607.8,153727.01,0.0,145823.51,0.0,513704.57,3.36,0.0,0.0,0.0,20093.03,0.0,0.0,15814.42,337607.80,0.00,0.00,145823.51,0.00
CZ14/Asm&0&rDXHP&Ex&HV_AirDist__SupFanMtr/NE-HVAC-FanBelt-CoggedVBelt-Msr/instance-out.sql,1175377.3900000001,16156.51,335942.04,153727.01,0.0,145823.51,0.0,503631.93,3.36,0.0,0.0,0.0,20093.03,0.0,0.0,16156.51,335942.04,0.00,0.00,145823.51,0.00
CZ14/Asm&0&rDXHP&Ex&HV_AirDist__SupFanMtr/NE-HVAC-FanBelt-SynchVBelt-Msr/instance-out.sql,1159047.76,16651.07,333507.36,153727.01,0.0,145823.51,0.0,489242.44,3.36,0.0,0.0,0.0,20093.01,0.0,0.0,16651.07,333507.36,0.00,0.00,145823.51,0.00
CZ14/ECC&0&rDXHP&Ex&HV_AirDist__SupFanMtr/NE-HVAC-FanBelt-VBelt-Std/instance-out.sql,3971505.08,3650.41,793293.44,358430.2,0.0,1013813.91,0.0,1423541.03,2275.29,0.0,0.0,0.0,376500.79,0.0,0.0,3522.60,793293.44,127.81,0.00,945189.93,68623.98
CZ14/ECC&0&rDXHP&Ex&HV_AirDist__SupFanMtr/NE-HVAC-FanBelt-CoggedVBelt-Msr/instance-out.sql,3941897.74,3787.23,788625.74,358430.2,0.0,1013813.91,0.0,1398463.61,2275.18,0.0,0.0,0.0,376501.85,0.0,0.0,3659.20,788625.74,128.03,0.00,945189.93,68623.98
CZ14/ECC&0&rDXHP&Ex&HV_AirDist__SupFanMtr/NE-HVAC-FanBelt-SynchVBelt-Msr/instance-out.sql,3899618.22,3988.09,781960.98,358430.2,0.0,1013813.91,0.0,1362648.49,2274.7,0.0,0.0,0.0,376501.85,0.0,0.0,3859.65,781960.98,128.44,0.00,945189.93,68623.98
CZ14/EPr&0&rDXHP&Ex&HV_AirDist__SupFanMtr/NE-HVAC-FanBelt-VBelt-Std/instance-out.sql,609614.8,1636.92,130665.39,64700.97,0.0,125897.03,0.0,214086.24,3.37,0.0,0.0,0.0,72624.89,0.0,0.0,1636.92,130665.39,0.00,0.00,83226.75,42670.28
CZ14/EPr&0&rDXHP&Ex&HV_AirDist__SupFanMtr/NE-HVAC-FanBelt-CoggedVBelt-Msr/instance-out.sql,605330.21,1684.58,129975.6,64700.97,0.0,125897.03,0.0,210443.77,3.37,0.0,0.0,0.0,72624.89,0.0,0.0,1684.58,129975.60,0.00,0.00,83226.75,42670.28
CZ14/EPr&0&rDXHP&Ex&HV_AirDist__SupFanMtr/NE-HVAC-FanBelt-SynchVBelt-Msr/instance-out.sql,599193.72,1754.66,128990.43,64700.97,0.0,125897.03,0.0,205222.37,3.37,0.0,0.0,0.0,72624.89,0.0,0.0,1754.66,128990.43,0.00,0.00,83226.75,42670.28
CZ14/ERC&0&rDXHP&Ex&HV_AirDist__SupFanMtr/NE-HVAC-FanBelt-VBelt-Std/instance-out.sql,30609.28,112.25,5744.87,2224.35,0.0,2196.82,0.0,11514.83,3.36,0.0,0.0,0.0,8812.8,0.0,0.0,112.25,5744.87,0.00,0.00,2196.82,0.00
CZ14/ERC&0&rDXHP&Ex&HV_AirDist__SupFanMtr/NE-HVAC-FanBelt-CoggedVBelt-Msr/instance-out.sql,30350.8,115.3,5703.16,2224.35,0.0,2196.82,0.0,11295.01,3.36,0.0,0.0,0.0,8812.8,0.0,0.0,115.30,5703.16,0.00,0.00,2196.82,0.00
CZ14/ERC&0&rDXHP&Ex&HV_AirDist__SupFanMtr/NE-HVAC-FanBelt-SynchVBelt-Msr/instance-out.sql,29983.04,119.97,5643.51,2224.35,0.0,2196.82,0.0,10982.23,3.36,0.0,0.0,0.0,8812.8,0.0,0.0,119.97,5643.51,0.00,0.00,2196.82,0.00
CZ14/ESe&0&rDXHP&Ex&HV_AirDist__SupFanMtr/NE-HVAC-FanBelt-VBelt-Std/instance-out.sql,1632191.97,34998.700000000004,347671.41,197959.32,0.0,323176.74,0.0,529839.53,3.39,0.0,0.0,0.0,198542.88,0.0,0.0,848.58,347671.41,34150.12,0.00,259085.82,64090.92
CZ14/ESe&0&rDXHP&Ex&HV_AirDist__SupFanMtr/NE-HVAC-FanBelt-CoggedVBelt-Msr/instance-out.sql,1627081.0899999999,35022.49,346870.42,197959.32,0.0,323176.74,0.0,525505.85,3.39,0.0,0.0,0.0,198542.89,0.0,0.0,877.64,346870.42,34144.85,0.00,259085.82,64090.92
CZ14/ESe&0&rDXHP&Ex&HV_AirDist__SupFanMtr/NE-HVAC-FanBelt-SynchVBelt-Msr/instance-out.sql,1619870.69,35063.69,345728.23,197959.32,0.0,323176.74,0.0,519396.44,3.39,0.0,0.0,0.0,198542.89,0.0,0.0,921.08,345728.23,34142.61,0.00,259085.82,64090.92
CZ14/EUn&0&rDXHP&Ex&HV_AirDist__SupFanMtr/NE-HVAC-FanBelt-VBelt-Std/instance-out.sql,12327972.68,17779.35,2268397.86,1277404.75,0.0,3682881.23,0.0,4442555.87,3.37,0.0,0.0,0.0,638950.24,0.0,0.0,11264.76,2268397.86,6514.59,0.00,3555459.15,127422.08
CZ14/EUn&0&rDXHP&Ex&HV_AirDist__SupFanMtr/NE-HVAC-FanBelt-CoggedVBelt-Msr/instance-out.sql,12241777.54,18363.2,2256142.95,1277404.75,0.0,3682881.23,0.0,4368031.8,3.37,0.0,0.0,0.0,638950.24,0.0,0.0,11793.06,2256142.95,6570.14,0.00,3555459.15,127422.08
CZ14/EUn&0&rDXHP&Ex&HV_AirDist__SupFanMtr/NE-HVAC-FanBelt-SynchVBelt-Msr/instance-out.sql,12118524.61,19126.82,2238705.14,1277404.75,0.0,3682881.23,0.0,4261453.04,3.37,0.0,0.0,0.0,638950.25,0.0,0.0,12535.79,2238705.14,6591.03,0.00,3555459.15,127422.08
CZ14/Hsp&0&rDXHP&Ex&HV_AirDist__SupFanMtr/NE-HVAC-FanBelt-VBelt-Std/instance-out.sql,6874602.85,1175163.56,2111736.27,856282.21,0.0,1182847.3,0.0,1239862.06,84894.68,0.0,0.0,0.0,223816.77,0.0,0.0,1293.70,2111736.27,1173869.86,0.00,1139112.10,43735.20
CZ14/Hsp&0&rDXHP&Ex&HV_AirDist__SupFanMtr/NE-HVAC-FanBelt-CoggedVBelt-Msr/instance-out.sql,6859845.710000001,1175231.19,2109763.96,856282.21,0.0,1182847.3,0.0,1226995.37,84905.33,0.0,0.0,0.0,223820.34,0.0,0.0,1350.26,2109763.96,1173880.93,0.00,1139112.10,43735.20
CZ14/Hsp&0&rDXHP&Ex&HV_AirDist__SupFanMtr/NE-HVAC-FanBelt-SynchVBelt-Msr/instance-out.sql,6838948.42,1175499.4100000001,2106908.97,856282.21,0.0,1182847.3,0.0,1208681.01,84905.61,0.0,0.0,0.0,223823.91,0.0,0.0,1435.58,2106908.97,1174063.83,0.00,1139112.10,43735.20
CZ14/MBT&0&rDXHP&Ex&HV_AirDist__SupFanMtr/NE-HVAC-FanBelt-VBelt-Std/instance-out.sql,7827075.430000001,1291005.53,1327321.36,709539.71,0.0,2167645.51,0.0,2181397.0,1430.54,0.0,0.0,0.0,148735.78,0.0,0.0,4962.71,1327321.36,1286042.82,0.00,1394057.91,773587.60
CZ14/MBT&0&rDXHP&Ex&HV_AirDist__SupFanMtr/NE-HVAC-FanBelt-CoggedVBelt-Msr/instance-out.sql,7808839.620000001,1291298.66,1324809.23,709539.71,0.0,2167645.51,0.0,2165380.19,1430.5,0.0,0.0,0.0,148735.79,0.0,0.0,5170.13,1324809.23,1286128.53,0.00,1394057.91,773587.60
CZ14/MBT&0&rDXHP&Ex&HV_AirDist__SupFanMtr/NE-HVAC-FanBelt-SynchVBelt-Msr/instance-out.sql,7782815.0600000005,1291730.98,1321229.7,709539.71,0.0,2167645.51,0.0,2142502.85,1430.5,0.0,0.0,0.0,148735.81,0.0,0.0,5477.24,1321229.70,1286253.74,0.00,1394057.91,773587.60
CZ14/MLI&0&rDXHP&Ex&HV_AirDist__SupFanMtr/NE-HVAC-FanBelt-VBelt-Std/instance-out.sql,1819615.38,5999.14,358569.59,283149.19,0.0,239893.0,0.0,889952.61,3.37,0.0,0.0,0.0,42048.48,0.0,0.0,5999.14,358569.59,0.00,0.00,239893.00,0.00
CZ14/MLI&0&rDXHP&Ex&HV_AirDist__SupFanMtr/NE-HVAC-FanBelt-CoggedVBelt-Msr/instance-out.sql,1799891.78,6295.6,355999.58,283149.19,0.0,239893.0,0.0,872502.56,3.37,0.0,0.0,0.0,42048.48,0.0,0.0,6295.60,355999.58,0.00,0.00,239893.00,0.00
CZ14/MLI&0&rDXHP&Ex&HV_AirDist__SupFanMtr/NE-HVAC-FanBelt-SynchVBelt-Msr/instance-out.sql,1771724.67,6735.51,352321.21,283149.19,0.0,239893.0,0.0,847573.91,3.37,0.0,0.0,0.0,42048.48,0.0,0.0,6735.51,352321.21,0.00,0.00,239893.00,0.00
CZ14/Mtl&0&rDXHP&Ex&HV_AirDist__SupFanMtr/NE-HVAC-FanBelt-VBelt-Std/instance-out.sql,300131.99,1480.55,80192.59,51285.47,0.0,22443.33,0.0,137169.28,3.36,0.0,0.0,0.0,7557.4,0.0,0.0,1361.71,80192.59,118.84,0.00,22191.36,251.97
CZ14/Mtl&0&rDXHP&Ex&HV_AirDist__SupFanMtr/NE-HVAC-FanBelt-CoggedVBelt-Msr/instance-out.sql,297092.16,1525.77,79763.13,51285.47,0.0,22443.33,0.0,134513.68,3.36,0.0,0.0,0.0,7557.4,0.0,0.0,1405.97,79763.13,119.80,0.00,22191.36,251.97
CZ14/Mtl&0&rDXHP&Ex&HV_AirDist__SupFanMtr/NE-HVAC-FanBelt-SynchVBelt-Msr/instance-out.sql,292751.38,1592.8999999999999,79150.06,51285.47,0.0,22443.33,0.0,130718.84,3.36,0.0,0.0,0.0,7557.4,0.0,0.0,1471.59,79150.06,121.31,0.00,22191.36,251.97
CZ14/Nrs&0&rDXHP&Ex&HV_AirDist__SupFanMtr/NE-HVAC-FanBelt-VBelt-Std/instance-out.sql,1488382.6199999999,159329.94,296771.56,200868.06,0.0,347425.87,0.0,387052.2,115.65,0.0,0.0,0.0,96819.35,0.0,0.0,1466.85,296771.56,157863.09,0.00,281574.59,65851.28
CZ14/Nrs&0&rDXHP&Ex&HV_AirDist__SupFanMtr/NE-HVAC-FanBelt-CoggedVBelt-Msr/instance-out.sql,1482578.75,159433.62999999998,295984.12,200868.06,0.0,347425.87,0.0,382103.2,115.59,0.0,0.0,0.0,96648.27,0.0,0.0,1515.08,295984.12,157918.55,0.00,281574.59,65851.28
CZ14/Nrs&0&rDXHP&Ex&HV_AirDist__SupFanMtr/NE-HVAC-FanBelt-SynchVBelt-Msr/instance-out.sql,1474656.06,159584.54,294874.18,200868.06,0.0,347425.87,0.0,375036.01,115.72,0.0,0.0,0.0,96751.68,0.0,0.0,1586.42,294874.18,157998.12,0.00,281574.59,65851.28
CZ14/OfL&0&rDXHP&Ex&HV_AirDist__SupFanMtr/NE-HVAC-FanBelt-VBelt-Std/instance-out.sql,4514327.05,105312.21999999999,1002373.92,462712.61,0.0,829334.66,0.0,2003671.18,8367.36,0.0,0.0,0.0,102555.09,0.0,0.0,1985.18,1002373.92,103327.04,0.00,829334.66,0.00
CZ14/OfL&0&rDXHP&Ex&HV_AirDist__SupFanMtr/NE-HVAC-FanBelt-CoggedVBelt-Msr/instance-out.sql,4470215.25,105449.16,996166.19,462712.61,0.0,829334.66,0.0,1965631.65,8365.89,0.0,0.0,0.0,102555.09,0.0,0.0,2073.84,996166.19,103375.32,0.00,829334.66,0.00
CZ14/OfL&0&rDXHP&Ex&HV_AirDist__SupFanMtr/NE-HVAC-FanBelt-SynchVBelt-Msr/instance-out.sql,4407186.16,105558.70999999999,987360.17,462712.61,0.0,829334.66,0.0,1911299.06,8365.85,0.0,0.0,0.0,102555.1,0.0,0.0,2207.68,987360.17,103351.03,0.00,829334.66,0.00
CZ14/OfS&0&rDXHP&Ex&HV_AirDist__SupFanMtr/NE-HVAC-FanBelt-VBelt-Std/instance-out.sql,276281.84,361.56,59869.25,23737.13,0.0,29387.4,0.0,143506.5,1.13,0.0,0.0,0.0,19418.86,0.0,0.0,361.56,59869.25,0.00,0.00,29387.40,0.00
CZ14/OfS&0&rDXHP&Ex&HV_AirDist__SupFanMtr/NE-HVAC-FanBelt-CoggedVBelt-Msr/instance-out.sql,273020.76,372.54,59409.37,23737.13,0.0,29387.4,0.0,140694.32,1.13,0.0,0.0,0.0,19418.86,0.0,0.0,372.54,59409.37,0.00,0.00,29387.40,0.00
CZ14/OfS&0&rDXHP&Ex&HV_AirDist__SupFanMtr/NE-HVAC-FanBelt-SynchVBelt-Msr/instance-out.sql,268367.45,389.38,58753.87,23737.13,0.0,29387.4,0.0,136679.67,1.13,0.0,0.0,0.0,19418.86,0.0,0.0,389.38,58753.87,0.00,0.00,29387.40,0.00
CZ14/RFF&0&rDXHP&Ex&HV_AirDist__SupFanMtr/NE-HVAC-FanBelt-VBelt-Std/instance-out.sql,155313.99,175.07,29522.81,13247.63,0.0,37903.17,0.0,51769.06,3.37,0.0,0.0,0.0,22692.87,0.0,0.0,175.07,29522.81,0.00,0.00,18423.46,19479.71
CZ14/RFF&0&rDXHP&Ex&HV_AirDist__SupFanMtr/NE-HVAC-FanBelt-CoggedVBelt-Msr/instance-out.sql,154491.67,182.77,29413.56,13247.63,0.0,37903.17,0.0,51048.31,3.37,0.0,0.0,0.0,22692.86,0.0,0.0,182.77,29413.56,0.00,0.00,18423.46,19479.71
CZ14/RFF&0&rDXHP&Ex&HV_AirDist__SupFanMtr/NE-HVAC-FanBelt-SynchVBelt-Msr/instance-out.sql,153318.12,194.27,29258.16,13247.63,0.0,37903.17,0.0,50018.65,3.37,0.0,0.0,0.0,22692.86,0.0,0.0,194.27,29258.16,0.00,0.00,18423.46,19479.71
CZ14/RSD&0&rDXHP&Ex&HV_AirDist__SupFanMtr/NE-HVAC-FanBelt-VBelt-Std/instance-out.sql,432794.35,110193.9,78623.14,36047.32,0.0,76546.73,0.0,74635.99,76.65,0.0,0.0,0.0,56670.63,0.0,0.0,117.26,78623.14,110076.64,0.00,37475.60,39071.13
CZ14/RSD&0&rDXHP&Ex&HV_AirDist__SupFanMtr/NE-HVAC-FanBelt-CoggedVBelt-Msr/instance-out.sql,432393.73,110200.39000000001,78568.91,36047.32,0.0,76546.73,0.0,74283.1,76.65,0.0,0.0,0.0,56670.63,0.0,0.0,121.82,78568.91,110078.57,0.00,37475.60,39071.13
CZ14/RSD&0&rDXHP&Ex&HV_AirDist__SupFanMtr/NE-HVAC-FanBelt-SynchVBelt-Msr/instance-out.sql,431822.06,110210.12999999999,78491.6,36047.32,0.0,76546.73,0.0,73779.0,76.65,0.0,0.0,0.0,56670.63,0.0,0.0,128.65,78491.60,110081.48,0.00,37475.60,39071.13
CZ14/Rt3&0&rDXHP&Ex&HV_AirDist__SupFanMtr/NE-HVAC-FanBelt-VBelt-Std/instance-out.sql,3248095.4,2685.31,615522.21,774348.97,0.0,436362.0,0.0,1271699.71,3.38,0.0,0.0,0.0,147473.82,0.0,0.0,2479.46,615522.21,205.85,0.00,436362.00,0.00
CZ14/Rt3&0&rDXHP&Ex&HV_AirDist__SupFanMtr/NE-HVAC-FanBelt-CoggedVBelt-Msr/instance-out.sql,3219766.09,2791.51,611544.63,774348.97,0.0,436362.0,0.0,1247241.78,3.38,0.0,0.0,0.0,147473.82,0.0,0.0,2585.05,611544.63,206.46,0.00,436362.00,0.00
CZ14/Rt3&0&rDXHP&Ex&HV_AirDist__SupFanMtr/NE-HVAC-FanBelt-SynchVBelt-Msr/instance-out.sql,3179287.56,2953.7000000000003,605866.49,774348.97,0.0,436362.0,0.0,1212279.22,3.38,0.0,0.0,0.0,147473.82,0.0,0.0,2746.17,605866.49,207.53,0.00,436362.00,0.00
CZ14/RtL&0&rDXHP&Ex&HV_AirDist__SupFanMtr/NE-HVAC-FanBelt-VBelt-Std/instance-out.sql,3263093.5,2257.25,626391.1,767420.15,0.0,509200.67,0.0,1249062.43,3.39,0.0,0.0,0.0,108758.52,0.0,0.0,2257.25,626391.10,0.00,0.00,468847.72,40352.95
CZ14/RtL&0&rDXHP&Ex&HV_AirDist__SupFanMtr/NE-HVAC-FanBelt-CoggedVBelt-Msr/instance-out.sql,3235411.63,2372.19,622534.24,767420.15,0.0,509200.67,0.0,1225122.55,3.39,0.0,0.0,0.0,108758.45,0.0,0.0,2372.19,622534.24,0.00,0.00,468847.72,40352.95
CZ14/RtL&0&rDXHP&Ex&HV_AirDist__SupFanMtr/NE-HVAC-FanBelt-SynchVBelt-Msr/instance-out.sql,3195884.74,2548.5,617030.88,767420.15,0.0,509200.67,0.0,1190922.72,3.39,0.0,0.0,0.0,108758.45,0.0,0.0,2548.50,617030.88,0.00,0.00,468847.72,40352.95
CZ14/RtS&0&rDXHP&Ex&HV_AirDist__SupFanMtr/NE-HVAC-FanBelt-VBelt-Std/instance-out.sql,219120.15000000002,523.77,46816.22,44599.63,0.0,24440.79,0.0,88510.96,3.36,0.0,0.0,0.0,14225.42,0.0,0.0,523.77,46816.22,0.00,0.00,24440.79,0.00
CZ14/RtS&0&rDXHP&Ex&HV_AirDist__SupFanMtr/NE-HVAC-FanBelt-CoggedVBelt-Msr/instance-out.sql,217108.49000000002,543.25,46520.29,44599.63,0.0,24440.79,0.0,86775.75,3.36,0.0,0.0,0.0,14225.42,0.0,0.0,543.25,46520.29,0.00,0.00,24440.79,0.00
CZ14/RtS&0&rDXHP&Ex&HV_AirDist__SupFanMtr/NE-HVAC-FanBelt-SynchVBelt-Msr/instance-out.sql,214236.68000000002,572.33,46098.71,44599.63,0.0,24440.79,0.0,84296.44,3.36,0.0,0.0,0.0,14225.42,0.0,0.0,572.33,46098.71,0.00,0.00,24440.79,0.00
CZ14/SCn&0&rDXHP&Ex&HV_AirDist__SupFanMtr/NE-HVAC-FanBelt-VBelt-Std/instance-out.sql,6078633.5200000005,39796.39,1353848.25,850055.03,0.0,449066.39,0.0,3312884.67,3.36,0.0,0.0,0.0,72979.44,0.0,0.0,39796.39,1353848.25,0.00,0.00,449066.39,0.00
CZ14/SCn&0&rDXHP&Ex&HV_AirDist__SupFanMtr/NE-HVAC-FanBelt-CoggedVBelt-Msr/instance-out.sql,6006402.82,41853.27,1343829.8,850055.03,0.0,449066.39,0.0,3248615.53,3.36,0.0,0.0,0.0,72979.44,0.0,0.0,41853.27,1343829.80,0.00,0.00,449066.39,0.00
CZ14/SCn&0&rDXHP&Ex&HV_AirDist__SupFanMtr/NE-HVAC-FanBelt-SynchVBelt-Msr/instance-out.sql,5901525.670000001,44368.31,1329531.85,850055.03,0.0,449066.39,0.0,3155521.3,3.36,0.0,0.0,0.0,72979.44,0.0,0.0,44368.31,1329531.85,0.00,0.00,449066.39,0.00
CZ15/Asm&0&rDXHP&Ex&HV_AirDist__SupFanMtr/NE-HVAC-FanBelt-VBelt-Std/instance-out.sql,1274425.2,4459.92,458136.57,153727.01,0.0,145823.51,0.0,493711.8,3.36,0.0,0.0,0.0,18563.03,0.0,0.0,4459.92,458136.57,0.00,0.00,145823.51,0.00
CZ15/Asm&0&rDXHP&Ex&HV_AirDist__SupFanMtr/NE-HVAC-FanBelt-CoggedVBelt-Msr/instance-out.sql,1262741.34,4573.46,456019.79,153727.01,0.0,145823.51,0.0,484031.17,3.36,0.0,0.0,0.0,18563.03,0.0,0.0,4573.46,456019.79,0.00,0.00,145823.51,0.00
CZ15/Asm&0&rDXHP&Ex&HV_AirDist__SupFanMtr/NE-HVAC-FanBelt-SynchVBelt-Msr/instance-out.sql,1246060.04,4741.62,452999.82,153727.01,0.0,145823.51,0.0,470201.71,3.36,0.0,0.0,0.0,18563.02,0.0,0.0,4741.62,452999.82,0.00,0.00,145823.51,0.00
CZ15/ECC&0&rDXHP&Ex&HV_AirDist__SupFanMtr/NE-HVAC-FanBelt-VBelt-Std/instance-out.sql,4178382.06,773.59,1065661.81,358430.2,0.0,1013813.91,0.0,1401835.95,2543.5,0.0,0.0,0.0,335323.11,0.0,0.0,768.59,1065661.81,5.00,0.00,945189.93,68623.98
CZ15/ECC&0&rDXHP&Ex&HV_AirDist__SupFanMtr/NE-HVAC-FanBelt-CoggedVBelt-Msr/instance-out.sql,4147704.86,808.71,1059889.91,358430.2,0.0,1013813.91,0.0,1376895.67,2543.34,0.0,0.0,0.0,335323.11,0.0,0.0,803.71,1059889.91,5.00,0.00,945189.93,68623.98
CZ15/ECC&0&rDXHP&Ex&HV_AirDist__SupFanMtr/NE-HVAC-FanBelt-SynchVBelt-Msr/instance-out.sql,4103889.58,862.03,1051657.41,358430.2,0.0,1013813.91,0.0,1341259.7,2543.21,0.0,0.0,0.0,335323.1,0.0,0.0,857.03,1051657.41,5.00,0.00,945189.93,68623.98
CZ15/EPr&0&rDXHP&Ex&HV_AirDist__SupFanMtr/NE-HVAC-FanBelt-VBelt-Std/instance-out.sql,639848.02,408.67,174124.36,64700.97,0.0,125897.03,0.0,209557.37,3.37,0.0,0.0,0.0,65156.25,0.0,0.0,408.67,174124.36,0.00,0.00,83226.75,42670.28
CZ15/EPr&0&rDXHP&Ex&HV_AirDist__SupFanMtr/NE-HVAC-FanBelt-CoggedVBelt-Msr/instance-out.sql,635417.4600000001,423.11,173281.27,64700.97,0.0,125897.03,0.0,205955.47,3.37,0.0,0.0,0.0,65156.25,0.0,0.0,423.11,173281.27,0.00,0.00,83226.75,42670.28
CZ15/EPr&0&rDXHP&Ex&HV_AirDist__SupFanMtr/NE-HVAC-FanBelt-SynchVBelt-Msr/instance-out.sql,629087.02,444.66,172074.05,64700.97,0.0,125897.03,0.0,200810.69,3.37,0.0,0.0,0.0,65156.25,0.0,0.0,444.66,172074.05,0.00,0.00,83226.75,42670.28
CZ15/ERC&0&rDXHP&Ex&HV_AirDist__SupFanMtr/NE-HVAC-FanBelt-VBelt-Std/instance-out.sql,31980.940000000002,24.25,7753.36,2224.35,0.0,2196.82,0.0,11236.62,3.36,0.0,0.0,0.0,8542.17,0.0,0.0,24.25,7753.36,0.00,0.00,2196.82,0.00
CZ15/ERC&0&rDXHP&Ex&HV_AirDist__SupFanMtr/NE-HVAC-FanBelt-CoggedVBelt-Msr/instance-out.sql,31709.629999999997,25.22,7701.61,2224.35,0.0,2196.82,0.0,11016.1,3.36,0.0,0.0,0.0,8542.17,0.0,0.0,25.22,7701.61,0.00,0.00,2196.82,0.00
CZ15/ERC&0&rDXHP&Ex&HV_AirDist__SupFanMtr/NE-HVAC-FanBelt-SynchVBelt-Msr/instance-out.sql,31324.5,26.64,7627.78,2224.35,0.0,2196.82,0.0,10703.38,3.36,0.0,0.0,0.0,8542.17,0.0,0.0,26.64,7627.78,0.00,0.00,2196.82,0.00
CZ15/ESe&0&rDXHP&Ex&HV_AirDist__SupFanMtr/NE-HVAC-FanBelt-VBelt-Std/instance-out.sql,1666664.99,10607.29,476526.82,197959.32,0.0,323176.74,0.0,481150.23,3.39,0.0,0.0,0.0,177241.2,0.0,0.0,168.86,476526.82,10438.43,0.00,259085.82,64090.92
CZ15/ESe&0&rDXHP&Ex&HV_AirDist__SupFanMtr/NE-HVAC-FanBelt-CoggedVBelt-Msr/instance-out.sql,1661416.1099999999,10614.730000000001,475539.4,197959.32,0.0,323176.74,0.0,476881.34,3.39,0.0,0.0,0.0,177241.19,0.0,0.0,176.20,475539.40,10438.53,0.00,259085.82,64090.92
CZ15/ESe&0&rDXHP&Ex&HV_AirDist__SupFanMtr/NE-HVAC-FanBelt-SynchVBelt-Msr/instance-out.sql,1653882.47,10625.85,474128.07,197959.32,0.0,323176.74,0.0,470747.91,3.39,0.0,0.0,0.0,177241.19,0.0,0.0,187.17,474128.07,10438.68,0.00,259085.82,64090.92
CZ15/EUn&0&rDXHP&Ex&HV_AirDist__SupFanMtr/NE-HVAC-FanBelt-VBelt-Std/instance-out.sql,12741384.129999999,2938.87,2994479.6,1277404.75,0.0,3682881.23,0.0,4214629.18,3.37,0.0,0.0,0.0,569047.13,0.0,0.0,2515.65,2994479.60,423.22,0.00,3555459.15,127422.08
CZ15/EUn&0&rDXHP&Ex&HV_AirDist__SupFanMtr/NE-HVAC-FanBelt-CoggedVBelt-Msr/instance-out.sql,12655904.99,3068.81,2979701.49,1277404.75,0.0,3682881.23,0.0,4143798.2,3.37,0.0,0.0,0.0,569047.13,0.0,0.0,2644.89,2979701.49,423.92,0.00,3555459.15,127422.08
CZ15/EUn&0&rDXHP&Ex&HV_AirDist__SupFanMtr/NE-HVAC-FanBelt-SynchVBelt-Msr/instance-out.sql,12533818.58,3265.06,2958594.25,1277404.75,0.0,3682881.23,0.0,4042622.78,3.37,0.0,0.0,0.0,569047.14,0.0,0.0,2840.18,2958594.25,424.88,0.00,3555459.15,127422.08
CZ15/Hsp&0&rDXHP&Ex&HV_AirDist__SupFanMtr/NE-HVAC-FanBelt-VBelt-Std/instance-out.sql,7600238.1899999995,1309332.46,2691444.95,856282.21,0.0,1182847.3,0.0,1272975.8,87708.14,0.0,0.0,0.0,199647.34,0.0,0.0,251.55,2691444.95,1309080.91,0.00,1139112.10,43735.20
CZ15/Hsp&0&rDXHP&Ex&HV_AirDist__SupFanMtr/NE-HVAC-FanBelt-CoggedVBelt-Msr/instance-out.sql,7585482.6899999995,1309315.3299999998,2689005.15,856282.21,0.0,1182847.3,0.0,1260701.56,87699.58,0.0,0.0,0.0,199631.57,0.0,0.0,263.66,2689005.15,1309051.67,0.00,1139112.10,43735.20
CZ15/Hsp&0&rDXHP&Ex&HV_AirDist__SupFanMtr/NE-HVAC-FanBelt-SynchVBelt-Msr/instance-out.sql,7564416.58,1309311.1600000001,2685477.18,856282.21,0.0,1182847.3,0.0,1243157.44,87699.52,0.0,0.0,0.0,199641.77,0.0,0.0,281.85,2685477.18,1309029.31,0.00,1139112.10,43735.20
CZ15/MBT&0&rDXHP&Ex&HV_AirDist__SupFanMtr/NE-HVAC-FanBelt-VBelt-Std/instance-out.sql,7568777.83,639599.9299999999,1802446.1,709539.71,0.0,2167645.51,0.0,2115137.81,1495.61,0.0,0.0,0.0,132913.17,0.0,0.0,556.32,1802446.10,639043.61,0.00,1394057.91,773587.60
CZ15/MBT&0&rDXHP&Ex&HV_AirDist__SupFanMtr/NE-HVAC-FanBelt-CoggedVBelt-Msr/instance-out.sql,7550031.720000001,639657.33,1799259.94,709539.71,0.0,2167645.51,0.0,2099520.47,1495.58,0.0,0.0,0.0,132913.17,0.0,0.0,588.37,1799259.94,639068.96,0.00,1394057.91,773587.60
CZ15/MBT&0&rDXHP&Ex&HV_AirDist__SupFanMtr/NE-HVAC-FanBelt-SynchVBelt-Msr/instance-out.sql,7523265.03,639745.47,1794716.44,709539.71,0.0,2167645.51,0.0,2077209.18,1495.54,0.0,0.0,0.0,132913.18,0.0,0.0,638.87,1794716.44,639106.60,0.00,1394057.91,773587.60
CZ15/MLI&0&rDXHP&Ex&HV_AirDist__SupFanMtr/NE-HVAC-FanBelt-VBelt-Std/instance-out.sql,1937120.86,984.02,497179.87,283149.19,0.0,239893.0,0.0,877910.35,3.37,0.0,0.0,0.0,38001.06,0.0,0.0,984.02,497179.87,0.00,0.00,239893.00,0.00
CZ15/MLI&0&rDXHP&Ex&HV_AirDist__SupFanMtr/NE-HVAC-FanBelt-CoggedVBelt-Msr/instance-out.sql,1916545.21,1031.55,493770.62,283149.19,0.0,239893.0,0.0,860696.42,3.37,0.0,0.0,0.0,38001.06,0.0,0.0,1031.55,493770.62,0.00,0.00,239893.00,0.00
CZ15/MLI&0&rDXHP&Ex&HV_AirDist__SupFanMtr/NE-HVAC-FanBelt-SynchVBelt-Msr/instance-out.sql,1887152.98,1103.23,488898.03,283149.19,0.0,239893.0,0.0,836105.1,3.37,0.0,0.0,0.0,38001.06,0.0,0.0,1103.23,488898.03,0.00,0.00,239893.00,0.00
CZ15/Mtl&0&rDXHP&Ex&HV_AirDist__SupFanMtr/NE-HVAC-FanBelt-VBelt-Std/instance-out.sql,323786.25,238.04,109083.71,51285.47,0.0,22443.33,0.0,133293.44,3.36,0.0,0.0,0.0,7438.89,0.0,0.0,238.04,109083.71,0.00,0.00,22191.36,251.97
CZ15/Mtl&0&rDXHP&Ex&HV_AirDist__SupFanMtr/NE-HVAC-FanBelt-CoggedVBelt-Msr/instance-out.sql,320691.06,247.81,108552.93,51285.47,0.0,22443.33,0.0,130719.26,3.36,0.0,0.0,0.0,7438.89,0.0,0.0,247.81,108552.93,0.00,0.00,22191.36,251.97
CZ15/Mtl&0&rDXHP&Ex&HV_AirDist__SupFanMtr/NE-HVAC-FanBelt-SynchVBelt-Msr/instance-out.sql,316270.02999999997,262.46,107794.56,51285.47,0.0,22443.33,0.0,127041.95,3.36,0.0,0.0,0.0,7438.89,0.0,0.0,262.46,107794.56,0.00,0.00,22191.36,251.97
CZ15/Nrs&0&rDXHP&Ex&HV_AirDist__SupFanMtr/NE-HVAC-FanBelt-VBelt-Std/instance-out.sql,1593398.5,169451.07,399092.04,200868.06,0.0,347425.87,0.0,391983.62,228.46,0.0,0.0,0.0,84349.37,0.0,0.0,310.82,399092.04,169140.25,0.00,281574.59,65851.28
CZ15/Nrs&0&rDXHP&Ex&HV_AirDist__SupFanMtr/NE-HVAC-FanBelt-CoggedVBelt-Msr/instance-out.sql,1587796.77,169484.97,398139.37,200868.06,0.0,347425.87,0.0,387265.22,228.68,0.0,0.0,0.0,84384.6,0.0,0.0,322.84,398139.37,169162.13,0.00,281574.59,65851.28
CZ15/Nrs&0&rDXHP&Ex&HV_AirDist__SupFanMtr/NE-HVAC-FanBelt-SynchVBelt-Msr/instance-out.sql,1579701.0899999999,169530.0,396765.37,200868.06,0.0,347425.87,0.0,380527.16,228.44,0.0,0.0,0.0,84356.19,0.0,0.0,340.84,396765.37,169189.16,0.00,281574.59,65851.28
CZ15/OfL&0&rDXHP&Ex&HV_AirDist__SupFanMtr/NE-HVAC-FanBelt-VBelt-Std/instance-out.sql,4751688.82,131827.19,1331589.95,462712.61,0.0,829334.66,0.0,1894422.76,9985.89,0.0,0.0,0.0,91815.77,0.0,0.0,346.29,1331589.95,131480.90,0.00,829334.66,0.00
CZ15/OfL&0&rDXHP&Ex&HV_AirDist__SupFanMtr/NE-HVAC-FanBelt-CoggedVBelt-Msr/instance-out.sql,4708724.02,131846.9,1324320.67,462712.61,0.0,829334.66,0.0,1858707.61,9985.8,0.0,0.0,0.0,91815.77,0.0,0.0,363.24,1324320.67,131483.66,0.00,829334.66,0.00
CZ15/OfL&0&rDXHP&Ex&HV_AirDist__SupFanMtr/NE-HVAC-FanBelt-SynchVBelt-Msr/instance-out.sql,4647331.0200000005,131870.4,1313948.99,462712.61,0.0,829334.66,0.0,1807663.07,9985.52,0.0,0.0,0.0,91815.77,0.0,0.0,388.93,1313948.99,131481.47,0.00,829334.66,0.00
CZ15/OfS&0&rDXHP&Ex&HV_AirDist__SupFanMtr/NE-HVAC-FanBelt-VBelt-Std/instance-out.sql,284173.36,56.66,77379.34,23737.13,0.0,29387.4,0.0,135885.14,1.13,0.0,0.0,0.0,17726.55,0.0,0.0,56.66,77379.34,0.00,0.00,29387.40,0.00
CZ15/OfS&0&rDXHP&Ex&HV_AirDist__SupFanMtr/NE-HVAC-FanBelt-CoggedVBelt-Msr/instance-out.sql,280964.62,57.77,76833.68,23737.13,0.0,29387.4,0.0,133220.95,1.13,0.0,0.0,0.0,17726.55,0.0,0.0,57.77,76833.68,0.00,0.00,29387.40,0.00
CZ15/OfS&0&rDXHP&Ex&HV_AirDist__SupFanMtr/NE-HVAC-FanBelt-SynchVBelt-Msr/instance-out.sql,276380.18,59.58,76055.09,23737.13,0.0,29387.4,0.0,129413.3,1.13,0.0,0.0,0.0,17726.55,0.0,0.0,59.58,76055.09,0.00,0.00,29387.40,0.00
CZ15/RFF&0&rDXHP&Ex&HV_AirDist__SupFanMtr/NE-HVAC-FanBelt-VBelt-Std/instance-out.sql,160368.46,29.56,37757.32,13247.63,0.0,37903.17,0.0,50609.05,3.37,0.0,0.0,0.0,20818.36,0.0,0.0,29.56,37757.32,0.00,0.00,18423.46,19479.71
CZ15/RFF&0&rDXHP&Ex&HV_AirDist__SupFanMtr/NE-HVAC-FanBelt-CoggedVBelt-Msr/instance-out.sql,159528.74,31.02,37619.87,13247.63,0.0,37903.17,0.0,49905.32,3.37,0.0,0.0,0.0,20818.36,0.0,0.0,31.02,37619.87,0.00,0.00,18423.46,19479.71
CZ15/RFF&0&rDXHP&Ex&HV_AirDist__SupFanMtr/NE-HVAC-FanBelt-SynchVBelt-Msr/instance-out.sql,158330.08,33.28,37424.35,13247.63,0.0,37903.17,0.0,48899.92,3.37,0.0,0.0,0.0,20818.36,0.0,0.0,33.28,37424.35,0.00,0.00,18423.46,19479.71
CZ15/RSD&0&rDXHP&Ex&HV_AirDist__SupFanMtr/NE-HVAC-FanBelt-VBelt-Std/instance-out.sql,483384.92,137182.76,103918.25,36047.32,0.0,76546.73,0.0,78556.03,116.08,0.0,0.0,0.0,51017.75,0.0,0.0,21.53,103918.25,137161.23,0.00,37475.60,39071.13
CZ15/RSD&0&rDXHP&Ex&HV_AirDist__SupFanMtr/NE-HVAC-FanBelt-CoggedVBelt-Msr/instance-out.sql,482983.38,137182.31,103851.95,36047.32,0.0,76546.73,0.0,78221.24,116.08,0.0,0.0,0.0,51017.75,0.0,0.0,22.47,103851.95,137159.84,0.00,37475.60,39071.13
CZ15/RSD&0&rDXHP&Ex&HV_AirDist__SupFanMtr/NE-HVAC-FanBelt-SynchVBelt-Msr/instance-out.sql,482423.08,137193.4,103758.83,36047.32,0.0,76546.73,0.0,77742.96,116.09,0.0,0.0,0.0,51017.75,0.0,0.0,23.90,103758.83,137169.50,0.00,37475.60,39071.13
CZ15/Rt3&0&rDXHP&Ex&HV_AirDist__SupFanMtr/NE-HVAC-FanBelt-VBelt-Std/instance-out.sql,3429664.92,402.21,847093.27,774348.97,0.0,436362.0,0.0,1239638.64,3.38,0.0,0.0,0.0,131816.45,0.0,0.0,378.39,847093.27,23.82,0.00,436362.00,0.00
CZ15/Rt3&0&rDXHP&Ex&HV_AirDist__SupFanMtr/NE-HVAC-FanBelt-CoggedVBelt-Msr/instance-out.sql,3400598.7600000002,420.42,841908.76,774348.97,0.0,436362.0,0.0,1215738.77,3.38,0.0,0.0,0.0,131816.45,0.0,0.0,396.54,841908.76,23.88,0.00,436362.00,0.00
CZ15/Rt3&0&rDXHP&Ex&HV_AirDist__SupFanMtr/NE-HVAC-FanBelt-SynchVBelt-Msr/instance-out.sql,3359085.82,447.97,834504.17,774348.97,0.0,436362.0,0.0,1181602.88,3.38,0.0,0.0,0.0,131816.45,0.0,0.0,424.00,834504.17,23.97,0.00,436362.00,0.00
CZ15/RtL&0&rDXHP&Ex&HV_AirDist__SupFanMtr/NE-HVAC-FanBelt-VBelt-Std/instance-out.sql,3426807.81,326.47,850871.72,767420.15,0.0,509200.67,0.0,1201634.53,3.39,0.0,0.0,0.0,97350.88,0.0,0.0,326.47,850871.72,0.00,0.00,468847.72,40352.95
CZ15/RtL&0&rDXHP&Ex&HV_AirDist__SupFanMtr/NE-HVAC-FanBelt-CoggedVBelt-Msr/instance-out.sql,3398839.11,343.93,845918.89,767420.15,0.0,509200.67,0.0,1178601.21,3.39,0.0,0.0,0.0,97350.88,0.0,0.0,343.93,845918.89,0.00,0.00,468847.72,40352.95
CZ15/RtL&0&rDXHP&Ex&HV_AirDist__SupFanMtr/NE-HVAC-FanBelt-SynchVBelt-Msr/instance-out.sql,3358892.31,372.24,838848.53,767420.15,0.0,509200.67,0.0,1145696.46,3.39,0.0,0.0,0.0,97350.88,0.0,0.0,372.24,838848.53,0.00,0.00,468847.72,40352.95
CZ15/RtS&0&rDXHP&Ex&HV_AirDist__SupFanMtr/NE-HVAC-FanBelt-VBelt-Std/instance-out.sql,236583.69,64.14,64657.42,44599.63,0.0,24440.79,0.0,89498.85,3.36,0.0,0.0,0.0,13319.49,0.0,0.0,64.14,64657.42,0.00,0.00,24440.79,0.00
CZ15/RtS&0&rDXHP&Ex&HV_AirDist__SupFanMtr/NE-HVAC-FanBelt-CoggedVBelt-Msr/instance-out.sql,234444.47,67.14,64270.08,44599.63,0.0,24440.79,0.0,87743.97,3.36,0.0,0.0,0.0,13319.49,0.0,0.0,67.14,64270.08,0.00,0.00,24440.79,0.00
CZ15/RtS&0&rDXHP&Ex&HV_AirDist__SupFanMtr/NE-HVAC-FanBelt-SynchVBelt-Msr/instance-out.sql,231387.19,71.86,63715.06,44599.63,0.0,24440.79,0.0,85237.0,3.36,0.0,0.0,0.0,13319.49,0.0,0.0,71.86,63715.06,0.00,0.00,24440.79,0.00
CZ15/SCn&0&rDXHP&Ex&HV_AirDist__SupFanMtr/NE-HVAC-FanBelt-VBelt-Std/instance-out.sql,6687137.03,5835.18,1904215.65,850055.03,0.0,449066.39,0.0,3412439.97,3.36,0.0,0.0,0.0,65521.45,0.0,0.0,5835.18,1904215.65,0.00,0.00,449066.39,0.00
CZ15/SCn&0&rDXHP&Ex&HV_AirDist__SupFanMtr/NE-HVAC-FanBelt-CoggedVBelt-Msr/instance-out.sql,6606676.15,6146.9,1890353.63,850055.03,0.0,449066.39,0.0,3345529.39,3.36,0.0,0.0,0.0,65521.45,0.0,0.0,6146.90,1890353.63,0.00,0.00,449066.39,0.00
CZ15/SCn&0&rDXHP&Ex&HV_AirDist__SupFanMtr/NE-HVAC-FanBelt-SynchVBelt-Msr/instance-out.sql,6491843.99,6601.87,1870581.49,850055.03,0.0,449066.39,0.0,3250014.4,3.36,0.0,0.0,0.0,65521.45,0.0,0.0,6601.87,1870581.49,0.00,0.00,449066.39,0.00
CZ16/Asm&0&rDXHP&Ex&HV_AirDist__SupFanMtr/NE-HVAC-FanBelt-VBelt-Std/instance-out.sql,1128027.9,56760.57,218369.78,153727.01,0.0,145823.51,0.0,530795.9,3.36,0.0,0.0,0.0,22547.77,0.0,0.0,56760.57,218369.78,0.00,0.00,145823.51,0.00
CZ16/Asm&0&rDXHP&Ex&HV_AirDist__SupFanMtr/NE-HVAC-FanBelt-CoggedVBelt-Msr/instance-out.sql,1117091.21,57551.3,217049.54,153727.01,0.0,145823.51,0.0,520388.72,3.36,0.0,0.0,0.0,22547.77,0.0,0.0,57551.30,217049.54,0.00,0.00,145823.51,0.00
CZ16/Asm&0&rDXHP&Ex&HV_AirDist__SupFanMtr/NE-HVAC-FanBelt-SynchVBelt-Msr/instance-out.sql,1101487.76,58694.16,215169.22,153727.01,0.0,145823.51,0.0,505522.74,3.36,0.0,0.0,0.0,22547.77,0.0,0.0,58694.16,215169.22,0.00,0.00,145823.51,0.00
CZ16/ECC&0&rDXHP&Ex&HV_AirDist__SupFanMtr/NE-HVAC-FanBelt-VBelt-Std/instance-out.sql,3749116.87,23404.280000000002,523715.48,358430.2,0.0,1013813.91,0.0,1384125.67,1766.46,0.0,0.0,0.0,443860.85,0.0,0.0,22032.33,523715.48,1371.95,0.00,945189.93,68623.98
CZ16/ECC&0&rDXHP&Ex&HV_AirDist__SupFanMtr/NE-HVAC-FanBelt-CoggedVBelt-Msr/instance-out.sql,3722637.4099999997,24024.93,520442.98,358430.2,0.0,1013813.91,0.0,1360297.07,1766.06,0.0,0.0,0.0,443862.26,0.0,0.0,22649.12,520442.98,1375.81,0.00,945189.93,68623.98
CZ16/ECC&0&rDXHP&Ex&HV_AirDist__SupFanMtr/NE-HVAC-FanBelt-SynchVBelt-Msr/instance-out.sql,3684992.0,24930.98,515785.53,358430.2,0.0,1013813.91,0.0,1326398.6,1765.79,0.0,0.0,0.0,443866.99,0.0,0.0,23547.85,515785.53,1383.13,0.00,945189.93,68623.98
CZ16/EPr&0&rDXHP&Ex&HV_AirDist__SupFanMtr/NE-HVAC-FanBelt-VBelt-Std/instance-out.sql,578482.92,8396.69,84362.89,64700.97,0.0,125897.03,0.0,210284.04,3.37,0.0,0.0,0.0,84837.93,0.0,0.0,8396.69,84362.89,0.00,0.00,83226.75,42670.28
CZ16/EPr&0&rDXHP&Ex&HV_AirDist__SupFanMtr/NE-HVAC-FanBelt-CoggedVBelt-Msr/instance-out.sql,574683.04,8567.95,83892.35,64700.97,0.0,125897.03,0.0,206783.43,3.37,0.0,0.0,0.0,84837.93,0.0,0.0,8567.95,83892.35,0.00,0.00,83226.75,42670.28
CZ16/EPr&0&rDXHP&Ex&HV_AirDist__SupFanMtr/NE-HVAC-FanBelt-SynchVBelt-Msr/instance-out.sql,569275.06,8819.14,83220.87,64700.97,0.0,125897.03,0.0,201795.74,3.37,0.0,0.0,0.0,84837.95,0.0,0.0,8819.14,83220.87,0.00,0.00,83226.75,42670.28
CZ16/ERC&0&rDXHP&Ex&HV_AirDist__SupFanMtr/NE-HVAC-FanBelt-VBelt-Std/instance-out.sql,28744.72,569.06,3295.47,2224.35,0.0,2196.82,0.0,11199.72,3.36,0.0,0.0,0.0,9255.94,0.0,0.0,569.06,3295.47,0.00,0.00,2196.82,0.00
CZ16/ERC&0&rDXHP&Ex&HV_AirDist__SupFanMtr/NE-HVAC-FanBelt-CoggedVBelt-Msr/instance-out.sql,28521.050000000003,581.17,3269.72,2224.35,0.0,2196.82,0.0,10989.69,3.36,0.0,0.0,0.0,9255.94,0.0,0.0,581.17,3269.72,0.00,0.00,2196.82,0.00
CZ16/ERC&0&rDXHP&Ex&HV_AirDist__SupFanMtr/NE-HVAC-FanBelt-SynchVBelt-Msr/instance-out.sql,28215.020000000004,599.56,3233.01,2224.35,0.0,2196.82,0.0,10701.99,3.36,0.0,0.0,0.0,9255.94,0.0,0.0,599.56,3233.01,0.00,0.00,2196.82,0.00
CZ16/ESe&0&rDXHP&Ex&HV_AirDist__SupFanMtr/NE-HVAC-FanBelt-VBelt-Std/instance-out.sql,1641816.33,111215.7,220578.47,197959.32,0.0,323176.74,0.0,556060.47,3.39,0.0,0.0,0.0,232822.24,0.0,0.0,5118.81,220578.47,106096.89,0.00,259085.82,64090.92
CZ16/ESe&0&rDXHP&Ex&HV_AirDist__SupFanMtr/NE-HVAC-FanBelt-CoggedVBelt-Msr/instance-out.sql,1637289.81,111353.85,220019.97,197959.32,0.0,323176.74,0.0,551954.33,3.39,0.0,0.0,0.0,232822.22,0.0,0.0,5246.75,220019.97,106107.10,0.00,259085.82,64090.92
CZ16/ESe&0&rDXHP&Ex&HV_AirDist__SupFanMtr/NE-HVAC-FanBelt-SynchVBelt-Msr/instance-out.sql,1630836.23,111579.89,219223.07,197959.32,0.0,323176.74,0.0,546071.6,3.39,0.0,0.0,0.0,232822.21,0.0,0.0,5434.70,219223.07,106145.19,0.00,259085.82,64090.92
CZ16/EUn&0&rDXHP&Ex&HV_AirDist__SupFanMtr/NE-HVAC-FanBelt-VBelt-Std/instance-out.sql,12039845.610000001,105879.48999999999,1613515.12,1277404.75,0.0,3682881.23,0.0,4608059.94,3.37,0.0,0.0,0.0,752101.71,0.0,0.0,62370.89,1613515.12,43508.60,0.00,3555459.15,127422.08
CZ16/EUn&0&rDXHP&Ex&HV_AirDist__SupFanMtr/NE-HVAC-FanBelt-CoggedVBelt-Msr/instance-out.sql,11954894.19,107937.25,1603406.88,1277404.75,0.0,3682881.23,0.0,4531159.03,3.37,0.0,0.0,0.0,752101.66,0.0,0.0,64373.83,1603406.88,43563.42,0.00,3555459.15,127422.08
CZ16/EUn&0&rDXHP&Ex&HV_AirDist__SupFanMtr/NE-HVAC-FanBelt-SynchVBelt-Msr/instance-out.sql,11834000.229999999,111167.75,1588935.68,1277404.75,0.0,3682881.23,0.0,4421505.75,3.37,0.0,0.0,0.0,752101.68,0.0,0.0,67520.58,1588935.68,43647.17,0.00,3555459.15,127422.08
CZ16/Hsp&0&rDXHP&Ex&HV_AirDist__SupFanMtr/NE-HVAC-FanBelt-VBelt-Std/instance-out.sql,6952998.92,1423252.25,1845804.28,856282.21,0.0,1182847.3,0.0,1304062.64,78239.28,0.0,0.0,0.0,262510.97,0.0,0.0,8311.70,1845804.28,1414940.55,0.00,1139112.10,43735.20
CZ16/Hsp&0&rDXHP&Ex&HV_AirDist__SupFanMtr/NE-HVAC-FanBelt-CoggedVBelt-Msr/instance-out.sql,6938639.6899999995,1423763.48,1844136.45,856282.21,0.0,1182847.3,0.0,1290863.77,78238.75,0.0,0.0,0.0,262507.73,0.0,0.0,8589.44,1844136.45,1415174.04,0.00,1139112.10,43735.20
CZ16/Hsp&0&rDXHP&Ex&HV_AirDist__SupFanMtr/NE-HVAC-FanBelt-SynchVBelt-Msr/instance-out.sql,6917870.17,1424181.74,1841710.12,856282.21,0.0,1182847.3,0.0,1272114.66,78225.19,0.0,0.0,0.0,262508.95,0.0,0.0,8933.00,1841710.12,1415248.74,0.00,1139112.10,43735.20
CZ16/MBT&0&rDXHP&Ex&HV_AirDist__SupFanMtr/NE-HVAC-FanBelt-VBelt-Std/instance-out.sql,8625345.61,2603216.97,770014.75,709539.71,0.0,2167645.51,0.0,2199484.54,1302.18,0.0,0.0,0.0,174141.95,0.0,0.0,30302.75,770014.75,2572914.22,0.00,1394057.91,773587.60
CZ16/MBT&0&rDXHP&Ex&HV_AirDist__SupFanMtr/NE-HVAC-FanBelt-CoggedVBelt-Msr/instance-out.sql,8608806.28,2604156.8699999996,768181.75,709539.71,0.0,2167645.51,0.0,2183838.34,1302.14,0.0,0.0,0.0,174141.96,0.0,0.0,31107.03,768181.75,2573049.84,0.00,1394057.91,773587.60
CZ16/MBT&0&rDXHP&Ex&HV_AirDist__SupFanMtr/NE-HVAC-FanBelt-SynchVBelt-Msr/instance-out.sql,8585281.59,2605591.1399999997,765572.9,709539.71,0.0,2167645.51,0.0,2161488.25,1302.11,0.0,0.0,0.0,174141.96,0.0,0.0,32326.01,765572.90,2573265.13,0.00,1394057.91,773587.60
CZ16/MLI&0&rDXHP&Ex&HV_AirDist__SupFanMtr/NE-HVAC-FanBelt-VBelt-Std/instance-out.sql,1718457.49,35513.3,227456.72,283149.19,0.0,239893.0,0.0,883892.73,3.37,0.0,0.0,0.0,48549.18,0.0,0.0,35513.30,227456.72,0.00,0.00,239893.00,0.00
CZ16/MLI&0&rDXHP&Ex&HV_AirDist__SupFanMtr/NE-HVAC-FanBelt-CoggedVBelt-Msr/instance-out.sql,1700446.77,36668.43,225612.74,283149.19,0.0,239893.0,0.0,866570.85,3.37,0.0,0.0,0.0,48549.18,0.0,0.0,36668.43,225612.74,0.00,0.00,239893.00,0.00
CZ16/MLI&0&rDXHP&Ex&HV_AirDist__SupFanMtr/NE-HVAC-FanBelt-SynchVBelt-Msr/instance-out.sql,1674740.75,38345.83,222981.03,283149.19,0.0,239893.0,0.0,841819.15,3.37,0.0,0.0,0.0,48549.18,0.0,0.0,38345.83,222981.03,0.00,0.00,239893.00,0.00
CZ16/Mtl&0&rDXHP&Ex&HV_AirDist__SupFanMtr/NE-HVAC-FanBelt-VBelt-Std/instance-out.sql,281734.52999999997,9398.91,51171.44,51285.47,0.0,22443.33,0.0,139683.6,3.36,0.0,0.0,0.0,7748.42,0.0,0.0,7729.57,51171.44,1669.34,0.00,22191.36,251.97
CZ16/Mtl&0&rDXHP&Ex&HV_AirDist__SupFanMtr/NE-HVAC-FanBelt-CoggedVBelt-Msr/instance-out.sql,278889.81,9575.91,50853.75,51285.47,0.0,22443.33,0.0,136979.57,3.36,0.0,0.0,0.0,7748.42,0.0,0.0,7895.54,50853.75,1680.37,0.00,22191.36,251.97
CZ16/Mtl&0&rDXHP&Ex&HV_AirDist__SupFanMtr/NE-HVAC-FanBelt-SynchVBelt-Msr/instance-out.sql,274825.74000000005,9835.23,50399.17,51285.47,0.0,22443.33,0.0,133110.75,3.36,0.0,0.0,0.0,7748.42,0.0,0.0,8135.22,50399.17,1700.01,0.00,22191.36,251.97
CZ16/Nrs&0&rDXHP&Ex&HV_AirDist__SupFanMtr/NE-HVAC-FanBelt-VBelt-Std/instance-out.sql,1499913.83,244540.65000000002,205271.84,200868.06,0.0,347425.87,0.0,388551.15,107.56,0.0,0.0,0.0,113148.69,0.0,0.0,8219.48,205271.84,236321.17,0.00,281574.59,65851.28
CZ16/Nrs&0&rDXHP&Ex&HV_AirDist__SupFanMtr/NE-HVAC-FanBelt-CoggedVBelt-Msr/instance-out.sql,1494572.56,244784.02000000002,204654.26,200868.06,0.0,347425.87,0.0,383554.79,107.45,0.0,0.0,0.0,113178.11,0.0,0.0,8403.79,204654.26,236380.23,0.00,281574.59,65851.28
CZ16/Nrs&0&rDXHP&Ex&HV_AirDist__SupFanMtr/NE-HVAC-FanBelt-SynchVBelt-Msr/instance-out.sql,1487058.52,245176.18000000002,203788.79,200868.06,0.0,347425.87,0.0,376416.37,107.51,0.0,0.0,0.0,113275.73,0.0,0.0,8674.67,203788.79,236501.51,0.00,281574.59,65851.28
CZ16/OfL&0&rDXHP&Ex&HV_AirDist__SupFanMtr/NE-HVAC-FanBelt-VBelt-Std/instance-out.sql,4371306.82,134706.25,731126.11,462712.61,0.0,829334.66,0.0,2086199.26,7422.43,0.0,0.0,0.0,119805.48,0.0,0.0,11687.89,731126.11,123018.36,0.00,829334.66,0.00
CZ16/OfL&0&rDXHP&Ex&HV_AirDist__SupFanMtr/NE-HVAC-FanBelt-CoggedVBelt-Msr/instance-out.sql,4326678.22,135171.9,725580.5,462712.61,0.0,829334.66,0.0,2046650.88,7422.27,0.0,0.0,0.0,119805.41,0.0,0.0,12149.76,725580.50,123022.14,0.00,829334.66,0.00
CZ16/OfL&0&rDXHP&Ex&HV_AirDist__SupFanMtr/NE-HVAC-FanBelt-SynchVBelt-Msr/instance-out.sql,4262971.88,135948.06,717631.02,462712.61,0.0,829334.66,0.0,1990120.6,7419.57,0.0,0.0,0.0,119805.36,0.0,0.0,12859.16,717631.02,123088.90,0.00,829334.66,0.00
CZ16/OfS&0&rDXHP&Ex&HV_AirDist__SupFanMtr/NE-HVAC-FanBelt-VBelt-Std/instance-out.sql,260730.2,2630.34,39415.4,23737.13,0.0,29387.4,0.0,143425.38,1.13,0.0,0.0,0.0,22133.42,0.0,0.0,2630.34,39415.40,0.00,0.00,29387.40,0.00
CZ16/OfS&0&rDXHP&Ex&HV_AirDist__SupFanMtr/NE-HVAC-FanBelt-CoggedVBelt-Msr/instance-out.sql,257628.74,2699.11,39046.71,23737.13,0.0,29387.4,0.0,140623.84,1.13,0.0,0.0,0.0,22133.42,0.0,0.0,2699.11,39046.71,0.00,0.00,29387.40,0.00
CZ16/OfS&0&rDXHP&Ex&HV_AirDist__SupFanMtr/NE-HVAC-FanBelt-SynchVBelt-Msr/instance-out.sql,253222.02999999997,2804.69,38522.81,23737.13,0.0,29387.4,0.0,136635.45,1.13,0.0,0.0,0.0,22133.42,0.0,0.0,2804.69,38522.81,0.00,0.00,29387.40,0.00
CZ16/RFF&0&rDXHP&Ex&HV_AirDist__SupFanMtr/NE-HVAC-FanBelt-VBelt-Std/instance-out.sql,148538.43,1469.89,19644.14,13247.63,0.0,37903.17,0.0,50570.31,3.37,0.0,0.0,0.0,25699.91,0.0,0.0,1464.91,19644.14,4.98,0.00,18423.46,19479.71
CZ16/RFF&0&rDXHP&Ex&HV_AirDist__SupFanMtr/NE-HVAC-FanBelt-CoggedVBelt-Msr/instance-out.sql,147793.47,1510.51,19567.93,13247.63,0.0,37903.17,0.0,49860.93,3.37,0.0,0.0,0.0,25699.91,0.0,0.0,1505.47,19567.93,5.04,0.00,18423.46,19479.71
CZ16/RFF&0&rDXHP&Ex&HV_AirDist__SupFanMtr/NE-HVAC-FanBelt-SynchVBelt-Msr/instance-out.sql,146730.48,1570.08,19459.75,13247.63,0.0,37903.17,0.0,48846.57,3.37,0.0,0.0,0.0,25699.91,0.0,0.0,1564.96,19459.75,5.12,0.00,18423.46,19479.71
CZ16/RSD&0&rDXHP&Ex&HV_AirDist__SupFanMtr/NE-HVAC-FanBelt-VBelt-Std/instance-out.sql,418341.88,111031.19,54922.34,36047.32,0.0,76546.73,0.0,74000.52,54.77,0.0,0.0,0.0,65739.01,0.0,0.0,883.27,54922.34,110147.92,0.00,37475.60,39071.13
CZ16/RSD&0&rDXHP&Ex&HV_AirDist__SupFanMtr/NE-HVAC-FanBelt-CoggedVBelt-Msr/instance-out.sql,417978.74,111058.62999999999,54884.07,36047.32,0.0,76546.73,0.0,73648.21,54.77,0.0,0.0,0.0,65739.01,0.0,0.0,904.26,54884.07,110154.37,0.00,37475.60,39071.13
CZ16/RSD&0&rDXHP&Ex&HV_AirDist__SupFanMtr/NE-HVAC-FanBelt-SynchVBelt-Msr/instance-out.sql,417463.04,111100.09999999999,54829.45,36047.32,0.0,76546.73,0.0,73145.65,54.77,0.0,0.0,0.0,65739.01,0.0,0.0,935.06,54829.45,110165.04,0.00,37475.60,39071.13
CZ16/Rt3&0&rDXHP&Ex&HV_AirDist__SupFanMtr/NE-HVAC-FanBelt-VBelt-Std/instance-out.sql,3105184.69,17018.72,410778.86,774348.97,0.0,436362.0,0.0,1294078.77,3.38,0.0,0.0,0.0,172594.0,0.0,0.0,15386.16,410778.86,1632.56,0.00,436362.00,0.00
CZ16/Rt3&0&rDXHP&Ex&HV_AirDist__SupFanMtr/NE-HVAC-FanBelt-CoggedVBelt-Msr/instance-out.sql,3077756.32,17574.09,407572.74,774348.97,0.0,436362.0,0.0,1269301.14,3.38,0.0,0.0,0.0,172594.0,0.0,0.0,15936.34,407572.74,1637.75,0.00,436362.00,0.00
CZ16/Rt3&0&rDXHP&Ex&HV_AirDist__SupFanMtr/NE-HVAC-FanBelt-SynchVBelt-Msr/instance-out.sql,3038563.81,18398.61,403021.78,774348.97,0.0,436362.0,0.0,1233835.06,3.38,0.0,0.0,0.0,172594.0,0.0,0.0,16755.41,403021.78,1643.20,0.00,436362.00,0.00
CZ16/RtL&0&rDXHP&Ex&HV_AirDist__SupFanMtr/NE-HVAC-FanBelt-VBelt-Std/instance-out.sql,3149927.56,15351.779999999999,431785.09,767420.15,0.0,509200.67,0.0,1299110.96,3.39,0.0,0.0,0.0,127055.52,0.0,0.0,15350.98,431785.09,0.80,0.00,468847.72,40352.95
CZ16/RtL&0&rDXHP&Ex&HV_AirDist__SupFanMtr/NE-HVAC-FanBelt-CoggedVBelt-Msr/instance-out.sql,3122557.59,16010.16,428619.75,767420.15,0.0,509200.67,0.0,1274247.95,3.39,0.0,0.0,0.0,127055.52,0.0,0.0,16009.33,428619.75,0.83,0.00,468847.72,40352.95
CZ16/RtL&0&rDXHP&Ex&HV_AirDist__SupFanMtr/NE-HVAC-FanBelt-SynchVBelt-Msr/instance-out.sql,3083439.04,16926.260000000002,424126.9,767420.15,0.0,509200.67,0.0,1238706.15,3.39,0.0,0.0,0.0,127055.52,0.0,0.0,16925.40,424126.90,0.86,0.00,468847.72,40352.95
CZ16/RtS&0&rDXHP&Ex&HV_AirDist__SupFanMtr/NE-HVAC-FanBelt-VBelt-Std/instance-out.sql,203279.97999999998,2958.49,29316.47,44599.63,0.0,24440.79,0.0,86282.44,3.36,0.0,0.0,0.0,15678.8,0.0,0.0,2958.49,29316.47,0.00,0.00,24440.79,0.00
CZ16/RtS&0&rDXHP&Ex&HV_AirDist__SupFanMtr/NE-HVAC-FanBelt-CoggedVBelt-Msr/instance-out.sql,201475.66999999998,3040.68,29113.11,44599.63,0.0,24440.79,0.0,84599.29,3.36,0.0,0.0,0.0,15678.8,0.0,0.0,3040.68,29113.11,0.00,0.00,24440.79,0.00
CZ16/RtS&0&rDXHP&Ex&HV_AirDist__SupFanMtr/NE-HVAC-FanBelt-SynchVBelt-Msr/instance-out.sql,198900.25,3160.19,28822.95,44599.63,0.0,24440.79,0.0,82194.53,3.36,0.0,0.0,0.0,15678.8,0.0,0.0,3160.19,28822.95,0.00,0.00,24440.79,0.00
CZ16/SCn&0&rDXHP&Ex&HV_AirDist__SupFanMtr/NE-HVAC-FanBelt-VBelt-Std/instance-out.sql,6193965.31,178125.87,893986.38,850055.03,0.0,449066.39,0.0,3737766.18,3.36,0.0,0.0,0.0,84962.1,0.0,0.0,178125.87,893986.38,0.00,0.00,449066.39,0.00
CZ16/SCn&0&rDXHP&Ex&HV_AirDist__SupFanMtr/NE-HVAC-FanBelt-CoggedVBelt-Msr/instance-out.sql,6119050.88,184096.16,885720.46,850055.03,0.0,449066.39,0.0,3665147.38,3.36,0.0,0.0,0.0,84962.1,0.0,0.0,184096.16,885720.46,0.00,0.00,449066.39,0.00
CZ16/SCn&0&rDXHP&Ex&HV_AirDist__SupFanMtr/NE-HVAC-FanBelt-SynchVBelt-Msr/instance-out.sql,6010198.34,192123.62,873923.83,850055.03,0.0,449066.39,0.0,3560064.0,3.36,0.0,0.0,0.0,84962.1,0.0,0.0,192123.62,873923.83,0.00,0.00,449066.39,0.00

File Name,Electricity (kWh),Natural Gas (kWh)
CZ01/Asm&0&rDXHP&Ex&HV_AirDist__SupFanMtr/NE-HVAC-FanBelt-VBelt-Std/instance-out.sql,763861.83,24259.89
CZ01/Asm&0&rDXHP&Ex&HV_AirDist__SupFanMtr/NE-HVAC-FanBelt-CoggedVBelt-Msr/instance-out.sql,756879.53,24259.89
CZ01/Asm&0&rDXHP&Ex&HV_AirDist__SupFanMtr/NE-HVAC-FanBelt-SynchVBelt-Msr/instance-out.sql,746933.19,24259.89
CZ01/ECC&0&rDXHP&Ex&HV_AirDist__SupFanMtr/NE-HVAC-FanBelt-VBelt-Std/instance-out.sql,2357520.88,562130.51
CZ01/ECC&0&rDXHP&Ex&HV_AirDist__SupFanMtr/NE-HVAC-FanBelt-CoggedVBelt-Msr/instance-out.sql,2341021.58,562129.33
CZ01/ECC&0&rDXHP&Ex&HV_AirDist__SupFanMtr/NE-HVAC-FanBelt-SynchVBelt-Msr/instance-out.sql,2317244.33,562126.80
CZ01/EPr&0&rDXHP&Ex&HV_AirDist__SupFanMtr/NE-HVAC-FanBelt-VBelt-Std/instance-out.sql,311963.06,136443.53
CZ01/EPr&0&rDXHP&Ex&HV_AirDist__SupFanMtr/NE-HVAC-FanBelt-CoggedVBelt-Msr/instance-out.sql,309718.02,136443.53
CZ01/EPr&0&rDXHP&Ex&HV_AirDist__SupFanMtr/NE-HVAC-FanBelt-SynchVBelt-Msr/instance-out.sql,306514.44,136443.53
CZ01/ERC&0&rDXHP&Ex&HV_AirDist__SupFanMtr/NE-HVAC-FanBelt-VBelt-Std/instance-out.sql,11379.79,9580.45
CZ01/ERC&0&rDXHP&Ex&HV_AirDist__SupFanMtr/NE-HVAC-FanBelt-CoggedVBelt-Msr/instance-out.sql,11277.35,9580.45
CZ01/ERC&0&rDXHP&Ex&HV_AirDist__SupFanMtr/NE-HVAC-FanBelt-SynchVBelt-Msr/instance-out.sql,11127.91,9580.45
CZ01/ESe&0&rDXHP&Ex&HV_AirDist__SupFanMtr/NE-HVAC-FanBelt-VBelt-Std/instance-out.sql,922416.06,457705.64
CZ01/ESe&0&rDXHP&Ex&HV_AirDist__SupFanMtr/NE-HVAC-FanBelt-CoggedVBelt-Msr/instance-out.sql,919622.84,457714.77
CZ01/ESe&0&rDXHP&Ex&HV_AirDist__SupFanMtr/NE-HVAC-FanBelt-SynchVBelt-Msr/instance-out.sql,915737.78,457732.30
CZ01/EUn&0&rDXHP&Ex&HV_AirDist__SupFanMtr/NE-HVAC-FanBelt-VBelt-Std/instance-out.sql,8622868.68,985670.81
CZ01/EUn&0&rDXHP&Ex&HV_AirDist__SupFanMtr/NE-HVAC-FanBelt-CoggedVBelt-Msr/instance-out.sql,8562825.46,985717.16
CZ01/EUn&0&rDXHP&Ex&HV_AirDist__SupFanMtr/NE-HVAC-FanBelt-SynchVBelt-Msr/instance-out.sql,8477161.34,985785.54
CZ01/Hsp&0&rDXHP&Ex&HV_AirDist__SupFanMtr/NE-HVAC-FanBelt-VBelt-Std/instance-out.sql,2954893.03,725943.47
CZ01/Hsp&0&rDXHP&Ex&HV_AirDist__SupFanMtr/NE-HVAC-FanBelt-CoggedVBelt-Msr/instance-out.sql,2944629.62,726081.54
CZ01/Hsp&0&rDXHP&Ex&HV_AirDist__SupFanMtr/NE-HVAC-FanBelt-SynchVBelt-Msr/instance-out.sql,2930005.16,726720.88
CZ01/MBT&0&rDXHP&Ex&HV_AirDist__SupFanMtr/NE-HVAC-FanBelt-VBelt-Std/instance-out.sql,3811409.84,4611822.19
CZ01/MBT&0&rDXHP&Ex&HV_AirDist__SupFanMtr/NE-HVAC-FanBelt-CoggedVBelt-Msr/instance-out.sql,3800853.42,4612099.74
CZ01/MBT&0&rDXHP&Ex&HV_AirDist__SupFanMtr/NE-HVAC-FanBelt-SynchVBelt-Msr/instance-out.sql,3785790.46,4612504.10
CZ01/MLI&0&rDXHP&Ex&HV_AirDist__SupFanMtr/NE-HVAC-FanBelt-VBelt-Std/instance-out.sql,1254305.49,53096.45
CZ01/MLI&0&rDXHP&Ex&HV_AirDist__SupFanMtr/NE-HVAC-FanBelt-CoggedVBelt-Msr/instance-out.sql,1241129.24,53096.45
CZ01/MLI&0&rDXHP&Ex&HV_AirDist__SupFanMtr/NE-HVAC-FanBelt-SynchVBelt-Msr/instance-out.sql,1222357.11,53096.46
CZ01/Mtl&0&rDXHP&Ex&HV_AirDist__SupFanMtr/NE-HVAC-FanBelt-VBelt-Std/instance-out.sql,181489.54,8670.99
CZ01/Mtl&0&rDXHP&Ex&HV_AirDist__SupFanMtr/NE-HVAC-FanBelt-CoggedVBelt-Msr/instance-out.sql,179610.22,8673.56
CZ01/Mtl&0&rDXHP&Ex&HV_AirDist__SupFanMtr/NE-HVAC-FanBelt-SynchVBelt-Msr/instance-out.sql,176935.86,8677.14
CZ01/Nrs&0&rDXHP&Ex&HV_AirDist__SupFanMtr/NE-HVAC-FanBelt-VBelt-Std/instance-out.sql,756158.34,284178.43
CZ01/Nrs&0&rDXHP&Ex&HV_AirDist__SupFanMtr/NE-HVAC-FanBelt-CoggedVBelt-Msr/instance-out.sql,752506.28,284313.94
CZ01/Nrs&0&rDXHP&Ex&HV_AirDist__SupFanMtr/NE-HVAC-FanBelt-SynchVBelt-Msr/instance-out.sql,747308.92,284519.93
CZ01/OfL&0&rDXHP&Ex&HV_AirDist__SupFanMtr/NE-HVAC-FanBelt-VBelt-Std/instance-out.sql,2919138.02,182631.51
CZ01/OfL&0&rDXHP&Ex&HV_AirDist__SupFanMtr/NE-HVAC-FanBelt-CoggedVBelt-Msr/instance-out.sql,2888390.03,182607.72
CZ01/OfL&0&rDXHP&Ex&HV_AirDist__SupFanMtr/NE-HVAC-FanBelt-SynchVBelt-Msr/instance-out.sql,2844544.23,182636.04
CZ01/OfS&0&rDXHP&Ex&HV_AirDist__SupFanMtr/NE-HVAC-FanBelt-VBelt-Std/instance-out.sql,156157.79,24028.97
CZ01/OfS&0&rDXHP&Ex&HV_AirDist__SupFanMtr/NE-HVAC-FanBelt-CoggedVBelt-Msr/instance-out.sql,154220.65,24028.97
CZ01/OfS&0&rDXHP&Ex&HV_AirDist__SupFanMtr/NE-HVAC-FanBelt-SynchVBelt-Msr/instance-out.sql,151457.60,24028.97
CZ01/RFF&0&rDXHP&Ex&HV_AirDist__SupFanMtr/NE-HVAC-FanBelt-VBelt-Std/instance-out.sql,71087.58,47279.18
CZ01/RFF&0&rDXHP&Ex&HV_AirDist__SupFanMtr/NE-HVAC-FanBelt-CoggedVBelt-Msr/instance-out.sql,70621.20,47279.19
CZ01/RFF&0&rDXHP&Ex&HV_AirDist__SupFanMtr/NE-HVAC-FanBelt-SynchVBelt-Msr/instance-out.sql,69956.78,47279.19
CZ01/RSD&0&rDXHP&Ex&HV_AirDist__SupFanMtr/NE-HVAC-FanBelt-VBelt-Std/instance-out.sql,122622.77,146452.05
CZ01/RSD&0&rDXHP&Ex&HV_AirDist__SupFanMtr/NE-HVAC-FanBelt-CoggedVBelt-Msr/instance-out.sql,122382.21,146458.26
CZ01/RSD&0&rDXHP&Ex&HV_AirDist__SupFanMtr/NE-HVAC-FanBelt-SynchVBelt-Msr/instance-out.sql,122040.12,146467.41
CZ01/Rt3&0&rDXHP&Ex&HV_AirDist__SupFanMtr/NE-HVAC-FanBelt-VBelt-Std/instance-out.sql,2235095.24,191265.20
CZ01/Rt3&0&rDXHP&Ex&HV_AirDist__SupFanMtr/NE-HVAC-FanBelt-CoggedVBelt-Msr/instance-out.sql,2215939.12,191271.08
CZ01/Rt3&0&rDXHP&Ex&HV_AirDist__SupFanMtr/NE-HVAC-FanBelt-SynchVBelt-Msr/instance-out.sql,2188636.82,191275.48
CZ01/RtL&0&rDXHP&Ex&HV_AirDist__SupFanMtr/NE-HVAC-FanBelt-VBelt-Std/instance-out.sql,2271302.93,180183.08
CZ01/RtL&0&rDXHP&Ex&HV_AirDist__SupFanMtr/NE-HVAC-FanBelt-CoggedVBelt-Msr/instance-out.sql,2252001.29,180183.07
CZ01/RtL&0&rDXHP&Ex&HV_AirDist__SupFanMtr/NE-HVAC-FanBelt-SynchVBelt-Msr/instance-out.sql,2224450.52,180183.07
CZ01/RtS&0&rDXHP&Ex&HV_AirDist__SupFanMtr/NE-HVAC-FanBelt-VBelt-Std/instance-out.sql,129428.16,16693.94
CZ01/RtS&0&rDXHP&Ex&HV_AirDist__SupFanMtr/NE-HVAC-FanBelt-CoggedVBelt-Msr/instance-out.sql,128358.92,16693.94
CZ01/RtS&0&rDXHP&Ex&HV_AirDist__SupFanMtr/NE-HVAC-FanBelt-SynchVBelt-Msr/instance-out.sql,126833.93,16693.94
CZ01/SCn&0&rDXHP&Ex&HV_AirDist__SupFanMtr/NE-HVAC-FanBelt-VBelt-Std/instance-out.sql,4413153.00,93349.24
CZ01/SCn&0&rDXHP&Ex&HV_AirDist__SupFanMtr/NE-HVAC-FanBelt-CoggedVBelt-Msr/instance-out.sql,4359813.12,93349.24
CZ01/SCn&0&rDXHP&Ex&HV_AirDist__SupFanMtr/NE-HVAC-FanBelt-SynchVBelt-Msr/instance-out.sql,4283923.71,93349.24
CZ02/Asm&0&rDXHP&Ex&HV_AirDist__SupFanMtr/NE-HVAC-FanBelt-VBelt-Std/instance-out.sql,853641.52,22811.40
CZ02/Asm&0&rDXHP&Ex&HV_AirDist__SupFanMtr/NE-HVAC-FanBelt-CoggedVBelt-Msr/instance-out.sql,844916.47,22811.40
CZ02/Asm&0&rDXHP&Ex&HV_AirDist__SupFanMtr/NE-HVAC-FanBelt-SynchVBelt-Msr/instance-out.sql,832469.67,22811.41
CZ02/ECC&0&rDXHP&Ex&HV_AirDist__SupFanMtr/NE-HVAC-FanBelt-VBelt-Std/instance-out.sql,2655171.44,522556.13
CZ02/ECC&0&rDXHP&Ex&HV_AirDist__SupFanMtr/NE-HVAC-FanBelt-CoggedVBelt-Msr/instance-out.sql,2634302.04,522553.72
CZ02/ECC&0&rDXHP&Ex&HV_AirDist__SupFanMtr/NE-HVAC-FanBelt-SynchVBelt-Msr/instance-out.sql,2604836.67,522557.68
CZ02/EPr&0&rDXHP&Ex&HV_AirDist__SupFanMtr/NE-HVAC-FanBelt-VBelt-Std/instance-out.sql,354232.22,129221.86
CZ02/EPr&0&rDXHP&Ex&HV_AirDist__SupFanMtr/NE-HVAC-FanBelt-CoggedVBelt-Msr/instance-out.sql,351339.95,129221.86
CZ02/EPr&0&rDXHP&Ex&HV_AirDist__SupFanMtr/NE-HVAC-FanBelt-SynchVBelt-Msr/instance-out.sql,347250.06,129221.86
CZ02/ERC&0&rDXHP&Ex&HV_AirDist__SupFanMtr/NE-HVAC-FanBelt-VBelt-Std/instance-out.sql,13544.79,9318.59
CZ02/ERC&0&rDXHP&Ex&HV_AirDist__SupFanMtr/NE-HVAC-FanBelt-CoggedVBelt-Msr/instance-out.sql,13398.66,9318.59
CZ02/ERC&0&rDXHP&Ex&HV_AirDist__SupFanMtr/NE-HVAC-FanBelt-SynchVBelt-Msr/instance-out.sql,13188.45,9318.59
CZ02/ESe&0&rDXHP&Ex&HV_AirDist__SupFanMtr/NE-HVAC-FanBelt-VBelt-Std/instance-out.sql,1054273.85,386400.90
CZ02/ESe&0&rDXHP&Ex&HV_AirDist__SupFanMtr/NE-HVAC-FanBelt-CoggedVBelt-Msr/instance-out.sql,1050687.89,386418.25
CZ02/ESe&0&rDXHP&Ex&HV_AirDist__SupFanMtr/NE-HVAC-FanBelt-SynchVBelt-Msr/instance-out.sql,1045637.02,386408.38
CZ02/EUn&0&rDXHP&Ex&HV_AirDist__SupFanMtr/NE-HVAC-FanBelt-VBelt-Std/instance-out.sql,9408579.20,910206.00
CZ02/EUn&0&rDXHP&Ex&HV_AirDist__SupFanMtr/NE-HVAC-FanBelt-CoggedVBelt-Msr/instance-out.sql,9339735.98,910282.79
CZ02/EUn&0&rDXHP&Ex&HV_AirDist__SupFanMtr/NE-HVAC-FanBelt-SynchVBelt-Msr/instance-out.sql,9240852.57,910338.21
CZ02/Hsp&0&rDXHP&Ex&HV_AirDist__SupFanMtr/NE-HVAC-FanBelt-VBelt-Std/instance-out.sql,3857746.75,1031883.26
CZ02/Hsp&0&rDXHP&Ex&HV_AirDist__SupFanMtr/NE-HVAC-FanBelt-CoggedVBelt-Msr/instance-out.sql,3845637.98,1032062.55
CZ02/Hsp&0&rDXHP&Ex&HV_AirDist__SupFanMtr/NE-HVAC-FanBelt-SynchVBelt-Msr/instance-out.sql,3828510.26,1032203.19
CZ02/MBT&0&rDXHP&Ex&HV_AirDist__SupFanMtr/NE-HVAC-FanBelt-VBelt-Std/instance-out.sql,4192131.52,3306085.81
CZ02/MBT&0&rDXHP&Ex&HV_AirDist__SupFanMtr/NE-HVAC-FanBelt-CoggedVBelt-Msr/instance-out.sql,4178839.24,3306233.22
CZ02/MBT&0&rDXHP&Ex&HV_AirDist__SupFanMtr/NE-HVAC-FanBelt-SynchVBelt-Msr/instance-out.sql,4159869.00,3306445.07
CZ02/MLI&0&rDXHP&Ex&HV_AirDist__SupFanMtr/NE-HVAC-FanBelt-VBelt-Std/instance-out.sql,1379794.08,49265.43
CZ02/MLI&0&rDXHP&Ex&HV_AirDist__SupFanMtr/NE-HVAC-FanBelt-CoggedVBelt-Msr/instance-out.sql,1364574.07,49265.43
CZ02/MLI&0&rDXHP&Ex&HV_AirDist__SupFanMtr/NE-HVAC-FanBelt-SynchVBelt-Msr/instance-out.sql,1342868.63,49265.43
CZ02/Mtl&0&rDXHP&Ex&HV_AirDist__SupFanMtr/NE-HVAC-FanBelt-VBelt-Std/instance-out.sql,213656.20,8373.65
CZ02/Mtl&0&rDXHP&Ex&HV_AirDist__SupFanMtr/NE-HVAC-FanBelt-CoggedVBelt-Msr/instance-out.sql,211325.16,8374.95
CZ02/Mtl&0&rDXHP&Ex&HV_AirDist__SupFanMtr/NE-HVAC-FanBelt-SynchVBelt-Msr/instance-out.sql,208003.05,8377.84
CZ02/Nrs&0&rDXHP&Ex&HV_AirDist__SupFanMtr/NE-HVAC-FanBelt-VBelt-Std/instance-out.sql,873881.79,287397.36
CZ02/Nrs&0&rDXHP&Ex&HV_AirDist__SupFanMtr/NE-HVAC-FanBelt-CoggedVBelt-Msr/instance-out.sql,869447.91,287444.04
CZ02/Nrs&0&rDXHP&Ex&HV_AirDist__SupFanMtr/NE-HVAC-FanBelt-SynchVBelt-Msr/instance-out.sql,863122.56,287604.68
CZ02/OfL&0&rDXHP&Ex&HV_AirDist__SupFanMtr/NE-HVAC-FanBelt-VBelt-Std/instance-out.sql,3397693.33,171902.50
CZ02/OfL&0&rDXHP&Ex&HV_AirDist__SupFanMtr/NE-HVAC-FanBelt-CoggedVBelt-Msr/instance-out.sql,3361414.84,171856.93
CZ02/OfL&0&rDXHP&Ex&HV_AirDist__SupFanMtr/NE-HVAC-FanBelt-SynchVBelt-Msr/instance-out.sql,3309663.63,171889.72
CZ02/OfS&0&rDXHP&Ex&HV_AirDist__SupFanMtr/NE-HVAC-FanBelt-VBelt-Std/instance-out.sql,188891.99,22427.94
CZ02/OfS&0&rDXHP&Ex&HV_AirDist__SupFanMtr/NE-HVAC-FanBelt-CoggedVBelt-Msr/instance-out.sql,186419.47,22427.94
CZ02/OfS&0&rDXHP&Ex&HV_AirDist__SupFanMtr/NE-HVAC-FanBelt-SynchVBelt-Msr/instance-out.sql,182901.74,22427.94
CZ02/RFF&0&rDXHP&Ex&HV_AirDist__SupFanMtr/NE-HVAC-FanBelt-VBelt-Std/instance-out.sql,87182.86,45508.63
CZ02/RFF&0&rDXHP&Ex&HV_AirDist__SupFanMtr/NE-HVAC-FanBelt-CoggedVBelt-Msr/instance-out.sql,86536.90,45508.65
CZ02/RFF&0&rDXHP&Ex&HV_AirDist__SupFanMtr/NE-HVAC-FanBelt-SynchVBelt-Msr/instance-out.sql,85615.52,45508.69
CZ02/RSD&0&rDXHP&Ex&HV_AirDist__SupFanMtr/NE-HVAC-FanBelt-VBelt-Std/instance-out.sql,147302.97,151926.61
CZ02/RSD&0&rDXHP&Ex&HV_AirDist__SupFanMtr/NE-HVAC-FanBelt-CoggedVBelt-Msr/instance-out.sql,146999.03,151929.85
CZ02/RSD&0&rDXHP&Ex&HV_AirDist__SupFanMtr/NE-HVAC-FanBelt-SynchVBelt-Msr/instance-out.sql,146565.24,151934.98
CZ02/Rt3&0&rDXHP&Ex&HV_AirDist__SupFanMtr/NE-HVAC-FanBelt-VBelt-Std/instance-out.sql,2529227.00,176461.69
CZ02/Rt3&0&rDXHP&Ex&HV_AirDist__SupFanMtr/NE-HVAC-FanBelt-CoggedVBelt-Msr/instance-out.sql,2505961.49,176464.30
CZ02/Rt3&0&rDXHP&Ex&HV_AirDist__SupFanMtr/NE-HVAC-FanBelt-SynchVBelt-Msr/instance-out.sql,2472788.86,176467.90
CZ02/RtL&0&rDXHP&Ex&HV_AirDist__SupFanMtr/NE-HVAC-FanBelt-VBelt-Std/instance-out.sql,2509336.09,169388.85
CZ02/RtL&0&rDXHP&Ex&HV_AirDist__SupFanMtr/NE-HVAC-FanBelt-CoggedVBelt-Msr/instance-out.sql,2487137.20,169388.88
CZ02/RtL&0&rDXHP&Ex&HV_AirDist__SupFanMtr/NE-HVAC-FanBelt-SynchVBelt-Msr/instance-out.sql,2455453.34,169388.94
CZ02/RtS&0&rDXHP&Ex&HV_AirDist__SupFanMtr/NE-HVAC-FanBelt-VBelt-Std/instance-out.sql,156461.40,15836.84
CZ02/RtS&0&rDXHP&Ex&HV_AirDist__SupFanMtr/NE-HVAC-FanBelt-CoggedVBelt-Msr/instance-out.sql,154951.28,15836.84
CZ02/RtS&0&rDXHP&Ex&HV_AirDist__SupFanMtr/NE-HVAC-FanBelt-SynchVBelt-Msr/instance-out.sql,152797.82,15836.88
CZ02/SCn&0&rDXHP&Ex&HV_AirDist__SupFanMtr/NE-HVAC-FanBelt-VBelt-Std/instance-out.sql,4844311.94,86288.59
CZ02/SCn&0&rDXHP&Ex&HV_AirDist__SupFanMtr/NE-HVAC-FanBelt-CoggedVBelt-Msr/instance-out.sql,4782118.35,86288.59
CZ02/SCn&0&rDXHP&Ex&HV_AirDist__SupFanMtr/NE-HVAC-FanBelt-SynchVBelt-Msr/instance-out.sql,4693396.13,86288.59
CZ03/Asm&0&rDXHP&Ex&HV_AirDist__SupFanMtr/NE-HVAC-FanBelt-VBelt-Std/instance-out.sql,785613.19,22748.42
CZ03/Asm&0&rDXHP&Ex&HV_AirDist__SupFanMtr/NE-HVAC-FanBelt-CoggedVBelt-Msr/instance-out.sql,777159.66,22748.42
CZ03/Asm&0&rDXHP&Ex&HV_AirDist__SupFanMtr/NE-HVAC-FanBelt-SynchVBelt-Msr/instance-out.sql,765101.83,22748.42
CZ03/ECC&0&rDXHP&Ex&HV_AirDist__SupFanMtr/NE-HVAC-FanBelt-VBelt-Std/instance-out.sql,2508817.56,520899.23
CZ03/ECC&0&rDXHP&Ex&HV_AirDist__SupFanMtr/NE-HVAC-FanBelt-CoggedVBelt-Msr/instance-out.sql,2489415.05,520906.51
CZ03/ECC&0&rDXHP&Ex&HV_AirDist__SupFanMtr/NE-HVAC-FanBelt-SynchVBelt-Msr/instance-out.sql,2461880.45,520914.30
CZ03/EPr&0&rDXHP&Ex&HV_AirDist__SupFanMtr/NE-HVAC-FanBelt-VBelt-Std/instance-out.sql,331997.52,128996.55
CZ03/EPr&0&rDXHP&Ex&HV_AirDist__SupFanMtr/NE-HVAC-FanBelt-CoggedVBelt-Msr/instance-out.sql,329282.91,128996.55
CZ03/EPr&0&rDXHP&Ex&HV_AirDist__SupFanMtr/NE-HVAC-FanBelt-SynchVBelt-Msr/instance-out.sql,325416.68,128996.55
CZ03/ERC&0&rDXHP&Ex&HV_AirDist__SupFanMtr/NE-HVAC-FanBelt-VBelt-Std/instance-out.sql,12100.81,9310.49
CZ03/ERC&0&rDXHP&Ex&HV_AirDist__SupFanMtr/NE-HVAC-FanBelt-CoggedVBelt-Msr/instance-out.sql,11966.54,9310.49
CZ03/ERC&0&rDXHP&Ex&HV_AirDist__SupFanMtr/NE-HVAC-FanBelt-SynchVBelt-Msr/instance-out.sql,11775.47,9310.49
CZ03/ESe&0&rDXHP&Ex&HV_AirDist__SupFanMtr/NE-HVAC-FanBelt-VBelt-Std/instance-out.sql,1002581.89,353060.99
CZ03/ESe&0&rDXHP&Ex&HV_AirDist__SupFanMtr/NE-HVAC-FanBelt-CoggedVBelt-Msr/instance-out.sql,999260.05,353060.66
CZ03/ESe&0&rDXHP&Ex&HV_AirDist__SupFanMtr/NE-HVAC-FanBelt-SynchVBelt-Msr/instance-out.sql,994514.05,353066.71
CZ03/EUn&0&rDXHP&Ex&HV_AirDist__SupFanMtr/NE-HVAC-FanBelt-VBelt-Std/instance-out.sql,9024897.76,897578.97
CZ03/EUn&0&rDXHP&Ex&HV_AirDist__SupFanMtr/NE-HVAC-FanBelt-CoggedVBelt-Msr/instance-out.sql,8958293.24,897600.44
CZ03/EUn&0&rDXHP&Ex&HV_AirDist__SupFanMtr/NE-HVAC-FanBelt-SynchVBelt-Msr/instance-out.sql,8863250.17,897637.23
CZ03/Hsp&0&rDXHP&Ex&HV_AirDist__SupFanMtr/NE-HVAC-FanBelt-VBelt-Std/instance-out.sql,3460279.35,705368.69
CZ03/Hsp&0&rDXHP&Ex&HV_AirDist__SupFanMtr/NE-HVAC-FanBelt-CoggedVBelt-Msr/instance-out.sql,3448821.53,705465.07
CZ03/Hsp&0&rDXHP&Ex&HV_AirDist__SupFanMtr/NE-HVAC-FanBelt-SynchVBelt-Msr/instance-out.sql,3432481.41,705594.25
CZ03/MBT&0&rDXHP&Ex&HV_AirDist__SupFanMtr/NE-HVAC-FanBelt-VBelt-Std/instance-out.sql,4032072.15,2813290.63
CZ03/MBT&0&rDXHP&Ex&HV_AirDist__SupFanMtr/NE-HVAC-FanBelt-CoggedVBelt-Msr/instance-out.sql,4019537.87,2813415.63
CZ03/MBT&0&rDXHP&Ex&HV_AirDist__SupFanMtr/NE-HVAC-FanBelt-SynchVBelt-Msr/instance-out.sql,4001645.95,2813598.50
CZ03/MLI&0&rDXHP&Ex&HV_AirDist__SupFanMtr/NE-HVAC-FanBelt-VBelt-Std/instance-out.sql,1308075.65,49101.03
CZ03/MLI&0&rDXHP&Ex&HV_AirDist__SupFanMtr/NE-HVAC-FanBelt-CoggedVBelt-Msr/instance-out.sql,1293317.12,49101.03
CZ03/MLI&0&rDXHP&Ex&HV_AirDist__SupFanMtr/NE-HVAC-FanBelt-SynchVBelt-Msr/instance-out.sql,1272262.28,49101.03
CZ03/Mtl&0&rDXHP&Ex&HV_AirDist__SupFanMtr/NE-HVAC-FanBelt-VBelt-Std/instance-out.sql,194829.00,8227.62
CZ03/Mtl&0&rDXHP&Ex&HV_AirDist__SupFanMtr/NE-HVAC-FanBelt-CoggedVBelt-Msr/instance-out.sql,192667.71,8227.57
CZ03/Mtl&0&rDXHP&Ex&HV_AirDist__SupFanMtr/NE-HVAC-FanBelt-SynchVBelt-Msr/instance-out.sql,189582.10,8228.09
CZ03/Nrs&0&rDXHP&Ex&HV_AirDist__SupFanMtr/NE-HVAC-FanBelt-VBelt-Std/instance-out.sql,826452.38,238519.12
CZ03/Nrs&0&rDXHP&Ex&HV_AirDist__SupFanMtr/NE-HVAC-FanBelt-CoggedVBelt-Msr/instance-out.sql,822232.57,238622.78
CZ03/Nrs&0&rDXHP&Ex&HV_AirDist__SupFanMtr/NE-HVAC-FanBelt-SynchVBelt-Msr/instance-out.sql,816197.63,238765.05
CZ03/OfL&0&rDXHP&Ex&HV_AirDist__SupFanMtr/NE-HVAC-FanBelt-VBelt-Std/instance-out.sql,3208509.40,149603.24
CZ03/OfL&0&rDXHP&Ex&HV_AirDist__SupFanMtr/NE-HVAC-FanBelt-CoggedVBelt-Msr/instance-out.sql,3174002.91,149614.18
CZ03/OfL&0&rDXHP&Ex&HV_AirDist__SupFanMtr/NE-HVAC-FanBelt-SynchVBelt-Msr/instance-out.sql,3124747.33,149581.23
CZ03/OfS&0&rDXHP&Ex&HV_AirDist__SupFanMtr/NE-HVAC-FanBelt-VBelt-Std/instance-out.sql,175640.93,22358.35
CZ03/OfS&0&rDXHP&Ex&HV_AirDist__SupFanMtr/NE-HVAC-FanBelt-CoggedVBelt-Msr/instance-out.sql,173309.55,22358.35
CZ03/OfS&0&rDXHP&Ex&HV_AirDist__SupFanMtr/NE-HVAC-FanBelt-SynchVBelt-Msr/instance-out.sql,169987.22,22358.35
CZ03/RFF&0&rDXHP&Ex&HV_AirDist__SupFanMtr/NE-HVAC-FanBelt-VBelt-Std/instance-out.sql,81486.81,45428.94
CZ03/RFF&0&rDXHP&Ex&HV_AirDist__SupFanMtr/NE-HVAC-FanBelt-CoggedVBelt-Msr/instance-out.sql,80882.64,45428.94
CZ03/RFF&0&rDXHP&Ex&HV_AirDist__SupFanMtr/NE-HVAC-FanBelt-SynchVBelt-Msr/instance-out.sql,80020.89,45428.94
CZ03/RSD&0&rDXHP&Ex&HV_AirDist__SupFanMtr/NE-HVAC-FanBelt-VBelt-Std/instance-out.sql,133644.19,128143.05
CZ03/RSD&0&rDXHP&Ex&HV_AirDist__SupFanMtr/NE-HVAC-FanBelt-CoggedVBelt-Msr/instance-out.sql,133353.02,128144.49
CZ03/RSD&0&rDXHP&Ex&HV_AirDist__SupFanMtr/NE-HVAC-FanBelt-SynchVBelt-Msr/instance-out.sql,132937.57,128149.47
CZ03/Rt3&0&rDXHP&Ex&HV_AirDist__SupFanMtr/NE-HVAC-FanBelt-VBelt-Std/instance-out.sql,2386546.18,175058.50
CZ03/Rt3&0&rDXHP&Ex&HV_AirDist__SupFanMtr/NE-HVAC-FanBelt-CoggedVBelt-Msr/instance-out.sql,2364721.68,175059.47
CZ03/Rt3&0&rDXHP&Ex&HV_AirDist__SupFanMtr/NE-HVAC-FanBelt-SynchVBelt-Msr/instance-out.sql,2333589.57,175060.96
CZ03/RtL&0&rDXHP&Ex&HV_AirDist__SupFanMtr/NE-HVAC-FanBelt-VBelt-Std/instance-out.sql,2393994.47,168919.27
CZ03/RtL&0&rDXHP&Ex&HV_AirDist__SupFanMtr/NE-HVAC-FanBelt-CoggedVBelt-Msr/instance-out.sql,2372690.18,168919.27
CZ03/RtL&0&rDXHP&Ex&HV_AirDist__SupFanMtr/NE-HVAC-FanBelt-SynchVBelt-Msr/instance-out.sql,2342261.76,168919.27
CZ03/RtS&0&rDXHP&Ex&HV_AirDist__SupFanMtr/NE-HVAC-FanBelt-VBelt-Std/instance-out.sql,142915.52,15799.94
CZ03/RtS&0&rDXHP&Ex&HV_AirDist__SupFanMtr/NE-HVAC-FanBelt-CoggedVBelt-Msr/instance-out.sql,141547.85,15799.94
CZ03/RtS&0&rDXHP&Ex&HV_AirDist__SupFanMtr/NE-HVAC-FanBelt-SynchVBelt-Msr/instance-out.sql,139596.95,15799.94
CZ03/SCn&0&rDXHP&Ex&HV_AirDist__SupFanMtr/NE-HVAC-FanBelt-VBelt-Std/instance-out.sql,4168487.12,85988.06
CZ03/SCn&0&rDXHP&Ex&HV_AirDist__SupFanMtr/NE-HVAC-FanBelt-CoggedVBelt-Msr/instance-out.sql,4116606.01,85988.06
CZ03/SCn&0&rDXHP&Ex&HV_AirDist__SupFanMtr/NE-HVAC-FanBelt-SynchVBelt-Msr/instance-out.sql,4041630.30,85988.06
CZ04/Asm&0&rDXHP&Ex&HV_AirDist__SupFanMtr/NE-HVAC-FanBelt-VBelt-Std/instance-out.sql,856099.45,22189.19
CZ04/Asm&0&rDXHP&Ex&HV_AirDist__SupFanMtr/NE-HVAC-FanBelt-CoggedVBelt-Msr/instance-out.sql,847013.93,22189.17
CZ04/Asm&0&rDXHP&Ex&HV_AirDist__SupFanMtr/NE-HVAC-FanBelt-SynchVBelt-Msr/instance-out.sql,834044.79,22189.17
CZ04/ECC&0&rDXHP&Ex&HV_AirDist__SupFanMtr/NE-HVAC-FanBelt-VBelt-Std/instance-out.sql,2709884.42,505206.27
CZ04/ECC&0&rDXHP&Ex&HV_AirDist__SupFanMtr/NE-HVAC-FanBelt-CoggedVBelt-Msr/instance-out.sql,2688232.75,505207.06
CZ04/ECC&0&rDXHP&Ex&HV_AirDist__SupFanMtr/NE-HVAC-FanBelt-SynchVBelt-Msr/instance-out.sql,2657073.72,505203.67
CZ04/EPr&0&rDXHP&Ex&HV_AirDist__SupFanMtr/NE-HVAC-FanBelt-VBelt-Std/instance-out.sql,360888.67,126147.85
CZ04/EPr&0&rDXHP&Ex&HV_AirDist__SupFanMtr/NE-HVAC-FanBelt-CoggedVBelt-Msr/instance-out.sql,357857.62,126147.85
CZ04/EPr&0&rDXHP&Ex&HV_AirDist__SupFanMtr/NE-HVAC-FanBelt-SynchVBelt-Msr/instance-out.sql,353536.30,126147.85
CZ04/ERC&0&rDXHP&Ex&HV_AirDist__SupFanMtr/NE-HVAC-FanBelt-VBelt-Std/instance-out.sql,13585.57,9207.12
CZ04/ERC&0&rDXHP&Ex&HV_AirDist__SupFanMtr/NE-HVAC-FanBelt-CoggedVBelt-Msr/instance-out.sql,13429.40,9207.12
CZ04/ERC&0&rDXHP&Ex&HV_AirDist__SupFanMtr/NE-HVAC-FanBelt-SynchVBelt-Msr/instance-out.sql,13207.07,9207.11
CZ04/ESe&0&rDXHP&Ex&HV_AirDist__SupFanMtr/NE-HVAC-FanBelt-VBelt-Std/instance-out.sql,1069374.99,339112.67
CZ04/ESe&0&rDXHP&Ex&HV_AirDist__SupFanMtr/NE-HVAC-FanBelt-CoggedVBelt-Msr/instance-out.sql,1065536.57,339120.07
CZ04/ESe&0&rDXHP&Ex&HV_AirDist__SupFanMtr/NE-HVAC-FanBelt-SynchVBelt-Msr/instance-out.sql,1060120.12,339121.70
CZ04/EUn&0&rDXHP&Ex&HV_AirDist__SupFanMtr/NE-HVAC-FanBelt-VBelt-Std/instance-out.sql,9529936.02,870337.20
CZ04/EUn&0&rDXHP&Ex&HV_AirDist__SupFanMtr/NE-HVAC-FanBelt-CoggedVBelt-Msr/instance-out.sql,9458847.50,870352.71
CZ04/EUn&0&rDXHP&Ex&HV_AirDist__SupFanMtr/NE-HVAC-FanBelt-SynchVBelt-Msr/instance-out.sql,9357335.93,870374.90
CZ04/Hsp&0&rDXHP&Ex&HV_AirDist__SupFanMtr/NE-HVAC-FanBelt-VBelt-Std/instance-out.sql,3931271.05,911211.86
CZ04/Hsp&0&rDXHP&Ex&HV_AirDist__SupFanMtr/NE-HVAC-FanBelt-CoggedVBelt-Msr/instance-out.sql,3918880.63,911262.02
CZ04/Hsp&0&rDXHP&Ex&HV_AirDist__SupFanMtr/NE-HVAC-FanBelt-SynchVBelt-Msr/instance-out.sql,3901262.75,911403.84
CZ04/MBT&0&rDXHP&Ex&HV_AirDist__SupFanMtr/NE-HVAC-FanBelt-VBelt-Std/instance-out.sql,4269793.19,2585664.17
CZ04/MBT&0&rDXHP&Ex&HV_AirDist__SupFanMtr/NE-HVAC-FanBelt-CoggedVBelt-Msr/instance-out.sql,4255931.65,2585776.23
CZ04/MBT&0&rDXHP&Ex&HV_AirDist__SupFanMtr/NE-HVAC-FanBelt-SynchVBelt-Msr/instance-out.sql,4236141.75,2585940.35
CZ04/MLI&0&rDXHP&Ex&HV_AirDist__SupFanMtr/NE-HVAC-FanBelt-VBelt-Std/instance-out.sql,1387605.80,47617.21
CZ04/MLI&0&rDXHP&Ex&HV_AirDist__SupFanMtr/NE-HVAC-FanBelt-CoggedVBelt-Msr/instance-out.sql,1371985.46,47617.21
CZ04/MLI&0&rDXHP&Ex&HV_AirDist__SupFanMtr/NE-HVAC-FanBelt-SynchVBelt-Msr/instance-out.sql,1349697.69,47617.21
CZ04/Mtl&0&rDXHP&Ex&HV_AirDist__SupFanMtr/NE-HVAC-FanBelt-VBelt-Std/instance-out.sql,216779.09,8180.34
CZ04/Mtl&0&rDXHP&Ex&HV_AirDist__SupFanMtr/NE-HVAC-FanBelt-CoggedVBelt-Msr/instance-out.sql,214373.81,8180.53
CZ04/Mtl&0&rDXHP&Ex&HV_AirDist__SupFanMtr/NE-HVAC-FanBelt-SynchVBelt-Msr/instance-out.sql,210943.18,8180.92
CZ04/Nrs&0&rDXHP&Ex&HV_AirDist__SupFanMtr/NE-HVAC-FanBelt-VBelt-Std/instance-out.sql,891210.27,246672.28
CZ04/Nrs&0&rDXHP&Ex&HV_AirDist__SupFanMtr/NE-HVAC-FanBelt-CoggedVBelt-Msr/instance-out.sql,886637.68,246754.69
CZ04/Nrs&0&rDXHP&Ex&HV_AirDist__SupFanMtr/NE-HVAC-FanBelt-SynchVBelt-Msr/instance-out.sql,880103.70,246839.00
CZ04/OfL&0&rDXHP&Ex&HV_AirDist__SupFanMtr/NE-HVAC-FanBelt-VBelt-Std/instance-out.sql,3462593.77,153469.93
CZ04/OfL&0&rDXHP&Ex&HV_AirDist__SupFanMtr/NE-HVAC-FanBelt-CoggedVBelt-Msr/instance-out.sql,3425701.09,153431.50
CZ04/OfL&0&rDXHP&Ex&HV_AirDist__SupFanMtr/NE-HVAC-FanBelt-SynchVBelt-Msr/instance-out.sql,3373004.29,153484.34
CZ04/OfS&0&rDXHP&Ex&HV_AirDist__SupFanMtr/NE-HVAC-FanBelt-VBelt-Std/instance-out.sql,193858.31,21738.72
CZ04/OfS&0&rDXHP&Ex&HV_AirDist__SupFanMtr/NE-HVAC-FanBelt-CoggedVBelt-Msr/instance-out.sql,191300.29,21738.72
CZ04/OfS&0&rDXHP&Ex&HV_AirDist__SupFanMtr/NE-HVAC-FanBelt-SynchVBelt-Msr/instance-out.sql,187651.55,21738.72
CZ04/RFF&0&rDXHP&Ex&HV_AirDist__SupFanMtr/NE-HVAC-FanBelt-VBelt-Std/instance-out.sql,89415.71,44742.55
CZ04/RFF&0&rDXHP&Ex&HV_AirDist__SupFanMtr/NE-HVAC-FanBelt-CoggedVBelt-Msr/instance-out.sql,88740.78,44742.55
CZ04/RFF&0&rDXHP&Ex&HV_AirDist__SupFanMtr/NE-HVAC-FanBelt-SynchVBelt-Msr/instance-out.sql,87778.61,44742.56
CZ04/RSD&0&rDXHP&Ex&HV_AirDist__SupFanMtr/NE-HVAC-FanBelt-VBelt-Std/instance-out.sql,151658.61,142907.79
CZ04/RSD&0&rDXHP&Ex&HV_AirDist__SupFanMtr/NE-HVAC-FanBelt-CoggedVBelt-Msr/instance-out.sql,151340.09,142910.61
CZ04/RSD&0&rDXHP&Ex&HV_AirDist__SupFanMtr/NE-HVAC-FanBelt-SynchVBelt-Msr/instance-out.sql,150885.57,142914.21
CZ04/Rt3&0&rDXHP&Ex&HV_AirDist__SupFanMtr/NE-HVAC-FanBelt-VBelt-Std/instance-out.sql,2563760.18,169308.92
CZ04/Rt3&0&rDXHP&Ex&HV_AirDist__SupFanMtr/NE-HVAC-FanBelt-CoggedVBelt-Msr/instance-out.sql,2540004.84,169310.58
CZ04/Rt3&0&rDXHP&Ex&HV_AirDist__SupFanMtr/NE-HVAC-FanBelt-SynchVBelt-Msr/instance-out.sql,2506061.82,169311.20
CZ04/RtL&0&rDXHP&Ex&HV_AirDist__SupFanMtr/NE-HVAC-FanBelt-VBelt-Std/instance-out.sql,2544782.57,164743.35
CZ04/RtL&0&rDXHP&Ex&HV_AirDist__SupFanMtr/NE-HVAC-FanBelt-CoggedVBelt-Msr/instance-out.sql,2522115.56,164743.35
CZ04/RtL&0&rDXHP&Ex&HV_AirDist__SupFanMtr/NE-HVAC-FanBelt-SynchVBelt-Msr/instance-out.sql,2489772.07,164743.35
CZ04/RtS&0&rDXHP&Ex&HV_AirDist__SupFanMtr/NE-HVAC-FanBelt-VBelt-Std/instance-out.sql,158425.26,15468.09
CZ04/RtS&0&rDXHP&Ex&HV_AirDist__SupFanMtr/NE-HVAC-FanBelt-CoggedVBelt-Msr/instance-out.sql,156866.61,15468.09
CZ04/RtS&0&rDXHP&Ex&HV_AirDist__SupFanMtr/NE-HVAC-FanBelt-SynchVBelt-Msr/instance-out.sql,154641.54,15468.09
CZ04/SCn&0&rDXHP&Ex&HV_AirDist__SupFanMtr/NE-HVAC-FanBelt-VBelt-Std/instance-out.sql,4543986.95,83251.17
CZ04/SCn&0&rDXHP&Ex&HV_AirDist__SupFanMtr/NE-HVAC-FanBelt-CoggedVBelt-Msr/instance-out.sql,4485729.29,83251.18
CZ04/SCn&0&rDXHP&Ex&HV_AirDist__SupFanMtr/NE-HVAC-FanBelt-SynchVBelt-Msr/instance-out.sql,4403285.82,83251.17
CZ05/Asm&0&rDXHP&Ex&HV_AirDist__SupFanMtr/NE-HVAC-FanBelt-VBelt-Std/instance-out.sql,800912.49,22750.02
CZ05/Asm&0&rDXHP&Ex&HV_AirDist__SupFanMtr/NE-HVAC-FanBelt-CoggedVBelt-Msr/instance-out.sql,792286.13,22750.02
CZ05/Asm&0&rDXHP&Ex&HV_AirDist__SupFanMtr/NE-HVAC-FanBelt-SynchVBelt-Msr/instance-out.sql,779981.96,22750.02
CZ05/ECC&0&rDXHP&Ex&HV_AirDist__SupFanMtr/NE-HVAC-FanBelt-VBelt-Std/instance-out.sql,2557229.13,520880.00
CZ05/ECC&0&rDXHP&Ex&HV_AirDist__SupFanMtr/NE-HVAC-FanBelt-CoggedVBelt-Msr/instance-out.sql,2537480.83,520880.15
CZ05/ECC&0&rDXHP&Ex&HV_AirDist__SupFanMtr/NE-HVAC-FanBelt-SynchVBelt-Msr/instance-out.sql,2509207.13,520874.40
CZ05/EPr&0&rDXHP&Ex&HV_AirDist__SupFanMtr/NE-HVAC-FanBelt-VBelt-Std/instance-out.sql,338143.60,129001.84
CZ05/EPr&0&rDXHP&Ex&HV_AirDist__SupFanMtr/NE-HVAC-FanBelt-CoggedVBelt-Msr/instance-out.sql,335375.16,129001.84
CZ05/EPr&0&rDXHP&Ex&HV_AirDist__SupFanMtr/NE-HVAC-FanBelt-SynchVBelt-Msr/instance-out.sql,331416.35,129001.85
CZ05/ERC&0&rDXHP&Ex&HV_AirDist__SupFanMtr/NE-HVAC-FanBelt-VBelt-Std/instance-out.sql,12239.28,9310.76
CZ05/ERC&0&rDXHP&Ex&HV_AirDist__SupFanMtr/NE-HVAC-FanBelt-CoggedVBelt-Msr/instance-out.sql,12102.26,9310.76
CZ05/ERC&0&rDXHP&Ex&HV_AirDist__SupFanMtr/NE-HVAC-FanBelt-SynchVBelt-Msr/instance-out.sql,11907.71,9310.76
CZ05/ESe&0&rDXHP&Ex&HV_AirDist__SupFanMtr/NE-HVAC-FanBelt-VBelt-Std/instance-out.sql,1006715.24,353112.97
CZ05/ESe&0&rDXHP&Ex&HV_AirDist__SupFanMtr/NE-HVAC-FanBelt-CoggedVBelt-Msr/instance-out.sql,1003331.24,353114.22
CZ05/ESe&0&rDXHP&Ex&HV_AirDist__SupFanMtr/NE-HVAC-FanBelt-SynchVBelt-Msr/instance-out.sql,998550.03,353115.78
CZ05/EUn&0&rDXHP&Ex&HV_AirDist__SupFanMtr/NE-HVAC-FanBelt-VBelt-Std/instance-out.sql,9175161.04,895476.40
CZ05/EUn&0&rDXHP&Ex&HV_AirDist__SupFanMtr/NE-HVAC-FanBelt-CoggedVBelt-Msr/instance-out.sql,9107703.14,895487.82
CZ05/EUn&0&rDXHP&Ex&HV_AirDist__SupFanMtr/NE-HVAC-FanBelt-SynchVBelt-Msr/instance-out.sql,9011391.61,895504.37
CZ05/Hsp&0&rDXHP&Ex&HV_AirDist__SupFanMtr/NE-HVAC-FanBelt-VBelt-Std/instance-out.sql,3630621.30,778753.67
CZ05/Hsp&0&rDXHP&Ex&HV_AirDist__SupFanMtr/NE-HVAC-FanBelt-CoggedVBelt-Msr/instance-out.sql,3618971.44,778836.74
CZ05/Hsp&0&rDXHP&Ex&HV_AirDist__SupFanMtr/NE-HVAC-FanBelt-SynchVBelt-Msr/instance-out.sql,3602348.90,778998.73
CZ05/MBT&0&rDXHP&Ex&HV_AirDist__SupFanMtr/NE-HVAC-FanBelt-VBelt-Std/instance-out.sql,4075220.92,2935013.11
CZ05/MBT&0&rDXHP&Ex&HV_AirDist__SupFanMtr/NE-HVAC-FanBelt-CoggedVBelt-Msr/instance-out.sql,4062545.88,2935123.66
CZ05/MBT&0&rDXHP&Ex&HV_AirDist__SupFanMtr/NE-HVAC-FanBelt-SynchVBelt-Msr/instance-out.sql,4044460.13,2935287.86
CZ05/MLI&0&rDXHP&Ex&HV_AirDist__SupFanMtr/NE-HVAC-FanBelt-VBelt-Std/instance-out.sql,1329479.66,49106.00
CZ05/MLI&0&rDXHP&Ex&HV_AirDist__SupFanMtr/NE-HVAC-FanBelt-CoggedVBelt-Msr/instance-out.sql,1314405.76,49106.00
CZ05/MLI&0&rDXHP&Ex&HV_AirDist__SupFanMtr/NE-HVAC-FanBelt-SynchVBelt-Msr/instance-out.sql,1292897.34,49106.00
CZ05/Mtl&0&rDXHP&Ex&HV_AirDist__SupFanMtr/NE-HVAC-FanBelt-VBelt-Std/instance-out.sql,197879.10,8020.23
CZ05/Mtl&0&rDXHP&Ex&HV_AirDist__SupFanMtr/NE-HVAC-FanBelt-CoggedVBelt-Msr/instance-out.sql,195713.13,8020.30
CZ05/Mtl&0&rDXHP&Ex&HV_AirDist__SupFanMtr/NE-HVAC-FanBelt-SynchVBelt-Msr/instance-out.sql,192620.64,8020.39
CZ05/Nrs&0&rDXHP&Ex&HV_AirDist__SupFanMtr/NE-HVAC-FanBelt-VBelt-Std/instance-out.sql,843646.67,239415.16
CZ05/Nrs&0&rDXHP&Ex&HV_AirDist__SupFanMtr/NE-HVAC-FanBelt-CoggedVBelt-Msr/instance-out.sql,839421.70,239490.73
CZ05/Nrs&0&rDXHP&Ex&HV_AirDist__SupFanMtr/NE-HVAC-FanBelt-SynchVBelt-Msr/instance-out.sql,833397.44,239609.17
CZ05/OfL&0&rDXHP&Ex&HV_AirDist__SupFanMtr/NE-HVAC-FanBelt-VBelt-Std/instance-out.sql,3261189.30,149418.52
CZ05/OfL&0&rDXHP&Ex&HV_AirDist__SupFanMtr/NE-HVAC-FanBelt-CoggedVBelt-Msr/instance-out.sql,3226402.48,149514.42
CZ05/OfL&0&rDXHP&Ex&HV_AirDist__SupFanMtr/NE-HVAC-FanBelt-SynchVBelt-Msr/instance-out.sql,3176663.31,149443.97
CZ05/OfS&0&rDXHP&Ex&HV_AirDist__SupFanMtr/NE-HVAC-FanBelt-VBelt-Std/instance-out.sql,176941.27,22360.15
CZ05/OfS&0&rDXHP&Ex&HV_AirDist__SupFanMtr/NE-HVAC-FanBelt-CoggedVBelt-Msr/instance-out.sql,174609.94,22360.15
CZ05/OfS&0&rDXHP&Ex&HV_AirDist__SupFanMtr/NE-HVAC-FanBelt-SynchVBelt-Msr/instance-out.sql,171295.57,22360.15
CZ05/RFF&0&rDXHP&Ex&HV_AirDist__SupFanMtr/NE-HVAC-FanBelt-VBelt-Std/instance-out.sql,82100.23,45430.93
CZ05/RFF&0&rDXHP&Ex&HV_AirDist__SupFanMtr/NE-HVAC-FanBelt-CoggedVBelt-Msr/instance-out.sql,81502.19,45430.93
CZ05/RFF&0&rDXHP&Ex&HV_AirDist__SupFanMtr/NE-HVAC-FanBelt-SynchVBelt-Msr/instance-out.sql,80648.47,45430.93
CZ05/RSD&0&rDXHP&Ex&HV_AirDist__SupFanMtr/NE-HVAC-FanBelt-VBelt-Std/instance-out.sql,138159.23,135689.99
CZ05/RSD&0&rDXHP&Ex&HV_AirDist__SupFanMtr/NE-HVAC-FanBelt-CoggedVBelt-Msr/instance-out.sql,137869.27,135692.24
CZ05/RSD&0&rDXHP&Ex&HV_AirDist__SupFanMtr/NE-HVAC-FanBelt-SynchVBelt-Msr/instance-out.sql,137455.40,135694.75
CZ05/Rt3&0&rDXHP&Ex&HV_AirDist__SupFanMtr/NE-HVAC-FanBelt-VBelt-Std/instance-out.sql,2432263.37,175210.03
CZ05/Rt3&0&rDXHP&Ex&HV_AirDist__SupFanMtr/NE-HVAC-FanBelt-CoggedVBelt-Msr/instance-out.sql,2409766.16,175210.92
CZ05/Rt3&0&rDXHP&Ex&HV_AirDist__SupFanMtr/NE-HVAC-FanBelt-SynchVBelt-Msr/instance-out.sql,2377740.58,175212.13
CZ05/RtL&0&rDXHP&Ex&HV_AirDist__SupFanMtr/NE-HVAC-FanBelt-VBelt-Std/instance-out.sql,2429892.53,168933.08
CZ05/RtL&0&rDXHP&Ex&HV_AirDist__SupFanMtr/NE-HVAC-FanBelt-CoggedVBelt-Msr/instance-out.sql,2408205.87,168933.08
CZ05/RtL&0&rDXHP&Ex&HV_AirDist__SupFanMtr/NE-HVAC-FanBelt-SynchVBelt-Msr/instance-out.sql,2377245.64,168933.08
CZ05/RtS&0&rDXHP&Ex&HV_AirDist__SupFanMtr/NE-HVAC-FanBelt-VBelt-Std/instance-out.sql,145756.05,15800.83
CZ05/RtS&0&rDXHP&Ex&HV_AirDist__SupFanMtr/NE-HVAC-FanBelt-CoggedVBelt-Msr/instance-out.sql,144349.91,15800.83
CZ05/RtS&0&rDXHP&Ex&HV_AirDist__SupFanMtr/NE-HVAC-FanBelt-SynchVBelt-Msr/instance-out.sql,142343.85,15800.81
CZ05/SCn&0&rDXHP&Ex&HV_AirDist__SupFanMtr/NE-HVAC-FanBelt-VBelt-Std/instance-out.sql,4482171.40,85996.71
CZ05/SCn&0&rDXHP&Ex&HV_AirDist__SupFanMtr/NE-HVAC-FanBelt-CoggedVBelt-Msr/instance-out.sql,4422668.99,85996.71
CZ05/SCn&0&rDXHP&Ex&HV_AirDist__SupFanMtr/NE-HVAC-FanBelt-SynchVBelt-Msr/instance-out.sql,4337856.26,85996.71
CZ06/Asm&0&rDXHP&Ex&HV_AirDist__SupFanMtr/NE-HVAC-FanBelt-VBelt-Std/instance-out.sql,819470.04,21461.09
CZ06/Asm&0&rDXHP&Ex&HV_AirDist__SupFanMtr/NE-HVAC-FanBelt-CoggedVBelt-Msr/instance-out.sql,810127.76,21461.07
CZ06/Asm&0&rDXHP&Ex&HV_AirDist__SupFanMtr/NE-HVAC-FanBelt-SynchVBelt-Msr/instance-out.sql,796801.73,21461.07
CZ06/ECC&0&rDXHP&Ex&HV_AirDist__SupFanMtr/NE-HVAC-FanBelt-VBelt-Std/instance-out.sql,2663209.69,485950.77
CZ06/ECC&0&rDXHP&Ex&HV_AirDist__SupFanMtr/NE-HVAC-FanBelt-CoggedVBelt-Msr/instance-out.sql,2642022.15,485950.78
CZ06/ECC&0&rDXHP&Ex&HV_AirDist__SupFanMtr/NE-HVAC-FanBelt-SynchVBelt-Msr/instance-out.sql,2611741.31,485950.78
CZ06/EPr&0&rDXHP&Ex&HV_AirDist__SupFanMtr/NE-HVAC-FanBelt-VBelt-Std/instance-out.sql,357904.42,122682.52
CZ06/EPr&0&rDXHP&Ex&HV_AirDist__SupFanMtr/NE-HVAC-FanBelt-CoggedVBelt-Msr/instance-out.sql,354837.56,122682.52
CZ06/EPr&0&rDXHP&Ex&HV_AirDist__SupFanMtr/NE-HVAC-FanBelt-SynchVBelt-Msr/instance-out.sql,350454.01,122682.52
CZ06/ERC&0&rDXHP&Ex&HV_AirDist__SupFanMtr/NE-HVAC-FanBelt-VBelt-Std/instance-out.sql,12786.42,9081.66
CZ06/ERC&0&rDXHP&Ex&HV_AirDist__SupFanMtr/NE-HVAC-FanBelt-CoggedVBelt-Msr/instance-out.sql,12634.25,9081.66
CZ06/ERC&0&rDXHP&Ex&HV_AirDist__SupFanMtr/NE-HVAC-FanBelt-SynchVBelt-Msr/instance-out.sql,12417.11,9081.66
CZ06/ESe&0&rDXHP&Ex&HV_AirDist__SupFanMtr/NE-HVAC-FanBelt-VBelt-Std/instance-out.sql,1020439.25,293638.17
CZ06/ESe&0&rDXHP&Ex&HV_AirDist__SupFanMtr/NE-HVAC-FanBelt-CoggedVBelt-Msr/instance-out.sql,1016785.08,293638.80
CZ06/ESe&0&rDXHP&Ex&HV_AirDist__SupFanMtr/NE-HVAC-FanBelt-SynchVBelt-Msr/instance-out.sql,1011573.21,293639.31
CZ06/EUn&0&rDXHP&Ex&HV_AirDist__SupFanMtr/NE-HVAC-FanBelt-VBelt-Std/instance-out.sql,9429467.42,832415.04
CZ06/EUn&0&rDXHP&Ex&HV_AirDist__SupFanMtr/NE-HVAC-FanBelt-CoggedVBelt-Msr/instance-out.sql,9359174.63,832416.22
CZ06/EUn&0&rDXHP&Ex&HV_AirDist__SupFanMtr/NE-HVAC-FanBelt-SynchVBelt-Msr/instance-out.sql,9258816.06,832417.92
CZ06/Hsp&0&rDXHP&Ex&HV_AirDist__SupFanMtr/NE-HVAC-FanBelt-VBelt-Std/instance-out.sql,4014865.96,585663.33
CZ06/Hsp&0&rDXHP&Ex&HV_AirDist__SupFanMtr/NE-HVAC-FanBelt-CoggedVBelt-Msr/instance-out.sql,4002599.10,585629.44
CZ06/Hsp&0&rDXHP&Ex&HV_AirDist__SupFanMtr/NE-HVAC-FanBelt-SynchVBelt-Msr/instance-out.sql,3985139.71,585700.36
CZ06/MBT&0&rDXHP&Ex&HV_AirDist__SupFanMtr/NE-HVAC-FanBelt-VBelt-Std/instance-out.sql,4234427.31,1616592.54
CZ06/MBT&0&rDXHP&Ex&HV_AirDist__SupFanMtr/NE-HVAC-FanBelt-CoggedVBelt-Msr/instance-out.sql,4220768.33,1616645.63
CZ06/MBT&0&rDXHP&Ex&HV_AirDist__SupFanMtr/NE-HVAC-FanBelt-SynchVBelt-Msr/instance-out.sql,4201268.33,1616723.74
CZ06/MLI&0&rDXHP&Ex&HV_AirDist__SupFanMtr/NE-HVAC-FanBelt-VBelt-Std/instance-out.sql,1348322.92,45700.26
CZ06/MLI&0&rDXHP&Ex&HV_AirDist__SupFanMtr/NE-HVAC-FanBelt-CoggedVBelt-Msr/instance-out.sql,1332974.75,45700.26
CZ06/MLI&0&rDXHP&Ex&HV_AirDist__SupFanMtr/NE-HVAC-FanBelt-SynchVBelt-Msr/instance-out.sql,1311061.95,45700.26
CZ06/Mtl&0&rDXHP&Ex&HV_AirDist__SupFanMtr/NE-HVAC-FanBelt-VBelt-Std/instance-out.sql,208557.79,7916.04
CZ06/Mtl&0&rDXHP&Ex&HV_AirDist__SupFanMtr/NE-HVAC-FanBelt-CoggedVBelt-Msr/instance-out.sql,206260.73,7916.04
CZ06/Mtl&0&rDXHP&Ex&HV_AirDist__SupFanMtr/NE-HVAC-FanBelt-SynchVBelt-Msr/instance-out.sql,202981.60,7916.04
CZ06/Nrs&0&rDXHP&Ex&HV_AirDist__SupFanMtr/NE-HVAC-FanBelt-VBelt-Std/instance-out.sql,897606.48,220563.51
CZ06/Nrs&0&rDXHP&Ex&HV_AirDist__SupFanMtr/NE-HVAC-FanBelt-CoggedVBelt-Msr/instance-out.sql,893099.40,220565.01
CZ06/Nrs&0&rDXHP&Ex&HV_AirDist__SupFanMtr/NE-HVAC-FanBelt-SynchVBelt-Msr/instance-out.sql,886682.07,220585.13
CZ06/OfL&0&rDXHP&Ex&HV_AirDist__SupFanMtr/NE-HVAC-FanBelt-VBelt-Std/instance-out.sql,3409642.68,124986.25
CZ06/OfL&0&rDXHP&Ex&HV_AirDist__SupFanMtr/NE-HVAC-FanBelt-CoggedVBelt-Msr/instance-out.sql,3373949.53,124985.94
CZ06/OfL&0&rDXHP&Ex&HV_AirDist__SupFanMtr/NE-HVAC-FanBelt-SynchVBelt-Msr/instance-out.sql,3322988.53,124985.48
CZ06/OfS&0&rDXHP&Ex&HV_AirDist__SupFanMtr/NE-HVAC-FanBelt-VBelt-Std/instance-out.sql,185798.13,20935.75
CZ06/OfS&0&rDXHP&Ex&HV_AirDist__SupFanMtr/NE-HVAC-FanBelt-CoggedVBelt-Msr/instance-out.sql,183360.34,20935.75
CZ06/OfS&0&rDXHP&Ex&HV_AirDist__SupFanMtr/NE-HVAC-FanBelt-SynchVBelt-Msr/instance-out.sql,179880.31,20935.75
CZ06/RFF&0&rDXHP&Ex&HV_AirDist__SupFanMtr/NE-HVAC-FanBelt-VBelt-Std/instance-out.sql,86533.86,43853.07
CZ06/RFF&0&rDXHP&Ex&HV_AirDist__SupFanMtr/NE-HVAC-FanBelt-CoggedVBelt-Msr/instance-out.sql,85897.42,43853.07
CZ06/RFF&0&rDXHP&Ex&HV_AirDist__SupFanMtr/NE-HVAC-FanBelt-SynchVBelt-Msr/instance-out.sql,84988.92,43853.08
CZ06/RSD&0&rDXHP&Ex&HV_AirDist__SupFanMtr/NE-HVAC-FanBelt-VBelt-Std/instance-out.sql,147474.44,123072.59
CZ06/RSD&0&rDXHP&Ex&HV_AirDist__SupFanMtr/NE-HVAC-FanBelt-CoggedVBelt-Msr/instance-out.sql,147162.48,123073.03
CZ06/RSD&0&rDXHP&Ex&HV_AirDist__SupFanMtr/NE-HVAC-FanBelt-SynchVBelt-Msr/instance-out.sql,146717.35,123073.83
CZ06/Rt3&0&rDXHP&Ex&HV_AirDist__SupFanMtr/NE-HVAC-FanBelt-VBelt-Std/instance-out.sql,2506849.32,161543.65
CZ06/Rt3&0&rDXHP&Ex&HV_AirDist__SupFanMtr/NE-HVAC-FanBelt-CoggedVBelt-Msr/instance-out.sql,2483462.96,161543.70
CZ06/Rt3&0&rDXHP&Ex&HV_AirDist__SupFanMtr/NE-HVAC-FanBelt-SynchVBelt-Msr/instance-out.sql,2450085.88,161543.76
CZ06/RtL&0&rDXHP&Ex&HV_AirDist__SupFanMtr/NE-HVAC-FanBelt-VBelt-Std/instance-out.sql,2523918.05,159328.78
CZ06/RtL&0&rDXHP&Ex&HV_AirDist__SupFanMtr/NE-HVAC-FanBelt-CoggedVBelt-Msr/instance-out.sql,2501066.41,159328.78
CZ06/RtL&0&rDXHP&Ex&HV_AirDist__SupFanMtr/NE-HVAC-FanBelt-SynchVBelt-Msr/instance-out.sql,2468445.62,159328.78
CZ06/RtS&0&rDXHP&Ex&HV_AirDist__SupFanMtr/NE-HVAC-FanBelt-VBelt-Std/instance-out.sql,150873.65,15038.40
CZ06/RtS&0&rDXHP&Ex&HV_AirDist__SupFanMtr/NE-HVAC-FanBelt-CoggedVBelt-Msr/instance-out.sql,149396.51,15038.40
CZ06/RtS&0&rDXHP&Ex&HV_AirDist__SupFanMtr/NE-HVAC-FanBelt-SynchVBelt-Msr/instance-out.sql,147287.64,15038.40
CZ06/SCn&0&rDXHP&Ex&HV_AirDist__SupFanMtr/NE-HVAC-FanBelt-VBelt-Std/instance-out.sql,4005338.16,79721.23
CZ06/SCn&0&rDXHP&Ex&HV_AirDist__SupFanMtr/NE-HVAC-FanBelt-CoggedVBelt-Msr/instance-out.sql,3954827.26,79721.23
CZ06/SCn&0&rDXHP&Ex&HV_AirDist__SupFanMtr/NE-HVAC-FanBelt-SynchVBelt-Msr/instance-out.sql,3882753.46,79721.23
CZ07/Asm&0&rDXHP&Ex&HV_AirDist__SupFanMtr/NE-HVAC-FanBelt-VBelt-Std/instance-out.sql,839560.63,21274.94
CZ07/Asm&0&rDXHP&Ex&HV_AirDist__SupFanMtr/NE-HVAC-FanBelt-CoggedVBelt-Msr/instance-out.sql,830233.97,21274.97
CZ07/Asm&0&rDXHP&Ex&HV_AirDist__SupFanMtr/NE-HVAC-FanBelt-SynchVBelt-Msr/instance-out.sql,816925.71,21274.97
CZ07/ECC&0&rDXHP&Ex&HV_AirDist__SupFanMtr/NE-HVAC-FanBelt-VBelt-Std/instance-out.sql,2720874.85,480509.78
CZ07/ECC&0&rDXHP&Ex&HV_AirDist__SupFanMtr/NE-HVAC-FanBelt-CoggedVBelt-Msr/instance-out.sql,2699518.58,480509.78
CZ07/ECC&0&rDXHP&Ex&HV_AirDist__SupFanMtr/NE-HVAC-FanBelt-SynchVBelt-Msr/instance-out.sql,2668998.59,480509.78
CZ07/EPr&0&rDXHP&Ex&HV_AirDist__SupFanMtr/NE-HVAC-FanBelt-VBelt-Std/instance-out.sql,363724.13,121698.40
CZ07/EPr&0&rDXHP&Ex&HV_AirDist__SupFanMtr/NE-HVAC-FanBelt-CoggedVBelt-Msr/instance-out.sql,360656.52,121698.40
CZ07/EPr&0&rDXHP&Ex&HV_AirDist__SupFanMtr/NE-HVAC-FanBelt-SynchVBelt-Msr/instance-out.sql,356264.17,121698.40
CZ07/ERC&0&rDXHP&Ex&HV_AirDist__SupFanMtr/NE-HVAC-FanBelt-VBelt-Std/instance-out.sql,13146.79,9045.83
CZ07/ERC&0&rDXHP&Ex&HV_AirDist__SupFanMtr/NE-HVAC-FanBelt-CoggedVBelt-Msr/instance-out.sql,12994.17,9045.83
CZ07/ERC&0&rDXHP&Ex&HV_AirDist__SupFanMtr/NE-HVAC-FanBelt-SynchVBelt-Msr/instance-out.sql,12776.25,9045.83
CZ07/ESe&0&rDXHP&Ex&HV_AirDist__SupFanMtr/NE-HVAC-FanBelt-VBelt-Std/instance-out.sql,1031230.35,290780.39
CZ07/ESe&0&rDXHP&Ex&HV_AirDist__SupFanMtr/NE-HVAC-FanBelt-CoggedVBelt-Msr/instance-out.sql,1027574.08,290780.17
CZ07/ESe&0&rDXHP&Ex&HV_AirDist__SupFanMtr/NE-HVAC-FanBelt-SynchVBelt-Msr/instance-out.sql,1022366.50,290781.13
CZ07/EUn&0&rDXHP&Ex&HV_AirDist__SupFanMtr/NE-HVAC-FanBelt-VBelt-Std/instance-out.sql,9576673.45,823406.36
CZ07/EUn&0&rDXHP&Ex&HV_AirDist__SupFanMtr/NE-HVAC-FanBelt-CoggedVBelt-Msr/instance-out.sql,9506372.68,823406.98
CZ07/EUn&0&rDXHP&Ex&HV_AirDist__SupFanMtr/NE-HVAC-FanBelt-SynchVBelt-Msr/instance-out.sql,9405980.15,823407.90
CZ07/Hsp&0&rDXHP&Ex&HV_AirDist__SupFanMtr/NE-HVAC-FanBelt-VBelt-Std/instance-out.sql,4177694.27,672196.41
CZ07/Hsp&0&rDXHP&Ex&HV_AirDist__SupFanMtr/NE-HVAC-FanBelt-CoggedVBelt-Msr/instance-out.sql,4165323.46,672230.89
CZ07/Hsp&0&rDXHP&Ex&HV_AirDist__SupFanMtr/NE-HVAC-FanBelt-SynchVBelt-Msr/instance-out.sql,4147627.75,672272.15
CZ07/MBT&0&rDXHP&Ex&HV_AirDist__SupFanMtr/NE-HVAC-FanBelt-VBelt-Std/instance-out.sql,4282183.60,1558588.28
CZ07/MBT&0&rDXHP&Ex&HV_AirDist__SupFanMtr/NE-HVAC-FanBelt-CoggedVBelt-Msr/instance-out.sql,4268480.92,1558638.00
CZ07/MBT&0&rDXHP&Ex&HV_AirDist__SupFanMtr/NE-HVAC-FanBelt-SynchVBelt-Msr/instance-out.sql,4248914.28,1558711.71
CZ07/MLI&0&rDXHP&Ex&HV_AirDist__SupFanMtr/NE-HVAC-FanBelt-VBelt-Std/instance-out.sql,1381917.52,45200.69
CZ07/MLI&0&rDXHP&Ex&HV_AirDist__SupFanMtr/NE-HVAC-FanBelt-CoggedVBelt-Msr/instance-out.sql,1366418.47,45200.70
CZ07/MLI&0&rDXHP&Ex&HV_AirDist__SupFanMtr/NE-HVAC-FanBelt-SynchVBelt-Msr/instance-out.sql,1344282.48,45200.69
CZ07/Mtl&0&rDXHP&Ex&HV_AirDist__SupFanMtr/NE-HVAC-FanBelt-VBelt-Std/instance-out.sql,211567.36,7901.54
CZ07/Mtl&0&rDXHP&Ex&HV_AirDist__SupFanMtr/NE-HVAC-FanBelt-CoggedVBelt-Msr/instance-out.sql,209291.57,7901.54
CZ07/Mtl&0&rDXHP&Ex&HV_AirDist__SupFanMtr/NE-HVAC-FanBelt-SynchVBelt-Msr/instance-out.sql,206039.71,7901.54
CZ07/Nrs&0&rDXHP&Ex&HV_AirDist__SupFanMtr/NE-HVAC-FanBelt-VBelt-Std/instance-out.sql,910251.78,216981.26
CZ07/Nrs&0&rDXHP&Ex&HV_AirDist__SupFanMtr/NE-HVAC-FanBelt-CoggedVBelt-Msr/instance-out.sql,905765.95,217033.25
CZ07/Nrs&0&rDXHP&Ex&HV_AirDist__SupFanMtr/NE-HVAC-FanBelt-SynchVBelt-Msr/instance-out.sql,899347.54,216982.58
CZ07/OfL&0&rDXHP&Ex&HV_AirDist__SupFanMtr/NE-HVAC-FanBelt-VBelt-Std/instance-out.sql,3471373.38,125071.95
CZ07/OfL&0&rDXHP&Ex&HV_AirDist__SupFanMtr/NE-HVAC-FanBelt-CoggedVBelt-Msr/instance-out.sql,3435859.17,125072.15
CZ07/OfL&0&rDXHP&Ex&HV_AirDist__SupFanMtr/NE-HVAC-FanBelt-SynchVBelt-Msr/instance-out.sql,3385139.65,125072.09
CZ07/OfS&0&rDXHP&Ex&HV_AirDist__SupFanMtr/NE-HVAC-FanBelt-VBelt-Std/instance-out.sql,189418.51,20727.61
CZ07/OfS&0&rDXHP&Ex&HV_AirDist__SupFanMtr/NE-HVAC-FanBelt-CoggedVBelt-Msr/instance-out.sql,187001.09,20727.61
CZ07/OfS&0&rDXHP&Ex&HV_AirDist__SupFanMtr/NE-HVAC-FanBelt-SynchVBelt-Msr/instance-out.sql,183548.36,20727.61
CZ07/RFF&0&rDXHP&Ex&HV_AirDist__SupFanMtr/NE-HVAC-FanBelt-VBelt-Std/instance-out.sql,88303.40,43622.55
CZ07/RFF&0&rDXHP&Ex&HV_AirDist__SupFanMtr/NE-HVAC-FanBelt-CoggedVBelt-Msr/instance-out.sql,87665.59,43622.55
CZ07/RFF&0&rDXHP&Ex&HV_AirDist__SupFanMtr/NE-HVAC-FanBelt-SynchVBelt-Msr/instance-out.sql,86754.72,43622.55
CZ07/RSD&0&rDXHP&Ex&HV_AirDist__SupFanMtr/NE-HVAC-FanBelt-VBelt-Std/instance-out.sql,154412.60,132755.94
CZ07/RSD&0&rDXHP&Ex&HV_AirDist__SupFanMtr/NE-HVAC-FanBelt-CoggedVBelt-Msr/instance-out.sql,154101.60,132756.27
CZ07/RSD&0&rDXHP&Ex&HV_AirDist__SupFanMtr/NE-HVAC-FanBelt-SynchVBelt-Msr/instance-out.sql,153657.51,132757.38
CZ07/Rt3&0&rDXHP&Ex&HV_AirDist__SupFanMtr/NE-HVAC-FanBelt-VBelt-Std/instance-out.sql,2581398.30,159614.87
CZ07/Rt3&0&rDXHP&Ex&HV_AirDist__SupFanMtr/NE-HVAC-FanBelt-CoggedVBelt-Msr/instance-out.sql,2557665.08,159614.91
CZ07/Rt3&0&rDXHP&Ex&HV_AirDist__SupFanMtr/NE-HVAC-FanBelt-SynchVBelt-Msr/instance-out.sql,2523774.10,159614.99
CZ07/RtL&0&rDXHP&Ex&HV_AirDist__SupFanMtr/NE-HVAC-FanBelt-VBelt-Std/instance-out.sql,2582254.86,157928.21
CZ07/RtL&0&rDXHP&Ex&HV_AirDist__SupFanMtr/NE-HVAC-FanBelt-CoggedVBelt-Msr/instance-out.sql,2559323.40,157928.19
CZ07/RtL&0&rDXHP&Ex&HV_AirDist__SupFanMtr/NE-HVAC-FanBelt-SynchVBelt-Msr/instance-out.sql,2526576.84,157928.16
CZ07/RtS&0&rDXHP&Ex&HV_AirDist__SupFanMtr/NE-HVAC-FanBelt-VBelt-Std/instance-out.sql,155083.16,14927.03
CZ07/RtS&0&rDXHP&Ex&HV_AirDist__SupFanMtr/NE-HVAC-FanBelt-CoggedVBelt-Msr/instance-out.sql,153597.56,14927.03
CZ07/RtS&0&rDXHP&Ex&HV_AirDist__SupFanMtr/NE-HVAC-FanBelt-SynchVBelt-Msr/instance-out.sql,151474.25,14927.04
CZ07/SCn&0&rDXHP&Ex&HV_AirDist__SupFanMtr/NE-HVAC-FanBelt-VBelt-Std/instance-out.sql,4202659.71,78799.67
CZ07/SCn&0&rDXHP&Ex&HV_AirDist__SupFanMtr/NE-HVAC-FanBelt-CoggedVBelt-Msr/instance-out.sql,4149685.85,78799.67
CZ07/SCn&0&rDXHP&Ex&HV_AirDist__SupFanMtr/NE-HVAC-FanBelt-SynchVBelt-Msr/instance-out.sql,4074057.04,78799.67
CZ08/Asm&0&rDXHP&Ex&HV_AirDist__SupFanMtr/NE-HVAC-FanBelt-VBelt-Std/instance-out.sql,881033.24,21249.06
CZ08/Asm&0&rDXHP&Ex&HV_AirDist__SupFanMtr/NE-HVAC-FanBelt-CoggedVBelt-Msr/instance-out.sql,871413.40,21249.06
CZ08/Asm&0&rDXHP&Ex&HV_AirDist__SupFanMtr/NE-HVAC-FanBelt-SynchVBelt-Msr/instance-out.sql,857687.45,21249.06
CZ08/ECC&0&rDXHP&Ex&HV_AirDist__SupFanMtr/NE-HVAC-FanBelt-VBelt-Std/instance-out.sql,2825338.59,479719.82
CZ08/ECC&0&rDXHP&Ex&HV_AirDist__SupFanMtr/NE-HVAC-FanBelt-CoggedVBelt-Msr/instance-out.sql,2802664.49,479719.82
CZ08/ECC&0&rDXHP&Ex&HV_AirDist__SupFanMtr/NE-HVAC-FanBelt-SynchVBelt-Msr/instance-out.sql,2770280.15,479719.83
CZ08/EPr&0&rDXHP&Ex&HV_AirDist__SupFanMtr/NE-HVAC-FanBelt-VBelt-Std/instance-out.sql,381373.28,121554.83
CZ08/EPr&0&rDXHP&Ex&HV_AirDist__SupFanMtr/NE-HVAC-FanBelt-CoggedVBelt-Msr/instance-out.sql,378109.08,121554.83
CZ08/EPr&0&rDXHP&Ex&HV_AirDist__SupFanMtr/NE-HVAC-FanBelt-SynchVBelt-Msr/instance-out.sql,373448.34,121554.85
CZ08/ERC&0&rDXHP&Ex&HV_AirDist__SupFanMtr/NE-HVAC-FanBelt-VBelt-Std/instance-out.sql,14316.71,9040.55
CZ08/ERC&0&rDXHP&Ex&HV_AirDist__SupFanMtr/NE-HVAC-FanBelt-CoggedVBelt-Msr/instance-out.sql,14146.26,9040.55
CZ08/ERC&0&rDXHP&Ex&HV_AirDist__SupFanMtr/NE-HVAC-FanBelt-SynchVBelt-Msr/instance-out.sql,13903.84,9040.55
CZ08/ESe&0&rDXHP&Ex&HV_AirDist__SupFanMtr/NE-HVAC-FanBelt-VBelt-Std/instance-out.sql,1078545.61,295389.52
CZ08/ESe&0&rDXHP&Ex&HV_AirDist__SupFanMtr/NE-HVAC-FanBelt-CoggedVBelt-Msr/instance-out.sql,1074634.29,295392.71
CZ08/ESe&0&rDXHP&Ex&HV_AirDist__SupFanMtr/NE-HVAC-FanBelt-SynchVBelt-Msr/instance-out.sql,1069063.00,295388.23
CZ08/EUn&0&rDXHP&Ex&HV_AirDist__SupFanMtr/NE-HVAC-FanBelt-VBelt-Std/instance-out.sql,9836041.76,822750.95
CZ08/EUn&0&rDXHP&Ex&HV_AirDist__SupFanMtr/NE-HVAC-FanBelt-CoggedVBelt-Msr/instance-out.sql,9763098.74,822752.99
CZ08/EUn&0&rDXHP&Ex&HV_AirDist__SupFanMtr/NE-HVAC-FanBelt-SynchVBelt-Msr/instance-out.sql,9658942.23,822755.98
CZ08/Hsp&0&rDXHP&Ex&HV_AirDist__SupFanMtr/NE-HVAC-FanBelt-VBelt-Std/instance-out.sql,4399557.24,890980.06
CZ08/Hsp&0&rDXHP&Ex&HV_AirDist__SupFanMtr/NE-HVAC-FanBelt-CoggedVBelt-Msr/instance-out.sql,4386877.01,891044.47
CZ08/Hsp&0&rDXHP&Ex&HV_AirDist__SupFanMtr/NE-HVAC-FanBelt-SynchVBelt-Msr/instance-out.sql,4368797.95,891117.97
CZ08/MBT&0&rDXHP&Ex&HV_AirDist__SupFanMtr/NE-HVAC-FanBelt-VBelt-Std/instance-out.sql,4421568.07,1754016.16
CZ08/MBT&0&rDXHP&Ex&HV_AirDist__SupFanMtr/NE-HVAC-FanBelt-CoggedVBelt-Msr/instance-out.sql,4407044.88,1754070.21
CZ08/MBT&0&rDXHP&Ex&HV_AirDist__SupFanMtr/NE-HVAC-FanBelt-SynchVBelt-Msr/instance-out.sql,4386314.79,1754150.71
CZ08/MLI&0&rDXHP&Ex&HV_AirDist__SupFanMtr/NE-HVAC-FanBelt-VBelt-Std/instance-out.sql,1430308.05,45131.35
CZ08/MLI&0&rDXHP&Ex&HV_AirDist__SupFanMtr/NE-HVAC-FanBelt-CoggedVBelt-Msr/instance-out.sql,1414196.64,45131.35
CZ08/MLI&0&rDXHP&Ex&HV_AirDist__SupFanMtr/NE-HVAC-FanBelt-SynchVBelt-Msr/instance-out.sql,1391197.38,45131.35
CZ08/Mtl&0&rDXHP&Ex&HV_AirDist__SupFanMtr/NE-HVAC-FanBelt-VBelt-Std/instance-out.sql,225012.92,7900.22
CZ08/Mtl&0&rDXHP&Ex&HV_AirDist__SupFanMtr/NE-HVAC-FanBelt-CoggedVBelt-Msr/instance-out.sql,222566.90,7900.22
CZ08/Mtl&0&rDXHP&Ex&HV_AirDist__SupFanMtr/NE-HVAC-FanBelt-SynchVBelt-Msr/instance-out.sql,219074.70,7900.22
CZ08/Nrs&0&rDXHP&Ex&HV_AirDist__SupFanMtr/NE-HVAC-FanBelt-VBelt-Std/instance-out.sql,941725.93,230240.48
CZ08/Nrs&0&rDXHP&Ex&HV_AirDist__SupFanMtr/NE-HVAC-FanBelt-CoggedVBelt-Msr/instance-out.sql,937013.51,230348.16
CZ08/Nrs&0&rDXHP&Ex&HV_AirDist__SupFanMtr/NE-HVAC-FanBelt-SynchVBelt-Msr/instance-out.sql,930281.06,230300.69
CZ08/OfL&0&rDXHP&Ex&HV_AirDist__SupFanMtr/NE-HVAC-FanBelt-VBelt-Std/instance-out.sql,3609755.89,140649.99
CZ08/OfL&0&rDXHP&Ex&HV_AirDist__SupFanMtr/NE-HVAC-FanBelt-CoggedVBelt-Msr/instance-out.sql,3572407.59,140649.44
CZ08/OfL&0&rDXHP&Ex&HV_AirDist__SupFanMtr/NE-HVAC-FanBelt-SynchVBelt-Msr/instance-out.sql,3519073.68,140670.57
CZ08/OfS&0&rDXHP&Ex&HV_AirDist__SupFanMtr/NE-HVAC-FanBelt-VBelt-Std/instance-out.sql,201381.28,20699.16
CZ08/OfS&0&rDXHP&Ex&HV_AirDist__SupFanMtr/NE-HVAC-FanBelt-CoggedVBelt-Msr/instance-out.sql,198774.01,20699.16
CZ08/OfS&0&rDXHP&Ex&HV_AirDist__SupFanMtr/NE-HVAC-FanBelt-SynchVBelt-Msr/instance-out.sql,195050.27,20699.16
CZ08/RFF&0&rDXHP&Ex&HV_AirDist__SupFanMtr/NE-HVAC-FanBelt-VBelt-Std/instance-out.sql,92343.91,43591.16
CZ08/RFF&0&rDXHP&Ex&HV_AirDist__SupFanMtr/NE-HVAC-FanBelt-CoggedVBelt-Msr/instance-out.sql,91660.76,43591.16
CZ08/RFF&0&rDXHP&Ex&HV_AirDist__SupFanMtr/NE-HVAC-FanBelt-SynchVBelt-Msr/instance-out.sql,90685.40,43591.16
CZ08/RSD&0&rDXHP&Ex&HV_AirDist__SupFanMtr/NE-HVAC-FanBelt-VBelt-Std/instance-out.sql,164740.06,145796.02
CZ08/RSD&0&rDXHP&Ex&HV_AirDist__SupFanMtr/NE-HVAC-FanBelt-CoggedVBelt-Msr/instance-out.sql,164409.85,145796.72
CZ08/RSD&0&rDXHP&Ex&HV_AirDist__SupFanMtr/NE-HVAC-FanBelt-SynchVBelt-Msr/instance-out.sql,163938.50,145797.99
CZ08/Rt3&0&rDXHP&Ex&HV_AirDist__SupFanMtr/NE-HVAC-FanBelt-VBelt-Std/instance-out.sql,2650855.85,159380.16
CZ08/Rt3&0&rDXHP&Ex&HV_AirDist__SupFanMtr/NE-HVAC-FanBelt-CoggedVBelt-Msr/instance-out.sql,2626298.02,159380.23
CZ08/Rt3&0&rDXHP&Ex&HV_AirDist__SupFanMtr/NE-HVAC-FanBelt-SynchVBelt-Msr/instance-out.sql,2591219.15,159380.50
CZ08/RtL&0&rDXHP&Ex&HV_AirDist__SupFanMtr/NE-HVAC-FanBelt-VBelt-Std/instance-out.sql,2650243.11,157734.97
CZ08/RtL&0&rDXHP&Ex&HV_AirDist__SupFanMtr/NE-HVAC-FanBelt-CoggedVBelt-Msr/instance-out.sql,2626568.16,157734.97
CZ08/RtL&0&rDXHP&Ex&HV_AirDist__SupFanMtr/NE-HVAC-FanBelt-SynchVBelt-Msr/instance-out.sql,2592763.41,157734.97
CZ08/RtS&0&rDXHP&Ex&HV_AirDist__SupFanMtr/NE-HVAC-FanBelt-VBelt-Std/instance-out.sql,163405.55,14911.60
CZ08/RtS&0&rDXHP&Ex&HV_AirDist__SupFanMtr/NE-HVAC-FanBelt-CoggedVBelt-Msr/instance-out.sql,161802.37,14911.60
CZ08/RtS&0&rDXHP&Ex&HV_AirDist__SupFanMtr/NE-HVAC-FanBelt-SynchVBelt-Msr/instance-out.sql,159512.52,14911.60
CZ08/SCn&0&rDXHP&Ex&HV_AirDist__SupFanMtr/NE-HVAC-FanBelt-VBelt-Std/instance-out.sql,4410803.33,78672.32
CZ08/SCn&0&rDXHP&Ex&HV_AirDist__SupFanMtr/NE-HVAC-FanBelt-CoggedVBelt-Msr/instance-out.sql,4355558.52,78672.32
CZ08/SCn&0&rDXHP&Ex&HV_AirDist__SupFanMtr/NE-HVAC-FanBelt-SynchVBelt-Msr/instance-out.sql,4276703.14,78672.32
CZ09/Asm&0&rDXHP&Ex&HV_AirDist__SupFanMtr/NE-HVAC-FanBelt-VBelt-Std/instance-out.sql,914219.84,21045.26
CZ09/Asm&0&rDXHP&Ex&HV_AirDist__SupFanMtr/NE-HVAC-FanBelt-CoggedVBelt-Msr/instance-out.sql,904179.59,21045.26
CZ09/Asm&0&rDXHP&Ex&HV_AirDist__SupFanMtr/NE-HVAC-FanBelt-SynchVBelt-Msr/instance-out.sql,889855.64,21045.27
CZ09/ECC&0&rDXHP&Ex&HV_AirDist__SupFanMtr/NE-HVAC-FanBelt-VBelt-Std/instance-out.sql,2956543.08,474207.23
CZ09/ECC&0&rDXHP&Ex&HV_AirDist__SupFanMtr/NE-HVAC-FanBelt-CoggedVBelt-Msr/instance-out.sql,2932164.93,474207.20
CZ09/ECC&0&rDXHP&Ex&HV_AirDist__SupFanMtr/NE-HVAC-FanBelt-SynchVBelt-Msr/instance-out.sql,2897360.75,474207.20
CZ09/EPr&0&rDXHP&Ex&HV_AirDist__SupFanMtr/NE-HVAC-FanBelt-VBelt-Std/instance-out.sql,399969.43,120554.85
CZ09/EPr&0&rDXHP&Ex&HV_AirDist__SupFanMtr/NE-HVAC-FanBelt-CoggedVBelt-Msr/instance-out.sql,396484.79,120554.85
CZ09/EPr&0&rDXHP&Ex&HV_AirDist__SupFanMtr/NE-HVAC-FanBelt-SynchVBelt-Msr/instance-out.sql,391500.94,120554.85
CZ09/ERC&0&rDXHP&Ex&HV_AirDist__SupFanMtr/NE-HVAC-FanBelt-VBelt-Std/instance-out.sql,15314.26,9004.28
CZ09/ERC&0&rDXHP&Ex&HV_AirDist__SupFanMtr/NE-HVAC-FanBelt-CoggedVBelt-Msr/instance-out.sql,15130.52,9004.28
CZ09/ERC&0&rDXHP&Ex&HV_AirDist__SupFanMtr/NE-HVAC-FanBelt-SynchVBelt-Msr/instance-out.sql,14866.36,9004.28
CZ09/ESe&0&rDXHP&Ex&HV_AirDist__SupFanMtr/NE-HVAC-FanBelt-VBelt-Std/instance-out.sql,1123802.62,288465.95
CZ09/ESe&0&rDXHP&Ex&HV_AirDist__SupFanMtr/NE-HVAC-FanBelt-CoggedVBelt-Msr/instance-out.sql,1119567.24,288460.42
CZ09/ESe&0&rDXHP&Ex&HV_AirDist__SupFanMtr/NE-HVAC-FanBelt-SynchVBelt-Msr/instance-out.sql,1113520.60,288461.45
CZ09/EUn&0&rDXHP&Ex&HV_AirDist__SupFanMtr/NE-HVAC-FanBelt-VBelt-Std/instance-out.sql,10139982.18,813337.74
CZ09/EUn&0&rDXHP&Ex&HV_AirDist__SupFanMtr/NE-HVAC-FanBelt-CoggedVBelt-Msr/instance-out.sql,10063474.94,813340.02
CZ09/EUn&0&rDXHP&Ex&HV_AirDist__SupFanMtr/NE-HVAC-FanBelt-SynchVBelt-Msr/instance-out.sql,9954183.81,813343.27
CZ09/Hsp&0&rDXHP&Ex&HV_AirDist__SupFanMtr/NE-HVAC-FanBelt-VBelt-Std/instance-out.sql,4619811.49,1001502.04
CZ09/Hsp&0&rDXHP&Ex&HV_AirDist__SupFanMtr/NE-HVAC-FanBelt-CoggedVBelt-Msr/instance-out.sql,4606539.63,1001595.93
CZ09/Hsp&0&rDXHP&Ex&HV_AirDist__SupFanMtr/NE-HVAC-FanBelt-SynchVBelt-Msr/instance-out.sql,4587559.62,1001616.21
CZ09/MBT&0&rDXHP&Ex&HV_AirDist__SupFanMtr/NE-HVAC-FanBelt-VBelt-Std/instance-out.sql,4558000.68,1645222.31
CZ09/MBT&0&rDXHP&Ex&HV_AirDist__SupFanMtr/NE-HVAC-FanBelt-CoggedVBelt-Msr/instance-out.sql,4542664.71,1645269.01
CZ09/MBT&0&rDXHP&Ex&HV_AirDist__SupFanMtr/NE-HVAC-FanBelt-SynchVBelt-Msr/instance-out.sql,4520772.80,1645338.40
CZ09/MLI&0&rDXHP&Ex&HV_AirDist__SupFanMtr/NE-HVAC-FanBelt-VBelt-Std/instance-out.sql,1469621.65,44593.04
CZ09/MLI&0&rDXHP&Ex&HV_AirDist__SupFanMtr/NE-HVAC-FanBelt-CoggedVBelt-Msr/instance-out.sql,1453130.21,44593.04
CZ09/MLI&0&rDXHP&Ex&HV_AirDist__SupFanMtr/NE-HVAC-FanBelt-SynchVBelt-Msr/instance-out.sql,1429583.89,44593.04
CZ09/Mtl&0&rDXHP&Ex&HV_AirDist__SupFanMtr/NE-HVAC-FanBelt-VBelt-Std/instance-out.sql,238851.22,7884.42
CZ09/Mtl&0&rDXHP&Ex&HV_AirDist__SupFanMtr/NE-HVAC-FanBelt-CoggedVBelt-Msr/instance-out.sql,236206.77,7884.42
CZ09/Mtl&0&rDXHP&Ex&HV_AirDist__SupFanMtr/NE-HVAC-FanBelt-SynchVBelt-Msr/instance-out.sql,232430.99,7884.42
CZ09/Nrs&0&rDXHP&Ex&HV_AirDist__SupFanMtr/NE-HVAC-FanBelt-VBelt-Std/instance-out.sql,984933.75,247540.97
CZ09/Nrs&0&rDXHP&Ex&HV_AirDist__SupFanMtr/NE-HVAC-FanBelt-CoggedVBelt-Msr/instance-out.sql,980024.42,247623.31
CZ09/Nrs&0&rDXHP&Ex&HV_AirDist__SupFanMtr/NE-HVAC-FanBelt-SynchVBelt-Msr/instance-out.sql,973012.51,247525.47
CZ09/OfL&0&rDXHP&Ex&HV_AirDist__SupFanMtr/NE-HVAC-FanBelt-VBelt-Std/instance-out.sql,3774701.21,145394.66
CZ09/OfL&0&rDXHP&Ex&HV_AirDist__SupFanMtr/NE-HVAC-FanBelt-CoggedVBelt-Msr/instance-out.sql,3735147.05,145355.41
CZ09/OfL&0&rDXHP&Ex&HV_AirDist__SupFanMtr/NE-HVAC-FanBelt-SynchVBelt-Msr/instance-out.sql,3678666.22,145355.84
CZ09/OfS&0&rDXHP&Ex&HV_AirDist__SupFanMtr/NE-HVAC-FanBelt-VBelt-Std/instance-out.sql,214514.45,20473.75
CZ09/OfS&0&rDXHP&Ex&HV_AirDist__SupFanMtr/NE-HVAC-FanBelt-CoggedVBelt-Msr/instance-out.sql,211706.06,20473.75
CZ09/OfS&0&rDXHP&Ex&HV_AirDist__SupFanMtr/NE-HVAC-FanBelt-SynchVBelt-Msr/instance-out.sql,207695.23,20473.75
CZ09/RFF&0&rDXHP&Ex&HV_AirDist__SupFanMtr/NE-HVAC-FanBelt-VBelt-Std/instance-out.sql,97730.26,43341.48
CZ09/RFF&0&rDXHP&Ex&HV_AirDist__SupFanMtr/NE-HVAC-FanBelt-CoggedVBelt-Msr/instance-out.sql,96985.94,43341.48
CZ09/RFF&0&rDXHP&Ex&HV_AirDist__SupFanMtr/NE-HVAC-FanBelt-SynchVBelt-Msr/instance-out.sql,95923.48,43341.48
CZ09/RSD&0&rDXHP&Ex&HV_AirDist__SupFanMtr/NE-HVAC-FanBelt-VBelt-Std/instance-out.sql,174366.56,154103.60
CZ09/RSD&0&rDXHP&Ex&HV_AirDist__SupFanMtr/NE-HVAC-FanBelt-CoggedVBelt-Msr/instance-out.sql,174017.51,154104.55
CZ09/RSD&0&rDXHP&Ex&HV_AirDist__SupFanMtr/NE-HVAC-FanBelt-SynchVBelt-Msr/instance-out.sql,173519.19,154105.80
CZ09/Rt3&0&rDXHP&Ex&HV_AirDist__SupFanMtr/NE-HVAC-FanBelt-VBelt-Std/instance-out.sql,2764282.40,157272.13
CZ09/Rt3&0&rDXHP&Ex&HV_AirDist__SupFanMtr/NE-HVAC-FanBelt-CoggedVBelt-Msr/instance-out.sql,2738173.00,157272.18
CZ09/Rt3&0&rDXHP&Ex&HV_AirDist__SupFanMtr/NE-HVAC-FanBelt-SynchVBelt-Msr/instance-out.sql,2700846.07,157272.34
CZ09/RtL&0&rDXHP&Ex&HV_AirDist__SupFanMtr/NE-HVAC-FanBelt-VBelt-Std/instance-out.sql,2725213.33,156217.17
CZ09/RtL&0&rDXHP&Ex&HV_AirDist__SupFanMtr/NE-HVAC-FanBelt-CoggedVBelt-Msr/instance-out.sql,2700728.02,156217.17
CZ09/RtL&0&rDXHP&Ex&HV_AirDist__SupFanMtr/NE-HVAC-FanBelt-SynchVBelt-Msr/instance-out.sql,2665766.55,156217.17
CZ09/RtS&0&rDXHP&Ex&HV_AirDist__SupFanMtr/NE-HVAC-FanBelt-VBelt-Std/instance-out.sql,171135.32,14791.01
CZ09/RtS&0&rDXHP&Ex&HV_AirDist__SupFanMtr/NE-HVAC-FanBelt-CoggedVBelt-Msr/instance-out.sql,169428.90,14791.02
CZ09/RtS&0&rDXHP&Ex&HV_AirDist__SupFanMtr/NE-HVAC-FanBelt-SynchVBelt-Msr/instance-out.sql,166991.91,14791.03
CZ09/SCn&0&rDXHP&Ex&HV_AirDist__SupFanMtr/NE-HVAC-FanBelt-VBelt-Std/instance-out.sql,4647503.94,77679.29
CZ09/SCn&0&rDXHP&Ex&HV_AirDist__SupFanMtr/NE-HVAC-FanBelt-CoggedVBelt-Msr/instance-out.sql,4588092.13,77679.29
CZ09/SCn&0&rDXHP&Ex&HV_AirDist__SupFanMtr/NE-HVAC-FanBelt-SynchVBelt-Msr/instance-out.sql,4504376.10,77679.29
CZ10/Asm&0&rDXHP&Ex&HV_AirDist__SupFanMtr/NE-HVAC-FanBelt-VBelt-Std/instance-out.sql,989029.73,20928.50
CZ10/Asm&0&rDXHP&Ex&HV_AirDist__SupFanMtr/NE-HVAC-FanBelt-CoggedVBelt-Msr/instance-out.sql,978921.96,20928.50
CZ10/Asm&0&rDXHP&Ex&HV_AirDist__SupFanMtr/NE-HVAC-FanBelt-SynchVBelt-Msr/instance-out.sql,964493.70,20928.50
CZ10/ECC&0&rDXHP&Ex&HV_AirDist__SupFanMtr/NE-HVAC-FanBelt-VBelt-Std/instance-out.sql,3097555.03,469683.14
CZ10/ECC&0&rDXHP&Ex&HV_AirDist__SupFanMtr/NE-HVAC-FanBelt-CoggedVBelt-Msr/instance-out.sql,3072367.96,469681.92
CZ10/ECC&0&rDXHP&Ex&HV_AirDist__SupFanMtr/NE-HVAC-FanBelt-SynchVBelt-Msr/instance-out.sql,3036406.59,469679.10
CZ10/EPr&0&rDXHP&Ex&HV_AirDist__SupFanMtr/NE-HVAC-FanBelt-VBelt-Std/instance-out.sql,412207.99,119724.69
CZ10/EPr&0&rDXHP&Ex&HV_AirDist__SupFanMtr/NE-HVAC-FanBelt-CoggedVBelt-Msr/instance-out.sql,408765.18,119724.70
CZ10/EPr&0&rDXHP&Ex&HV_AirDist__SupFanMtr/NE-HVAC-FanBelt-SynchVBelt-Msr/instance-out.sql,403847.87,119724.73
CZ10/ERC&0&rDXHP&Ex&HV_AirDist__SupFanMtr/NE-HVAC-FanBelt-VBelt-Std/instance-out.sql,16255.15,8973.89
CZ10/ERC&0&rDXHP&Ex&HV_AirDist__SupFanMtr/NE-HVAC-FanBelt-CoggedVBelt-Msr/instance-out.sql,16065.97,8973.89
CZ10/ERC&0&rDXHP&Ex&HV_AirDist__SupFanMtr/NE-HVAC-FanBelt-SynchVBelt-Msr/instance-out.sql,15796.70,8973.89
CZ10/ESe&0&rDXHP&Ex&HV_AirDist__SupFanMtr/NE-HVAC-FanBelt-VBelt-Std/instance-out.sql,1197464.33,304787.70
CZ10/ESe&0&rDXHP&Ex&HV_AirDist__SupFanMtr/NE-HVAC-FanBelt-CoggedVBelt-Msr/instance-out.sql,1193176.50,304806.56
CZ10/ESe&0&rDXHP&Ex&HV_AirDist__SupFanMtr/NE-HVAC-FanBelt-SynchVBelt-Msr/instance-out.sql,1187065.84,304791.80
CZ10/EUn&0&rDXHP&Ex&HV_AirDist__SupFanMtr/NE-HVAC-FanBelt-VBelt-Std/instance-out.sql,10390073.70,808177.36
CZ10/EUn&0&rDXHP&Ex&HV_AirDist__SupFanMtr/NE-HVAC-FanBelt-CoggedVBelt-Msr/instance-out.sql,10314218.24,808183.20
CZ10/EUn&0&rDXHP&Ex&HV_AirDist__SupFanMtr/NE-HVAC-FanBelt-SynchVBelt-Msr/instance-out.sql,10205941.71,808191.61
CZ10/Hsp&0&rDXHP&Ex&HV_AirDist__SupFanMtr/NE-HVAC-FanBelt-VBelt-Std/instance-out.sql,4872168.03,1295441.94
CZ10/Hsp&0&rDXHP&Ex&HV_AirDist__SupFanMtr/NE-HVAC-FanBelt-CoggedVBelt-Msr/instance-out.sql,4858121.38,1295508.24
CZ10/Hsp&0&rDXHP&Ex&HV_AirDist__SupFanMtr/NE-HVAC-FanBelt-SynchVBelt-Msr/instance-out.sql,4838009.17,1295640.95
CZ10/MBT&0&rDXHP&Ex&HV_AirDist__SupFanMtr/NE-HVAC-FanBelt-VBelt-Std/instance-out.sql,4818333.51,2097208.26
CZ10/MBT&0&rDXHP&Ex&HV_AirDist__SupFanMtr/NE-HVAC-FanBelt-CoggedVBelt-Msr/instance-out.sql,4802785.40,2097271.88
CZ10/MBT&0&rDXHP&Ex&HV_AirDist__SupFanMtr/NE-HVAC-FanBelt-SynchVBelt-Msr/instance-out.sql,4780590.72,2097365.72
CZ10/MLI&0&rDXHP&Ex&HV_AirDist__SupFanMtr/NE-HVAC-FanBelt-VBelt-Std/instance-out.sql,1534833.10,44274.01
CZ10/MLI&0&rDXHP&Ex&HV_AirDist__SupFanMtr/NE-HVAC-FanBelt-CoggedVBelt-Msr/instance-out.sql,1517931.75,44273.61
CZ10/MLI&0&rDXHP&Ex&HV_AirDist__SupFanMtr/NE-HVAC-FanBelt-SynchVBelt-Msr/instance-out.sql,1493814.96,44273.61
CZ10/Mtl&0&rDXHP&Ex&HV_AirDist__SupFanMtr/NE-HVAC-FanBelt-VBelt-Std/instance-out.sql,253656.53,7875.22
CZ10/Mtl&0&rDXHP&Ex&HV_AirDist__SupFanMtr/NE-HVAC-FanBelt-CoggedVBelt-Msr/instance-out.sql,250939.79,7875.22
CZ10/Mtl&0&rDXHP&Ex&HV_AirDist__SupFanMtr/NE-HVAC-FanBelt-SynchVBelt-Msr/instance-out.sql,247054.36,7875.22
CZ10/Nrs&0&rDXHP&Ex&HV_AirDist__SupFanMtr/NE-HVAC-FanBelt-VBelt-Std/instance-out.sql,1020774.35,264216.91
CZ10/Nrs&0&rDXHP&Ex&HV_AirDist__SupFanMtr/NE-HVAC-FanBelt-CoggedVBelt-Msr/instance-out.sql,1015751.56,264219.37
CZ10/Nrs&0&rDXHP&Ex&HV_AirDist__SupFanMtr/NE-HVAC-FanBelt-SynchVBelt-Msr/instance-out.sql,1008579.57,264393.22
CZ10/OfL&0&rDXHP&Ex&HV_AirDist__SupFanMtr/NE-HVAC-FanBelt-VBelt-Std/instance-out.sql,3772523.95,169589.88
CZ10/OfL&0&rDXHP&Ex&HV_AirDist__SupFanMtr/NE-HVAC-FanBelt-CoggedVBelt-Msr/instance-out.sql,3734375.50,169589.48
CZ10/OfL&0&rDXHP&Ex&HV_AirDist__SupFanMtr/NE-HVAC-FanBelt-SynchVBelt-Msr/instance-out.sql,3679894.98,169588.81
CZ10/OfS&0&rDXHP&Ex&HV_AirDist__SupFanMtr/NE-HVAC-FanBelt-VBelt-Std/instance-out.sql,211518.03,20344.00
CZ10/OfS&0&rDXHP&Ex&HV_AirDist__SupFanMtr/NE-HVAC-FanBelt-CoggedVBelt-Msr/instance-out.sql,208852.66,20344.00
CZ10/OfS&0&rDXHP&Ex&HV_AirDist__SupFanMtr/NE-HVAC-FanBelt-SynchVBelt-Msr/instance-out.sql,205043.63,20344.00
CZ10/RFF&0&rDXHP&Ex&HV_AirDist__SupFanMtr/NE-HVAC-FanBelt-VBelt-Std/instance-out.sql,102294.71,43197.66
CZ10/RFF&0&rDXHP&Ex&HV_AirDist__SupFanMtr/NE-HVAC-FanBelt-CoggedVBelt-Msr/instance-out.sql,101548.72,43197.66
CZ10/RFF&0&rDXHP&Ex&HV_AirDist__SupFanMtr/NE-HVAC-FanBelt-SynchVBelt-Msr/instance-out.sql,100484.38,43197.66
CZ10/RSD&0&rDXHP&Ex&HV_AirDist__SupFanMtr/NE-HVAC-FanBelt-VBelt-Std/instance-out.sql,188178.34,168377.30
CZ10/RSD&0&rDXHP&Ex&HV_AirDist__SupFanMtr/NE-HVAC-FanBelt-CoggedVBelt-Msr/instance-out.sql,187834.80,168380.63
CZ10/RSD&0&rDXHP&Ex&HV_AirDist__SupFanMtr/NE-HVAC-FanBelt-SynchVBelt-Msr/instance-out.sql,187343.87,168382.64
CZ10/Rt3&0&rDXHP&Ex&HV_AirDist__SupFanMtr/NE-HVAC-FanBelt-VBelt-Std/instance-out.sql,2940894.96,156326.07
CZ10/Rt3&0&rDXHP&Ex&HV_AirDist__SupFanMtr/NE-HVAC-FanBelt-CoggedVBelt-Msr/instance-out.sql,2913320.68,156326.55
CZ10/Rt3&0&rDXHP&Ex&HV_AirDist__SupFanMtr/NE-HVAC-FanBelt-SynchVBelt-Msr/instance-out.sql,2873987.49,156327.37
CZ10/RtL&0&rDXHP&Ex&HV_AirDist__SupFanMtr/NE-HVAC-FanBelt-VBelt-Std/instance-out.sql,2813438.59,155345.07
CZ10/RtL&0&rDXHP&Ex&HV_AirDist__SupFanMtr/NE-HVAC-FanBelt-CoggedVBelt-Msr/instance-out.sql,2788752.92,155345.07
CZ10/RtL&0&rDXHP&Ex&HV_AirDist__SupFanMtr/NE-HVAC-FanBelt-SynchVBelt-Msr/instance-out.sql,2753501.82,155345.07
CZ10/RtS&0&rDXHP&Ex&HV_AirDist__SupFanMtr/NE-HVAC-FanBelt-VBelt-Std/instance-out.sql,185509.96,14721.28
CZ10/RtS&0&rDXHP&Ex&HV_AirDist__SupFanMtr/NE-HVAC-FanBelt-CoggedVBelt-Msr/instance-out.sql,183667.06,14721.28
CZ10/RtS&0&rDXHP&Ex&HV_AirDist__SupFanMtr/NE-HVAC-FanBelt-SynchVBelt-Msr/instance-out.sql,181035.38,14721.28
CZ10/SCn&0&rDXHP&Ex&HV_AirDist__SupFanMtr/NE-HVAC-FanBelt-VBelt-Std/instance-out.sql,4921444.13,77087.01
CZ10/SCn&0&rDXHP&Ex&HV_AirDist__SupFanMtr/NE-HVAC-FanBelt-CoggedVBelt-Msr/instance-out.sql,4861332.70,77087.01
CZ10/SCn&0&rDXHP&Ex&HV_AirDist__SupFanMtr/NE-HVAC-FanBelt-SynchVBelt-Msr/instance-out.sql,4775800.76,77087.01
CZ11/Asm&0&rDXHP&Ex&HV_AirDist__SupFanMtr/NE-HVAC-FanBelt-VBelt-Std/instance-out.sql,1050005.21,21261.08
CZ11/Asm&0&rDXHP&Ex&HV_AirDist__SupFanMtr/NE-HVAC-FanBelt-CoggedVBelt-Msr/instance-out.sql,1040003.90,21261.08
CZ11/Asm&0&rDXHP&Ex&HV_AirDist__SupFanMtr/NE-HVAC-FanBelt-SynchVBelt-Msr/instance-out.sql,1025727.94,21261.08
CZ11/ECC&0&rDXHP&Ex&HV_AirDist__SupFanMtr/NE-HVAC-FanBelt-VBelt-Std/instance-out.sql,3184804.22,478159.80
CZ11/ECC&0&rDXHP&Ex&HV_AirDist__SupFanMtr/NE-HVAC-FanBelt-CoggedVBelt-Msr/instance-out.sql,3158854.32,478164.70
CZ11/ECC&0&rDXHP&Ex&HV_AirDist__SupFanMtr/NE-HVAC-FanBelt-SynchVBelt-Msr/instance-out.sql,3121887.27,478164.74
CZ11/EPr&0&rDXHP&Ex&HV_AirDist__SupFanMtr/NE-HVAC-FanBelt-VBelt-Std/instance-out.sql,439518.58,121193.32
CZ11/EPr&0&rDXHP&Ex&HV_AirDist__SupFanMtr/NE-HVAC-FanBelt-CoggedVBelt-Msr/instance-out.sql,435838.34,121193.31
CZ11/EPr&0&rDXHP&Ex&HV_AirDist__SupFanMtr/NE-HVAC-FanBelt-SynchVBelt-Msr/instance-out.sql,430578.50,121193.32
CZ11/ERC&0&rDXHP&Ex&HV_AirDist__SupFanMtr/NE-HVAC-FanBelt-VBelt-Std/instance-out.sql,18838.94,9026.92
CZ11/ERC&0&rDXHP&Ex&HV_AirDist__SupFanMtr/NE-HVAC-FanBelt-CoggedVBelt-Msr/instance-out.sql,18624.72,9026.92
CZ11/ERC&0&rDXHP&Ex&HV_AirDist__SupFanMtr/NE-HVAC-FanBelt-SynchVBelt-Msr/instance-out.sql,18316.93,9026.92
CZ11/ESe&0&rDXHP&Ex&HV_AirDist__SupFanMtr/NE-HVAC-FanBelt-VBelt-Std/instance-out.sql,1240515.54,353982.83
CZ11/ESe&0&rDXHP&Ex&HV_AirDist__SupFanMtr/NE-HVAC-FanBelt-CoggedVBelt-Msr/instance-out.sql,1236038.73,353983.15
CZ11/ESe&0&rDXHP&Ex&HV_AirDist__SupFanMtr/NE-HVAC-FanBelt-SynchVBelt-Msr/instance-out.sql,1229622.88,354006.73
CZ11/EUn&0&rDXHP&Ex&HV_AirDist__SupFanMtr/NE-HVAC-FanBelt-VBelt-Std/instance-out.sql,10641107.11,842346.60
CZ11/EUn&0&rDXHP&Ex&HV_AirDist__SupFanMtr/NE-HVAC-FanBelt-CoggedVBelt-Msr/instance-out.sql,10562972.41,842384.65
CZ11/EUn&0&rDXHP&Ex&HV_AirDist__SupFanMtr/NE-HVAC-FanBelt-SynchVBelt-Msr/instance-out.sql,10451445.40,842438.02
CZ11/Hsp&0&rDXHP&Ex&HV_AirDist__SupFanMtr/NE-HVAC-FanBelt-VBelt-Std/instance-out.sql,4824576.42,1417509.58
CZ11/Hsp&0&rDXHP&Ex&HV_AirDist__SupFanMtr/NE-HVAC-FanBelt-CoggedVBelt-Msr/instance-out.sql,4811042.24,1417706.34
CZ11/Hsp&0&rDXHP&Ex&HV_AirDist__SupFanMtr/NE-HVAC-FanBelt-SynchVBelt-Msr/instance-out.sql,4791617.05,1417897.55
CZ11/MBT&0&rDXHP&Ex&HV_AirDist__SupFanMtr/NE-HVAC-FanBelt-VBelt-Std/instance-out.sql,5005275.10,2846285.34
CZ11/MBT&0&rDXHP&Ex&HV_AirDist__SupFanMtr/NE-HVAC-FanBelt-CoggedVBelt-Msr/instance-out.sql,4989023.84,2846427.74
CZ11/MBT&0&rDXHP&Ex&HV_AirDist__SupFanMtr/NE-HVAC-FanBelt-SynchVBelt-Msr/instance-out.sql,4965825.70,2846638.16
CZ11/MLI&0&rDXHP&Ex&HV_AirDist__SupFanMtr/NE-HVAC-FanBelt-VBelt-Std/instance-out.sql,1606122.46,45147.98
CZ11/MLI&0&rDXHP&Ex&HV_AirDist__SupFanMtr/NE-HVAC-FanBelt-CoggedVBelt-Msr/instance-out.sql,1588760.78,45147.98
CZ11/MLI&0&rDXHP&Ex&HV_AirDist__SupFanMtr/NE-HVAC-FanBelt-SynchVBelt-Msr/instance-out.sql,1563991.54,45147.98
CZ11/Mtl&0&rDXHP&Ex&HV_AirDist__SupFanMtr/NE-HVAC-FanBelt-VBelt-Std/instance-out.sql,261782.04,8248.74
CZ11/Mtl&0&rDXHP&Ex&HV_AirDist__SupFanMtr/NE-HVAC-FanBelt-CoggedVBelt-Msr/instance-out.sql,259064.43,8252.97
CZ11/Mtl&0&rDXHP&Ex&HV_AirDist__SupFanMtr/NE-HVAC-FanBelt-SynchVBelt-Msr/instance-out.sql,255189.58,8258.83
CZ11/Nrs&0&rDXHP&Ex&HV_AirDist__SupFanMtr/NE-HVAC-FanBelt-VBelt-Std/instance-out.sql,1052158.27,346758.23
CZ11/Nrs&0&rDXHP&Ex&HV_AirDist__SupFanMtr/NE-HVAC-FanBelt-CoggedVBelt-Msr/instance-out.sql,1047029.67,346881.38
CZ11/Nrs&0&rDXHP&Ex&HV_AirDist__SupFanMtr/NE-HVAC-FanBelt-SynchVBelt-Msr/instance-out.sql,1039720.05,347094.63
CZ11/OfL&0&rDXHP&Ex&HV_AirDist__SupFanMtr/NE-HVAC-FanBelt-VBelt-Std/instance-out.sql,3940957.62,204186.72
CZ11/OfL&0&rDXHP&Ex&HV_AirDist__SupFanMtr/NE-HVAC-FanBelt-CoggedVBelt-Msr/instance-out.sql,3900402.46,204183.38
CZ11/OfL&0&rDXHP&Ex&HV_AirDist__SupFanMtr/NE-HVAC-FanBelt-SynchVBelt-Msr/instance-out.sql,3842441.01,204222.98
CZ11/OfS&0&rDXHP&Ex&HV_AirDist__SupFanMtr/NE-HVAC-FanBelt-VBelt-Std/instance-out.sql,231773.23,20711.90
CZ11/OfS&0&rDXHP&Ex&HV_AirDist__SupFanMtr/NE-HVAC-FanBelt-CoggedVBelt-Msr/instance-out.sql,228831.93,20711.90
CZ11/OfS&0&rDXHP&Ex&HV_AirDist__SupFanMtr/NE-HVAC-FanBelt-SynchVBelt-Msr/instance-out.sql,224634.38,20711.90
CZ11/RFF&0&rDXHP&Ex&HV_AirDist__SupFanMtr/NE-HVAC-FanBelt-VBelt-Std/instance-out.sql,104127.32,43605.01
CZ11/RFF&0&rDXHP&Ex&HV_AirDist__SupFanMtr/NE-HVAC-FanBelt-CoggedVBelt-Msr/instance-out.sql,103374.30,43605.01
CZ11/RFF&0&rDXHP&Ex&HV_AirDist__SupFanMtr/NE-HVAC-FanBelt-SynchVBelt-Msr/instance-out.sql,102300.33,43605.02
CZ11/RSD&0&rDXHP&Ex&HV_AirDist__SupFanMtr/NE-HVAC-FanBelt-VBelt-Std/instance-out.sql,197834.40,194128.41
CZ11/RSD&0&rDXHP&Ex&HV_AirDist__SupFanMtr/NE-HVAC-FanBelt-CoggedVBelt-Msr/instance-out.sql,197476.31,194131.29
CZ11/RSD&0&rDXHP&Ex&HV_AirDist__SupFanMtr/NE-HVAC-FanBelt-SynchVBelt-Msr/instance-out.sql,196965.65,194133.84
CZ11/Rt3&0&rDXHP&Ex&HV_AirDist__SupFanMtr/NE-HVAC-FanBelt-VBelt-Std/instance-out.sql,2892404.73,160162.63
CZ11/Rt3&0&rDXHP&Ex&HV_AirDist__SupFanMtr/NE-HVAC-FanBelt-CoggedVBelt-Msr/instance-out.sql,2866193.32,160165.69
CZ11/Rt3&0&rDXHP&Ex&HV_AirDist__SupFanMtr/NE-HVAC-FanBelt-SynchVBelt-Msr/instance-out.sql,2828822.73,160170.00
CZ11/RtL&0&rDXHP&Ex&HV_AirDist__SupFanMtr/NE-HVAC-FanBelt-VBelt-Std/instance-out.sql,2872434.35,157826.72
CZ11/RtL&0&rDXHP&Ex&HV_AirDist__SupFanMtr/NE-HVAC-FanBelt-CoggedVBelt-Msr/instance-out.sql,2847241.91,157826.72
CZ11/RtL&0&rDXHP&Ex&HV_AirDist__SupFanMtr/NE-HVAC-FanBelt-SynchVBelt-Msr/instance-out.sql,2811275.37,157826.71
CZ11/RtS&0&rDXHP&Ex&HV_AirDist__SupFanMtr/NE-HVAC-FanBelt-VBelt-Std/instance-out.sql,187931.08,14917.74
CZ11/RtS&0&rDXHP&Ex&HV_AirDist__SupFanMtr/NE-HVAC-FanBelt-CoggedVBelt-Msr/instance-out.sql,186129.12,14917.74
CZ11/RtS&0&rDXHP&Ex&HV_AirDist__SupFanMtr/NE-HVAC-FanBelt-SynchVBelt-Msr/instance-out.sql,183559.28,14917.74
CZ11/SCn&0&rDXHP&Ex&HV_AirDist__SupFanMtr/NE-HVAC-FanBelt-VBelt-Std/instance-out.sql,5410793.67,78694.86
CZ11/SCn&0&rDXHP&Ex&HV_AirDist__SupFanMtr/NE-HVAC-FanBelt-CoggedVBelt-Msr/instance-out.sql,5347392.23,78694.87
CZ11/SCn&0&rDXHP&Ex&HV_AirDist__SupFanMtr/NE-HVAC-FanBelt-SynchVBelt-Msr/instance-out.sql,5256175.79,78694.87
CZ12/Asm&0&rDXHP&Ex&HV_AirDist__SupFanMtr/NE-HVAC-FanBelt-VBelt-Std/instance-out.sql,976576.41,21673.79
CZ12/Asm&0&rDXHP&Ex&HV_AirDist__SupFanMtr/NE-HVAC-FanBelt-CoggedVBelt-Msr/instance-out.sql,967076.74,21673.80
CZ12/Asm&0&rDXHP&Ex&HV_AirDist__SupFanMtr/NE-HVAC-FanBelt-SynchVBelt-Msr/instance-out.sql,953518.83,21673.78
CZ12/ECC&0&rDXHP&Ex&HV_AirDist__SupFanMtr/NE-HVAC-FanBelt-VBelt-Std/instance-out.sql,2956603.14,490360.24
CZ12/ECC&0&rDXHP&Ex&HV_AirDist__SupFanMtr/NE-HVAC-FanBelt-CoggedVBelt-Msr/instance-out.sql,2933498.52,490361.90
CZ12/ECC&0&rDXHP&Ex&HV_AirDist__SupFanMtr/NE-HVAC-FanBelt-SynchVBelt-Msr/instance-out.sql,2900398.28,490361.66
CZ12/EPr&0&rDXHP&Ex&HV_AirDist__SupFanMtr/NE-HVAC-FanBelt-VBelt-Std/instance-out.sql,405609.38,123381.45
CZ12/EPr&0&rDXHP&Ex&HV_AirDist__SupFanMtr/NE-HVAC-FanBelt-CoggedVBelt-Msr/instance-out.sql,402308.08,123381.45
CZ12/EPr&0&rDXHP&Ex&HV_AirDist__SupFanMtr/NE-HVAC-FanBelt-SynchVBelt-Msr/instance-out.sql,397576.35,123381.45
CZ12/ERC&0&rDXHP&Ex&HV_AirDist__SupFanMtr/NE-HVAC-FanBelt-VBelt-Std/instance-out.sql,16641.86,9106.53
CZ12/ERC&0&rDXHP&Ex&HV_AirDist__SupFanMtr/NE-HVAC-FanBelt-CoggedVBelt-Msr/instance-out.sql,16455.50,9106.53
CZ12/ERC&0&rDXHP&Ex&HV_AirDist__SupFanMtr/NE-HVAC-FanBelt-SynchVBelt-Msr/instance-out.sql,16190.62,9106.53
CZ12/ESe&0&rDXHP&Ex&HV_AirDist__SupFanMtr/NE-HVAC-FanBelt-VBelt-Std/instance-out.sql,1153201.73,358956.48
CZ12/ESe&0&rDXHP&Ex&HV_AirDist__SupFanMtr/NE-HVAC-FanBelt-CoggedVBelt-Msr/instance-out.sql,1149240.90,358958.09
CZ12/ESe&0&rDXHP&Ex&HV_AirDist__SupFanMtr/NE-HVAC-FanBelt-SynchVBelt-Msr/instance-out.sql,1143562.14,358971.15
CZ12/EUn&0&rDXHP&Ex&HV_AirDist__SupFanMtr/NE-HVAC-FanBelt-VBelt-Std/instance-out.sql,10117362.10,857090.80
CZ12/EUn&0&rDXHP&Ex&HV_AirDist__SupFanMtr/NE-HVAC-FanBelt-CoggedVBelt-Msr/instance-out.sql,10044059.60,857106.30
CZ12/EUn&0&rDXHP&Ex&HV_AirDist__SupFanMtr/NE-HVAC-FanBelt-SynchVBelt-Msr/instance-out.sql,9939906.30,857149.62
CZ12/Hsp&0&rDXHP&Ex&HV_AirDist__SupFanMtr/NE-HVAC-FanBelt-VBelt-Std/instance-out.sql,4560853.85,1291403.93
CZ12/Hsp&0&rDXHP&Ex&HV_AirDist__SupFanMtr/NE-HVAC-FanBelt-CoggedVBelt-Msr/instance-out.sql,4547726.91,1291426.36
CZ12/Hsp&0&rDXHP&Ex&HV_AirDist__SupFanMtr/NE-HVAC-FanBelt-SynchVBelt-Msr/instance-out.sql,4529710.38,1291781.81
CZ12/MBT&0&rDXHP&Ex&HV_AirDist__SupFanMtr/NE-HVAC-FanBelt-VBelt-Std/instance-out.sql,4667734.46,2864645.13
CZ12/MBT&0&rDXHP&Ex&HV_AirDist__SupFanMtr/NE-HVAC-FanBelt-CoggedVBelt-Msr/instance-out.sql,4652999.02,2864781.23
CZ12/MBT&0&rDXHP&Ex&HV_AirDist__SupFanMtr/NE-HVAC-FanBelt-SynchVBelt-Msr/instance-out.sql,4631981.83,2864977.85
CZ12/MLI&0&rDXHP&Ex&HV_AirDist__SupFanMtr/NE-HVAC-FanBelt-VBelt-Std/instance-out.sql,1505689.28,46247.07
CZ12/MLI&0&rDXHP&Ex&HV_AirDist__SupFanMtr/NE-HVAC-FanBelt-CoggedVBelt-Msr/instance-out.sql,1489516.69,46247.06
CZ12/MLI&0&rDXHP&Ex&HV_AirDist__SupFanMtr/NE-HVAC-FanBelt-SynchVBelt-Msr/instance-out.sql,1466443.71,46247.07
CZ12/Mtl&0&rDXHP&Ex&HV_AirDist__SupFanMtr/NE-HVAC-FanBelt-VBelt-Std/instance-out.sql,239872.30,8492.18
CZ12/Mtl&0&rDXHP&Ex&HV_AirDist__SupFanMtr/NE-HVAC-FanBelt-CoggedVBelt-Msr/instance-out.sql,237409.69,8493.26
CZ12/Mtl&0&rDXHP&Ex&HV_AirDist__SupFanMtr/NE-HVAC-FanBelt-SynchVBelt-Msr/instance-out.sql,233894.74,8497.09
CZ12/Nrs&0&rDXHP&Ex&HV_AirDist__SupFanMtr/NE-HVAC-FanBelt-VBelt-Std/instance-out.sql,981564.74,310899.69
CZ12/Nrs&0&rDXHP&Ex&HV_AirDist__SupFanMtr/NE-HVAC-FanBelt-CoggedVBelt-Msr/instance-out.sql,976824.78,310983.47
CZ12/Nrs&0&rDXHP&Ex&HV_AirDist__SupFanMtr/NE-HVAC-FanBelt-SynchVBelt-Msr/instance-out.sql,970057.40,311079.12
CZ12/OfL&0&rDXHP&Ex&HV_AirDist__SupFanMtr/NE-HVAC-FanBelt-VBelt-Std/instance-out.sql,3690487.52,189647.54
CZ12/OfL&0&rDXHP&Ex&HV_AirDist__SupFanMtr/NE-HVAC-FanBelt-CoggedVBelt-Msr/instance-out.sql,3652881.86,189622.23
CZ12/OfL&0&rDXHP&Ex&HV_AirDist__SupFanMtr/NE-HVAC-FanBelt-SynchVBelt-Msr/instance-out.sql,3599232.72,189613.87
CZ12/OfS&0&rDXHP&Ex&HV_AirDist__SupFanMtr/NE-HVAC-FanBelt-VBelt-Std/instance-out.sql,209704.41,21169.06
CZ12/OfS&0&rDXHP&Ex&HV_AirDist__SupFanMtr/NE-HVAC-FanBelt-CoggedVBelt-Msr/instance-out.sql,207066.32,21169.06
CZ12/OfS&0&rDXHP&Ex&HV_AirDist__SupFanMtr/NE-HVAC-FanBelt-SynchVBelt-Msr/instance-out.sql,203310.90,21169.06
CZ12/RFF&0&rDXHP&Ex&HV_AirDist__SupFanMtr/NE-HVAC-FanBelt-VBelt-Std/instance-out.sql,95557.62,44111.70
CZ12/RFF&0&rDXHP&Ex&HV_AirDist__SupFanMtr/NE-HVAC-FanBelt-CoggedVBelt-Msr/instance-out.sql,94889.47,44111.70
CZ12/RFF&0&rDXHP&Ex&HV_AirDist__SupFanMtr/NE-HVAC-FanBelt-SynchVBelt-Msr/instance-out.sql,93934.87,44111.70
CZ12/RSD&0&rDXHP&Ex&HV_AirDist__SupFanMtr/NE-HVAC-FanBelt-VBelt-Std/instance-out.sql,178492.17,172243.38
CZ12/RSD&0&rDXHP&Ex&HV_AirDist__SupFanMtr/NE-HVAC-FanBelt-CoggedVBelt-Msr/instance-out.sql,178166.32,172246.43
CZ12/RSD&0&rDXHP&Ex&HV_AirDist__SupFanMtr/NE-HVAC-FanBelt-SynchVBelt-Msr/instance-out.sql,177701.60,172250.48
CZ12/Rt3&0&rDXHP&Ex&HV_AirDist__SupFanMtr/NE-HVAC-FanBelt-VBelt-Std/instance-out.sql,2748037.86,164526.19
CZ12/Rt3&0&rDXHP&Ex&HV_AirDist__SupFanMtr/NE-HVAC-FanBelt-CoggedVBelt-Msr/instance-out.sql,2723385.96,164528.45
CZ12/Rt3&0&rDXHP&Ex&HV_AirDist__SupFanMtr/NE-HVAC-FanBelt-SynchVBelt-Msr/instance-out.sql,2688183.07,164532.43
CZ12/RtL&0&rDXHP&Ex&HV_AirDist__SupFanMtr/NE-HVAC-FanBelt-VBelt-Std/instance-out.sql,2731605.70,160905.38
CZ12/RtL&0&rDXHP&Ex&HV_AirDist__SupFanMtr/NE-HVAC-FanBelt-CoggedVBelt-Msr/instance-out.sql,2707989.21,160905.38
CZ12/RtL&0&rDXHP&Ex&HV_AirDist__SupFanMtr/NE-HVAC-FanBelt-SynchVBelt-Msr/instance-out.sql,2674274.94,160905.38
CZ12/RtS&0&rDXHP&Ex&HV_AirDist__SupFanMtr/NE-HVAC-FanBelt-VBelt-Std/instance-out.sql,173827.98,15162.81
CZ12/RtS&0&rDXHP&Ex&HV_AirDist__SupFanMtr/NE-HVAC-FanBelt-CoggedVBelt-Msr/instance-out.sql,172195.20,15162.81
CZ12/RtS&0&rDXHP&Ex&HV_AirDist__SupFanMtr/NE-HVAC-FanBelt-SynchVBelt-Msr/instance-out.sql,169867.09,15162.81
CZ12/SCn&0&rDXHP&Ex&HV_AirDist__SupFanMtr/NE-HVAC-FanBelt-VBelt-Std/instance-out.sql,5254509.11,80722.46
CZ12/SCn&0&rDXHP&Ex&HV_AirDist__SupFanMtr/NE-HVAC-FanBelt-CoggedVBelt-Msr/instance-out.sql,5189503.31,80722.46
CZ12/SCn&0&rDXHP&Ex&HV_AirDist__SupFanMtr/NE-HVAC-FanBelt-SynchVBelt-Msr/instance-out.sql,5097725.80,80722.46
CZ13/Asm&0&rDXHP&Ex&HV_AirDist__SupFanMtr/NE-HVAC-FanBelt-VBelt-Std/instance-out.sql,1060378.20,20831.15
CZ13/Asm&0&rDXHP&Ex&HV_AirDist__SupFanMtr/NE-HVAC-FanBelt-CoggedVBelt-Msr/instance-out.sql,1050231.58,20831.19
CZ13/Asm&0&rDXHP&Ex&HV_AirDist__SupFanMtr/NE-HVAC-FanBelt-SynchVBelt-Msr/instance-out.sql,1035746.89,20831.18
CZ13/ECC&0&rDXHP&Ex&HV_AirDist__SupFanMtr/NE-HVAC-FanBelt-VBelt-Std/instance-out.sql,3218307.24,466260.19
CZ13/ECC&0&rDXHP&Ex&HV_AirDist__SupFanMtr/NE-HVAC-FanBelt-CoggedVBelt-Msr/instance-out.sql,3192302.75,466271.97
CZ13/ECC&0&rDXHP&Ex&HV_AirDist__SupFanMtr/NE-HVAC-FanBelt-SynchVBelt-Msr/instance-out.sql,3155121.88,466268.89
CZ13/EPr&0&rDXHP&Ex&HV_AirDist__SupFanMtr/NE-HVAC-FanBelt-VBelt-Std/instance-out.sql,447979.58,119059.16
CZ13/EPr&0&rDXHP&Ex&HV_AirDist__SupFanMtr/NE-HVAC-FanBelt-CoggedVBelt-Msr/instance-out.sql,444201.35,119059.16
CZ13/EPr&0&rDXHP&Ex&HV_AirDist__SupFanMtr/NE-HVAC-FanBelt-SynchVBelt-Msr/instance-out.sql,438800.85,119059.14
CZ13/ERC&0&rDXHP&Ex&HV_AirDist__SupFanMtr/NE-HVAC-FanBelt-VBelt-Std/instance-out.sql,19185.45,8949.56
CZ13/ERC&0&rDXHP&Ex&HV_AirDist__SupFanMtr/NE-HVAC-FanBelt-CoggedVBelt-Msr/instance-out.sql,18968.60,8949.57
CZ13/ERC&0&rDXHP&Ex&HV_AirDist__SupFanMtr/NE-HVAC-FanBelt-SynchVBelt-Msr/instance-out.sql,18656.93,8949.57
CZ13/ESe&0&rDXHP&Ex&HV_AirDist__SupFanMtr/NE-HVAC-FanBelt-VBelt-Std/instance-out.sql,1242335.85,330086.79
CZ13/ESe&0&rDXHP&Ex&HV_AirDist__SupFanMtr/NE-HVAC-FanBelt-CoggedVBelt-Msr/instance-out.sql,1237845.89,330086.27
CZ13/ESe&0&rDXHP&Ex&HV_AirDist__SupFanMtr/NE-HVAC-FanBelt-SynchVBelt-Msr/instance-out.sql,1231443.93,330094.42
CZ13/EUn&0&rDXHP&Ex&HV_AirDist__SupFanMtr/NE-HVAC-FanBelt-VBelt-Std/instance-out.sql,10715552.57,811688.91
CZ13/EUn&0&rDXHP&Ex&HV_AirDist__SupFanMtr/NE-HVAC-FanBelt-CoggedVBelt-Msr/instance-out.sql,10637571.21,811718.88
CZ13/EUn&0&rDXHP&Ex&HV_AirDist__SupFanMtr/NE-HVAC-FanBelt-SynchVBelt-Msr/instance-out.sql,10526308.28,811760.67
CZ13/Hsp&0&rDXHP&Ex&HV_AirDist__SupFanMtr/NE-HVAC-FanBelt-VBelt-Std/instance-out.sql,4967436.55,1326359.15
CZ13/Hsp&0&rDXHP&Ex&HV_AirDist__SupFanMtr/NE-HVAC-FanBelt-CoggedVBelt-Msr/instance-out.sql,4953737.65,1326415.28
CZ13/Hsp&0&rDXHP&Ex&HV_AirDist__SupFanMtr/NE-HVAC-FanBelt-SynchVBelt-Msr/instance-out.sql,4934294.45,1326627.10
CZ13/MBT&0&rDXHP&Ex&HV_AirDist__SupFanMtr/NE-HVAC-FanBelt-VBelt-Std/instance-out.sql,5088427.25,2538149.86
CZ13/MBT&0&rDXHP&Ex&HV_AirDist__SupFanMtr/NE-HVAC-FanBelt-CoggedVBelt-Msr/instance-out.sql,5072160.85,2538267.49
CZ13/MBT&0&rDXHP&Ex&HV_AirDist__SupFanMtr/NE-HVAC-FanBelt-SynchVBelt-Msr/instance-out.sql,5048953.59,2538444.85
CZ13/MLI&0&rDXHP&Ex&HV_AirDist__SupFanMtr/NE-HVAC-FanBelt-VBelt-Std/instance-out.sql,1617850.87,44009.19
CZ13/MLI&0&rDXHP&Ex&HV_AirDist__SupFanMtr/NE-HVAC-FanBelt-CoggedVBelt-Msr/instance-out.sql,1600403.71,44009.19
CZ13/MLI&0&rDXHP&Ex&HV_AirDist__SupFanMtr/NE-HVAC-FanBelt-SynchVBelt-Msr/instance-out.sql,1575510.79,44009.19
CZ13/Mtl&0&rDXHP&Ex&HV_AirDist__SupFanMtr/NE-HVAC-FanBelt-VBelt-Std/instance-out.sql,262042.92,8191.43
CZ13/Mtl&0&rDXHP&Ex&HV_AirDist__SupFanMtr/NE-HVAC-FanBelt-CoggedVBelt-Msr/instance-out.sql,259379.53,8193.51
CZ13/Mtl&0&rDXHP&Ex&HV_AirDist__SupFanMtr/NE-HVAC-FanBelt-SynchVBelt-Msr/instance-out.sql,255575.13,8196.33
CZ13/Nrs&0&rDXHP&Ex&HV_AirDist__SupFanMtr/NE-HVAC-FanBelt-VBelt-Std/instance-out.sql,1061502.76,305034.99
CZ13/Nrs&0&rDXHP&Ex&HV_AirDist__SupFanMtr/NE-HVAC-FanBelt-CoggedVBelt-Msr/instance-out.sql,1056428.20,305099.10
CZ13/Nrs&0&rDXHP&Ex&HV_AirDist__SupFanMtr/NE-HVAC-FanBelt-SynchVBelt-Msr/instance-out.sql,1049189.31,305299.85
CZ13/OfL&0&rDXHP&Ex&HV_AirDist__SupFanMtr/NE-HVAC-FanBelt-VBelt-Std/instance-out.sql,3937098.52,190350.73
CZ13/OfL&0&rDXHP&Ex&HV_AirDist__SupFanMtr/NE-HVAC-FanBelt-CoggedVBelt-Msr/instance-out.sql,3897147.81,190384.70
CZ13/OfL&0&rDXHP&Ex&HV_AirDist__SupFanMtr/NE-HVAC-FanBelt-SynchVBelt-Msr/instance-out.sql,3840218.21,190369.94
CZ13/OfS&0&rDXHP&Ex&HV_AirDist__SupFanMtr/NE-HVAC-FanBelt-VBelt-Std/instance-out.sql,230199.85,20235.92
CZ13/OfS&0&rDXHP&Ex&HV_AirDist__SupFanMtr/NE-HVAC-FanBelt-CoggedVBelt-Msr/instance-out.sql,227318.56,20235.92
CZ13/OfS&0&rDXHP&Ex&HV_AirDist__SupFanMtr/NE-HVAC-FanBelt-SynchVBelt-Msr/instance-out.sql,223198.68,20235.92
CZ13/RFF&0&rDXHP&Ex&HV_AirDist__SupFanMtr/NE-HVAC-FanBelt-VBelt-Std/instance-out.sql,104373.42,43077.81
CZ13/RFF&0&rDXHP&Ex&HV_AirDist__SupFanMtr/NE-HVAC-FanBelt-CoggedVBelt-Msr/instance-out.sql,103637.46,43077.81
CZ13/RFF&0&rDXHP&Ex&HV_AirDist__SupFanMtr/NE-HVAC-FanBelt-SynchVBelt-Msr/instance-out.sql,102587.90,43077.81
CZ13/RSD&0&rDXHP&Ex&HV_AirDist__SupFanMtr/NE-HVAC-FanBelt-VBelt-Std/instance-out.sql,202842.22,188768.72
CZ13/RSD&0&rDXHP&Ex&HV_AirDist__SupFanMtr/NE-HVAC-FanBelt-CoggedVBelt-Msr/instance-out.sql,202485.19,188770.31
CZ13/RSD&0&rDXHP&Ex&HV_AirDist__SupFanMtr/NE-HVAC-FanBelt-SynchVBelt-Msr/instance-out.sql,201975.85,188773.71
CZ13/Rt3&0&rDXHP&Ex&HV_AirDist__SupFanMtr/NE-HVAC-FanBelt-VBelt-Std/instance-out.sql,2913728.21,155444.01
CZ13/Rt3&0&rDXHP&Ex&HV_AirDist__SupFanMtr/NE-HVAC-FanBelt-CoggedVBelt-Msr/instance-out.sql,2887413.21,155445.60
CZ13/Rt3&0&rDXHP&Ex&HV_AirDist__SupFanMtr/NE-HVAC-FanBelt-SynchVBelt-Msr/instance-out.sql,2849877.72,155448.20
CZ13/RtL&0&rDXHP&Ex&HV_AirDist__SupFanMtr/NE-HVAC-FanBelt-VBelt-Std/instance-out.sql,2901715.12,154618.79
CZ13/RtL&0&rDXHP&Ex&HV_AirDist__SupFanMtr/NE-HVAC-FanBelt-CoggedVBelt-Msr/instance-out.sql,2876396.00,154618.79
CZ13/RtL&0&rDXHP&Ex&HV_AirDist__SupFanMtr/NE-HVAC-FanBelt-SynchVBelt-Msr/instance-out.sql,2840250.95,154618.79
CZ13/RtS&0&rDXHP&Ex&HV_AirDist__SupFanMtr/NE-HVAC-FanBelt-VBelt-Std/instance-out.sql,189455.56,14663.05
CZ13/RtS&0&rDXHP&Ex&HV_AirDist__SupFanMtr/NE-HVAC-FanBelt-CoggedVBelt-Msr/instance-out.sql,187644.08,14663.05
CZ13/RtS&0&rDXHP&Ex&HV_AirDist__SupFanMtr/NE-HVAC-FanBelt-SynchVBelt-Msr/instance-out.sql,185059.22,14663.05
CZ13/SCn&0&rDXHP&Ex&HV_AirDist__SupFanMtr/NE-HVAC-FanBelt-VBelt-Std/instance-out.sql,5489289.89,76594.39
CZ13/SCn&0&rDXHP&Ex&HV_AirDist__SupFanMtr/NE-HVAC-FanBelt-CoggedVBelt-Msr/instance-out.sql,5424597.54,76594.40
CZ13/SCn&0&rDXHP&Ex&HV_AirDist__SupFanMtr/NE-HVAC-FanBelt-SynchVBelt-Msr/instance-out.sql,5332240.60,76594.39
CZ14/Asm&0&rDXHP&Ex&HV_AirDist__SupFanMtr/NE-HVAC-FanBelt-VBelt-Std/instance-out.sql,1166680.66,20093.03
CZ14/Asm&0&rDXHP&Ex&HV_AirDist__SupFanMtr/NE-HVAC-FanBelt-CoggedVBelt-Msr/instance-out.sql,1155284.36,20093.03
CZ14/Asm&0&rDXHP&Ex&HV_AirDist__SupFanMtr/NE-HVAC-FanBelt-SynchVBelt-Msr/instance-out.sql,1138954.75,20093.01
CZ14/ECC&0&rDXHP&Ex&HV_AirDist__SupFanMtr/NE-HVAC-FanBelt-VBelt-Std/instance-out.sql,3526252.50,445252.58
CZ14/ECC&0&rDXHP&Ex&HV_AirDist__SupFanMtr/NE-HVAC-FanBelt-CoggedVBelt-Msr/instance-out.sql,3496643.87,445253.87
CZ14/ECC&0&rDXHP&Ex&HV_AirDist__SupFanMtr/NE-HVAC-FanBelt-SynchVBelt-Msr/instance-out.sql,3454363.95,445254.27
CZ14/EPr&0&rDXHP&Ex&HV_AirDist__SupFanMtr/NE-HVAC-FanBelt-VBelt-Std/instance-out.sql,494319.63,115295.17
CZ14/EPr&0&rDXHP&Ex&HV_AirDist__SupFanMtr/NE-HVAC-FanBelt-CoggedVBelt-Msr/instance-out.sql,490035.03,115295.18
CZ14/EPr&0&rDXHP&Ex&HV_AirDist__SupFanMtr/NE-HVAC-FanBelt-SynchVBelt-Msr/instance-out.sql,483898.55,115295.17
CZ14/ERC&0&rDXHP&Ex&HV_AirDist__SupFanMtr/NE-HVAC-FanBelt-VBelt-Std/instance-out.sql,21796.48,8812.80
CZ14/ERC&0&rDXHP&Ex&HV_AirDist__SupFanMtr/NE-HVAC-FanBelt-CoggedVBelt-Msr/instance-out.sql,21538.00,8812.80
CZ14/ERC&0&rDXHP&Ex&HV_AirDist__SupFanMtr/NE-HVAC-FanBelt-SynchVBelt-Msr/instance-out.sql,21170.24,8812.80
CZ14/ESe&0&rDXHP&Ex&HV_AirDist__SupFanMtr/NE-HVAC-FanBelt-VBelt-Std/instance-out.sql,1335408.05,296783.92
CZ14/ESe&0&rDXHP&Ex&HV_AirDist__SupFanMtr/NE-HVAC-FanBelt-CoggedVBelt-Msr/instance-out.sql,1330302.44,296778.65
CZ14/ESe&0&rDXHP&Ex&HV_AirDist__SupFanMtr/NE-HVAC-FanBelt-SynchVBelt-Msr/instance-out.sql,1323094.27,296776.42
CZ14/EUn&0&rDXHP&Ex&HV_AirDist__SupFanMtr/NE-HVAC-FanBelt-VBelt-Std/instance-out.sql,11555085.77,772886.91
CZ14/EUn&0&rDXHP&Ex&HV_AirDist__SupFanMtr/NE-HVAC-FanBelt-CoggedVBelt-Msr/instance-out.sql,11468835.08,772942.46
CZ14/EUn&0&rDXHP&Ex&HV_AirDist__SupFanMtr/NE-HVAC-FanBelt-SynchVBelt-Msr/instance-out.sql,11345561.25,772963.36
CZ14/Hsp&0&rDXHP&Ex&HV_AirDist__SupFanMtr/NE-HVAC-FanBelt-VBelt-Std/instance-out.sql,5433181.02,1441421.83
CZ14/Hsp&0&rDXHP&Ex&HV_AirDist__SupFanMtr/NE-HVAC-FanBelt-CoggedVBelt-Msr/instance-out.sql,5418409.23,1441436.48
CZ14/Hsp&0&rDXHP&Ex&HV_AirDist__SupFanMtr/NE-HVAC-FanBelt-SynchVBelt-Msr/instance-out.sql,5397325.48,1441622.94
CZ14/MBT&0&rDXHP&Ex&HV_AirDist__SupFanMtr/NE-HVAC-FanBelt-VBelt-Std/instance-out.sql,5618709.23,2208366.20
CZ14/MBT&0&rDXHP&Ex&HV_AirDist__SupFanMtr/NE-HVAC-FanBelt-CoggedVBelt-Msr/instance-out.sql,5600387.69,2208451.93
CZ14/MBT&0&rDXHP&Ex&HV_AirDist__SupFanMtr/NE-HVAC-FanBelt-SynchVBelt-Msr/instance-out.sql,5574237.92,2208577.14
CZ14/MLI&0&rDXHP&Ex&HV_AirDist__SupFanMtr/NE-HVAC-FanBelt-VBelt-Std/instance-out.sql,1777566.90,42048.48
CZ14/MLI&0&rDXHP&Ex&HV_AirDist__SupFanMtr/NE-HVAC-FanBelt-CoggedVBelt-Msr/instance-out.sql,1757843.30,42048.48
CZ14/MLI&0&rDXHP&Ex&HV_AirDist__SupFanMtr/NE-HVAC-FanBelt-SynchVBelt-Msr/instance-out.sql,1729676.19,42048.48
CZ14/Mtl&0&rDXHP&Ex&HV_AirDist__SupFanMtr/NE-HVAC-FanBelt-VBelt-Std/instance-out.sql,292203.77,7928.22
CZ14/Mtl&0&rDXHP&Ex&HV_AirDist__SupFanMtr/NE-HVAC-FanBelt-CoggedVBelt-Msr/instance-out.sql,289162.98,7929.18
CZ14/Mtl&0&rDXHP&Ex&HV_AirDist__SupFanMtr/NE-HVAC-FanBelt-SynchVBelt-Msr/instance-out.sql,284820.69,7930.69
CZ14/Nrs&0&rDXHP&Ex&HV_AirDist__SupFanMtr/NE-HVAC-FanBelt-VBelt-Std/instance-out.sql,1167848.90,320533.72
CZ14/Nrs&0&rDXHP&Ex&HV_AirDist__SupFanMtr/NE-HVAC-FanBelt-CoggedVBelt-Msr/instance-out.sql,1162160.65,320418.10
CZ14/Nrs&0&rDXHP&Ex&HV_AirDist__SupFanMtr/NE-HVAC-FanBelt-SynchVBelt-Msr/instance-out.sql,1154054.98,320601.08
CZ14/OfL&0&rDXHP&Ex&HV_AirDist__SupFanMtr/NE-HVAC-FanBelt-VBelt-Std/instance-out.sql,4308444.92,205882.13
CZ14/OfL&0&rDXHP&Ex&HV_AirDist__SupFanMtr/NE-HVAC-FanBelt-CoggedVBelt-Msr/instance-out.sql,4264284.84,205930.41
CZ14/OfL&0&rDXHP&Ex&HV_AirDist__SupFanMtr/NE-HVAC-FanBelt-SynchVBelt-Msr/instance-out.sql,4201280.04,205906.12
CZ14/OfS&0&rDXHP&Ex&HV_AirDist__SupFanMtr/NE-HVAC-FanBelt-VBelt-Std/instance-out.sql,256862.98,19418.86
CZ14/OfS&0&rDXHP&Ex&HV_AirDist__SupFanMtr/NE-HVAC-FanBelt-CoggedVBelt-Msr/instance-out.sql,253601.90,19418.86
CZ14/OfS&0&rDXHP&Ex&HV_AirDist__SupFanMtr/NE-HVAC-FanBelt-SynchVBelt-Msr/instance-out.sql,248948.59,19418.86
CZ14/RFF&0&rDXHP&Ex&HV_AirDist__SupFanMtr/NE-HVAC-FanBelt-VBelt-Std/instance-out.sql,113141.41,42172.58
CZ14/RFF&0&rDXHP&Ex&HV_AirDist__SupFanMtr/NE-HVAC-FanBelt-CoggedVBelt-Msr/instance-out.sql,112319.10,42172.57
CZ14/RFF&0&rDXHP&Ex&HV_AirDist__SupFanMtr/NE-HVAC-FanBelt-SynchVBelt-Msr/instance-out.sql,111145.55,42172.57
CZ14/RSD&0&rDXHP&Ex&HV_AirDist__SupFanMtr/NE-HVAC-FanBelt-VBelt-Std/instance-out.sql,226975.96,205818.39
CZ14/RSD&0&rDXHP&Ex&HV_AirDist__SupFanMtr/NE-HVAC-FanBelt-CoggedVBelt-Msr/instance-out.sql,226573.40,205820.33
CZ14/RSD&0&rDXHP&Ex&HV_AirDist__SupFanMtr/NE-HVAC-FanBelt-SynchVBelt-Msr/instance-out.sql,225998.82,205823.24
CZ14/Rt3&0&rDXHP&Ex&HV_AirDist__SupFanMtr/NE-HVAC-FanBelt-VBelt-Std/instance-out.sql,3100415.73,147679.67
CZ14/Rt3&0&rDXHP&Ex&HV_AirDist__SupFanMtr/NE-HVAC-FanBelt-CoggedVBelt-Msr/instance-out.sql,3072085.81,147680.28
CZ14/Rt3&0&rDXHP&Ex&HV_AirDist__SupFanMtr/NE-HVAC-FanBelt-SynchVBelt-Msr/instance-out.sql,3031606.22,147681.34
CZ14/RtL&0&rDXHP&Ex&HV_AirDist__SupFanMtr/NE-HVAC-FanBelt-VBelt-Std/instance-out.sql,3113982.03,149111.47
CZ14/RtL&0&rDXHP&Ex&HV_AirDist__SupFanMtr/NE-HVAC-FanBelt-CoggedVBelt-Msr/instance-out.sql,3086300.23,149111.40
CZ14/RtL&0&rDXHP&Ex&HV_AirDist__SupFanMtr/NE-HVAC-FanBelt-SynchVBelt-Msr/instance-out.sql,3046773.35,149111.39
CZ14/RtS&0&rDXHP&Ex&HV_AirDist__SupFanMtr/NE-HVAC-FanBelt-VBelt-Std/instance-out.sql,204894.73,14225.42
CZ14/RtS&0&rDXHP&Ex&HV_AirDist__SupFanMtr/NE-HVAC-FanBelt-CoggedVBelt-Msr/instance-out.sql,202883.07,14225.42
CZ14/RtS&0&rDXHP&Ex&HV_AirDist__SupFanMtr/NE-HVAC-FanBelt-SynchVBelt-Msr/instance-out.sql,200011.26,14225.42
CZ14/SCn&0&rDXHP&Ex&HV_AirDist__SupFanMtr/NE-HVAC-FanBelt-VBelt-Std/instance-out.sql,6005654.08,72979.44
CZ14/SCn&0&rDXHP&Ex&HV_AirDist__SupFanMtr/NE-HVAC-FanBelt-CoggedVBelt-Msr/instance-out.sql,5933423.38,72979.44
CZ14/SCn&0&rDXHP&Ex&HV_AirDist__SupFanMtr/NE-HVAC-FanBelt-SynchVBelt-Msr/instance-out.sql,5828546.23,72979.44
CZ15/Asm&0&rDXHP&Ex&HV_AirDist__SupFanMtr/NE-HVAC-FanBelt-VBelt-Std/instance-out.sql,1255862.17,18563.03
CZ15/Asm&0&rDXHP&Ex&HV_AirDist__SupFanMtr/NE-HVAC-FanBelt-CoggedVBelt-Msr/instance-out.sql,1244178.31,18563.03
CZ15/Asm&0&rDXHP&Ex&HV_AirDist__SupFanMtr/NE-HVAC-FanBelt-SynchVBelt-Msr/instance-out.sql,1227497.02,18563.02
CZ15/ECC&0&rDXHP&Ex&HV_AirDist__SupFanMtr/NE-HVAC-FanBelt-VBelt-Std/instance-out.sql,3774429.97,403952.09
CZ15/ECC&0&rDXHP&Ex&HV_AirDist__SupFanMtr/NE-HVAC-FanBelt-CoggedVBelt-Msr/instance-out.sql,3743752.77,403952.09
CZ15/ECC&0&rDXHP&Ex&HV_AirDist__SupFanMtr/NE-HVAC-FanBelt-SynchVBelt-Msr/instance-out.sql,3699937.49,403952.09
CZ15/EPr&0&rDXHP&Ex&HV_AirDist__SupFanMtr/NE-HVAC-FanBelt-VBelt-Std/instance-out.sql,532021.49,107826.53
CZ15/EPr&0&rDXHP&Ex&HV_AirDist__SupFanMtr/NE-HVAC-FanBelt-CoggedVBelt-Msr/instance-out.sql,527590.93,107826.53
CZ15/EPr&0&rDXHP&Ex&HV_AirDist__SupFanMtr/NE-HVAC-FanBelt-SynchVBelt-Msr/instance-out.sql,521260.49,107826.53
CZ15/ERC&0&rDXHP&Ex&HV_AirDist__SupFanMtr/NE-HVAC-FanBelt-VBelt-Std/instance-out.sql,23438.77,8542.17
CZ15/ERC&0&rDXHP&Ex&HV_AirDist__SupFanMtr/NE-HVAC-FanBelt-CoggedVBelt-Msr/instance-out.sql,23167.46,8542.17
CZ15/ERC&0&rDXHP&Ex&HV_AirDist__SupFanMtr/NE-HVAC-FanBelt-SynchVBelt-Msr/instance-out.sql,22782.33,8542.17
CZ15/ESe&0&rDXHP&Ex&HV_AirDist__SupFanMtr/NE-HVAC-FanBelt-VBelt-Std/instance-out.sql,1414894.44,251770.55
CZ15/ESe&0&rDXHP&Ex&HV_AirDist__SupFanMtr/NE-HVAC-FanBelt-CoggedVBelt-Msr/instance-out.sql,1409645.48,251770.63
CZ15/ESe&0&rDXHP&Ex&HV_AirDist__SupFanMtr/NE-HVAC-FanBelt-SynchVBelt-Msr/instance-out.sql,1402111.69,251770.78
CZ15/EUn&0&rDXHP&Ex&HV_AirDist__SupFanMtr/NE-HVAC-FanBelt-VBelt-Std/instance-out.sql,12044491.70,696892.43
CZ15/EUn&0&rDXHP&Ex&HV_AirDist__SupFanMtr/NE-HVAC-FanBelt-CoggedVBelt-Msr/instance-out.sql,11959011.86,696893.13
CZ15/EUn&0&rDXHP&Ex&HV_AirDist__SupFanMtr/NE-HVAC-FanBelt-SynchVBelt-Msr/instance-out.sql,11836924.48,696894.10
CZ15/Hsp&0&rDXHP&Ex&HV_AirDist__SupFanMtr/NE-HVAC-FanBelt-VBelt-Std/instance-out.sql,6047774.75,1552463.44
CZ15/Hsp&0&rDXHP&Ex&HV_AirDist__SupFanMtr/NE-HVAC-FanBelt-CoggedVBelt-Msr/instance-out.sql,6033064.25,1552418.44
CZ15/Hsp&0&rDXHP&Ex&HV_AirDist__SupFanMtr/NE-HVAC-FanBelt-SynchVBelt-Msr/instance-out.sql,6012010.30,1552406.28
CZ15/MBT&0&rDXHP&Ex&HV_AirDist__SupFanMtr/NE-HVAC-FanBelt-VBelt-Std/instance-out.sql,6023233.46,1545544.37
CZ15/MBT&0&rDXHP&Ex&HV_AirDist__SupFanMtr/NE-HVAC-FanBelt-CoggedVBelt-Msr/instance-out.sql,6004461.99,1545569.73
CZ15/MBT&0&rDXHP&Ex&HV_AirDist__SupFanMtr/NE-HVAC-FanBelt-SynchVBelt-Msr/instance-out.sql,5977657.66,1545607.37
CZ15/MLI&0&rDXHP&Ex&HV_AirDist__SupFanMtr/NE-HVAC-FanBelt-VBelt-Std/instance-out.sql,1899119.80,38001.06
CZ15/MLI&0&rDXHP&Ex&HV_AirDist__SupFanMtr/NE-HVAC-FanBelt-CoggedVBelt-Msr/instance-out.sql,1878544.15,38001.06
CZ15/MLI&0&rDXHP&Ex&HV_AirDist__SupFanMtr/NE-HVAC-FanBelt-SynchVBelt-Msr/instance-out.sql,1849151.92,38001.06
CZ15/Mtl&0&rDXHP&Ex&HV_AirDist__SupFanMtr/NE-HVAC-FanBelt-VBelt-Std/instance-out.sql,316095.39,7690.86
CZ15/Mtl&0&rDXHP&Ex&HV_AirDist__SupFanMtr/NE-HVAC-FanBelt-CoggedVBelt-Msr/instance-out.sql,313000.20,7690.86
CZ15/Mtl&0&rDXHP&Ex&HV_AirDist__SupFanMtr/NE-HVAC-FanBelt-SynchVBelt-Msr/instance-out.sql,308579.17,7690.86
CZ15/Nrs&0&rDXHP&Ex&HV_AirDist__SupFanMtr/NE-HVAC-FanBelt-VBelt-Std/instance-out.sql,1274057.60,319340.90
CZ15/Nrs&0&rDXHP&Ex&HV_AirDist__SupFanMtr/NE-HVAC-FanBelt-CoggedVBelt-Msr/instance-out.sql,1268398.76,319398.01
CZ15/Nrs&0&rDXHP&Ex&HV_AirDist__SupFanMtr/NE-HVAC-FanBelt-SynchVBelt-Msr/instance-out.sql,1260304.46,319396.63
CZ15/OfL&0&rDXHP&Ex&HV_AirDist__SupFanMtr/NE-HVAC-FanBelt-VBelt-Std/instance-out.sql,4528392.15,223296.67
CZ15/OfL&0&rDXHP&Ex&HV_AirDist__SupFanMtr/NE-HVAC-FanBelt-CoggedVBelt-Msr/instance-out.sql,4485424.59,223299.43
CZ15/OfL&0&rDXHP&Ex&HV_AirDist__SupFanMtr/NE-HVAC-FanBelt-SynchVBelt-Msr/instance-out.sql,4424033.78,223297.24
CZ15/OfS&0&rDXHP&Ex&HV_AirDist__SupFanMtr/NE-HVAC-FanBelt-VBelt-Std/instance-out.sql,266446.81,17726.55
CZ15/OfS&0&rDXHP&Ex&HV_AirDist__SupFanMtr/NE-HVAC-FanBelt-CoggedVBelt-Msr/instance-out.sql,263238.07,17726.55
CZ15/OfS&0&rDXHP&Ex&HV_AirDist__SupFanMtr/NE-HVAC-FanBelt-SynchVBelt-Msr/instance-out.sql,258653.63,17726.55
CZ15/RFF&0&rDXHP&Ex&HV_AirDist__SupFanMtr/NE-HVAC-FanBelt-VBelt-Std/instance-out.sql,120070.39,40298.07
CZ15/RFF&0&rDXHP&Ex&HV_AirDist__SupFanMtr/NE-HVAC-FanBelt-CoggedVBelt-Msr/instance-out.sql,119230.67,40298.07
CZ15/RFF&0&rDXHP&Ex&HV_AirDist__SupFanMtr/NE-HVAC-FanBelt-SynchVBelt-Msr/instance-out.sql,118032.01,40298.07
CZ15/RSD&0&rDXHP&Ex&HV_AirDist__SupFanMtr/NE-HVAC-FanBelt-VBelt-Std/instance-out.sql,256134.81,227250.11
CZ15/RSD&0&rDXHP&Ex&HV_AirDist__SupFanMtr/NE-HVAC-FanBelt-CoggedVBelt-Msr/instance-out.sql,255734.66,227248.72
CZ15/RSD&0&rDXHP&Ex&HV_AirDist__SupFanMtr/NE-HVAC-FanBelt-SynchVBelt-Msr/instance-out.sql,255164.70,227258.38
CZ15/Rt3&0&rDXHP&Ex&HV_AirDist__SupFanMtr/NE-HVAC-FanBelt-VBelt-Std/instance-out.sql,3297824.65,131840.27
CZ15/Rt3&0&rDXHP&Ex&HV_AirDist__SupFanMtr/NE-HVAC-FanBelt-CoggedVBelt-Msr/instance-out.sql,3268758.43,131840.33
CZ15/Rt3&0&rDXHP&Ex&HV_AirDist__SupFanMtr/NE-HVAC-FanBelt-SynchVBelt-Msr/instance-out.sql,3227245.40,131840.42
CZ15/RtL&0&rDXHP&Ex&HV_AirDist__SupFanMtr/NE-HVAC-FanBelt-VBelt-Std/instance-out.sql,3289103.98,137703.83
CZ15/RtL&0&rDXHP&Ex&HV_AirDist__SupFanMtr/NE-HVAC-FanBelt-CoggedVBelt-Msr/instance-out.sql,3261135.28,137703.83
CZ15/RtL&0&rDXHP&Ex&HV_AirDist__SupFanMtr/NE-HVAC-FanBelt-SynchVBelt-Msr/instance-out.sql,3221188.48,137703.83
CZ15/RtS&0&rDXHP&Ex&HV_AirDist__SupFanMtr/NE-HVAC-FanBelt-VBelt-Std/instance-out.sql,223264.20,13319.49
CZ15/RtS&0&rDXHP&Ex&HV_AirDist__SupFanMtr/NE-HVAC-FanBelt-CoggedVBelt-Msr/instance-out.sql,221124.98,13319.49
CZ15/RtS&0&rDXHP&Ex&HV_AirDist__SupFanMtr/NE-HVAC-FanBelt-SynchVBelt-Msr/instance-out.sql,218067.70,13319.49
CZ15/SCn&0&rDXHP&Ex&HV_AirDist__SupFanMtr/NE-HVAC-FanBelt-VBelt-Std/instance-out.sql,6621615.58,65521.45
CZ15/SCn&0&rDXHP&Ex&HV_AirDist__SupFanMtr/NE-HVAC-FanBelt-CoggedVBelt-Msr/instance-out.sql,6541154.70,65521.45
CZ15/SCn&0&rDXHP&Ex&HV_AirDist__SupFanMtr/NE-HVAC-FanBelt-SynchVBelt-Msr/instance-out.sql,6426322.54,65521.45
CZ16/Asm&0&rDXHP&Ex&HV_AirDist__SupFanMtr/NE-HVAC-FanBelt-VBelt-Std/instance-out.sql,1105480.13,22547.77
CZ16/Asm&0&rDXHP&Ex&HV_AirDist__SupFanMtr/NE-HVAC-FanBelt-CoggedVBelt-Msr/instance-out.sql,1094543.44,22547.77
CZ16/Asm&0&rDXHP&Ex&HV_AirDist__SupFanMtr/NE-HVAC-FanBelt-SynchVBelt-Msr/instance-out.sql,1078939.99,22547.77
CZ16/ECC&0&rDXHP&Ex&HV_AirDist__SupFanMtr/NE-HVAC-FanBelt-VBelt-Std/instance-out.sql,3235260.08,513856.79
CZ16/ECC&0&rDXHP&Ex&HV_AirDist__SupFanMtr/NE-HVAC-FanBelt-CoggedVBelt-Msr/instance-out.sql,3208775.36,513862.05
CZ16/ECC&0&rDXHP&Ex&HV_AirDist__SupFanMtr/NE-HVAC-FanBelt-SynchVBelt-Msr/instance-out.sql,3171117.90,513874.10
CZ16/EPr&0&rDXHP&Ex&HV_AirDist__SupFanMtr/NE-HVAC-FanBelt-VBelt-Std/instance-out.sql,450974.70,127508.22
CZ16/EPr&0&rDXHP&Ex&HV_AirDist__SupFanMtr/NE-HVAC-FanBelt-CoggedVBelt-Msr/instance-out.sql,447174.82,127508.22
CZ16/EPr&0&rDXHP&Ex&HV_AirDist__SupFanMtr/NE-HVAC-FanBelt-SynchVBelt-Msr/instance-out.sql,441766.83,127508.23
CZ16/ERC&0&rDXHP&Ex&HV_AirDist__SupFanMtr/NE-HVAC-FanBelt-VBelt-Std/instance-out.sql,19488.78,9255.94
CZ16/ERC&0&rDXHP&Ex&HV_AirDist__SupFanMtr/NE-HVAC-FanBelt-CoggedVBelt-Msr/instance-out.sql,19265.11,9255.94
CZ16/ERC&0&rDXHP&Ex&HV_AirDist__SupFanMtr/NE-HVAC-FanBelt-SynchVBelt-Msr/instance-out.sql,18959.08,9255.94
CZ16/ESe&0&rDXHP&Ex&HV_AirDist__SupFanMtr/NE-HVAC-FanBelt-VBelt-Std/instance-out.sql,1238806.28,403010.05
CZ16/ESe&0&rDXHP&Ex&HV_AirDist__SupFanMtr/NE-HVAC-FanBelt-CoggedVBelt-Msr/instance-out.sql,1234269.57,403020.24
CZ16/ESe&0&rDXHP&Ex&HV_AirDist__SupFanMtr/NE-HVAC-FanBelt-SynchVBelt-Msr/instance-out.sql,1227777.90,403058.33
CZ16/EUn&0&rDXHP&Ex&HV_AirDist__SupFanMtr/NE-HVAC-FanBelt-VBelt-Std/instance-out.sql,11116813.22,923032.39
CZ16/EUn&0&rDXHP&Ex&HV_AirDist__SupFanMtr/NE-HVAC-FanBelt-CoggedVBelt-Msr/instance-out.sql,11031807.02,923087.17
CZ16/EUn&0&rDXHP&Ex&HV_AirDist__SupFanMtr/NE-HVAC-FanBelt-SynchVBelt-Msr/instance-out.sql,10910829.29,923170.94
CZ16/Hsp&0&rDXHP&Ex&HV_AirDist__SupFanMtr/NE-HVAC-FanBelt-VBelt-Std/instance-out.sql,5231812.20,1721186.72
CZ16/Hsp&0&rDXHP&Ex&HV_AirDist__SupFanMtr/NE-HVAC-FanBelt-CoggedVBelt-Msr/instance-out.sql,5217222.72,1721416.97
CZ16/Hsp&0&rDXHP&Ex&HV_AirDist__SupFanMtr/NE-HVAC-FanBelt-SynchVBelt-Msr/instance-out.sql,5196377.28,1721492.89
CZ16/MBT&0&rDXHP&Ex&HV_AirDist__SupFanMtr/NE-HVAC-FanBelt-VBelt-Std/instance-out.sql,5104701.84,3520643.77
CZ16/MBT&0&rDXHP&Ex&HV_AirDist__SupFanMtr/NE-HVAC-FanBelt-CoggedVBelt-Msr/instance-out.sql,5088026.89,3520779.39
CZ16/MBT&0&rDXHP&Ex&HV_AirDist__SupFanMtr/NE-HVAC-FanBelt-SynchVBelt-Msr/instance-out.sql,5064286.89,3520994.70
CZ16/MLI&0&rDXHP&Ex&HV_AirDist__SupFanMtr/NE-HVAC-FanBelt-VBelt-Std/instance-out.sql,1669908.31,48549.18
CZ16/MLI&0&rDXHP&Ex&HV_AirDist__SupFanMtr/NE-HVAC-FanBelt-CoggedVBelt-Msr/instance-out.sql,1651897.59,48549.18
CZ16/MLI&0&rDXHP&Ex&HV_AirDist__SupFanMtr/NE-HVAC-FanBelt-SynchVBelt-Msr/instance-out.sql,1626191.57,48549.18
CZ16/Mtl&0&rDXHP&Ex&HV_AirDist__SupFanMtr/NE-HVAC-FanBelt-VBelt-Std/instance-out.sql,272064.80,9669.73
CZ16/Mtl&0&rDXHP&Ex&HV_AirDist__SupFanMtr/NE-HVAC-FanBelt-CoggedVBelt-Msr/instance-out.sql,269209.05,9680.76
CZ16/Mtl&0&rDXHP&Ex&HV_AirDist__SupFanMtr/NE-HVAC-FanBelt-SynchVBelt-Msr/instance-out.sql,265125.34,9700.40
CZ16/Nrs&0&rDXHP&Ex&HV_AirDist__SupFanMtr/NE-HVAC-FanBelt-VBelt-Std/instance-out.sql,1084592.69,415321.14
CZ16/Nrs&0&rDXHP&Ex&HV_AirDist__SupFanMtr/NE-HVAC-FanBelt-CoggedVBelt-Msr/instance-out.sql,1079162.94,415409.62
CZ16/Nrs&0&rDXHP&Ex&HV_AirDist__SupFanMtr/NE-HVAC-FanBelt-SynchVBelt-Msr/instance-out.sql,1071430.00,415628.52
CZ16/OfL&0&rDXHP&Ex&HV_AirDist__SupFanMtr/NE-HVAC-FanBelt-VBelt-Std/instance-out.sql,4128482.98,242823.84
CZ16/OfL&0&rDXHP&Ex&HV_AirDist__SupFanMtr/NE-HVAC-FanBelt-CoggedVBelt-Msr/instance-out.sql,4083850.67,242827.55
CZ16/OfL&0&rDXHP&Ex&HV_AirDist__SupFanMtr/NE-HVAC-FanBelt-SynchVBelt-Msr/instance-out.sql,4020077.62,242894.26
CZ16/OfS&0&rDXHP&Ex&HV_AirDist__SupFanMtr/NE-HVAC-FanBelt-VBelt-Std/instance-out.sql,238596.78,22133.42
CZ16/OfS&0&rDXHP&Ex&HV_AirDist__SupFanMtr/NE-HVAC-FanBelt-CoggedVBelt-Msr/instance-out.sql,235495.32,22133.42
CZ16/OfS&0&rDXHP&Ex&HV_AirDist__SupFanMtr/NE-HVAC-FanBelt-SynchVBelt-Msr/instance-out.sql,231088.61,22133.42
CZ16/RFF&0&rDXHP&Ex&HV_AirDist__SupFanMtr/NE-HVAC-FanBelt-VBelt-Std/instance-out.sql,103353.83,45184.60
CZ16/RFF&0&rDXHP&Ex&HV_AirDist__SupFanMtr/NE-HVAC-FanBelt-CoggedVBelt-Msr/instance-out.sql,102608.80,45184.67
CZ16/RFF&0&rDXHP&Ex&HV_AirDist__SupFanMtr/NE-HVAC-FanBelt-SynchVBelt-Msr/instance-out.sql,101545.74,45184.74
CZ16/RSD&0&rDXHP&Ex&HV_AirDist__SupFanMtr/NE-HVAC-FanBelt-VBelt-Std/instance-out.sql,203383.82,214958.06
CZ16/RSD&0&rDXHP&Ex&HV_AirDist__SupFanMtr/NE-HVAC-FanBelt-CoggedVBelt-Msr/instance-out.sql,203014.23,214964.51
CZ16/RSD&0&rDXHP&Ex&HV_AirDist__SupFanMtr/NE-HVAC-FanBelt-SynchVBelt-Msr/instance-out.sql,202487.86,214975.18
CZ16/Rt3&0&rDXHP&Ex&HV_AirDist__SupFanMtr/NE-HVAC-FanBelt-VBelt-Std/instance-out.sql,2930958.13,174226.56
CZ16/Rt3&0&rDXHP&Ex&HV_AirDist__SupFanMtr/NE-HVAC-FanBelt-CoggedVBelt-Msr/instance-out.sql,2903524.57,174231.75
CZ16/Rt3&0&rDXHP&Ex&HV_AirDist__SupFanMtr/NE-HVAC-FanBelt-SynchVBelt-Msr/instance-out.sql,2864326.61,174237.20
CZ16/RtL&0&rDXHP&Ex&HV_AirDist__SupFanMtr/NE-HVAC-FanBelt-VBelt-Std/instance-out.sql,2982518.29,167409.27
CZ16/RtL&0&rDXHP&Ex&HV_AirDist__SupFanMtr/NE-HVAC-FanBelt-CoggedVBelt-Msr/instance-out.sql,2955148.28,167409.31
CZ16/RtL&0&rDXHP&Ex&HV_AirDist__SupFanMtr/NE-HVAC-FanBelt-SynchVBelt-Msr/instance-out.sql,2916029.70,167409.34
CZ16/RtS&0&rDXHP&Ex&HV_AirDist__SupFanMtr/NE-HVAC-FanBelt-VBelt-Std/instance-out.sql,187601.18,15678.80
CZ16/RtS&0&rDXHP&Ex&HV_AirDist__SupFanMtr/NE-HVAC-FanBelt-CoggedVBelt-Msr/instance-out.sql,185796.87,15678.80
CZ16/RtS&0&rDXHP&Ex&HV_AirDist__SupFanMtr/NE-HVAC-FanBelt-SynchVBelt-Msr/instance-out.sql,183221.45,15678.80
CZ16/SCn&0&rDXHP&Ex&HV_AirDist__SupFanMtr/NE-HVAC-FanBelt-VBelt-Std/instance-out.sql,6109003.21,84962.10
CZ16/SCn&0&rDXHP&Ex&HV_AirDist__SupFanMtr/NE-HVAC-FanBelt-CoggedVBelt-Msr/instance-out.sql,6034088.78,84962.10
CZ16/SCn&0&rDXHP&Ex&HV_AirDist__SupFanMtr/NE-HVAC-FanBelt-SynchVBelt-Msr/instance-out.sql,5925236.24,84962.10

File Name,Unmet Heating (Hours),Unmet Cooling (Hours)
CZ01/Asm&0&rDXHP&Ex&HV_AirDist__SupFanMtr/NE-HVAC-FanBelt-VBelt-Std/instance-out.sql,0.00,0.00
CZ01/Asm&0&rDXHP&Ex&HV_AirDist__SupFanMtr/NE-HVAC-FanBelt-CoggedVBelt-Msr/instance-out.sql,0.00,0.00
CZ01/Asm&0&rDXHP&Ex&HV_AirDist__SupFanMtr/NE-HVAC-FanBelt-SynchVBelt-Msr/instance-out.sql,0.00,0.00
CZ01/ECC&0&rDXHP&Ex&HV_AirDist__SupFanMtr/NE-HVAC-FanBelt-VBelt-Std/instance-out.sql,0.00,1398.67
CZ01/ECC&0&rDXHP&Ex&HV_AirDist__SupFanMtr/NE-HVAC-FanBelt-CoggedVBelt-Msr/instance-out.sql,0.00,1396.33
CZ01/ECC&0&rDXHP&Ex&HV_AirDist__SupFanMtr/NE-HVAC-FanBelt-SynchVBelt-Msr/instance-out.sql,0.00,1393.83
CZ01/EPr&0&rDXHP&Ex&HV_AirDist__SupFanMtr/NE-HVAC-FanBelt-VBelt-Std/instance-out.sql,0.00,0.00
CZ01/EPr&0&rDXHP&Ex&HV_AirDist__SupFanMtr/NE-HVAC-FanBelt-CoggedVBelt-Msr/instance-out.sql,0.00,0.00
CZ01/EPr&0&rDXHP&Ex&HV_AirDist__SupFanMtr/NE-HVAC-FanBelt-SynchVBelt-Msr/instance-out.sql,0.00,0.00
CZ01/ERC&0&rDXHP&Ex&HV_AirDist__SupFanMtr/NE-HVAC-FanBelt-VBelt-Std/instance-out.sql,0.00,0.00
CZ01/ERC&0&rDXHP&Ex&HV_AirDist__SupFanMtr/NE-HVAC-FanBelt-CoggedVBelt-Msr/instance-out.sql,0.00,0.00
CZ01/ERC&0&rDXHP&Ex&HV_AirDist__SupFanMtr/NE-HVAC-FanBelt-SynchVBelt-Msr/instance-out.sql,0.00,0.00
CZ01/ESe&0&rDXHP&Ex&HV_AirDist__SupFanMtr/NE-HVAC-FanBelt-VBelt-Std/instance-out.sql,0.00,0.00
CZ01/ESe&0&rDXHP&Ex&HV_AirDist__SupFanMtr/NE-HVAC-FanBelt-CoggedVBelt-Msr/instance-out.sql,0.00,0.00
CZ01/ESe&0&rDXHP&Ex&HV_AirDist__SupFanMtr/NE-HVAC-FanBelt-SynchVBelt-Msr/instance-out.sql,0.00,0.00
CZ01/EUn&0&rDXHP&Ex&HV_AirDist__SupFanMtr/NE-HVAC-FanBelt-VBelt-Std/instance-out.sql,0.00,111.33
CZ01/EUn&0&rDXHP&Ex&HV_AirDist__SupFanMtr/NE-HVAC-FanBelt-CoggedVBelt-Msr/instance-out.sql,0.00,110.67
CZ01/EUn&0&rDXHP&Ex&HV_AirDist__SupFanMtr/NE-HVAC-FanBelt-SynchVBelt-Msr/instance-out.sql,0.00,111.50
CZ01/Hsp&0&rDXHP&Ex&HV_AirDist__SupFanMtr/NE-HVAC-FanBelt-VBelt-Std/instance-out.sql,0.00,0.00
CZ01/Hsp&0&rDXHP&Ex&HV_AirDist__SupFanMtr/NE-HVAC-FanBelt-CoggedVBelt-Msr/instance-out.sql,0.00,0.00
CZ01/Hsp&0&rDXHP&Ex&HV_AirDist__SupFanMtr/NE-HVAC-FanBelt-SynchVBelt-Msr/instance-out.sql,0.00,0.00
CZ01/MBT&0&rDXHP&Ex&HV_AirDist__SupFanMtr/NE-HVAC-FanBelt-VBelt-Std/instance-out.sql,0.00,0.00
CZ01/MBT&0&rDXHP&Ex&HV_AirDist__SupFanMtr/NE-HVAC-FanBelt-CoggedVBelt-Msr/instance-out.sql,0.00,0.00
CZ01/MBT&0&rDXHP&Ex&HV_AirDist__SupFanMtr/NE-HVAC-FanBelt-SynchVBelt-Msr/instance-out.sql,0.00,0.00
CZ01/MLI&0&rDXHP&Ex&HV_AirDist__SupFanMtr/NE-HVAC-FanBelt-VBelt-Std/instance-out.sql,0.00,0.00
CZ01/MLI&0&rDXHP&Ex&HV_AirDist__SupFanMtr/NE-HVAC-FanBelt-CoggedVBelt-Msr/instance-out.sql,0.00,0.00
CZ01/MLI&0&rDXHP&Ex&HV_AirDist__SupFanMtr/NE-HVAC-FanBelt-SynchVBelt-Msr/instance-out.sql,0.00,0.00
CZ01/Mtl&0&rDXHP&Ex&HV_AirDist__SupFanMtr/NE-HVAC-FanBelt-VBelt-Std/instance-out.sql,0.00,7.50
CZ01/Mtl&0&rDXHP&Ex&HV_AirDist__SupFanMtr/NE-HVAC-FanBelt-CoggedVBelt-Msr/instance-out.sql,0.00,7.50
CZ01/Mtl&0&rDXHP&Ex&HV_AirDist__SupFanMtr/NE-HVAC-FanBelt-SynchVBelt-Msr/instance-out.sql,0.00,7.50
CZ01/Nrs&0&rDXHP&Ex&HV_AirDist__SupFanMtr/NE-HVAC-FanBelt-VBelt-Std/instance-out.sql,0.00,0.00
CZ01/Nrs&0&rDXHP&Ex&HV_AirDist__SupFanMtr/NE-HVAC-FanBelt-CoggedVBelt-Msr/instance-out.sql,0.00,0.00
CZ01/Nrs&0&rDXHP&Ex&HV_AirDist__SupFanMtr/NE-HVAC-FanBelt-SynchVBelt-Msr/instance-out.sql,0.00,0.00
CZ01/OfL&0&rDXHP&Ex&HV_AirDist__SupFanMtr/NE-HVAC-FanBelt-VBelt-Std/instance-out.sql,1.50,99.83
CZ01/OfL&0&rDXHP&Ex&HV_AirDist__SupFanMtr/NE-HVAC-FanBelt-CoggedVBelt-Msr/instance-out.sql,1.17,99.67
CZ01/OfL&0&rDXHP&Ex&HV_AirDist__SupFanMtr/NE-HVAC-FanBelt-SynchVBelt-Msr/instance-out.sql,1.50,99.67
CZ01/OfS&0&rDXHP&Ex&HV_AirDist__SupFanMtr/NE-HVAC-FanBelt-VBelt-Std/instance-out.sql,0.00,50.50
CZ01/OfS&0&rDXHP&Ex&HV_AirDist__SupFanMtr/NE-HVAC-FanBelt-CoggedVBelt-Msr/instance-out.sql,0.00,50.33
CZ01/OfS&0&rDXHP&Ex&HV_AirDist__SupFanMtr/NE-HVAC-FanBelt-SynchVBelt-Msr/instance-out.sql,0.00,49.83
CZ01/RFF&0&rDXHP&Ex&HV_AirDist__SupFanMtr/NE-HVAC-FanBelt-VBelt-Std/instance-out.sql,0.00,0.00
CZ01/RFF&0&rDXHP&Ex&HV_AirDist__SupFanMtr/NE-HVAC-FanBelt-CoggedVBelt-Msr/instance-out.sql,0.00,0.00
CZ01/RFF&0&rDXHP&Ex&HV_AirDist__SupFanMtr/NE-HVAC-FanBelt-SynchVBelt-Msr/instance-out.sql,0.00,0.00
CZ01/RSD&0&rDXHP&Ex&HV_AirDist__SupFanMtr/NE-HVAC-FanBelt-VBelt-Std/instance-out.sql,0.00,0.00
CZ01/RSD&0&rDXHP&Ex&HV_AirDist__SupFanMtr/NE-HVAC-FanBelt-CoggedVBelt-Msr/instance-out.sql,0.00,0.00
CZ01/RSD&0&rDXHP&Ex&HV_AirDist__SupFanMtr/NE-HVAC-FanBelt-SynchVBelt-Msr/instance-out.sql,0.00,0.00
CZ01/Rt3&0&rDXHP&Ex&HV_AirDist__SupFanMtr/NE-HVAC-FanBelt-VBelt-Std/instance-out.sql,0.00,0.00
CZ01/Rt3&0&rDXHP&Ex&HV_AirDist__SupFanMtr/NE-HVAC-FanBelt-CoggedVBelt-Msr/instance-out.sql,0.00,0.00
CZ01/Rt3&0&rDXHP&Ex&HV_AirDist__SupFanMtr/NE-HVAC-FanBelt-SynchVBelt-Msr/instance-out.sql,0.00,0.00
CZ01/RtL&0&rDXHP&Ex&HV_AirDist__SupFanMtr/NE-HVAC-FanBelt-VBelt-Std/instance-out.sql,0.00,0.00
CZ01/RtL&0&rDXHP&Ex&HV_AirDist__SupFanMtr/NE-HVAC-FanBelt-CoggedVBelt-Msr/instance-out.sql,0.00,0.00
CZ01/RtL&0&rDXHP&Ex&HV_AirDist__SupFanMtr/NE-HVAC-FanBelt-SynchVBelt-Msr/instance-out.sql,0.00,0.00
CZ01/RtS&0&rDXHP&Ex&HV_AirDist__SupFanMtr/NE-HVAC-FanBelt-VBelt-Std/instance-out.sql,0.00,0.00
CZ01/RtS&0&rDXHP&Ex&HV_AirDist__SupFanMtr/NE-HVAC-FanBelt-CoggedVBelt-Msr/instance-out.sql,0.00,0.00
CZ01/RtS&0&rDXHP&Ex&HV_AirDist__SupFanMtr/NE-HVAC-FanBelt-SynchVBelt-Msr/instance-out.sql,0.00,0.00
CZ01/SCn&0&rDXHP&Ex&HV_AirDist__SupFanMtr/NE-HVAC-FanBelt-VBelt-Std/instance-out.sql,0.00,0.00
CZ01/SCn&0&rDXHP&Ex&HV_AirDist__SupFanMtr/NE-HVAC-FanBelt-CoggedVBelt-Msr/instance-out.sql,0.00,0.00
CZ01/SCn&0&rDXHP&Ex&HV_AirDist__SupFanMtr/NE-HVAC-FanBelt-SynchVBelt-Msr/instance-out.sql,0.00,0.00
CZ02/Asm&0&rDXHP&Ex&HV_AirDist__SupFanMtr/NE-HVAC-FanBelt-VBelt-Std/instance-out.sql,0.00,0.00
CZ02/Asm&0&rDXHP&Ex&HV_AirDist__SupFanMtr/NE-HVAC-FanBelt-CoggedVBelt-Msr/instance-out.sql,0.00,0.00
CZ02/Asm&0&rDXHP&Ex&HV_AirDist__SupFanMtr/NE-HVAC-FanBelt-SynchVBelt-Msr/instance-out.sql,0.00,0.00
CZ02/ECC&0&rDXHP&Ex&HV_AirDist__SupFanMtr/NE-HVAC-FanBelt-VBelt-Std/instance-out.sql,0.00,43.67
CZ02/ECC&0&rDXHP&Ex&HV_AirDist__SupFanMtr/NE-HVAC-FanBelt-CoggedVBelt-Msr/instance-out.sql,0.00,43.67
CZ02/ECC&0&rDXHP&Ex&HV_AirDist__SupFanMtr/NE-HVAC-FanBelt-SynchVBelt-Msr/instance-out.sql,0.00,43.67
CZ02/EPr&0&rDXHP&Ex&HV_AirDist__SupFanMtr/NE-HVAC-FanBelt-VBelt-Std/instance-out.sql,0.00,0.00
CZ02/EPr&0&rDXHP&Ex&HV_AirDist__SupFanMtr/NE-HVAC-FanBelt-CoggedVBelt-Msr/instance-out.sql,0.00,0.00
CZ02/EPr&0&rDXHP&Ex&HV_AirDist__SupFanMtr/NE-HVAC-FanBelt-SynchVBelt-Msr/instance-out.sql,0.00,0.00
CZ02/ERC&0&rDXHP&Ex&HV_AirDist__SupFanMtr/NE-HVAC-FanBelt-VBelt-Std/instance-out.sql,0.00,0.00
CZ02/ERC&0&rDXHP&Ex&HV_AirDist__SupFanMtr/NE-HVAC-FanBelt-CoggedVBelt-Msr/instance-out.sql,0.00,0.00
CZ02/ERC&0&rDXHP&Ex&HV_AirDist__SupFanMtr/NE-HVAC-FanBelt-SynchVBelt-Msr/instance-out.sql,0.00,0.00
CZ02/ESe&0&rDXHP&Ex&HV_AirDist__SupFanMtr/NE-HVAC-FanBelt-VBelt-Std/instance-out.sql,0.00,0.00
CZ02/ESe&0&rDXHP&Ex&HV_AirDist__SupFanMtr/NE-HVAC-FanBelt-CoggedVBelt-Msr/instance-out.sql,0.00,0.00
CZ02/ESe&0&rDXHP&Ex&HV_AirDist__SupFanMtr/NE-HVAC-FanBelt-SynchVBelt-Msr/instance-out.sql,0.00,0.00
CZ02/EUn&0&rDXHP&Ex&HV_AirDist__SupFanMtr/NE-HVAC-FanBelt-VBelt-Std/instance-out.sql,0.00,200.17
CZ02/EUn&0&rDXHP&Ex&HV_AirDist__SupFanMtr/NE-HVAC-FanBelt-CoggedVBelt-Msr/instance-out.sql,0.00,200.33
CZ02/EUn&0&rDXHP&Ex&HV_AirDist__SupFanMtr/NE-HVAC-FanBelt-SynchVBelt-Msr/instance-out.sql,0.00,202.00
CZ02/Hsp&0&rDXHP&Ex&HV_AirDist__SupFanMtr/NE-HVAC-FanBelt-VBelt-Std/instance-out.sql,0.00,1.00
CZ02/Hsp&0&rDXHP&Ex&HV_AirDist__SupFanMtr/NE-HVAC-FanBelt-CoggedVBelt-Msr/instance-out.sql,0.00,1.00
CZ02/Hsp&0&rDXHP&Ex&HV_AirDist__SupFanMtr/NE-HVAC-FanBelt-SynchVBelt-Msr/instance-out.sql,0.00,1.00
CZ02/MBT&0&rDXHP&Ex&HV_AirDist__SupFanMtr/NE-HVAC-FanBelt-VBelt-Std/instance-out.sql,0.00,1.83
CZ02/MBT&0&rDXHP&Ex&HV_AirDist__SupFanMtr/NE-HVAC-FanBelt-CoggedVBelt-Msr/instance-out.sql,0.00,1.83
CZ02/MBT&0&rDXHP&Ex&HV_AirDist__SupFanMtr/NE-HVAC-FanBelt-SynchVBelt-Msr/instance-out.sql,0.00,1.83
CZ02/MLI&0&rDXHP&Ex&HV_AirDist__SupFanMtr/NE-HVAC-FanBelt-VBelt-Std/instance-out.sql,0.00,0.00
CZ02/MLI&0&rDXHP&Ex&HV_AirDist__SupFanMtr/NE-HVAC-FanBelt-CoggedVBelt-Msr/instance-out.sql,0.00,0.00
CZ02/MLI&0&rDXHP&Ex&HV_AirDist__SupFanMtr/NE-HVAC-FanBelt-SynchVBelt-Msr/instance-out.sql,0.00,0.00
CZ02/Mtl&0&rDXHP&Ex&HV_AirDist__SupFanMtr/NE-HVAC-FanBelt-VBelt-Std/instance-out.sql,0.00,48.50
CZ02/Mtl&0&rDXHP&Ex&HV_AirDist__SupFanMtr/NE-HVAC-FanBelt-CoggedVBelt-Msr/instance-out.sql,0.00,48.50
CZ02/Mtl&0&rDXHP&Ex&HV_AirDist__SupFanMtr/NE-HVAC-FanBelt-SynchVBelt-Msr/instance-out.sql,0.00,48.00
CZ02/Nrs&0&rDXHP&Ex&HV_AirDist__SupFanMtr/NE-HVAC-FanBelt-VBelt-Std/instance-out.sql,0.00,0.00
CZ02/Nrs&0&rDXHP&Ex&HV_AirDist__SupFanMtr/NE-HVAC-FanBelt-CoggedVBelt-Msr/instance-out.sql,0.00,0.00
CZ02/Nrs&0&rDXHP&Ex&HV_AirDist__SupFanMtr/NE-HVAC-FanBelt-SynchVBelt-Msr/instance-out.sql,0.00,0.00
CZ02/OfL&0&rDXHP&Ex&HV_AirDist__SupFanMtr/NE-HVAC-FanBelt-VBelt-Std/instance-out.sql,1.50,197.33
CZ02/OfL&0&rDXHP&Ex&HV_AirDist__SupFanMtr/NE-HVAC-FanBelt-CoggedVBelt-Msr/instance-out.sql,1.33,197.33
CZ02/OfL&0&rDXHP&Ex&HV_AirDist__SupFanMtr/NE-HVAC-FanBelt-SynchVBelt-Msr/instance-out.sql,1.33,197.50
CZ02/OfS&0&rDXHP&Ex&HV_AirDist__SupFanMtr/NE-HVAC-FanBelt-VBelt-Std/instance-out.sql,0.00,135.00
CZ02/OfS&0&rDXHP&Ex&HV_AirDist__SupFanMtr/NE-HVAC-FanBelt-CoggedVBelt-Msr/instance-out.sql,0.00,135.17
CZ02/OfS&0&rDXHP&Ex&HV_AirDist__SupFanMtr/NE-HVAC-FanBelt-SynchVBelt-Msr/instance-out.sql,0.00,134.83
CZ02/RFF&0&rDXHP&Ex&HV_AirDist__SupFanMtr/NE-HVAC-FanBelt-VBelt-Std/instance-out.sql,0.00,0.00
CZ02/RFF&0&rDXHP&Ex&HV_AirDist__SupFanMtr/NE-HVAC-FanBelt-CoggedVBelt-Msr/instance-out.sql,0.00,0.00
CZ02/RFF&0&rDXHP&Ex&HV_AirDist__SupFanMtr/NE-HVAC-FanBelt-SynchVBelt-Msr/instance-out.sql,0.00,0.00
CZ02/RSD&0&rDXHP&Ex&HV_AirDist__SupFanMtr/NE-HVAC-FanBelt-VBelt-Std/instance-out.sql,0.00,0.00
CZ02/RSD&0&rDXHP&Ex&HV_AirDist__SupFanMtr/NE-HVAC-FanBelt-CoggedVBelt-Msr/instance-out.sql,0.00,0.00
CZ02/RSD&0&rDXHP&Ex&HV_AirDist__SupFanMtr/NE-HVAC-FanBelt-SynchVBelt-Msr/instance-out.sql,0.00,0.00
CZ02/Rt3&0&rDXHP&Ex&HV_AirDist__SupFanMtr/NE-HVAC-FanBelt-VBelt-Std/instance-out.sql,0.00,0.00
CZ02/Rt3&0&rDXHP&Ex&HV_AirDist__SupFanMtr/NE-HVAC-FanBelt-CoggedVBelt-Msr/instance-out.sql,0.00,0.00
CZ02/Rt3&0&rDXHP&Ex&HV_AirDist__SupFanMtr/NE-HVAC-FanBelt-SynchVBelt-Msr/instance-out.sql,0.00,0.00
CZ02/RtL&0&rDXHP&Ex&HV_AirDist__SupFanMtr/NE-HVAC-FanBelt-VBelt-Std/instance-out.sql,0.00,0.00
CZ02/RtL&0&rDXHP&Ex&HV_AirDist__SupFanMtr/NE-HVAC-FanBelt-CoggedVBelt-Msr/instance-out.sql,0.00,0.00
CZ02/RtL&0&rDXHP&Ex&HV_AirDist__SupFanMtr/NE-HVAC-FanBelt-SynchVBelt-Msr/instance-out.sql,0.00,0.00
CZ02/RtS&0&rDXHP&Ex&HV_AirDist__SupFanMtr/NE-HVAC-FanBelt-VBelt-Std/instance-out.sql,0.00,0.00
CZ02/RtS&0&rDXHP&Ex&HV_AirDist__SupFanMtr/NE-HVAC-FanBelt-CoggedVBelt-Msr/instance-out.sql,0.00,0.00
CZ02/RtS&0&rDXHP&Ex&HV_AirDist__SupFanMtr/NE-HVAC-FanBelt-SynchVBelt-Msr/instance-out.sql,0.00,0.00
CZ02/SCn&0&rDXHP&Ex&HV_AirDist__SupFanMtr/NE-HVAC-FanBelt-VBelt-Std/instance-out.sql,0.00,0.00
CZ02/SCn&0&rDXHP&Ex&HV_AirDist__SupFanMtr/NE-HVAC-FanBelt-CoggedVBelt-Msr/instance-out.sql,0.00,0.00
CZ02/SCn&0&rDXHP&Ex&HV_AirDist__SupFanMtr/NE-HVAC-FanBelt-SynchVBelt-Msr/instance-out.sql,0.00,0.00
CZ03/Asm&0&rDXHP&Ex&HV_AirDist__SupFanMtr/NE-HVAC-FanBelt-VBelt-Std/instance-out.sql,0.00,0.00
CZ03/Asm&0&rDXHP&Ex&HV_AirDist__SupFanMtr/NE-HVAC-FanBelt-CoggedVBelt-Msr/instance-out.sql,0.00,0.00
CZ03/Asm&0&rDXHP&Ex&HV_AirDist__SupFanMtr/NE-HVAC-FanBelt-SynchVBelt-Msr/instance-out.sql,0.00,0.00
CZ03/ECC&0&rDXHP&Ex&HV_AirDist__SupFanMtr/NE-HVAC-FanBelt-VBelt-Std/instance-out.sql,0.00,230.50
CZ03/ECC&0&rDXHP&Ex&HV_AirDist__SupFanMtr/NE-HVAC-FanBelt-CoggedVBelt-Msr/instance-out.sql,0.00,229.67
CZ03/ECC&0&rDXHP&Ex&HV_AirDist__SupFanMtr/NE-HVAC-FanBelt-SynchVBelt-Msr/instance-out.sql,0.00,229.00
CZ03/EPr&0&rDXHP&Ex&HV_AirDist__SupFanMtr/NE-HVAC-FanBelt-VBelt-Std/instance-out.sql,0.00,0.00
CZ03/EPr&0&rDXHP&Ex&HV_AirDist__SupFanMtr/NE-HVAC-FanBelt-CoggedVBelt-Msr/instance-out.sql,0.00,0.00
CZ03/EPr&0&rDXHP&Ex&HV_AirDist__SupFanMtr/NE-HVAC-FanBelt-SynchVBelt-Msr/instance-out.sql,0.00,0.00
CZ03/ERC&0&rDXHP&Ex&HV_AirDist__SupFanMtr/NE-HVAC-FanBelt-VBelt-Std/instance-out.sql,0.00,0.00
CZ03/ERC&0&rDXHP&Ex&HV_AirDist__SupFanMtr/NE-HVAC-FanBelt-CoggedVBelt-Msr/instance-out.sql,0.00,0.00
CZ03/ERC&0&rDXHP&Ex&HV_AirDist__SupFanMtr/NE-HVAC-FanBelt-SynchVBelt-Msr/instance-out.sql,0.00,0.00
CZ03/ESe&0&rDXHP&Ex&HV_AirDist__SupFanMtr/NE-HVAC-FanBelt-VBelt-Std/instance-out.sql,0.00,0.00
CZ03/ESe&0&rDXHP&Ex&HV_AirDist__SupFanMtr/NE-HVAC-FanBelt-CoggedVBelt-Msr/instance-out.sql,0.00,0.00
CZ03/ESe&0&rDXHP&Ex&HV_AirDist__SupFanMtr/NE-HVAC-FanBelt-SynchVBelt-Msr/instance-out.sql,0.00,0.00
CZ03/EUn&0&rDXHP&Ex&HV_AirDist__SupFanMtr/NE-HVAC-FanBelt-VBelt-Std/instance-out.sql,0.00,207.00
CZ03/EUn&0&rDXHP&Ex&HV_AirDist__SupFanMtr/NE-HVAC-FanBelt-CoggedVBelt-Msr/instance-out.sql,0.00,207.00
CZ03/EUn&0&rDXHP&Ex&HV_AirDist__SupFanMtr/NE-HVAC-FanBelt-SynchVBelt-Msr/instance-out.sql,0.00,207.00
CZ03/Hsp&0&rDXHP&Ex&HV_AirDist__SupFanMtr/NE-HVAC-FanBelt-VBelt-Std/instance-out.sql,0.00,0.00
CZ03/Hsp&0&rDXHP&Ex&HV_AirDist__SupFanMtr/NE-HVAC-FanBelt-CoggedVBelt-Msr/instance-out.sql,0.00,0.00
CZ03/Hsp&0&rDXHP&Ex&HV_AirDist__SupFanMtr/NE-HVAC-FanBelt-SynchVBelt-Msr/instance-out.sql,0.00,0.00
CZ03/MBT&0&rDXHP&Ex&HV_AirDist__SupFanMtr/NE-HVAC-FanBelt-VBelt-Std/instance-out.sql,0.00,0.83
CZ03/MBT&0&rDXHP&Ex&HV_AirDist__SupFanMtr/NE-HVAC-FanBelt-CoggedVBelt-Msr/instance-out.sql,0.00,0.83
CZ03/MBT&0&rDXHP&Ex&HV_AirDist__SupFanMtr/NE-HVAC-FanBelt-SynchVBelt-Msr/instance-out.sql,0.00,0.83
CZ03/MLI&0&rDXHP&Ex&HV_AirDist__SupFanMtr/NE-HVAC-FanBelt-VBelt-Std/instance-out.sql,0.00,0.00
CZ03/MLI&0&rDXHP&Ex&HV_AirDist__SupFanMtr/NE-HVAC-FanBelt-CoggedVBelt-Msr/instance-out.sql,0.00,0.00
CZ03/MLI&0&rDXHP&Ex&HV_AirDist__SupFanMtr/NE-HVAC-FanBelt-SynchVBelt-Msr/instance-out.sql,0.00,0.00
CZ03/Mtl&0&rDXHP&Ex&HV_AirDist__SupFanMtr/NE-HVAC-FanBelt-VBelt-Std/instance-out.sql,0.00,37.67
CZ03/Mtl&0&rDXHP&Ex&HV_AirDist__SupFanMtr/NE-HVAC-FanBelt-CoggedVBelt-Msr/instance-out.sql,0.00,37.67
CZ03/Mtl&0&rDXHP&Ex&HV_AirDist__SupFanMtr/NE-HVAC-FanBelt-SynchVBelt-Msr/instance-out.sql,0.00,37.67
CZ03/Nrs&0&rDXHP&Ex&HV_AirDist__SupFanMtr/NE-HVAC-FanBelt-VBelt-Std/instance-out.sql,0.00,0.83
CZ03/Nrs&0&rDXHP&Ex&HV_AirDist__SupFanMtr/NE-HVAC-FanBelt-CoggedVBelt-Msr/instance-out.sql,0.00,0.83
CZ03/Nrs&0&rDXHP&Ex&HV_AirDist__SupFanMtr/NE-HVAC-FanBelt-SynchVBelt-Msr/instance-out.sql,0.00,0.83
CZ03/OfL&0&rDXHP&Ex&HV_AirDist__SupFanMtr/NE-HVAC-FanBelt-VBelt-Std/instance-out.sql,1.17,192.00
CZ03/OfL&0&rDXHP&Ex&HV_AirDist__SupFanMtr/NE-HVAC-FanBelt-CoggedVBelt-Msr/instance-out.sql,1.33,192.00
CZ03/OfL&0&rDXHP&Ex&HV_AirDist__SupFanMtr/NE-HVAC-FanBelt-SynchVBelt-Msr/instance-out.sql,1.17,192.00
CZ03/OfS&0&rDXHP&Ex&HV_AirDist__SupFanMtr/NE-HVAC-FanBelt-VBelt-Std/instance-out.sql,0.00,135.50
CZ03/OfS&0&rDXHP&Ex&HV_AirDist__SupFanMtr/NE-HVAC-FanBelt-CoggedVBelt-Msr/instance-out.sql,0.00,135.33
CZ03/OfS&0&rDXHP&Ex&HV_AirDist__SupFanMtr/NE-HVAC-FanBelt-SynchVBelt-Msr/instance-out.sql,0.00,135.33
CZ03/RFF&0&rDXHP&Ex&HV_AirDist__SupFanMtr/NE-HVAC-FanBelt-VBelt-Std/instance-out.sql,0.00,0.00
CZ03/RFF&0&rDXHP&Ex&HV_AirDist__SupFanMtr/NE-HVAC-FanBelt-CoggedVBelt-Msr/instance-out.sql,0.00,0.00
CZ03/RFF&0&rDXHP&Ex&HV_AirDist__SupFanMtr/NE-HVAC-FanBelt-SynchVBelt-Msr/instance-out.sql,0.00,0.00
CZ03/RSD&0&rDXHP&Ex&HV_AirDist__SupFanMtr/NE-HVAC-FanBelt-VBelt-Std/instance-out.sql,0.00,0.00
CZ03/RSD&0&rDXHP&Ex&HV_AirDist__SupFanMtr/NE-HVAC-FanBelt-CoggedVBelt-Msr/instance-out.sql,0.00,0.00
CZ03/RSD&0&rDXHP&Ex&HV_AirDist__SupFanMtr/NE-HVAC-FanBelt-SynchVBelt-Msr/instance-out.sql,0.00,0.00
CZ03/Rt3&0&rDXHP&Ex&HV_AirDist__SupFanMtr/NE-HVAC-FanBelt-VBelt-Std/instance-out.sql,0.00,0.00
CZ03/Rt3&0&rDXHP&Ex&HV_AirDist__SupFanMtr/NE-HVAC-FanBelt-CoggedVBelt-Msr/instance-out.sql,0.00,0.00
CZ03/Rt3&0&rDXHP&Ex&HV_AirDist__SupFanMtr/NE-HVAC-FanBelt-SynchVBelt-Msr/instance-out.sql,0.00,0.00
CZ03/RtL&0&rDXHP&Ex&HV_AirDist__SupFanMtr/NE-HVAC-FanBelt-VBelt-Std/instance-out.sql,0.00,0.00
CZ03/RtL&0&rDXHP&Ex&HV_AirDist__SupFanMtr/NE-HVAC-FanBelt-CoggedVBelt-Msr/instance-out.sql,0.00,0.00
CZ03/RtL&0&rDXHP&Ex&HV_AirDist__SupFanMtr/NE-HVAC-FanBelt-SynchVBelt-Msr/instance-out.sql,0.00,0.00
CZ03/RtS&0&rDXHP&Ex&HV_AirDist__SupFanMtr/NE-HVAC-FanBelt-VBelt-Std/instance-out.sql,0.00,0.00
CZ03/RtS&0&rDXHP&Ex&HV_AirDist__SupFanMtr/NE-HVAC-FanBelt-CoggedVBelt-Msr/instance-out.sql,0.00,0.00
CZ03/RtS&0&rDXHP&Ex&HV_AirDist__SupFanMtr/NE-HVAC-FanBelt-SynchVBelt-Msr/instance-out.sql,0.00,0.00
CZ03/SCn&0&rDXHP&Ex&HV_AirDist__SupFanMtr/NE-HVAC-FanBelt-VBelt-Std/instance-out.sql,0.00,0.00
CZ03/SCn&0&rDXHP&Ex&HV_AirDist__SupFanMtr/NE-HVAC-FanBelt-CoggedVBelt-Msr/instance-out.sql,0.00,0.00
CZ03/SCn&0&rDXHP&Ex&HV_AirDist__SupFanMtr/NE-HVAC-FanBelt-SynchVBelt-Msr/instance-out.sql,0.00,0.00
CZ04/Asm&0&rDXHP&Ex&HV_AirDist__SupFanMtr/NE-HVAC-FanBelt-VBelt-Std/instance-out.sql,0.00,0.00
CZ04/Asm&0&rDXHP&Ex&HV_AirDist__SupFanMtr/NE-HVAC-FanBelt-CoggedVBelt-Msr/instance-out.sql,0.00,0.00
CZ04/Asm&0&rDXHP&Ex&HV_AirDist__SupFanMtr/NE-HVAC-FanBelt-SynchVBelt-Msr/instance-out.sql,0.00,0.00
CZ04/ECC&0&rDXHP&Ex&HV_AirDist__SupFanMtr/NE-HVAC-FanBelt-VBelt-Std/instance-out.sql,0.00,172.83
CZ04/ECC&0&rDXHP&Ex&HV_AirDist__SupFanMtr/NE-HVAC-FanBelt-CoggedVBelt-Msr/instance-out.sql,0.00,172.33
CZ04/ECC&0&rDXHP&Ex&HV_AirDist__SupFanMtr/NE-HVAC-FanBelt-SynchVBelt-Msr/instance-out.sql,0.00,172.33
CZ04/EPr&0&rDXHP&Ex&HV_AirDist__SupFanMtr/NE-HVAC-FanBelt-VBelt-Std/instance-out.sql,0.00,0.00
CZ04/EPr&0&rDXHP&Ex&HV_AirDist__SupFanMtr/NE-HVAC-FanBelt-CoggedVBelt-Msr/instance-out.sql,0.00,0.00
CZ04/EPr&0&rDXHP&Ex&HV_AirDist__SupFanMtr/NE-HVAC-FanBelt-SynchVBelt-Msr/instance-out.sql,0.00,0.00
CZ04/ERC&0&rDXHP&Ex&HV_AirDist__SupFanMtr/NE-HVAC-FanBelt-VBelt-Std/instance-out.sql,0.00,0.00
CZ04/ERC&0&rDXHP&Ex&HV_AirDist__SupFanMtr/NE-HVAC-FanBelt-CoggedVBelt-Msr/instance-out.sql,0.00,0.00
CZ04/ERC&0&rDXHP&Ex&HV_AirDist__SupFanMtr/NE-HVAC-FanBelt-SynchVBelt-Msr/instance-out.sql,0.00,0.00
CZ04/ESe&0&rDXHP&Ex&HV_AirDist__SupFanMtr/NE-HVAC-FanBelt-VBelt-Std/instance-out.sql,0.00,0.00
CZ04/ESe&0&rDXHP&Ex&HV_AirDist__SupFanMtr/NE-HVAC-FanBelt-CoggedVBelt-Msr/instance-out.sql,0.00,0.00
CZ04/ESe&0&rDXHP&Ex&HV_AirDist__SupFanMtr/NE-HVAC-FanBelt-SynchVBelt-Msr/instance-out.sql,0.00,0.00
CZ04/EUn&0&rDXHP&Ex&HV_AirDist__SupFanMtr/NE-HVAC-FanBelt-VBelt-Std/instance-out.sql,0.00,250.33
CZ04/EUn&0&rDXHP&Ex&HV_AirDist__SupFanMtr/NE-HVAC-FanBelt-CoggedVBelt-Msr/instance-out.sql,0.00,250.83
CZ04/EUn&0&rDXHP&Ex&HV_AirDist__SupFanMtr/NE-HVAC-FanBelt-SynchVBelt-Msr/instance-out.sql,0.00,250.83
CZ04/Hsp&0&rDXHP&Ex&HV_AirDist__SupFanMtr/NE-HVAC-FanBelt-VBelt-Std/instance-out.sql,0.00,2.17
CZ04/Hsp&0&rDXHP&Ex&HV_AirDist__SupFanMtr/NE-HVAC-FanBelt-CoggedVBelt-Msr/instance-out.sql,0.00,2.17
CZ04/Hsp&0&rDXHP&Ex&HV_AirDist__SupFanMtr/NE-HVAC-FanBelt-SynchVBelt-Msr/instance-out.sql,0.00,2.17
CZ04/MBT&0&rDXHP&Ex&HV_AirDist__SupFanMtr/NE-HVAC-FanBelt-VBelt-Std/instance-out.sql,0.00,4.00
CZ04/MBT&0&rDXHP&Ex&HV_AirDist__SupFanMtr/NE-HVAC-FanBelt-CoggedVBelt-Msr/instance-out.sql,0.00,4.00
CZ04/MBT&0&rDXHP&Ex&HV_AirDist__SupFanMtr/NE-HVAC-FanBelt-SynchVBelt-Msr/instance-out.sql,0.00,4.00
CZ04/MLI&0&rDXHP&Ex&HV_AirDist__SupFanMtr/NE-HVAC-FanBelt-VBelt-Std/instance-out.sql,0.00,0.00
CZ04/MLI&0&rDXHP&Ex&HV_AirDist__SupFanMtr/NE-HVAC-FanBelt-CoggedVBelt-Msr/instance-out.sql,0.00,0.00
CZ04/MLI&0&rDXHP&Ex&HV_AirDist__SupFanMtr/NE-HVAC-FanBelt-SynchVBelt-Msr/instance-out.sql,0.00,0.00
CZ04/Mtl&0&rDXHP&Ex&HV_AirDist__SupFanMtr/NE-HVAC-FanBelt-VBelt-Std/instance-out.sql,0.00,71.50
CZ04/Mtl&0&rDXHP&Ex&HV_AirDist__SupFanMtr/NE-HVAC-FanBelt-CoggedVBelt-Msr/instance-out.sql,0.00,71.50
CZ04/Mtl&0&rDXHP&Ex&HV_AirDist__SupFanMtr/NE-HVAC-FanBelt-SynchVBelt-Msr/instance-out.sql,0.00,71.33
CZ04/Nrs&0&rDXHP&Ex&HV_AirDist__SupFanMtr/NE-HVAC-FanBelt-VBelt-Std/instance-out.sql,0.00,0.00
CZ04/Nrs&0&rDXHP&Ex&HV_AirDist__SupFanMtr/NE-HVAC-FanBelt-CoggedVBelt-Msr/instance-out.sql,0.00,0.00
CZ04/Nrs&0&rDXHP&Ex&HV_AirDist__SupFanMtr/NE-HVAC-FanBelt-SynchVBelt-Msr/instance-out.sql,0.00,0.00
CZ04/OfL&0&rDXHP&Ex&HV_AirDist__SupFanMtr/NE-HVAC-FanBelt-VBelt-Std/instance-out.sql,1.17,241.83
CZ04/OfL&0&rDXHP&Ex&HV_AirDist__SupFanMtr/NE-HVAC-FanBelt-CoggedVBelt-Msr/instance-out.sql,1.17,241.83
CZ04/OfL&0&rDXHP&Ex&HV_AirDist__SupFanMtr/NE-HVAC-FanBelt-SynchVBelt-Msr/instance-out.sql,1.67,241.83
CZ04/OfS&0&rDXHP&Ex&HV_AirDist__SupFanMtr/NE-HVAC-FanBelt-VBelt-Std/instance-out.sql,0.00,181.17
CZ04/OfS&0&rDXHP&Ex&HV_AirDist__SupFanMtr/NE-HVAC-FanBelt-CoggedVBelt-Msr/instance-out.sql,0.00,181.17
CZ04/OfS&0&rDXHP&Ex&HV_AirDist__SupFanMtr/NE-HVAC-FanBelt-SynchVBelt-Msr/instance-out.sql,0.00,181.17
CZ04/RFF&0&rDXHP&Ex&HV_AirDist__SupFanMtr/NE-HVAC-FanBelt-VBelt-Std/instance-out.sql,0.00,0.00
CZ04/RFF&0&rDXHP&Ex&HV_AirDist__SupFanMtr/NE-HVAC-FanBelt-CoggedVBelt-Msr/instance-out.sql,0.00,0.00
CZ04/RFF&0&rDXHP&Ex&HV_AirDist__SupFanMtr/NE-HVAC-FanBelt-SynchVBelt-Msr/instance-out.sql,0.00,0.00
CZ04/RSD&0&rDXHP&Ex&HV_AirDist__SupFanMtr/NE-HVAC-FanBelt-VBelt-Std/instance-out.sql,0.00,0.00
CZ04/RSD&0&rDXHP&Ex&HV_AirDist__SupFanMtr/NE-HVAC-FanBelt-CoggedVBelt-Msr/instance-out.sql,0.00,0.00
CZ04/RSD&0&rDXHP&Ex&HV_AirDist__SupFanMtr/NE-HVAC-FanBelt-SynchVBelt-Msr/instance-out.sql,0.00,0.00
CZ04/Rt3&0&rDXHP&Ex&HV_AirDist__SupFanMtr/NE-HVAC-FanBelt-VBelt-Std/instance-out.sql,0.00,0.00
CZ04/Rt3&0&rDXHP&Ex&HV_AirDist__SupFanMtr/NE-HVAC-FanBelt-CoggedVBelt-Msr/instance-out.sql,0.00,0.00
CZ04/Rt3&0&rDXHP&Ex&HV_AirDist__SupFanMtr/NE-HVAC-FanBelt-SynchVBelt-Msr/instance-out.sql,0.00,0.00
CZ04/RtL&0&rDXHP&Ex&HV_AirDist__SupFanMtr/NE-HVAC-FanBelt-VBelt-Std/instance-out.sql,0.00,0.00
CZ04/RtL&0&rDXHP&Ex&HV_AirDist__SupFanMtr/NE-HVAC-FanBelt-CoggedVBelt-Msr/instance-out.sql,0.00,0.00
CZ04/RtL&0&rDXHP&Ex&HV_AirDist__SupFanMtr/NE-HVAC-FanBelt-SynchVBelt-Msr/instance-out.sql,0.00,0.00
CZ04/RtS&0&rDXHP&Ex&HV_AirDist__SupFanMtr/NE-HVAC-FanBelt-VBelt-Std/instance-out.sql,0.00,0.00
CZ04/RtS&0&rDXHP&Ex&HV_AirDist__SupFanMtr/NE-HVAC-FanBelt-CoggedVBelt-Msr/instance-out.sql,0.00,0.00
CZ04/RtS&0&rDXHP&Ex&HV_AirDist__SupFanMtr/NE-HVAC-FanBelt-SynchVBelt-Msr/instance-out.sql,0.00,0.00
CZ04/SCn&0&rDXHP&Ex&HV_AirDist__SupFanMtr/NE-HVAC-FanBelt-VBelt-Std/instance-out.sql,0.00,0.00
CZ04/SCn&0&rDXHP&Ex&HV_AirDist__SupFanMtr/NE-HVAC-FanBelt-CoggedVBelt-Msr/instance-out.sql,0.00,0.00
CZ04/SCn&0&rDXHP&Ex&HV_AirDist__SupFanMtr/NE-HVAC-FanBelt-SynchVBelt-Msr/instance-out.sql,0.00,0.00
CZ05/Asm&0&rDXHP&Ex&HV_AirDist__SupFanMtr/NE-HVAC-FanBelt-VBelt-Std/instance-out.sql,0.00,0.00
CZ05/Asm&0&rDXHP&Ex&HV_AirDist__SupFanMtr/NE-HVAC-FanBelt-CoggedVBelt-Msr/instance-out.sql,0.00,0.00
CZ05/Asm&0&rDXHP&Ex&HV_AirDist__SupFanMtr/NE-HVAC-FanBelt-SynchVBelt-Msr/instance-out.sql,0.00,0.00
CZ05/ECC&0&rDXHP&Ex&HV_AirDist__SupFanMtr/NE-HVAC-FanBelt-VBelt-Std/instance-out.sql,0.00,1809.17
CZ05/ECC&0&rDXHP&Ex&HV_AirDist__SupFanMtr/NE-HVAC-FanBelt-CoggedVBelt-Msr/instance-out.sql,0.00,1804.83
CZ05/ECC&0&rDXHP&Ex&HV_AirDist__SupFanMtr/NE-HVAC-FanBelt-SynchVBelt-Msr/instance-out.sql,0.00,1803.17
CZ05/EPr&0&rDXHP&Ex&HV_AirDist__SupFanMtr/NE-HVAC-FanBelt-VBelt-Std/instance-out.sql,0.00,0.00
CZ05/EPr&0&rDXHP&Ex&HV_AirDist__SupFanMtr/NE-HVAC-FanBelt-CoggedVBelt-Msr/instance-out.sql,0.00,0.00
CZ05/EPr&0&rDXHP&Ex&HV_AirDist__SupFanMtr/NE-HVAC-FanBelt-SynchVBelt-Msr/instance-out.sql,0.00,0.00
CZ05/ERC&0&rDXHP&Ex&HV_AirDist__SupFanMtr/NE-HVAC-FanBelt-VBelt-Std/instance-out.sql,0.00,0.00
CZ05/ERC&0&rDXHP&Ex&HV_AirDist__SupFanMtr/NE-HVAC-FanBelt-CoggedVBelt-Msr/instance-out.sql,0.00,0.00
CZ05/ERC&0&rDXHP&Ex&HV_AirDist__SupFanMtr/NE-HVAC-FanBelt-SynchVBelt-Msr/instance-out.sql,0.00,0.00
CZ05/ESe&0&rDXHP&Ex&HV_AirDist__SupFanMtr/NE-HVAC-FanBelt-VBelt-Std/instance-out.sql,0.00,0.00
CZ05/ESe&0&rDXHP&Ex&HV_AirDist__SupFanMtr/NE-HVAC-FanBelt-CoggedVBelt-Msr/instance-out.sql,0.00,0.00
CZ05/ESe&0&rDXHP&Ex&HV_AirDist__SupFanMtr/NE-HVAC-FanBelt-SynchVBelt-Msr/instance-out.sql,0.00,0.00
CZ05/EUn&0&rDXHP&Ex&HV_AirDist__SupFanMtr/NE-HVAC-FanBelt-VBelt-Std/instance-out.sql,0.00,249.50
CZ05/EUn&0&rDXHP&Ex&HV_AirDist__SupFanMtr/NE-HVAC-FanBelt-CoggedVBelt-Msr/instance-out.sql,0.00,249.50
CZ05/EUn&0&rDXHP&Ex&HV_AirDist__SupFanMtr/NE-HVAC-FanBelt-SynchVBelt-Msr/instance-out.sql,0.00,249.50
CZ05/Hsp&0&rDXHP&Ex&HV_AirDist__SupFanMtr/NE-HVAC-FanBelt-VBelt-Std/instance-out.sql,0.00,0.00
CZ05/Hsp&0&rDXHP&Ex&HV_AirDist__SupFanMtr/NE-HVAC-FanBelt-CoggedVBelt-Msr/instance-out.sql,0.00,0.00
CZ05/Hsp&0&rDXHP&Ex&HV_AirDist__SupFanMtr/NE-HVAC-FanBelt-SynchVBelt-Msr/instance-out.sql,0.00,0.00
CZ05/MBT&0&rDXHP&Ex&HV_AirDist__SupFanMtr/NE-HVAC-FanBelt-VBelt-Std/instance-out.sql,0.00,0.67
CZ05/MBT&0&rDXHP&Ex&HV_AirDist__SupFanMtr/NE-HVAC-FanBelt-CoggedVBelt-Msr/instance-out.sql,0.00,0.67
CZ05/MBT&0&rDXHP&Ex&HV_AirDist__SupFanMtr/NE-HVAC-FanBelt-SynchVBelt-Msr/instance-out.sql,0.00,0.67
CZ05/MLI&0&rDXHP&Ex&HV_AirDist__SupFanMtr/NE-HVAC-FanBelt-VBelt-Std/instance-out.sql,0.00,0.00
CZ05/MLI&0&rDXHP&Ex&HV_AirDist__SupFanMtr/NE-HVAC-FanBelt-CoggedVBelt-Msr/instance-out.sql,0.00,0.00
CZ05/MLI&0&rDXHP&Ex&HV_AirDist__SupFanMtr/NE-HVAC-FanBelt-SynchVBelt-Msr/instance-out.sql,0.00,0.00
CZ05/Mtl&0&rDXHP&Ex&HV_AirDist__SupFanMtr/NE-HVAC-FanBelt-VBelt-Std/instance-out.sql,0.00,56.33
CZ05/Mtl&0&rDXHP&Ex&HV_AirDist__SupFanMtr/NE-HVAC-FanBelt-CoggedVBelt-Msr/instance-out.sql,0.00,56.17
CZ05/Mtl&0&rDXHP&Ex&HV_AirDist__SupFanMtr/NE-HVAC-FanBelt-SynchVBelt-Msr/instance-out.sql,0.00,56.33
CZ05/Nrs&0&rDXHP&Ex&HV_AirDist__SupFanMtr/NE-HVAC-FanBelt-VBelt-Std/instance-out.sql,0.00,1.33
CZ05/Nrs&0&rDXHP&Ex&HV_AirDist__SupFanMtr/NE-HVAC-FanBelt-CoggedVBelt-Msr/instance-out.sql,0.00,1.33
CZ05/Nrs&0&rDXHP&Ex&HV_AirDist__SupFanMtr/NE-HVAC-FanBelt-SynchVBelt-Msr/instance-out.sql,0.00,1.33
CZ05/OfL&0&rDXHP&Ex&HV_AirDist__SupFanMtr/NE-HVAC-FanBelt-VBelt-Std/instance-out.sql,1.00,223.17
CZ05/OfL&0&rDXHP&Ex&HV_AirDist__SupFanMtr/NE-HVAC-FanBelt-CoggedVBelt-Msr/instance-out.sql,1.17,223.17
CZ05/OfL&0&rDXHP&Ex&HV_AirDist__SupFanMtr/NE-HVAC-FanBelt-SynchVBelt-Msr/instance-out.sql,1.00,223.17
CZ05/OfS&0&rDXHP&Ex&HV_AirDist__SupFanMtr/NE-HVAC-FanBelt-VBelt-Std/instance-out.sql,0.00,153.17
CZ05/OfS&0&rDXHP&Ex&HV_AirDist__SupFanMtr/NE-HVAC-FanBelt-CoggedVBelt-Msr/instance-out.sql,0.00,154.17
CZ05/OfS&0&rDXHP&Ex&HV_AirDist__SupFanMtr/NE-HVAC-FanBelt-SynchVBelt-Msr/instance-out.sql,0.00,153.17
CZ05/RFF&0&rDXHP&Ex&HV_AirDist__SupFanMtr/NE-HVAC-FanBelt-VBelt-Std/instance-out.sql,0.00,0.00
CZ05/RFF&0&rDXHP&Ex&HV_AirDist__SupFanMtr/NE-HVAC-FanBelt-CoggedVBelt-Msr/instance-out.sql,0.00,0.00
CZ05/RFF&0&rDXHP&Ex&HV_AirDist__SupFanMtr/NE-HVAC-FanBelt-SynchVBelt-Msr/instance-out.sql,0.00,0.00
CZ05/RSD&0&rDXHP&Ex&HV_AirDist__SupFanMtr/NE-HVAC-FanBelt-VBelt-Std/instance-out.sql,0.00,0.00
CZ05/RSD&0&rDXHP&Ex&HV_AirDist__SupFanMtr/NE-HVAC-FanBelt-CoggedVBelt-Msr/instance-out.sql,0.00,0.00
CZ05/RSD&0&rDXHP&Ex&HV_AirDist__SupFanMtr/NE-HVAC-FanBelt-SynchVBelt-Msr/instance-out.sql,0.00,0.00
CZ05/Rt3&0&rDXHP&Ex&HV_AirDist__SupFanMtr/NE-HVAC-FanBelt-VBelt-Std/instance-out.sql,0.00,0.00
CZ05/Rt3&0&rDXHP&Ex&HV_AirDist__SupFanMtr/NE-HVAC-FanBelt-CoggedVBelt-Msr/instance-out.sql,0.00,0.00
CZ05/Rt3&0&rDXHP&Ex&HV_AirDist__SupFanMtr/NE-HVAC-FanBelt-SynchVBelt-Msr/instance-out.sql,0.00,0.00
CZ05/RtL&0&rDXHP&Ex&HV_AirDist__SupFanMtr/NE-HVAC-FanBelt-VBelt-Std/instance-out.sql,0.00,0.00
CZ05/RtL&0&rDXHP&Ex&HV_AirDist__SupFanMtr/NE-HVAC-FanBelt-CoggedVBelt-Msr/instance-out.sql,0.00,0.00
CZ05/RtL&0&rDXHP&Ex&HV_AirDist__SupFanMtr/NE-HVAC-FanBelt-SynchVBelt-Msr/instance-out.sql,0.00,0.00
CZ05/RtS&0&rDXHP&Ex&HV_AirDist__SupFanMtr/NE-HVAC-FanBelt-VBelt-Std/instance-out.sql,0.00,0.00
CZ05/RtS&0&rDXHP&Ex&HV_AirDist__SupFanMtr/NE-HVAC-FanBelt-CoggedVBelt-Msr/instance-out.sql,0.00,0.00
CZ05/RtS&0&rDXHP&Ex&HV_AirDist__SupFanMtr/NE-HVAC-FanBelt-SynchVBelt-Msr/instance-out.sql,0.00,0.00
CZ05/SCn&0&rDXHP&Ex&HV_AirDist__SupFanMtr/NE-HVAC-FanBelt-VBelt-Std/instance-out.sql,0.00,0.00
CZ05/SCn&0&rDXHP&Ex&HV_AirDist__SupFanMtr/NE-HVAC-FanBelt-CoggedVBelt-Msr/instance-out.sql,0.00,0.00
CZ05/SCn&0&rDXHP&Ex&HV_AirDist__SupFanMtr/NE-HVAC-FanBelt-SynchVBelt-Msr/instance-out.sql,0.00,0.00
CZ06/Asm&0&rDXHP&Ex&HV_AirDist__SupFanMtr/NE-HVAC-FanBelt-VBelt-Std/instance-out.sql,0.00,0.00
CZ06/Asm&0&rDXHP&Ex&HV_AirDist__SupFanMtr/NE-HVAC-FanBelt-CoggedVBelt-Msr/instance-out.sql,0.00,0.00
CZ06/Asm&0&rDXHP&Ex&HV_AirDist__SupFanMtr/NE-HVAC-FanBelt-SynchVBelt-Msr/instance-out.sql,0.00,0.00
CZ06/ECC&0&rDXHP&Ex&HV_AirDist__SupFanMtr/NE-HVAC-FanBelt-VBelt-Std/instance-out.sql,0.00,2296.83
CZ06/ECC&0&rDXHP&Ex&HV_AirDist__SupFanMtr/NE-HVAC-FanBelt-CoggedVBelt-Msr/instance-out.sql,0.00,2296.33
CZ06/ECC&0&rDXHP&Ex&HV_AirDist__SupFanMtr/NE-HVAC-FanBelt-SynchVBelt-Msr/instance-out.sql,0.00,2296.00
CZ06/EPr&0&rDXHP&Ex&HV_AirDist__SupFanMtr/NE-HVAC-FanBelt-VBelt-Std/instance-out.sql,0.00,0.00
CZ06/EPr&0&rDXHP&Ex&HV_AirDist__SupFanMtr/NE-HVAC-FanBelt-CoggedVBelt-Msr/instance-out.sql,0.00,0.00
CZ06/EPr&0&rDXHP&Ex&HV_AirDist__SupFanMtr/NE-HVAC-FanBelt-SynchVBelt-Msr/instance-out.sql,0.00,0.00
CZ06/ERC&0&rDXHP&Ex&HV_AirDist__SupFanMtr/NE-HVAC-FanBelt-VBelt-Std/instance-out.sql,0.00,0.00
CZ06/ERC&0&rDXHP&Ex&HV_AirDist__SupFanMtr/NE-HVAC-FanBelt-CoggedVBelt-Msr/instance-out.sql,0.00,0.00
CZ06/ERC&0&rDXHP&Ex&HV_AirDist__SupFanMtr/NE-HVAC-FanBelt-SynchVBelt-Msr/instance-out.sql,0.00,0.00
CZ06/ESe&0&rDXHP&Ex&HV_AirDist__SupFanMtr/NE-HVAC-FanBelt-VBelt-Std/instance-out.sql,0.00,0.00
CZ06/ESe&0&rDXHP&Ex&HV_AirDist__SupFanMtr/NE-HVAC-FanBelt-CoggedVBelt-Msr/instance-out.sql,0.00,0.00
CZ06/ESe&0&rDXHP&Ex&HV_AirDist__SupFanMtr/NE-HVAC-FanBelt-SynchVBelt-Msr/instance-out.sql,0.00,0.00
CZ06/EUn&0&rDXHP&Ex&HV_AirDist__SupFanMtr/NE-HVAC-FanBelt-VBelt-Std/instance-out.sql,0.00,270.00
CZ06/EUn&0&rDXHP&Ex&HV_AirDist__SupFanMtr/NE-HVAC-FanBelt-CoggedVBelt-Msr/instance-out.sql,0.00,270.00
CZ06/EUn&0&rDXHP&Ex&HV_AirDist__SupFanMtr/NE-HVAC-FanBelt-SynchVBelt-Msr/instance-out.sql,0.00,269.83
CZ06/Hsp&0&rDXHP&Ex&HV_AirDist__SupFanMtr/NE-HVAC-FanBelt-VBelt-Std/instance-out.sql,0.00,0.00
CZ06/Hsp&0&rDXHP&Ex&HV_AirDist__SupFanMtr/NE-HVAC-FanBelt-CoggedVBelt-Msr/instance-out.sql,0.00,0.00
CZ06/Hsp&0&rDXHP&Ex&HV_AirDist__SupFanMtr/NE-HVAC-FanBelt-SynchVBelt-Msr/instance-out.sql,0.00,0.00
CZ06/MBT&0&rDXHP&Ex&HV_AirDist__SupFanMtr/NE-HVAC-FanBelt-VBelt-Std/instance-out.sql,0.00,2.17
CZ06/MBT&0&rDXHP&Ex&HV_AirDist__SupFanMtr/NE-HVAC-FanBelt-CoggedVBelt-Msr/instance-out.sql,0.00,2.17
CZ06/MBT&0&rDXHP&Ex&HV_AirDist__SupFanMtr/NE-HVAC-FanBelt-SynchVBelt-Msr/instance-out.sql,0.00,2.17
CZ06/MLI&0&rDXHP&Ex&HV_AirDist__SupFanMtr/NE-HVAC-FanBelt-VBelt-Std/instance-out.sql,0.00,0.00
CZ06/MLI&0&rDXHP&Ex&HV_AirDist__SupFanMtr/NE-HVAC-FanBelt-CoggedVBelt-Msr/instance-out.sql,0.00,0.00
CZ06/MLI&0&rDXHP&Ex&HV_AirDist__SupFanMtr/NE-HVAC-FanBelt-SynchVBelt-Msr/instance-out.sql,0.00,0.00
CZ06/Mtl&0&rDXHP&Ex&HV_AirDist__SupFanMtr/NE-HVAC-FanBelt-VBelt-Std/instance-out.sql,0.00,87.00
CZ06/Mtl&0&rDXHP&Ex&HV_AirDist__SupFanMtr/NE-HVAC-FanBelt-CoggedVBelt-Msr/instance-out.sql,0.00,86.00
CZ06/Mtl&0&rDXHP&Ex&HV_AirDist__SupFanMtr/NE-HVAC-FanBelt-SynchVBelt-Msr/instance-out.sql,0.00,86.00
CZ06/Nrs&0&rDXHP&Ex&HV_AirDist__SupFanMtr/NE-HVAC-FanBelt-VBelt-Std/instance-out.sql,0.00,1.83
CZ06/Nrs&0&rDXHP&Ex&HV_AirDist__SupFanMtr/NE-HVAC-FanBelt-CoggedVBelt-Msr/instance-out.sql,0.00,1.83
CZ06/Nrs&0&rDXHP&Ex&HV_AirDist__SupFanMtr/NE-HVAC-FanBelt-SynchVBelt-Msr/instance-out.sql,0.00,1.83
CZ06/OfL&0&rDXHP&Ex&HV_AirDist__SupFanMtr/NE-HVAC-FanBelt-VBelt-Std/instance-out.sql,0.00,263.00
CZ06/OfL&0&rDXHP&Ex&HV_AirDist__SupFanMtr/NE-HVAC-FanBelt-CoggedVBelt-Msr/instance-out.sql,0.00,263.00
CZ06/OfL&0&rDXHP&Ex&HV_AirDist__SupFanMtr/NE-HVAC-FanBelt-SynchVBelt-Msr/instance-out.sql,0.00,263.00
CZ06/OfS&0&rDXHP&Ex&HV_AirDist__SupFanMtr/NE-HVAC-FanBelt-VBelt-Std/instance-out.sql,0.00,199.50
CZ06/OfS&0&rDXHP&Ex&HV_AirDist__SupFanMtr/NE-HVAC-FanBelt-CoggedVBelt-Msr/instance-out.sql,0.00,199.50
CZ06/OfS&0&rDXHP&Ex&HV_AirDist__SupFanMtr/NE-HVAC-FanBelt-SynchVBelt-Msr/instance-out.sql,0.00,199.50
CZ06/RFF&0&rDXHP&Ex&HV_AirDist__SupFanMtr/NE-HVAC-FanBelt-VBelt-Std/instance-out.sql,0.00,0.00
CZ06/RFF&0&rDXHP&Ex&HV_AirDist__SupFanMtr/NE-HVAC-FanBelt-CoggedVBelt-Msr/instance-out.sql,0.00,0.00
CZ06/RFF&0&rDXHP&Ex&HV_AirDist__SupFanMtr/NE-HVAC-FanBelt-SynchVBelt-Msr/instance-out.sql,0.00,0.00
CZ06/RSD&0&rDXHP&Ex&HV_AirDist__SupFanMtr/NE-HVAC-FanBelt-VBelt-Std/instance-out.sql,0.00,0.00
CZ06/RSD&0&rDXHP&Ex&HV_AirDist__SupFanMtr/NE-HVAC-FanBelt-CoggedVBelt-Msr/instance-out.sql,0.00,0.00
CZ06/RSD&0&rDXHP&Ex&HV_AirDist__SupFanMtr/NE-HVAC-FanBelt-SynchVBelt-Msr/instance-out.sql,0.00,0.00
CZ06/Rt3&0&rDXHP&Ex&HV_AirDist__SupFanMtr/NE-HVAC-FanBelt-VBelt-Std/instance-out.sql,0.00,0.00
CZ06/Rt3&0&rDXHP&Ex&HV_AirDist__SupFanMtr/NE-HVAC-FanBelt-CoggedVBelt-Msr/instance-out.sql,0.00,0.00
CZ06/Rt3&0&rDXHP&Ex&HV_AirDist__SupFanMtr/NE-HVAC-FanBelt-SynchVBelt-Msr/instance-out.sql,0.00,0.00
CZ06/RtL&0&rDXHP&Ex&HV_AirDist__SupFanMtr/NE-HVAC-FanBelt-VBelt-Std/instance-out.sql,0.00,0.00
CZ06/RtL&0&rDXHP&Ex&HV_AirDist__SupFanMtr/NE-HVAC-FanBelt-CoggedVBelt-Msr/instance-out.sql,0.00,0.00
CZ06/RtL&0&rDXHP&Ex&HV_AirDist__SupFanMtr/NE-HVAC-FanBelt-SynchVBelt-Msr/instance-out.sql,0.00,0.00
CZ06/RtS&0&rDXHP&Ex&HV_AirDist__SupFanMtr/NE-HVAC-FanBelt-VBelt-Std/instance-out.sql,0.00,0.00
CZ06/RtS&0&rDXHP&Ex&HV_AirDist__SupFanMtr/NE-HVAC-FanBelt-CoggedVBelt-Msr/instance-out.sql,0.00,0.00
CZ06/RtS&0&rDXHP&Ex&HV_AirDist__SupFanMtr/NE-HVAC-FanBelt-SynchVBelt-Msr/instance-out.sql,0.00,0.00
CZ06/SCn&0&rDXHP&Ex&HV_AirDist__SupFanMtr/NE-HVAC-FanBelt-VBelt-Std/instance-out.sql,0.00,0.00
CZ06/SCn&0&rDXHP&Ex&HV_AirDist__SupFanMtr/NE-HVAC-FanBelt-CoggedVBelt-Msr/instance-out.sql,0.00,0.00
CZ06/SCn&0&rDXHP&Ex&HV_AirDist__SupFanMtr/NE-HVAC-FanBelt-SynchVBelt-Msr/instance-out.sql,0.00,0.00
CZ07/Asm&0&rDXHP&Ex&HV_AirDist__SupFanMtr/NE-HVAC-FanBelt-VBelt-Std/instance-out.sql,0.00,0.00
CZ07/Asm&0&rDXHP&Ex&HV_AirDist__SupFanMtr/NE-HVAC-FanBelt-CoggedVBelt-Msr/instance-out.sql,0.00,0.00
CZ07/Asm&0&rDXHP&Ex&HV_AirDist__SupFanMtr/NE-HVAC-FanBelt-SynchVBelt-Msr/instance-out.sql,0.00,0.00
CZ07/ECC&0&rDXHP&Ex&HV_AirDist__SupFanMtr/NE-HVAC-FanBelt-VBelt-Std/instance-out.sql,0.00,61.50
CZ07/ECC&0&rDXHP&Ex&HV_AirDist__SupFanMtr/NE-HVAC-FanBelt-CoggedVBelt-Msr/instance-out.sql,0.00,61.50
CZ07/ECC&0&rDXHP&Ex&HV_AirDist__SupFanMtr/NE-HVAC-FanBelt-SynchVBelt-Msr/instance-out.sql,0.00,61.50
CZ07/EPr&0&rDXHP&Ex&HV_AirDist__SupFanMtr/NE-HVAC-FanBelt-VBelt-Std/instance-out.sql,0.00,0.00
CZ07/EPr&0&rDXHP&Ex&HV_AirDist__SupFanMtr/NE-HVAC-FanBelt-CoggedVBelt-Msr/instance-out.sql,0.00,0.00
CZ07/EPr&0&rDXHP&Ex&HV_AirDist__SupFanMtr/NE-HVAC-FanBelt-SynchVBelt-Msr/instance-out.sql,0.00,0.00
CZ07/ERC&0&rDXHP&Ex&HV_AirDist__SupFanMtr/NE-HVAC-FanBelt-VBelt-Std/instance-out.sql,0.00,0.00
CZ07/ERC&0&rDXHP&Ex&HV_AirDist__SupFanMtr/NE-HVAC-FanBelt-CoggedVBelt-Msr/instance-out.sql,0.00,0.00
CZ07/ERC&0&rDXHP&Ex&HV_AirDist__SupFanMtr/NE-HVAC-FanBelt-SynchVBelt-Msr/instance-out.sql,0.00,0.00
CZ07/ESe&0&rDXHP&Ex&HV_AirDist__SupFanMtr/NE-HVAC-FanBelt-VBelt-Std/instance-out.sql,0.00,0.00
CZ07/ESe&0&rDXHP&Ex&HV_AirDist__SupFanMtr/NE-HVAC-FanBelt-CoggedVBelt-Msr/instance-out.sql,0.00,0.00
CZ07/ESe&0&rDXHP&Ex&HV_AirDist__SupFanMtr/NE-HVAC-FanBelt-SynchVBelt-Msr/instance-out.sql,0.00,0.00
CZ07/EUn&0&rDXHP&Ex&HV_AirDist__SupFanMtr/NE-HVAC-FanBelt-VBelt-Std/instance-out.sql,0.00,242.17
CZ07/EUn&0&rDXHP&Ex&HV_AirDist__SupFanMtr/NE-HVAC-FanBelt-CoggedVBelt-Msr/instance-out.sql,0.00,241.00
CZ07/EUn&0&rDXHP&Ex&HV_AirDist__SupFanMtr/NE-HVAC-FanBelt-SynchVBelt-Msr/instance-out.sql,0.00,240.83
CZ07/Hsp&0&rDXHP&Ex&HV_AirDist__SupFanMtr/NE-HVAC-FanBelt-VBelt-Std/instance-out.sql,0.00,0.33
CZ07/Hsp&0&rDXHP&Ex&HV_AirDist__SupFanMtr/NE-HVAC-FanBelt-CoggedVBelt-Msr/instance-out.sql,0.00,0.33
CZ07/Hsp&0&rDXHP&Ex&HV_AirDist__SupFanMtr/NE-HVAC-FanBelt-SynchVBelt-Msr/instance-out.sql,0.00,0.33
CZ07/MBT&0&rDXHP&Ex&HV_AirDist__SupFanMtr/NE-HVAC-FanBelt-VBelt-Std/instance-out.sql,0.00,1.67
CZ07/MBT&0&rDXHP&Ex&HV_AirDist__SupFanMtr/NE-HVAC-FanBelt-CoggedVBelt-Msr/instance-out.sql,0.00,1.67
CZ07/MBT&0&rDXHP&Ex&HV_AirDist__SupFanMtr/NE-HVAC-FanBelt-SynchVBelt-Msr/instance-out.sql,0.00,1.67
CZ07/MLI&0&rDXHP&Ex&HV_AirDist__SupFanMtr/NE-HVAC-FanBelt-VBelt-Std/instance-out.sql,0.00,0.00
CZ07/MLI&0&rDXHP&Ex&HV_AirDist__SupFanMtr/NE-HVAC-FanBelt-CoggedVBelt-Msr/instance-out.sql,0.00,0.00
CZ07/MLI&0&rDXHP&Ex&HV_AirDist__SupFanMtr/NE-HVAC-FanBelt-SynchVBelt-Msr/instance-out.sql,0.00,0.00
CZ07/Mtl&0&rDXHP&Ex&HV_AirDist__SupFanMtr/NE-HVAC-FanBelt-VBelt-Std/instance-out.sql,0.00,63.17
CZ07/Mtl&0&rDXHP&Ex&HV_AirDist__SupFanMtr/NE-HVAC-FanBelt-CoggedVBelt-Msr/instance-out.sql,0.00,63.17
CZ07/Mtl&0&rDXHP&Ex&HV_AirDist__SupFanMtr/NE-HVAC-FanBelt-SynchVBelt-Msr/instance-out.sql,0.00,63.00
CZ07/Nrs&0&rDXHP&Ex&HV_AirDist__SupFanMtr/NE-HVAC-FanBelt-VBelt-Std/instance-out.sql,0.00,0.33
CZ07/Nrs&0&rDXHP&Ex&HV_AirDist__SupFanMtr/NE-HVAC-FanBelt-CoggedVBelt-Msr/instance-out.sql,0.00,0.33
CZ07/Nrs&0&rDXHP&Ex&HV_AirDist__SupFanMtr/NE-HVAC-FanBelt-SynchVBelt-Msr/instance-out.sql,0.00,0.33
CZ07/OfL&0&rDXHP&Ex&HV_AirDist__SupFanMtr/NE-HVAC-FanBelt-VBelt-Std/instance-out.sql,0.00,242.67
CZ07/OfL&0&rDXHP&Ex&HV_AirDist__SupFanMtr/NE-HVAC-FanBelt-CoggedVBelt-Msr/instance-out.sql,0.00,242.67
CZ07/OfL&0&rDXHP&Ex&HV_AirDist__SupFanMtr/NE-HVAC-FanBelt-SynchVBelt-Msr/instance-out.sql,0.00,242.67
CZ07/OfS&0&rDXHP&Ex&HV_AirDist__SupFanMtr/NE-HVAC-FanBelt-VBelt-Std/instance-out.sql,0.00,184.83
CZ07/OfS&0&rDXHP&Ex&HV_AirDist__SupFanMtr/NE-HVAC-FanBelt-CoggedVBelt-Msr/instance-out.sql,0.00,184.67
CZ07/OfS&0&rDXHP&Ex&HV_AirDist__SupFanMtr/NE-HVAC-FanBelt-SynchVBelt-Msr/instance-out.sql,0.00,184.67
CZ07/RFF&0&rDXHP&Ex&HV_AirDist__SupFanMtr/NE-HVAC-FanBelt-VBelt-Std/instance-out.sql,0.00,0.00
CZ07/RFF&0&rDXHP&Ex&HV_AirDist__SupFanMtr/NE-HVAC-FanBelt-CoggedVBelt-Msr/instance-out.sql,0.00,0.00
CZ07/RFF&0&rDXHP&Ex&HV_AirDist__SupFanMtr/NE-HVAC-FanBelt-SynchVBelt-Msr/instance-out.sql,0.00,0.00
CZ07/RSD&0&rDXHP&Ex&HV_AirDist__SupFanMtr/NE-HVAC-FanBelt-VBelt-Std/instance-out.sql,0.00,0.00
CZ07/RSD&0&rDXHP&Ex&HV_AirDist__SupFanMtr/NE-HVAC-FanBelt-CoggedVBelt-Msr/instance-out.sql,0.00,0.00
CZ07/RSD&0&rDXHP&Ex&HV_AirDist__SupFanMtr/NE-HVAC-FanBelt-SynchVBelt-Msr/instance-out.sql,0.00,0.00
CZ07/Rt3&0&rDXHP&Ex&HV_AirDist__SupFanMtr/NE-HVAC-FanBelt-VBelt-Std/instance-out.sql,0.00,0.00
CZ07/Rt3&0&rDXHP&Ex&HV_AirDist__SupFanMtr/NE-HVAC-FanBelt-CoggedVBelt-Msr/instance-out.sql,0.00,0.00
CZ07/Rt3&0&rDXHP&Ex&HV_AirDist__SupFanMtr/NE-HVAC-FanBelt-SynchVBelt-Msr/instance-out.sql,0.00,0.00
CZ07/RtL&0&rDXHP&Ex&HV_AirDist__SupFanMtr/NE-HVAC-FanBelt-VBelt-Std/instance-out.sql,0.00,0.00
CZ07/RtL&0&rDXHP&Ex&HV_AirDist__SupFanMtr/NE-HVAC-FanBelt-CoggedVBelt-Msr/instance-out.sql,0.00,0.00
CZ07/RtL&0&rDXHP&Ex&HV_AirDist__SupFanMtr/NE-HVAC-FanBelt-SynchVBelt-Msr/instance-out.sql,0.00,0.00
CZ07/RtS&0&rDXHP&Ex&HV_AirDist__SupFanMtr/NE-HVAC-FanBelt-VBelt-Std/instance-out.sql,0.00,0.00
CZ07/RtS&0&rDXHP&Ex&HV_AirDist__SupFanMtr/NE-HVAC-FanBelt-CoggedVBelt-Msr/instance-out.sql,0.00,0.00
CZ07/RtS&0&rDXHP&Ex&HV_AirDist__SupFanMtr/NE-HVAC-FanBelt-SynchVBelt-Msr/instance-out.sql,0.00,0.00
CZ07/SCn&0&rDXHP&Ex&HV_AirDist__SupFanMtr/NE-HVAC-FanBelt-VBelt-Std/instance-out.sql,0.00,0.00
CZ07/SCn&0&rDXHP&Ex&HV_AirDist__SupFanMtr/NE-HVAC-FanBelt-CoggedVBelt-Msr/instance-out.sql,0.00,0.00
CZ07/SCn&0&rDXHP&Ex&HV_AirDist__SupFanMtr/NE-HVAC-FanBelt-SynchVBelt-Msr/instance-out.sql,0.00,0.00
CZ08/Asm&0&rDXHP&Ex&HV_AirDist__SupFanMtr/NE-HVAC-FanBelt-VBelt-Std/instance-out.sql,0.00,0.00
CZ08/Asm&0&rDXHP&Ex&HV_AirDist__SupFanMtr/NE-HVAC-FanBelt-CoggedVBelt-Msr/instance-out.sql,0.00,0.00
CZ08/Asm&0&rDXHP&Ex&HV_AirDist__SupFanMtr/NE-HVAC-FanBelt-SynchVBelt-Msr/instance-out.sql,0.00,0.00
CZ08/ECC&0&rDXHP&Ex&HV_AirDist__SupFanMtr/NE-HVAC-FanBelt-VBelt-Std/instance-out.sql,0.00,64.67
CZ08/ECC&0&rDXHP&Ex&HV_AirDist__SupFanMtr/NE-HVAC-FanBelt-CoggedVBelt-Msr/instance-out.sql,0.00,64.67
CZ08/ECC&0&rDXHP&Ex&HV_AirDist__SupFanMtr/NE-HVAC-FanBelt-SynchVBelt-Msr/instance-out.sql,0.00,64.67
CZ08/EPr&0&rDXHP&Ex&HV_AirDist__SupFanMtr/NE-HVAC-FanBelt-VBelt-Std/instance-out.sql,0.00,0.00
CZ08/EPr&0&rDXHP&Ex&HV_AirDist__SupFanMtr/NE-HVAC-FanBelt-CoggedVBelt-Msr/instance-out.sql,0.00,0.00
CZ08/EPr&0&rDXHP&Ex&HV_AirDist__SupFanMtr/NE-HVAC-FanBelt-SynchVBelt-Msr/instance-out.sql,0.00,0.00
CZ08/ERC&0&rDXHP&Ex&HV_AirDist__SupFanMtr/NE-HVAC-FanBelt-VBelt-Std/instance-out.sql,0.00,0.00
CZ08/ERC&0&rDXHP&Ex&HV_AirDist__SupFanMtr/NE-HVAC-FanBelt-CoggedVBelt-Msr/instance-out.sql,0.00,0.00
CZ08/ERC&0&rDXHP&Ex&HV_AirDist__SupFanMtr/NE-HVAC-FanBelt-SynchVBelt-Msr/instance-out.sql,0.00,0.00
CZ08/ESe&0&rDXHP&Ex&HV_AirDist__SupFanMtr/NE-HVAC-FanBelt-VBelt-Std/instance-out.sql,0.00,0.00
CZ08/ESe&0&rDXHP&Ex&HV_AirDist__SupFanMtr/NE-HVAC-FanBelt-CoggedVBelt-Msr/instance-out.sql,0.00,0.00
CZ08/ESe&0&rDXHP&Ex&HV_AirDist__SupFanMtr/NE-HVAC-FanBelt-SynchVBelt-Msr/instance-out.sql,0.00,0.00
CZ08/EUn&0&rDXHP&Ex&HV_AirDist__SupFanMtr/NE-HVAC-FanBelt-VBelt-Std/instance-out.sql,0.00,279.00
CZ08/EUn&0&rDXHP&Ex&HV_AirDist__SupFanMtr/NE-HVAC-FanBelt-CoggedVBelt-Msr/instance-out.sql,0.00,279.00
CZ08/EUn&0&rDXHP&Ex&HV_AirDist__SupFanMtr/NE-HVAC-FanBelt-SynchVBelt-Msr/instance-out.sql,0.00,279.00
CZ08/Hsp&0&rDXHP&Ex&HV_AirDist__SupFanMtr/NE-HVAC-FanBelt-VBelt-Std/instance-out.sql,0.00,1.83
CZ08/Hsp&0&rDXHP&Ex&HV_AirDist__SupFanMtr/NE-HVAC-FanBelt-CoggedVBelt-Msr/instance-out.sql,0.00,1.83
CZ08/Hsp&0&rDXHP&Ex&HV_AirDist__SupFanMtr/NE-HVAC-FanBelt-SynchVBelt-Msr/instance-out.sql,0.00,1.83
CZ08/MBT&0&rDXHP&Ex&HV_AirDist__SupFanMtr/NE-HVAC-FanBelt-VBelt-Std/instance-out.sql,0.00,7.67
CZ08/MBT&0&rDXHP&Ex&HV_AirDist__SupFanMtr/NE-HVAC-FanBelt-CoggedVBelt-Msr/instance-out.sql,0.00,7.67
CZ08/MBT&0&rDXHP&Ex&HV_AirDist__SupFanMtr/NE-HVAC-FanBelt-SynchVBelt-Msr/instance-out.sql,0.00,7.67
CZ08/MLI&0&rDXHP&Ex&HV_AirDist__SupFanMtr/NE-HVAC-FanBelt-VBelt-Std/instance-out.sql,0.00,0.00
CZ08/MLI&0&rDXHP&Ex&HV_AirDist__SupFanMtr/NE-HVAC-FanBelt-CoggedVBelt-Msr/instance-out.sql,0.00,0.00
CZ08/MLI&0&rDXHP&Ex&HV_AirDist__SupFanMtr/NE-HVAC-FanBelt-SynchVBelt-Msr/instance-out.sql,0.00,0.00
CZ08/Mtl&0&rDXHP&Ex&HV_AirDist__SupFanMtr/NE-HVAC-FanBelt-VBelt-Std/instance-out.sql,0.00,95.00
CZ08/Mtl&0&rDXHP&Ex&HV_AirDist__SupFanMtr/NE-HVAC-FanBelt-CoggedVBelt-Msr/instance-out.sql,0.00,95.00
CZ08/Mtl&0&rDXHP&Ex&HV_AirDist__SupFanMtr/NE-HVAC-FanBelt-SynchVBelt-Msr/instance-out.sql,0.00,95.00
CZ08/Nrs&0&rDXHP&Ex&HV_AirDist__SupFanMtr/NE-HVAC-FanBelt-VBelt-Std/instance-out.sql,0.00,1.83
CZ08/Nrs&0&rDXHP&Ex&HV_AirDist__SupFanMtr/NE-HVAC-FanBelt-CoggedVBelt-Msr/instance-out.sql,0.00,1.83
CZ08/Nrs&0&rDXHP&Ex&HV_AirDist__SupFanMtr/NE-HVAC-FanBelt-SynchVBelt-Msr/instance-out.sql,0.00,1.83
CZ08/OfL&0&rDXHP&Ex&HV_AirDist__SupFanMtr/NE-HVAC-FanBelt-VBelt-Std/instance-out.sql,0.00,262.00
CZ08/OfL&0&rDXHP&Ex&HV_AirDist__SupFanMtr/NE-HVAC-FanBelt-CoggedVBelt-Msr/instance-out.sql,0.00,262.00
CZ08/OfL&0&rDXHP&Ex&HV_AirDist__SupFanMtr/NE-HVAC-FanBelt-SynchVBelt-Msr/instance-out.sql,0.00,262.00
CZ08/OfS&0&rDXHP&Ex&HV_AirDist__SupFanMtr/NE-HVAC-FanBelt-VBelt-Std/instance-out.sql,0.00,216.17
CZ08/OfS&0&rDXHP&Ex&HV_AirDist__SupFanMtr/NE-HVAC-FanBelt-CoggedVBelt-Msr/instance-out.sql,0.00,216.17
CZ08/OfS&0&rDXHP&Ex&HV_AirDist__SupFanMtr/NE-HVAC-FanBelt-SynchVBelt-Msr/instance-out.sql,0.00,216.17
CZ08/RFF&0&rDXHP&Ex&HV_AirDist__SupFanMtr/NE-HVAC-FanBelt-VBelt-Std/instance-out.sql,0.00,0.00
CZ08/RFF&0&rDXHP&Ex&HV_AirDist__SupFanMtr/NE-HVAC-FanBelt-CoggedVBelt-Msr/instance-out.sql,0.00,0.00
CZ08/RFF&0&rDXHP&Ex&HV_AirDist__SupFanMtr/NE-HVAC-FanBelt-SynchVBelt-Msr/instance-out.sql,0.00,0.00
CZ08/RSD&0&rDXHP&Ex&HV_AirDist__SupFanMtr/NE-HVAC-FanBelt-VBelt-Std/instance-out.sql,0.00,0.00
CZ08/RSD&0&rDXHP&Ex&HV_AirDist__SupFanMtr/NE-HVAC-FanBelt-CoggedVBelt-Msr/instance-out.sql,0.00,0.00
CZ08/RSD&0&rDXHP&Ex&HV_AirDist__SupFanMtr/NE-HVAC-FanBelt-SynchVBelt-Msr/instance-out.sql,0.00,0.00
CZ08/Rt3&0&rDXHP&Ex&HV_AirDist__SupFanMtr/NE-HVAC-FanBelt-VBelt-Std/instance-out.sql,0.00,0.00
CZ08/Rt3&0&rDXHP&Ex&HV_AirDist__SupFanMtr/NE-HVAC-FanBelt-CoggedVBelt-Msr/instance-out.sql,0.00,0.00
CZ08/Rt3&0&rDXHP&Ex&HV_AirDist__SupFanMtr/NE-HVAC-FanBelt-SynchVBelt-Msr/instance-out.sql,0.00,0.00
CZ08/RtL&0&rDXHP&Ex&HV_AirDist__SupFanMtr/NE-HVAC-FanBelt-VBelt-Std/instance-out.sql,0.00,0.00
CZ08/RtL&0&rDXHP&Ex&HV_AirDist__SupFanMtr/NE-HVAC-FanBelt-CoggedVBelt-Msr/instance-out.sql,0.00,0.00
CZ08/RtL&0&rDXHP&Ex&HV_AirDist__SupFanMtr/NE-HVAC-FanBelt-SynchVBelt-Msr/instance-out.sql,0.00,0.00
CZ08/RtS&0&rDXHP&Ex&HV_AirDist__SupFanMtr/NE-HVAC-FanBelt-VBelt-Std/instance-out.sql,0.00,0.00
CZ08/RtS&0&rDXHP&Ex&HV_AirDist__SupFanMtr/NE-HVAC-FanBelt-CoggedVBelt-Msr/instance-out.sql,0.00,0.00
CZ08/RtS&0&rDXHP&Ex&HV_AirDist__SupFanMtr/NE-HVAC-FanBelt-SynchVBelt-Msr/instance-out.sql,0.00,0.00
CZ08/SCn&0&rDXHP&Ex&HV_AirDist__SupFanMtr/NE-HVAC-FanBelt-VBelt-Std/instance-out.sql,0.00,0.00
CZ08/SCn&0&rDXHP&Ex&HV_AirDist__SupFanMtr/NE-HVAC-FanBelt-CoggedVBelt-Msr/instance-out.sql,0.00,0.00
CZ08/SCn&0&rDXHP&Ex&HV_AirDist__SupFanMtr/NE-HVAC-FanBelt-SynchVBelt-Msr/instance-out.sql,0.00,0.00
CZ09/Asm&0&rDXHP&Ex&HV_AirDist__SupFanMtr/NE-HVAC-FanBelt-VBelt-Std/instance-out.sql,0.00,0.00
CZ09/Asm&0&rDXHP&Ex&HV_AirDist__SupFanMtr/NE-HVAC-FanBelt-CoggedVBelt-Msr/instance-out.sql,0.00,0.00
CZ09/Asm&0&rDXHP&Ex&HV_AirDist__SupFanMtr/NE-HVAC-FanBelt-SynchVBelt-Msr/instance-out.sql,0.00,0.00
CZ09/ECC&0&rDXHP&Ex&HV_AirDist__SupFanMtr/NE-HVAC-FanBelt-VBelt-Std/instance-out.sql,0.00,12.17
CZ09/ECC&0&rDXHP&Ex&HV_AirDist__SupFanMtr/NE-HVAC-FanBelt-CoggedVBelt-Msr/instance-out.sql,0.00,12.17
CZ09/ECC&0&rDXHP&Ex&HV_AirDist__SupFanMtr/NE-HVAC-FanBelt-SynchVBelt-Msr/instance-out.sql,0.00,12.17
CZ09/EPr&0&rDXHP&Ex&HV_AirDist__SupFanMtr/NE-HVAC-FanBelt-VBelt-Std/instance-out.sql,0.00,0.00
CZ09/EPr&0&rDXHP&Ex&HV_AirDist__SupFanMtr/NE-HVAC-FanBelt-CoggedVBelt-Msr/instance-out.sql,0.00,0.00
CZ09/EPr&0&rDXHP&Ex&HV_AirDist__SupFanMtr/NE-HVAC-FanBelt-SynchVBelt-Msr/instance-out.sql,0.00,0.00
CZ09/ERC&0&rDXHP&Ex&HV_AirDist__SupFanMtr/NE-HVAC-FanBelt-VBelt-Std/instance-out.sql,0.00,0.00
CZ09/ERC&0&rDXHP&Ex&HV_AirDist__SupFanMtr/NE-HVAC-FanBelt-CoggedVBelt-Msr/instance-out.sql,0.00,0.00
CZ09/ERC&0&rDXHP&Ex&HV_AirDist__SupFanMtr/NE-HVAC-FanBelt-SynchVBelt-Msr/instance-out.sql,0.00,0.00
CZ09/ESe&0&rDXHP&Ex&HV_AirDist__SupFanMtr/NE-HVAC-FanBelt-VBelt-Std/instance-out.sql,0.00,0.00
CZ09/ESe&0&rDXHP&Ex&HV_AirDist__SupFanMtr/NE-HVAC-FanBelt-CoggedVBelt-Msr/instance-out.sql,0.00,0.00
CZ09/ESe&0&rDXHP&Ex&HV_AirDist__SupFanMtr/NE-HVAC-FanBelt-SynchVBelt-Msr/instance-out.sql,0.00,0.00
CZ09/EUn&0&rDXHP&Ex&HV_AirDist__SupFanMtr/NE-HVAC-FanBelt-VBelt-Std/instance-out.sql,0.00,284.67
CZ09/EUn&0&rDXHP&Ex&HV_AirDist__SupFanMtr/NE-HVAC-FanBelt-CoggedVBelt-Msr/instance-out.sql,0.00,284.67
CZ09/EUn&0&rDXHP&Ex&HV_AirDist__SupFanMtr/NE-HVAC-FanBelt-SynchVBelt-Msr/instance-out.sql,0.00,284.67
CZ09/Hsp&0&rDXHP&Ex&HV_AirDist__SupFanMtr/NE-HVAC-FanBelt-VBelt-Std/instance-out.sql,0.00,7.00
CZ09/Hsp&0&rDXHP&Ex&HV_AirDist__SupFanMtr/NE-HVAC-FanBelt-CoggedVBelt-Msr/instance-out.sql,0.00,7.00
CZ09/Hsp&0&rDXHP&Ex&HV_AirDist__SupFanMtr/NE-HVAC-FanBelt-SynchVBelt-Msr/instance-out.sql,0.00,7.00
CZ09/MBT&0&rDXHP&Ex&HV_AirDist__SupFanMtr/NE-HVAC-FanBelt-VBelt-Std/instance-out.sql,0.00,15.33
CZ09/MBT&0&rDXHP&Ex&HV_AirDist__SupFanMtr/NE-HVAC-FanBelt-CoggedVBelt-Msr/instance-out.sql,0.00,15.33
CZ09/MBT&0&rDXHP&Ex&HV_AirDist__SupFanMtr/NE-HVAC-FanBelt-SynchVBelt-Msr/instance-out.sql,0.00,15.33
CZ09/MLI&0&rDXHP&Ex&HV_AirDist__SupFanMtr/NE-HVAC-FanBelt-VBelt-Std/instance-out.sql,0.00,0.00
CZ09/MLI&0&rDXHP&Ex&HV_AirDist__SupFanMtr/NE-HVAC-FanBelt-CoggedVBelt-Msr/instance-out.sql,0.00,0.00
CZ09/MLI&0&rDXHP&Ex&HV_AirDist__SupFanMtr/NE-HVAC-FanBelt-SynchVBelt-Msr/instance-out.sql,0.00,0.00
CZ09/Mtl&0&rDXHP&Ex&HV_AirDist__SupFanMtr/NE-HVAC-FanBelt-VBelt-Std/instance-out.sql,0.00,115.67
CZ09/Mtl&0&rDXHP&Ex&HV_AirDist__SupFanMtr/NE-HVAC-FanBelt-CoggedVBelt-Msr/instance-out.sql,0.00,115.67
CZ09/Mtl&0&rDXHP&Ex&HV_AirDist__SupFanMtr/NE-HVAC-FanBelt-SynchVBelt-Msr/instance-out.sql,0.00,115.67
CZ09/Nrs&0&rDXHP&Ex&HV_AirDist__SupFanMtr/NE-HVAC-FanBelt-VBelt-Std/instance-out.sql,0.00,4.50
CZ09/Nrs&0&rDXHP&Ex&HV_AirDist__SupFanMtr/NE-HVAC-FanBelt-CoggedVBelt-Msr/instance-out.sql,0.00,4.50
CZ09/Nrs&0&rDXHP&Ex&HV_AirDist__SupFanMtr/NE-HVAC-FanBelt-SynchVBelt-Msr/instance-out.sql,0.00,4.50
CZ09/OfL&0&rDXHP&Ex&HV_AirDist__SupFanMtr/NE-HVAC-FanBelt-VBelt-Std/instance-out.sql,0.00,284.67
CZ09/OfL&0&rDXHP&Ex&HV_AirDist__SupFanMtr/NE-HVAC-FanBelt-CoggedVBelt-Msr/instance-out.sql,0.00,284.67
CZ09/OfL&0&rDXHP&Ex&HV_AirDist__SupFanMtr/NE-HVAC-FanBelt-SynchVBelt-Msr/instance-out.sql,0.00,284.67
CZ09/OfS&0&rDXHP&Ex&HV_AirDist__SupFanMtr/NE-HVAC-FanBelt-VBelt-Std/instance-out.sql,0.00,228.67
CZ09/OfS&0&rDXHP&Ex&HV_AirDist__SupFanMtr/NE-HVAC-FanBelt-CoggedVBelt-Msr/instance-out.sql,0.00,228.67
CZ09/OfS&0&rDXHP&Ex&HV_AirDist__SupFanMtr/NE-HVAC-FanBelt-SynchVBelt-Msr/instance-out.sql,0.00,228.67
CZ09/RFF&0&rDXHP&Ex&HV_AirDist__SupFanMtr/NE-HVAC-FanBelt-VBelt-Std/instance-out.sql,0.00,0.00
CZ09/RFF&0&rDXHP&Ex&HV_AirDist__SupFanMtr/NE-HVAC-FanBelt-CoggedVBelt-Msr/instance-out.sql,0.00,0.00
CZ09/RFF&0&rDXHP&Ex&HV_AirDist__SupFanMtr/NE-HVAC-FanBelt-SynchVBelt-Msr/instance-out.sql,0.00,0.00
CZ09/RSD&0&rDXHP&Ex&HV_AirDist__SupFanMtr/NE-HVAC-FanBelt-VBelt-Std/instance-out.sql,0.00,0.00
CZ09/RSD&0&rDXHP&Ex&HV_AirDist__SupFanMtr/NE-HVAC-FanBelt-CoggedVBelt-Msr/instance-out.sql,0.00,0.00
CZ09/RSD&0&rDXHP&Ex&HV_AirDist__SupFanMtr/NE-HVAC-FanBelt-SynchVBelt-Msr/instance-out.sql,0.00,0.00
CZ09/Rt3&0&rDXHP&Ex&HV_AirDist__SupFanMtr/NE-HVAC-FanBelt-VBelt-Std/instance-out.sql,0.00,0.00
CZ09/Rt3&0&rDXHP&Ex&HV_AirDist__SupFanMtr/NE-HVAC-FanBelt-CoggedVBelt-Msr/instance-out.sql,0.00,0.00
CZ09/Rt3&0&rDXHP&Ex&HV_AirDist__SupFanMtr/NE-HVAC-FanBelt-SynchVBelt-Msr/instance-out.sql,0.00,0.00
CZ09/RtL&0&rDXHP&Ex&HV_AirDist__SupFanMtr/NE-HVAC-FanBelt-VBelt-Std/instance-out.sql,0.00,0.00
CZ09/RtL&0&rDXHP&Ex&HV_AirDist__SupFanMtr/NE-HVAC-FanBelt-CoggedVBelt-Msr/instance-out.sql,0.00,0.00
CZ09/RtL&0&rDXHP&Ex&HV_AirDist__SupFanMtr/NE-HVAC-FanBelt-SynchVBelt-Msr/instance-out.sql,0.00,0.00
CZ09/RtS&0&rDXHP&Ex&HV_AirDist__SupFanMtr/NE-HVAC-FanBelt-VBelt-Std/instance-out.sql,0.00,0.00
CZ09/RtS&0&rDXHP&Ex&HV_AirDist__SupFanMtr/NE-HVAC-FanBelt-CoggedVBelt-Msr/instance-out.sql,0.00,0.00
CZ09/RtS&0&rDXHP&Ex&HV_AirDist__SupFanMtr/NE-HVAC-FanBelt-SynchVBelt-Msr/instance-out.sql,0.00,0.00
CZ09/SCn&0&rDXHP&Ex&HV_AirDist__SupFanMtr/NE-HVAC-FanBelt-VBelt-Std/instance-out.sql,0.00,0.00
CZ09/SCn&0&rDXHP&Ex&HV_AirDist__SupFanMtr/NE-HVAC-FanBelt-CoggedVBelt-Msr/instance-out.sql,0.00,0.00
CZ09/SCn&0&rDXHP&Ex&HV_AirDist__SupFanMtr/NE-HVAC-FanBelt-SynchVBelt-Msr/instance-out.sql,0.00,0.00
CZ10/Asm&0&rDXHP&Ex&HV_AirDist__SupFanMtr/NE-HVAC-FanBelt-VBelt-Std/instance-out.sql,0.00,0.00
CZ10/Asm&0&rDXHP&Ex&HV_AirDist__SupFanMtr/NE-HVAC-FanBelt-CoggedVBelt-Msr/instance-out.sql,0.00,0.00
CZ10/Asm&0&rDXHP&Ex&HV_AirDist__SupFanMtr/NE-HVAC-FanBelt-SynchVBelt-Msr/instance-out.sql,0.00,0.00
CZ10/ECC&0&rDXHP&Ex&HV_AirDist__SupFanMtr/NE-HVAC-FanBelt-VBelt-Std/instance-out.sql,0.00,1422.33
CZ10/ECC&0&rDXHP&Ex&HV_AirDist__SupFanMtr/NE-HVAC-FanBelt-CoggedVBelt-Msr/instance-out.sql,0.00,1422.33
CZ10/ECC&0&rDXHP&Ex&HV_AirDist__SupFanMtr/NE-HVAC-FanBelt-SynchVBelt-Msr/instance-out.sql,0.00,1422.17
CZ10/EPr&0&rDXHP&Ex&HV_AirDist__SupFanMtr/NE-HVAC-FanBelt-VBelt-Std/instance-out.sql,0.00,0.00
CZ10/EPr&0&rDXHP&Ex&HV_AirDist__SupFanMtr/NE-HVAC-FanBelt-CoggedVBelt-Msr/instance-out.sql,0.00,0.00
CZ10/EPr&0&rDXHP&Ex&HV_AirDist__SupFanMtr/NE-HVAC-FanBelt-SynchVBelt-Msr/instance-out.sql,0.00,0.00
CZ10/ERC&0&rDXHP&Ex&HV_AirDist__SupFanMtr/NE-HVAC-FanBelt-VBelt-Std/instance-out.sql,0.00,0.00
CZ10/ERC&0&rDXHP&Ex&HV_AirDist__SupFanMtr/NE-HVAC-FanBelt-CoggedVBelt-Msr/instance-out.sql,0.00,0.00
CZ10/ERC&0&rDXHP&Ex&HV_AirDist__SupFanMtr/NE-HVAC-FanBelt-SynchVBelt-Msr/instance-out.sql,0.00,0.00
CZ10/ESe&0&rDXHP&Ex&HV_AirDist__SupFanMtr/NE-HVAC-FanBelt-VBelt-Std/instance-out.sql,0.00,0.00
CZ10/ESe&0&rDXHP&Ex&HV_AirDist__SupFanMtr/NE-HVAC-FanBelt-CoggedVBelt-Msr/instance-out.sql,0.00,0.00
CZ10/ESe&0&rDXHP&Ex&HV_AirDist__SupFanMtr/NE-HVAC-FanBelt-SynchVBelt-Msr/instance-out.sql,0.00,0.00
CZ10/EUn&0&rDXHP&Ex&HV_AirDist__SupFanMtr/NE-HVAC-FanBelt-VBelt-Std/instance-out.sql,0.00,267.50
CZ10/EUn&0&rDXHP&Ex&HV_AirDist__SupFanMtr/NE-HVAC-FanBelt-CoggedVBelt-Msr/instance-out.sql,0.00,267.50
CZ10/EUn&0&rDXHP&Ex&HV_AirDist__SupFanMtr/NE-HVAC-FanBelt-SynchVBelt-Msr/instance-out.sql,0.00,267.50
CZ10/Hsp&0&rDXHP&Ex&HV_AirDist__SupFanMtr/NE-HVAC-FanBelt-VBelt-Std/instance-out.sql,0.00,33.67
CZ10/Hsp&0&rDXHP&Ex&HV_AirDist__SupFanMtr/NE-HVAC-FanBelt-CoggedVBelt-Msr/instance-out.sql,0.00,33.67
CZ10/Hsp&0&rDXHP&Ex&HV_AirDist__SupFanMtr/NE-HVAC-FanBelt-SynchVBelt-Msr/instance-out.sql,0.00,33.67
CZ10/MBT&0&rDXHP&Ex&HV_AirDist__SupFanMtr/NE-HVAC-FanBelt-VBelt-Std/instance-out.sql,0.00,19.67
CZ10/MBT&0&rDXHP&Ex&HV_AirDist__SupFanMtr/NE-HVAC-FanBelt-CoggedVBelt-Msr/instance-out.sql,0.00,19.67
CZ10/MBT&0&rDXHP&Ex&HV_AirDist__SupFanMtr/NE-HVAC-FanBelt-SynchVBelt-Msr/instance-out.sql,0.00,19.67
CZ10/MLI&0&rDXHP&Ex&HV_AirDist__SupFanMtr/NE-HVAC-FanBelt-VBelt-Std/instance-out.sql,0.00,0.00
CZ10/MLI&0&rDXHP&Ex&HV_AirDist__SupFanMtr/NE-HVAC-FanBelt-CoggedVBelt-Msr/instance-out.sql,0.00,0.00
CZ10/MLI&0&rDXHP&Ex&HV_AirDist__SupFanMtr/NE-HVAC-FanBelt-SynchVBelt-Msr/instance-out.sql,0.00,0.00
CZ10/Mtl&0&rDXHP&Ex&HV_AirDist__SupFanMtr/NE-HVAC-FanBelt-VBelt-Std/instance-out.sql,0.00,119.67
CZ10/Mtl&0&rDXHP&Ex&HV_AirDist__SupFanMtr/NE-HVAC-FanBelt-CoggedVBelt-Msr/instance-out.sql,0.00,119.67
CZ10/Mtl&0&rDXHP&Ex&HV_AirDist__SupFanMtr/NE-HVAC-FanBelt-SynchVBelt-Msr/instance-out.sql,0.00,119.67
CZ10/Nrs&0&rDXHP&Ex&HV_AirDist__SupFanMtr/NE-HVAC-FanBelt-VBelt-Std/instance-out.sql,0.00,0.00
CZ10/Nrs&0&rDXHP&Ex&HV_AirDist__SupFanMtr/NE-HVAC-FanBelt-CoggedVBelt-Msr/instance-out.sql,0.00,0.00
CZ10/Nrs&0&rDXHP&Ex&HV_AirDist__SupFanMtr/NE-HVAC-FanBelt-SynchVBelt-Msr/instance-out.sql,0.00,0.00
CZ10/OfL&0&rDXHP&Ex&HV_AirDist__SupFanMtr/NE-HVAC-FanBelt-VBelt-Std/instance-out.sql,0.17,249.50
CZ10/OfL&0&rDXHP&Ex&HV_AirDist__SupFanMtr/NE-HVAC-FanBelt-CoggedVBelt-Msr/instance-out.sql,0.17,249.50
CZ10/OfL&0&rDXHP&Ex&HV_AirDist__SupFanMtr/NE-HVAC-FanBelt-SynchVBelt-Msr/instance-out.sql,0.17,249.00
CZ10/OfS&0&rDXHP&Ex&HV_AirDist__SupFanMtr/NE-HVAC-FanBelt-VBelt-Std/instance-out.sql,0.00,217.17
CZ10/OfS&0&rDXHP&Ex&HV_AirDist__SupFanMtr/NE-HVAC-FanBelt-CoggedVBelt-Msr/instance-out.sql,0.00,217.17
CZ10/OfS&0&rDXHP&Ex&HV_AirDist__SupFanMtr/NE-HVAC-FanBelt-SynchVBelt-Msr/instance-out.sql,0.00,215.50
CZ10/RFF&0&rDXHP&Ex&HV_AirDist__SupFanMtr/NE-HVAC-FanBelt-VBelt-Std/instance-out.sql,0.00,0.00
CZ10/RFF&0&rDXHP&Ex&HV_AirDist__SupFanMtr/NE-HVAC-FanBelt-CoggedVBelt-Msr/instance-out.sql,0.00,0.00
CZ10/RFF&0&rDXHP&Ex&HV_AirDist__SupFanMtr/NE-HVAC-FanBelt-SynchVBelt-Msr/instance-out.sql,0.00,0.00
CZ10/RSD&0&rDXHP&Ex&HV_AirDist__SupFanMtr/NE-HVAC-FanBelt-VBelt-Std/instance-out.sql,0.00,0.00
CZ10/RSD&0&rDXHP&Ex&HV_AirDist__SupFanMtr/NE-HVAC-FanBelt-CoggedVBelt-Msr/instance-out.sql,0.00,0.00
CZ10/RSD&0&rDXHP&Ex&HV_AirDist__SupFanMtr/NE-HVAC-FanBelt-SynchVBelt-Msr/instance-out.sql,0.00,0.00
CZ10/Rt3&0&rDXHP&Ex&HV_AirDist__SupFanMtr/NE-HVAC-FanBelt-VBelt-Std/instance-out.sql,0.00,0.00
CZ10/Rt3&0&rDXHP&Ex&HV_AirDist__SupFanMtr/NE-HVAC-FanBelt-CoggedVBelt-Msr/instance-out.sql,0.00,0.00
CZ10/Rt3&0&rDXHP&Ex&HV_AirDist__SupFanMtr/NE-HVAC-FanBelt-SynchVBelt-Msr/instance-out.sql,0.00,0.00
CZ10/RtL&0&rDXHP&Ex&HV_AirDist__SupFanMtr/NE-HVAC-FanBelt-VBelt-Std/instance-out.sql,0.00,0.00
CZ10/RtL&0&rDXHP&Ex&HV_AirDist__SupFanMtr/NE-HVAC-FanBelt-CoggedVBelt-Msr/instance-out.sql,0.00,0.00
CZ10/RtL&0&rDXHP&Ex&HV_AirDist__SupFanMtr/NE-HVAC-FanBelt-SynchVBelt-Msr/instance-out.sql,0.00,0.00
CZ10/RtS&0&rDXHP&Ex&HV_AirDist__SupFanMtr/NE-HVAC-FanBelt-VBelt-Std/instance-out.sql,0.00,0.00
CZ10/RtS&0&rDXHP&Ex&HV_AirDist__SupFanMtr/NE-HVAC-FanBelt-CoggedVBelt-Msr/instance-out.sql,0.00,0.00
CZ10/RtS&0&rDXHP&Ex&HV_AirDist__SupFanMtr/NE-HVAC-FanBelt-SynchVBelt-Msr/instance-out.sql,0.00,0.00
CZ10/SCn&0&rDXHP&Ex&HV_AirDist__SupFanMtr/NE-HVAC-FanBelt-VBelt-Std/instance-out.sql,0.00,0.00
CZ10/SCn&0&rDXHP&Ex&HV_AirDist__SupFanMtr/NE-HVAC-FanBelt-CoggedVBelt-Msr/instance-out.sql,0.00,0.00
CZ10/SCn&0&rDXHP&Ex&HV_AirDist__SupFanMtr/NE-HVAC-FanBelt-SynchVBelt-Msr/instance-out.sql,0.00,0.00
CZ11/Asm&0&rDXHP&Ex&HV_AirDist__SupFanMtr/NE-HVAC-FanBelt-VBelt-Std/instance-out.sql,0.00,0.00
CZ11/Asm&0&rDXHP&Ex&HV_AirDist__SupFanMtr/NE-HVAC-FanBelt-CoggedVBelt-Msr/instance-out.sql,0.00,0.00
CZ11/Asm&0&rDXHP&Ex&HV_AirDist__SupFanMtr/NE-HVAC-FanBelt-SynchVBelt-Msr/instance-out.sql,0.00,0.00
CZ11/ECC&0&rDXHP&Ex&HV_AirDist__SupFanMtr/NE-HVAC-FanBelt-VBelt-Std/instance-out.sql,0.00,1457.33
CZ11/ECC&0&rDXHP&Ex&HV_AirDist__SupFanMtr/NE-HVAC-FanBelt-CoggedVBelt-Msr/instance-out.sql,0.00,1457.83
CZ11/ECC&0&rDXHP&Ex&HV_AirDist__SupFanMtr/NE-HVAC-FanBelt-SynchVBelt-Msr/instance-out.sql,0.00,1457.83
CZ11/EPr&0&rDXHP&Ex&HV_AirDist__SupFanMtr/NE-HVAC-FanBelt-VBelt-Std/instance-out.sql,0.00,0.00
CZ11/EPr&0&rDXHP&Ex&HV_AirDist__SupFanMtr/NE-HVAC-FanBelt-CoggedVBelt-Msr/instance-out.sql,0.00,0.00
CZ11/EPr&0&rDXHP&Ex&HV_AirDist__SupFanMtr/NE-HVAC-FanBelt-SynchVBelt-Msr/instance-out.sql,0.00,0.00
CZ11/ERC&0&rDXHP&Ex&HV_AirDist__SupFanMtr/NE-HVAC-FanBelt-VBelt-Std/instance-out.sql,0.00,0.00
CZ11/ERC&0&rDXHP&Ex&HV_AirDist__SupFanMtr/NE-HVAC-FanBelt-CoggedVBelt-Msr/instance-out.sql,0.00,0.00
CZ11/ERC&0&rDXHP&Ex&HV_AirDist__SupFanMtr/NE-HVAC-FanBelt-SynchVBelt-Msr/instance-out.sql,0.00,0.00
CZ11/ESe&0&rDXHP&Ex&HV_AirDist__SupFanMtr/NE-HVAC-FanBelt-VBelt-Std/instance-out.sql,0.00,0.00
CZ11/ESe&0&rDXHP&Ex&HV_AirDist__SupFanMtr/NE-HVAC-FanBelt-CoggedVBelt-Msr/instance-out.sql,0.00,0.00
CZ11/ESe&0&rDXHP&Ex&HV_AirDist__SupFanMtr/NE-HVAC-FanBelt-SynchVBelt-Msr/instance-out.sql,0.00,0.00
CZ11/EUn&0&rDXHP&Ex&HV_AirDist__SupFanMtr/NE-HVAC-FanBelt-VBelt-Std/instance-out.sql,0.00,255.50
CZ11/EUn&0&rDXHP&Ex&HV_AirDist__SupFanMtr/NE-HVAC-FanBelt-CoggedVBelt-Msr/instance-out.sql,0.00,255.33
CZ11/EUn&0&rDXHP&Ex&HV_AirDist__SupFanMtr/NE-HVAC-FanBelt-SynchVBelt-Msr/instance-out.sql,0.00,255.00
CZ11/Hsp&0&rDXHP&Ex&HV_AirDist__SupFanMtr/NE-HVAC-FanBelt-VBelt-Std/instance-out.sql,0.00,16.67
CZ11/Hsp&0&rDXHP&Ex&HV_AirDist__SupFanMtr/NE-HVAC-FanBelt-CoggedVBelt-Msr/instance-out.sql,0.00,16.67
CZ11/Hsp&0&rDXHP&Ex&HV_AirDist__SupFanMtr/NE-HVAC-FanBelt-SynchVBelt-Msr/instance-out.sql,0.00,16.67
CZ11/MBT&0&rDXHP&Ex&HV_AirDist__SupFanMtr/NE-HVAC-FanBelt-VBelt-Std/instance-out.sql,0.00,43.33
CZ11/MBT&0&rDXHP&Ex&HV_AirDist__SupFanMtr/NE-HVAC-FanBelt-CoggedVBelt-Msr/instance-out.sql,0.00,43.33
CZ11/MBT&0&rDXHP&Ex&HV_AirDist__SupFanMtr/NE-HVAC-FanBelt-SynchVBelt-Msr/instance-out.sql,0.00,43.33
CZ11/MLI&0&rDXHP&Ex&HV_AirDist__SupFanMtr/NE-HVAC-FanBelt-VBelt-Std/instance-out.sql,0.00,0.00
CZ11/MLI&0&rDXHP&Ex&HV_AirDist__SupFanMtr/NE-HVAC-FanBelt-CoggedVBelt-Msr/instance-out.sql,0.00,0.00
CZ11/MLI&0&rDXHP&Ex&HV_AirDist__SupFanMtr/NE-HVAC-FanBelt-SynchVBelt-Msr/instance-out.sql,0.00,0.00
CZ11/Mtl&0&rDXHP&Ex&HV_AirDist__SupFanMtr/NE-HVAC-FanBelt-VBelt-Std/instance-out.sql,0.00,112.00
CZ11/Mtl&0&rDXHP&Ex&HV_AirDist__SupFanMtr/NE-HVAC-FanBelt-CoggedVBelt-Msr/instance-out.sql,0.00,112.00
CZ11/Mtl&0&rDXHP&Ex&HV_AirDist__SupFanMtr/NE-HVAC-FanBelt-SynchVBelt-Msr/instance-out.sql,0.00,111.50
CZ11/Nrs&0&rDXHP&Ex&HV_AirDist__SupFanMtr/NE-HVAC-FanBelt-VBelt-Std/instance-out.sql,0.00,7.67
CZ11/Nrs&0&rDXHP&Ex&HV_AirDist__SupFanMtr/NE-HVAC-FanBelt-CoggedVBelt-Msr/instance-out.sql,0.00,7.67
CZ11/Nrs&0&rDXHP&Ex&HV_AirDist__SupFanMtr/NE-HVAC-FanBelt-SynchVBelt-Msr/instance-out.sql,0.00,7.67
CZ11/OfL&0&rDXHP&Ex&HV_AirDist__SupFanMtr/NE-HVAC-FanBelt-VBelt-Std/instance-out.sql,1.00,253.67
CZ11/OfL&0&rDXHP&Ex&HV_AirDist__SupFanMtr/NE-HVAC-FanBelt-CoggedVBelt-Msr/instance-out.sql,1.00,253.67
CZ11/OfL&0&rDXHP&Ex&HV_AirDist__SupFanMtr/NE-HVAC-FanBelt-SynchVBelt-Msr/instance-out.sql,1.17,253.67
CZ11/OfS&0&rDXHP&Ex&HV_AirDist__SupFanMtr/NE-HVAC-FanBelt-VBelt-Std/instance-out.sql,0.00,213.00
CZ11/OfS&0&rDXHP&Ex&HV_AirDist__SupFanMtr/NE-HVAC-FanBelt-CoggedVBelt-Msr/instance-out.sql,0.00,213.00
CZ11/OfS&0&rDXHP&Ex&HV_AirDist__SupFanMtr/NE-HVAC-FanBelt-SynchVBelt-Msr/instance-out.sql,0.00,212.67
CZ11/RFF&0&rDXHP&Ex&HV_AirDist__SupFanMtr/NE-HVAC-FanBelt-VBelt-Std/instance-out.sql,0.00,0.00
CZ11/RFF&0&rDXHP&Ex&HV_AirDist__SupFanMtr/NE-HVAC-FanBelt-CoggedVBelt-Msr/instance-out.sql,0.00,0.00
CZ11/RFF&0&rDXHP&Ex&HV_AirDist__SupFanMtr/NE-HVAC-FanBelt-SynchVBelt-Msr/instance-out.sql,0.00,0.00
CZ11/RSD&0&rDXHP&Ex&HV_AirDist__SupFanMtr/NE-HVAC-FanBelt-VBelt-Std/instance-out.sql,0.00,0.00
CZ11/RSD&0&rDXHP&Ex&HV_AirDist__SupFanMtr/NE-HVAC-FanBelt-CoggedVBelt-Msr/instance-out.sql,0.00,0.00
CZ11/RSD&0&rDXHP&Ex&HV_AirDist__SupFanMtr/NE-HVAC-FanBelt-SynchVBelt-Msr/instance-out.sql,0.00,0.00
CZ11/Rt3&0&rDXHP&Ex&HV_AirDist__SupFanMtr/NE-HVAC-FanBelt-VBelt-Std/instance-out.sql,0.00,0.00
CZ11/Rt3&0&rDXHP&Ex&HV_AirDist__SupFanMtr/NE-HVAC-FanBelt-CoggedVBelt-Msr/instance-out.sql,0.00,0.00
CZ11/Rt3&0&rDXHP&Ex&HV_AirDist__SupFanMtr/NE-HVAC-FanBelt-SynchVBelt-Msr/instance-out.sql,0.00,0.00
CZ11/RtL&0&rDXHP&Ex&HV_AirDist__SupFanMtr/NE-HVAC-FanBelt-VBelt-Std/instance-out.sql,0.00,0.00
CZ11/RtL&0&rDXHP&Ex&HV_AirDist__SupFanMtr/NE-HVAC-FanBelt-CoggedVBelt-Msr/instance-out.sql,0.00,0.00
CZ11/RtL&0&rDXHP&Ex&HV_AirDist__SupFanMtr/NE-HVAC-FanBelt-SynchVBelt-Msr/instance-out.sql,0.00,0.00
CZ11/RtS&0&rDXHP&Ex&HV_AirDist__SupFanMtr/NE-HVAC-FanBelt-VBelt-Std/instance-out.sql,0.00,0.00
CZ11/RtS&0&rDXHP&Ex&HV_AirDist__SupFanMtr/NE-HVAC-FanBelt-CoggedVBelt-Msr/instance-out.sql,0.00,0.00
CZ11/RtS&0&rDXHP&Ex&HV_AirDist__SupFanMtr/NE-HVAC-FanBelt-SynchVBelt-Msr/instance-out.sql,0.00,0.00
CZ11/SCn&0&rDXHP&Ex&HV_AirDist__SupFanMtr/NE-HVAC-FanBelt-VBelt-Std/instance-out.sql,0.00,0.00
CZ11/SCn&0&rDXHP&Ex&HV_AirDist__SupFanMtr/NE-HVAC-FanBelt-CoggedVBelt-Msr/instance-out.sql,0.00,0.00
CZ11/SCn&0&rDXHP&Ex&HV_AirDist__SupFanMtr/NE-HVAC-FanBelt-SynchVBelt-Msr/instance-out.sql,0.00,0.00
CZ12/Asm&0&rDXHP&Ex&HV_AirDist__SupFanMtr/NE-HVAC-FanBelt-VBelt-Std/instance-out.sql,0.00,0.00
CZ12/Asm&0&rDXHP&Ex&HV_AirDist__SupFanMtr/NE-HVAC-FanBelt-CoggedVBelt-Msr/instance-out.sql,0.00,0.00
CZ12/Asm&0&rDXHP&Ex&HV_AirDist__SupFanMtr/NE-HVAC-FanBelt-SynchVBelt-Msr/instance-out.sql,0.00,0.00
CZ12/ECC&0&rDXHP&Ex&HV_AirDist__SupFanMtr/NE-HVAC-FanBelt-VBelt-Std/instance-out.sql,0.00,142.50
CZ12/ECC&0&rDXHP&Ex&HV_AirDist__SupFanMtr/NE-HVAC-FanBelt-CoggedVBelt-Msr/instance-out.sql,0.00,142.33
CZ12/ECC&0&rDXHP&Ex&HV_AirDist__SupFanMtr/NE-HVAC-FanBelt-SynchVBelt-Msr/instance-out.sql,0.00,142.33
CZ12/EPr&0&rDXHP&Ex&HV_AirDist__SupFanMtr/NE-HVAC-FanBelt-VBelt-Std/instance-out.sql,0.00,0.00
CZ12/EPr&0&rDXHP&Ex&HV_AirDist__SupFanMtr/NE-HVAC-FanBelt-CoggedVBelt-Msr/instance-out.sql,0.00,0.00
CZ12/EPr&0&rDXHP&Ex&HV_AirDist__SupFanMtr/NE-HVAC-FanBelt-SynchVBelt-Msr/instance-out.sql,0.00,0.00
CZ12/ERC&0&rDXHP&Ex&HV_AirDist__SupFanMtr/NE-HVAC-FanBelt-VBelt-Std/instance-out.sql,0.00,0.00
CZ12/ERC&0&rDXHP&Ex&HV_AirDist__SupFanMtr/NE-HVAC-FanBelt-CoggedVBelt-Msr/instance-out.sql,0.00,0.00
CZ12/ERC&0&rDXHP&Ex&HV_AirDist__SupFanMtr/NE-HVAC-FanBelt-SynchVBelt-Msr/instance-out.sql,0.00,0.00
CZ12/ESe&0&rDXHP&Ex&HV_AirDist__SupFanMtr/NE-HVAC-FanBelt-VBelt-Std/instance-out.sql,0.00,0.00
CZ12/ESe&0&rDXHP&Ex&HV_AirDist__SupFanMtr/NE-HVAC-FanBelt-CoggedVBelt-Msr/instance-out.sql,0.00,0.00
CZ12/ESe&0&rDXHP&Ex&HV_AirDist__SupFanMtr/NE-HVAC-FanBelt-SynchVBelt-Msr/instance-out.sql,0.00,0.00
CZ12/EUn&0&rDXHP&Ex&HV_AirDist__SupFanMtr/NE-HVAC-FanBelt-VBelt-Std/instance-out.sql,0.00,255.17
CZ12/EUn&0&rDXHP&Ex&HV_AirDist__SupFanMtr/NE-HVAC-FanBelt-CoggedVBelt-Msr/instance-out.sql,0.00,255.17
CZ12/EUn&0&rDXHP&Ex&HV_AirDist__SupFanMtr/NE-HVAC-FanBelt-SynchVBelt-Msr/instance-out.sql,0.00,255.33
CZ12/Hsp&0&rDXHP&Ex&HV_AirDist__SupFanMtr/NE-HVAC-FanBelt-VBelt-Std/instance-out.sql,0.00,11.17
CZ12/Hsp&0&rDXHP&Ex&HV_AirDist__SupFanMtr/NE-HVAC-FanBelt-CoggedVBelt-Msr/instance-out.sql,0.00,11.17
CZ12/Hsp&0&rDXHP&Ex&HV_AirDist__SupFanMtr/NE-HVAC-FanBelt-SynchVBelt-Msr/instance-out.sql,0.00,11.17
CZ12/MBT&0&rDXHP&Ex&HV_AirDist__SupFanMtr/NE-HVAC-FanBelt-VBelt-Std/instance-out.sql,0.00,21.00
CZ12/MBT&0&rDXHP&Ex&HV_AirDist__SupFanMtr/NE-HVAC-FanBelt-CoggedVBelt-Msr/instance-out.sql,0.00,21.00
CZ12/MBT&0&rDXHP&Ex&HV_AirDist__SupFanMtr/NE-HVAC-FanBelt-SynchVBelt-Msr/instance-out.sql,0.00,21.00
CZ12/MLI&0&rDXHP&Ex&HV_AirDist__SupFanMtr/NE-HVAC-FanBelt-VBelt-Std/instance-out.sql,0.00,0.00
CZ12/MLI&0&rDXHP&Ex&HV_AirDist__SupFanMtr/NE-HVAC-FanBelt-CoggedVBelt-Msr/instance-out.sql,0.00,0.00
CZ12/MLI&0&rDXHP&Ex&HV_AirDist__SupFanMtr/NE-HVAC-FanBelt-SynchVBelt-Msr/instance-out.sql,0.00,0.00
CZ12/Mtl&0&rDXHP&Ex&HV_AirDist__SupFanMtr/NE-HVAC-FanBelt-VBelt-Std/instance-out.sql,0.00,97.00
CZ12/Mtl&0&rDXHP&Ex&HV_AirDist__SupFanMtr/NE-HVAC-FanBelt-CoggedVBelt-Msr/instance-out.sql,0.00,95.83
CZ12/Mtl&0&rDXHP&Ex&HV_AirDist__SupFanMtr/NE-HVAC-FanBelt-SynchVBelt-Msr/instance-out.sql,0.00,95.17
CZ12/Nrs&0&rDXHP&Ex&HV_AirDist__SupFanMtr/NE-HVAC-FanBelt-VBelt-Std/instance-out.sql,0.00,1.50
CZ12/Nrs&0&rDXHP&Ex&HV_AirDist__SupFanMtr/NE-HVAC-FanBelt-CoggedVBelt-Msr/instance-out.sql,0.00,1.50
CZ12/Nrs&0&rDXHP&Ex&HV_AirDist__SupFanMtr/NE-HVAC-FanBelt-SynchVBelt-Msr/instance-out.sql,0.00,1.50
CZ12/OfL&0&rDXHP&Ex&HV_AirDist__SupFanMtr/NE-HVAC-FanBelt-VBelt-Std/instance-out.sql,1.67,239.83
CZ12/OfL&0&rDXHP&Ex&HV_AirDist__SupFanMtr/NE-HVAC-FanBelt-CoggedVBelt-Msr/instance-out.sql,1.17,239.83
CZ12/OfL&0&rDXHP&Ex&HV_AirDist__SupFanMtr/NE-HVAC-FanBelt-SynchVBelt-Msr/instance-out.sql,1.17,239.83
CZ12/OfS&0&rDXHP&Ex&HV_AirDist__SupFanMtr/NE-HVAC-FanBelt-VBelt-Std/instance-out.sql,0.00,210.33
CZ12/OfS&0&rDXHP&Ex&HV_AirDist__SupFanMtr/NE-HVAC-FanBelt-CoggedVBelt-Msr/instance-out.sql,0.00,210.33
CZ12/OfS&0&rDXHP&Ex&HV_AirDist__SupFanMtr/NE-HVAC-FanBelt-SynchVBelt-Msr/instance-out.sql,0.00,209.17
CZ12/RFF&0&rDXHP&Ex&HV_AirDist__SupFanMtr/NE-HVAC-FanBelt-VBelt-Std/instance-out.sql,0.00,0.00
CZ12/RFF&0&rDXHP&Ex&HV_AirDist__SupFanMtr/NE-HVAC-FanBelt-CoggedVBelt-Msr/instance-out.sql,0.00,0.00
CZ12/RFF&0&rDXHP&Ex&HV_AirDist__SupFanMtr/NE-HVAC-FanBelt-SynchVBelt-Msr/instance-out.sql,0.00,0.00
CZ12/RSD&0&rDXHP&Ex&HV_AirDist__SupFanMtr/NE-HVAC-FanBelt-VBelt-Std/instance-out.sql,0.00,0.00
CZ12/RSD&0&rDXHP&Ex&HV_AirDist__SupFanMtr/NE-HVAC-FanBelt-CoggedVBelt-Msr/instance-out.sql,0.00,0.00
CZ12/RSD&0&rDXHP&Ex&HV_AirDist__SupFanMtr/NE-HVAC-FanBelt-SynchVBelt-Msr/instance-out.sql,0.00,0.00
CZ12/Rt3&0&rDXHP&Ex&HV_AirDist__SupFanMtr/NE-HVAC-FanBelt-VBelt-Std/instance-out.sql,0.00,0.00
CZ12/Rt3&0&rDXHP&Ex&HV_AirDist__SupFanMtr/NE-HVAC-FanBelt-CoggedVBelt-Msr/instance-out.sql,0.00,0.00
CZ12/Rt3&0&rDXHP&Ex&HV_AirDist__SupFanMtr/NE-HVAC-FanBelt-SynchVBelt-Msr/instance-out.sql,0.00,0.00
CZ12/RtL&0&rDXHP&Ex&HV_AirDist__SupFanMtr/NE-HVAC-FanBelt-VBelt-Std/instance-out.sql,0.00,0.00
CZ12/RtL&0&rDXHP&Ex&HV_AirDist__SupFanMtr/NE-HVAC-FanBelt-CoggedVBelt-Msr/instance-out.sql,0.00,0.00
CZ12/RtL&0&rDXHP&Ex&HV_AirDist__SupFanMtr/NE-HVAC-FanBelt-SynchVBelt-Msr/instance-out.sql,0.00,0.00
CZ12/RtS&0&rDXHP&Ex&HV_AirDist__SupFanMtr/NE-HVAC-FanBelt-VBelt-Std/instance-out.sql,0.00,0.00
CZ12/RtS&0&rDXHP&Ex&HV_AirDist__SupFanMtr/NE-HVAC-FanBelt-CoggedVBelt-Msr/instance-out.sql,0.00,0.00
CZ12/RtS&0&rDXHP&Ex&HV_AirDist__SupFanMtr/NE-HVAC-FanBelt-SynchVBelt-Msr/instance-out.sql,0.00,0.00
CZ12/SCn&0&rDXHP&Ex&HV_AirDist__SupFanMtr/NE-HVAC-FanBelt-VBelt-Std/instance-out.sql,0.00,0.00
CZ12/SCn&0&rDXHP&Ex&HV_AirDist__SupFanMtr/NE-HVAC-FanBelt-CoggedVBelt-Msr/instance-out.sql,0.00,0.00
CZ12/SCn&0&rDXHP&Ex&HV_AirDist__SupFanMtr/NE-HVAC-FanBelt-SynchVBelt-Msr/instance-out.sql,0.00,0.00
CZ13/Asm&0&rDXHP&Ex&HV_AirDist__SupFanMtr/NE-HVAC-FanBelt-VBelt-Std/instance-out.sql,0.00,0.00
CZ13/Asm&0&rDXHP&Ex&HV_AirDist__SupFanMtr/NE-HVAC-FanBelt-CoggedVBelt-Msr/instance-out.sql,0.00,0.00
CZ13/Asm&0&rDXHP&Ex&HV_AirDist__SupFanMtr/NE-HVAC-FanBelt-SynchVBelt-Msr/instance-out.sql,0.00,0.00
CZ13/ECC&0&rDXHP&Ex&HV_AirDist__SupFanMtr/NE-HVAC-FanBelt-VBelt-Std/instance-out.sql,0.00,1774.50
CZ13/ECC&0&rDXHP&Ex&HV_AirDist__SupFanMtr/NE-HVAC-FanBelt-CoggedVBelt-Msr/instance-out.sql,0.00,1774.67
CZ13/ECC&0&rDXHP&Ex&HV_AirDist__SupFanMtr/NE-HVAC-FanBelt-SynchVBelt-Msr/instance-out.sql,0.00,1774.67
CZ13/EPr&0&rDXHP&Ex&HV_AirDist__SupFanMtr/NE-HVAC-FanBelt-VBelt-Std/instance-out.sql,0.00,0.00
CZ13/EPr&0&rDXHP&Ex&HV_AirDist__SupFanMtr/NE-HVAC-FanBelt-CoggedVBelt-Msr/instance-out.sql,0.00,0.00
CZ13/EPr&0&rDXHP&Ex&HV_AirDist__SupFanMtr/NE-HVAC-FanBelt-SynchVBelt-Msr/instance-out.sql,0.00,0.00
CZ13/ERC&0&rDXHP&Ex&HV_AirDist__SupFanMtr/NE-HVAC-FanBelt-VBelt-Std/instance-out.sql,0.00,0.00
CZ13/ERC&0&rDXHP&Ex&HV_AirDist__SupFanMtr/NE-HVAC-FanBelt-CoggedVBelt-Msr/instance-out.sql,0.00,0.00
CZ13/ERC&0&rDXHP&Ex&HV_AirDist__SupFanMtr/NE-HVAC-FanBelt-SynchVBelt-Msr/instance-out.sql,0.00,0.00
CZ13/ESe&0&rDXHP&Ex&HV_AirDist__SupFanMtr/NE-HVAC-FanBelt-VBelt-Std/instance-out.sql,0.00,0.00
CZ13/ESe&0&rDXHP&Ex&HV_AirDist__SupFanMtr/NE-HVAC-FanBelt-CoggedVBelt-Msr/instance-out.sql,0.00,0.00
CZ13/ESe&0&rDXHP&Ex&HV_AirDist__SupFanMtr/NE-HVAC-FanBelt-SynchVBelt-Msr/instance-out.sql,0.00,0.00
CZ13/EUn&0&rDXHP&Ex&HV_AirDist__SupFanMtr/NE-HVAC-FanBelt-VBelt-Std/instance-out.sql,0.00,269.67
CZ13/EUn&0&rDXHP&Ex&HV_AirDist__SupFanMtr/NE-HVAC-FanBelt-CoggedVBelt-Msr/instance-out.sql,0.00,269.67
CZ13/EUn&0&rDXHP&Ex&HV_AirDist__SupFanMtr/NE-HVAC-FanBelt-SynchVBelt-Msr/instance-out.sql,0.00,269.83
CZ13/Hsp&0&rDXHP&Ex&HV_AirDist__SupFanMtr/NE-HVAC-FanBelt-VBelt-Std/instance-out.sql,0.00,21.33
CZ13/Hsp&0&rDXHP&Ex&HV_AirDist__SupFanMtr/NE-HVAC-FanBelt-CoggedVBelt-Msr/instance-out.sql,0.00,21.33
CZ13/Hsp&0&rDXHP&Ex&HV_AirDist__SupFanMtr/NE-HVAC-FanBelt-SynchVBelt-Msr/instance-out.sql,0.00,21.33
CZ13/MBT&0&rDXHP&Ex&HV_AirDist__SupFanMtr/NE-HVAC-FanBelt-VBelt-Std/instance-out.sql,0.00,51.33
CZ13/MBT&0&rDXHP&Ex&HV_AirDist__SupFanMtr/NE-HVAC-FanBelt-CoggedVBelt-Msr/instance-out.sql,0.00,51.33
CZ13/MBT&0&rDXHP&Ex&HV_AirDist__SupFanMtr/NE-HVAC-FanBelt-SynchVBelt-Msr/instance-out.sql,0.00,51.33
CZ13/MLI&0&rDXHP&Ex&HV_AirDist__SupFanMtr/NE-HVAC-FanBelt-VBelt-Std/instance-out.sql,0.00,0.00
CZ13/MLI&0&rDXHP&Ex&HV_AirDist__SupFanMtr/NE-HVAC-FanBelt-CoggedVBelt-Msr/instance-out.sql,0.00,0.00
CZ13/MLI&0&rDXHP&Ex&HV_AirDist__SupFanMtr/NE-HVAC-FanBelt-SynchVBelt-Msr/instance-out.sql,0.00,0.00
CZ13/Mtl&0&rDXHP&Ex&HV_AirDist__SupFanMtr/NE-HVAC-FanBelt-VBelt-Std/instance-out.sql,0.00,130.50
CZ13/Mtl&0&rDXHP&Ex&HV_AirDist__SupFanMtr/NE-HVAC-FanBelt-CoggedVBelt-Msr/instance-out.sql,0.00,130.50
CZ13/Mtl&0&rDXHP&Ex&HV_AirDist__SupFanMtr/NE-HVAC-FanBelt-SynchVBelt-Msr/instance-out.sql,0.00,130.50
CZ13/Nrs&0&rDXHP&Ex&HV_AirDist__SupFanMtr/NE-HVAC-FanBelt-VBelt-Std/instance-out.sql,0.00,5.00
CZ13/Nrs&0&rDXHP&Ex&HV_AirDist__SupFanMtr/NE-HVAC-FanBelt-CoggedVBelt-Msr/instance-out.sql,0.00,5.00
CZ13/Nrs&0&rDXHP&Ex&HV_AirDist__SupFanMtr/NE-HVAC-FanBelt-SynchVBelt-Msr/instance-out.sql,0.00,5.00
CZ13/OfL&0&rDXHP&Ex&HV_AirDist__SupFanMtr/NE-HVAC-FanBelt-VBelt-Std/instance-out.sql,1.17,274.67
CZ13/OfL&0&rDXHP&Ex&HV_AirDist__SupFanMtr/NE-HVAC-FanBelt-CoggedVBelt-Msr/instance-out.sql,1.17,274.67
CZ13/OfL&0&rDXHP&Ex&HV_AirDist__SupFanMtr/NE-HVAC-FanBelt-SynchVBelt-Msr/instance-out.sql,1.17,274.67
CZ13/OfS&0&rDXHP&Ex&HV_AirDist__SupFanMtr/NE-HVAC-FanBelt-VBelt-Std/instance-out.sql,0.00,239.33
CZ13/OfS&0&rDXHP&Ex&HV_AirDist__SupFanMtr/NE-HVAC-FanBelt-CoggedVBelt-Msr/instance-out.sql,0.00,240.50
CZ13/OfS&0&rDXHP&Ex&HV_AirDist__SupFanMtr/NE-HVAC-FanBelt-SynchVBelt-Msr/instance-out.sql,0.00,240.50
CZ13/RFF&0&rDXHP&Ex&HV_AirDist__SupFanMtr/NE-HVAC-FanBelt-VBelt-Std/instance-out.sql,0.00,0.00
CZ13/RFF&0&rDXHP&Ex&HV_AirDist__SupFanMtr/NE-HVAC-FanBelt-CoggedVBelt-Msr/instance-out.sql,0.00,0.00
CZ13/RFF&0&rDXHP&Ex&HV_AirDist__SupFanMtr/NE-HVAC-FanBelt-SynchVBelt-Msr/instance-out.sql,0.00,0.00
CZ13/RSD&0&rDXHP&Ex&HV_AirDist__SupFanMtr/NE-HVAC-FanBelt-VBelt-Std/instance-out.sql,0.00,0.00
CZ13/RSD&0&rDXHP&Ex&HV_AirDist__SupFanMtr/NE-HVAC-FanBelt-CoggedVBelt-Msr/instance-out.sql,0.00,0.00
CZ13/RSD&0&rDXHP&Ex&HV_AirDist__SupFanMtr/NE-HVAC-FanBelt-SynchVBelt-Msr/instance-out.sql,0.00,0.00
CZ13/Rt3&0&rDXHP&Ex&HV_AirDist__SupFanMtr/NE-HVAC-FanBelt-VBelt-Std/instance-out.sql,0.00,0.00
CZ13/Rt3&0&rDXHP&Ex&HV_AirDist__SupFanMtr/NE-HVAC-FanBelt-CoggedVBelt-Msr/instance-out.sql,0.00,0.00
CZ13/Rt3&0&rDXHP&Ex&HV_AirDist__SupFanMtr/NE-HVAC-FanBelt-SynchVBelt-Msr/instance-out.sql,0.00,0.00
CZ13/RtL&0&rDXHP&Ex&HV_AirDist__SupFanMtr/NE-HVAC-FanBelt-VBelt-Std/instance-out.sql,0.00,0.00
CZ13/RtL&0&rDXHP&Ex&HV_AirDist__SupFanMtr/NE-HVAC-FanBelt-CoggedVBelt-Msr/instance-out.sql,0.00,0.00
CZ13/RtL&0&rDXHP&Ex&HV_AirDist__SupFanMtr/NE-HVAC-FanBelt-SynchVBelt-Msr/instance-out.sql,0.00,0.00
CZ13/RtS&0&rDXHP&Ex&HV_AirDist__SupFanMtr/NE-HVAC-FanBelt-VBelt-Std/instance-out.sql,0.00,0.00
CZ13/RtS&0&rDXHP&Ex&HV_AirDist__SupFanMtr/NE-HVAC-FanBelt-CoggedVBelt-Msr/instance-out.sql,0.00,0.00
CZ13/RtS&0&rDXHP&Ex&HV_AirDist__SupFanMtr/NE-HVAC-FanBelt-SynchVBelt-Msr/instance-out.sql,0.00,0.00
CZ13/SCn&0&rDXHP&Ex&HV_AirDist__SupFanMtr/NE-HVAC-FanBelt-VBelt-Std/instance-out.sql,0.00,0.00
CZ13/SCn&0&rDXHP&Ex&HV_AirDist__SupFanMtr/NE-HVAC-FanBelt-CoggedVBelt-Msr/instance-out.sql,0.00,0.00
CZ13/SCn&0&rDXHP&Ex&HV_AirDist__SupFanMtr/NE-HVAC-FanBelt-SynchVBelt-Msr/instance-out.sql,0.00,0.00
CZ14/Asm&0&rDXHP&Ex&HV_AirDist__SupFanMtr/NE-HVAC-FanBelt-VBelt-Std/instance-out.sql,0.00,0.00
CZ14/Asm&0&rDXHP&Ex&HV_AirDist__SupFanMtr/NE-HVAC-FanBelt-CoggedVBelt-Msr/instance-out.sql,0.00,0.00
CZ14/Asm&0&rDXHP&Ex&HV_AirDist__SupFanMtr/NE-HVAC-FanBelt-SynchVBelt-Msr/instance-out.sql,0.00,0.00
CZ14/ECC&0&rDXHP&Ex&HV_AirDist__SupFanMtr/NE-HVAC-FanBelt-VBelt-Std/instance-out.sql,0.00,1390.17
CZ14/ECC&0&rDXHP&Ex&HV_AirDist__SupFanMtr/NE-HVAC-FanBelt-CoggedVBelt-Msr/instance-out.sql,0.00,1390.33
CZ14/ECC&0&rDXHP&Ex&HV_AirDist__SupFanMtr/NE-HVAC-FanBelt-SynchVBelt-Msr/instance-out.sql,0.00,1389.83
CZ14/EPr&0&rDXHP&Ex&HV_AirDist__SupFanMtr/NE-HVAC-FanBelt-VBelt-Std/instance-out.sql,0.00,0.00
CZ14/EPr&0&rDXHP&Ex&HV_AirDist__SupFanMtr/NE-HVAC-FanBelt-CoggedVBelt-Msr/instance-out.sql,0.00,0.00
CZ14/EPr&0&rDXHP&Ex&HV_AirDist__SupFanMtr/NE-HVAC-FanBelt-SynchVBelt-Msr/instance-out.sql,0.00,0.00
CZ14/ERC&0&rDXHP&Ex&HV_AirDist__SupFanMtr/NE-HVAC-FanBelt-VBelt-Std/instance-out.sql,0.00,0.00
CZ14/ERC&0&rDXHP&Ex&HV_AirDist__SupFanMtr/NE-HVAC-FanBelt-CoggedVBelt-Msr/instance-out.sql,0.00,0.00
CZ14/ERC&0&rDXHP&Ex&HV_AirDist__SupFanMtr/NE-HVAC-FanBelt-SynchVBelt-Msr/instance-out.sql,0.00,0.00
CZ14/ESe&0&rDXHP&Ex&HV_AirDist__SupFanMtr/NE-HVAC-FanBelt-VBelt-Std/instance-out.sql,0.00,0.00
CZ14/ESe&0&rDXHP&Ex&HV_AirDist__SupFanMtr/NE-HVAC-FanBelt-CoggedVBelt-Msr/instance-out.sql,0.00,0.00
CZ14/ESe&0&rDXHP&Ex&HV_AirDist__SupFanMtr/NE-HVAC-FanBelt-SynchVBelt-Msr/instance-out.sql,0.00,0.00
CZ14/EUn&0&rDXHP&Ex&HV_AirDist__SupFanMtr/NE-HVAC-FanBelt-VBelt-Std/instance-out.sql,0.00,335.83
CZ14/EUn&0&rDXHP&Ex&HV_AirDist__SupFanMtr/NE-HVAC-FanBelt-CoggedVBelt-Msr/instance-out.sql,0.00,336.33
CZ14/EUn&0&rDXHP&Ex&HV_AirDist__SupFanMtr/NE-HVAC-FanBelt-SynchVBelt-Msr/instance-out.sql,0.00,337.50
CZ14/Hsp&0&rDXHP&Ex&HV_AirDist__SupFanMtr/NE-HVAC-FanBelt-VBelt-Std/instance-out.sql,0.00,16.33
CZ14/Hsp&0&rDXHP&Ex&HV_AirDist__SupFanMtr/NE-HVAC-FanBelt-CoggedVBelt-Msr/instance-out.sql,0.00,16.33
CZ14/Hsp&0&rDXHP&Ex&HV_AirDist__SupFanMtr/NE-HVAC-FanBelt-SynchVBelt-Msr/instance-out.sql,0.00,16.33
CZ14/MBT&0&rDXHP&Ex&HV_AirDist__SupFanMtr/NE-HVAC-FanBelt-VBelt-Std/instance-out.sql,0.00,62.33
CZ14/MBT&0&rDXHP&Ex&HV_AirDist__SupFanMtr/NE-HVAC-FanBelt-CoggedVBelt-Msr/instance-out.sql,0.00,62.33
CZ14/MBT&0&rDXHP&Ex&HV_AirDist__SupFanMtr/NE-HVAC-FanBelt-SynchVBelt-Msr/instance-out.sql,0.00,62.33
CZ14/MLI&0&rDXHP&Ex&HV_AirDist__SupFanMtr/NE-HVAC-FanBelt-VBelt-Std/instance-out.sql,0.00,0.00
CZ14/MLI&0&rDXHP&Ex&HV_AirDist__SupFanMtr/NE-HVAC-FanBelt-CoggedVBelt-Msr/instance-out.sql,0.00,0.00
CZ14/MLI&0&rDXHP&Ex&HV_AirDist__SupFanMtr/NE-HVAC-FanBelt-SynchVBelt-Msr/instance-out.sql,0.00,0.00
CZ14/Mtl&0&rDXHP&Ex&HV_AirDist__SupFanMtr/NE-HVAC-FanBelt-VBelt-Std/instance-out.sql,0.00,157.83
CZ14/Mtl&0&rDXHP&Ex&HV_AirDist__SupFanMtr/NE-HVAC-FanBelt-CoggedVBelt-Msr/instance-out.sql,0.00,157.83
CZ14/Mtl&0&rDXHP&Ex&HV_AirDist__SupFanMtr/NE-HVAC-FanBelt-SynchVBelt-Msr/instance-out.sql,0.00,157.83
CZ14/Nrs&0&rDXHP&Ex&HV_AirDist__SupFanMtr/NE-HVAC-FanBelt-VBelt-Std/instance-out.sql,0.00,7.17
CZ14/Nrs&0&rDXHP&Ex&HV_AirDist__SupFanMtr/NE-HVAC-FanBelt-CoggedVBelt-Msr/instance-out.sql,0.00,7.17
CZ14/Nrs&0&rDXHP&Ex&HV_AirDist__SupFanMtr/NE-HVAC-FanBelt-SynchVBelt-Msr/instance-out.sql,0.00,7.17
CZ14/OfL&0&rDXHP&Ex&HV_AirDist__SupFanMtr/NE-HVAC-FanBelt-VBelt-Std/instance-out.sql,1.00,342.67
CZ14/OfL&0&rDXHP&Ex&HV_AirDist__SupFanMtr/NE-HVAC-FanBelt-CoggedVBelt-Msr/instance-out.sql,1.17,342.67
CZ14/OfL&0&rDXHP&Ex&HV_AirDist__SupFanMtr/NE-HVAC-FanBelt-SynchVBelt-Msr/instance-out.sql,1.17,342.67
CZ14/OfS&0&rDXHP&Ex&HV_AirDist__SupFanMtr/NE-HVAC-FanBelt-VBelt-Std/instance-out.sql,0.00,284.33
CZ14/OfS&0&rDXHP&Ex&HV_AirDist__SupFanMtr/NE-HVAC-FanBelt-CoggedVBelt-Msr/instance-out.sql,0.00,284.33
CZ14/OfS&0&rDXHP&Ex&HV_AirDist__SupFanMtr/NE-HVAC-FanBelt-SynchVBelt-Msr/instance-out.sql,0.00,284.33
CZ14/RFF&0&rDXHP&Ex&HV_AirDist__SupFanMtr/NE-HVAC-FanBelt-VBelt-Std/instance-out.sql,0.00,0.00
CZ14/RFF&0&rDXHP&Ex&HV_AirDist__SupFanMtr/NE-HVAC-FanBelt-CoggedVBelt-Msr/instance-out.sql,0.00,0.00
CZ14/RFF&0&rDXHP&Ex&HV_AirDist__SupFanMtr/NE-HVAC-FanBelt-SynchVBelt-Msr/instance-out.sql,0.00,0.00
CZ14/RSD&0&rDXHP&Ex&HV_AirDist__SupFanMtr/NE-HVAC-FanBelt-VBelt-Std/instance-out.sql,0.00,0.00
CZ14/RSD&0&rDXHP&Ex&HV_AirDist__SupFanMtr/NE-HVAC-FanBelt-CoggedVBelt-Msr/instance-out.sql,0.00,0.00
CZ14/RSD&0&rDXHP&Ex&HV_AirDist__SupFanMtr/NE-HVAC-FanBelt-SynchVBelt-Msr/instance-out.sql,0.00,0.00
CZ14/Rt3&0&rDXHP&Ex&HV_AirDist__SupFanMtr/NE-HVAC-FanBelt-VBelt-Std/instance-out.sql,0.00,0.00
CZ14/Rt3&0&rDXHP&Ex&HV_AirDist__SupFanMtr/NE-HVAC-FanBelt-CoggedVBelt-Msr/instance-out.sql,0.00,0.00
CZ14/Rt3&0&rDXHP&Ex&HV_AirDist__SupFanMtr/NE-HVAC-FanBelt-SynchVBelt-Msr/instance-out.sql,0.00,0.00
CZ14/RtL&0&rDXHP&Ex&HV_AirDist__SupFanMtr/NE-HVAC-FanBelt-VBelt-Std/instance-out.sql,0.00,0.00
CZ14/RtL&0&rDXHP&Ex&HV_AirDist__SupFanMtr/NE-HVAC-FanBelt-CoggedVBelt-Msr/instance-out.sql,0.00,0.00
CZ14/RtL&0&rDXHP&Ex&HV_AirDist__SupFanMtr/NE-HVAC-FanBelt-SynchVBelt-Msr/instance-out.sql,0.00,0.00
CZ14/RtS&0&rDXHP&Ex&HV_AirDist__SupFanMtr/NE-HVAC-FanBelt-VBelt-Std/instance-out.sql,0.00,0.00
CZ14/RtS&0&rDXHP&Ex&HV_AirDist__SupFanMtr/NE-HVAC-FanBelt-CoggedVBelt-Msr/instance-out.sql,0.00,0.00
CZ14/RtS&0&rDXHP&Ex&HV_AirDist__SupFanMtr/NE-HVAC-FanBelt-SynchVBelt-Msr/instance-out.sql,0.00,0.00
CZ14/SCn&0&rDXHP&Ex&HV_AirDist__SupFanMtr/NE-HVAC-FanBelt-VBelt-Std/instance-out.sql,0.00,0.00
CZ14/SCn&0&rDXHP&Ex&HV_AirDist__SupFanMtr/NE-HVAC-FanBelt-CoggedVBelt-Msr/instance-out.sql,0.00,0.00
CZ14/SCn&0&rDXHP&Ex&HV_AirDist__SupFanMtr/NE-HVAC-FanBelt-SynchVBelt-Msr/instance-out.sql,0.00,0.00
CZ15/Asm&0&rDXHP&Ex&HV_AirDist__SupFanMtr/NE-HVAC-FanBelt-VBelt-Std/instance-out.sql,0.00,0.00
CZ15/Asm&0&rDXHP&Ex&HV_AirDist__SupFanMtr/NE-HVAC-FanBelt-CoggedVBelt-Msr/instance-out.sql,0.00,0.00
CZ15/Asm&0&rDXHP&Ex&HV_AirDist__SupFanMtr/NE-HVAC-FanBelt-SynchVBelt-Msr/instance-out.sql,0.00,0.00
CZ15/ECC&0&rDXHP&Ex&HV_AirDist__SupFanMtr/NE-HVAC-FanBelt-VBelt-Std/instance-out.sql,0.00,111.33
CZ15/ECC&0&rDXHP&Ex&HV_AirDist__SupFanMtr/NE-HVAC-FanBelt-CoggedVBelt-Msr/instance-out.sql,0.00,111.33
CZ15/ECC&0&rDXHP&Ex&HV_AirDist__SupFanMtr/NE-HVAC-FanBelt-SynchVBelt-Msr/instance-out.sql,0.00,111.33
CZ15/EPr&0&rDXHP&Ex&HV_AirDist__SupFanMtr/NE-HVAC-FanBelt-VBelt-Std/instance-out.sql,0.00,0.00
CZ15/EPr&0&rDXHP&Ex&HV_AirDist__SupFanMtr/NE-HVAC-FanBelt-CoggedVBelt-Msr/instance-out.sql,0.00,0.00
CZ15/EPr&0&rDXHP&Ex&HV_AirDist__SupFanMtr/NE-HVAC-FanBelt-SynchVBelt-Msr/instance-out.sql,0.00,0.00
CZ15/ERC&0&rDXHP&Ex&HV_AirDist__SupFanMtr/NE-HVAC-FanBelt-VBelt-Std/instance-out.sql,0.00,0.00
CZ15/ERC&0&rDXHP&Ex&HV_AirDist__SupFanMtr/NE-HVAC-FanBelt-CoggedVBelt-Msr/instance-out.sql,0.00,0.00
CZ15/ERC&0&rDXHP&Ex&HV_AirDist__SupFanMtr/NE-HVAC-FanBelt-SynchVBelt-Msr/instance-out.sql,0.00,0.00
CZ15/ESe&0&rDXHP&Ex&HV_AirDist__SupFanMtr/NE-HVAC-FanBelt-VBelt-Std/instance-out.sql,0.00,0.00
CZ15/ESe&0&rDXHP&Ex&HV_AirDist__SupFanMtr/NE-HVAC-FanBelt-CoggedVBelt-Msr/instance-out.sql,0.00,0.00
CZ15/ESe&0&rDXHP&Ex&HV_AirDist__SupFanMtr/NE-HVAC-FanBelt-SynchVBelt-Msr/instance-out.sql,0.00,0.00
CZ15/EUn&0&rDXHP&Ex&HV_AirDist__SupFanMtr/NE-HVAC-FanBelt-VBelt-Std/instance-out.sql,0.00,368.33
CZ15/EUn&0&rDXHP&Ex&HV_AirDist__SupFanMtr/NE-HVAC-FanBelt-CoggedVBelt-Msr/instance-out.sql,0.00,368.17
CZ15/EUn&0&rDXHP&Ex&HV_AirDist__SupFanMtr/NE-HVAC-FanBelt-SynchVBelt-Msr/instance-out.sql,0.00,369.00
CZ15/Hsp&0&rDXHP&Ex&HV_AirDist__SupFanMtr/NE-HVAC-FanBelt-VBelt-Std/instance-out.sql,0.00,24.33
CZ15/Hsp&0&rDXHP&Ex&HV_AirDist__SupFanMtr/NE-HVAC-FanBelt-CoggedVBelt-Msr/instance-out.sql,0.00,24.33
CZ15/Hsp&0&rDXHP&Ex&HV_AirDist__SupFanMtr/NE-HVAC-FanBelt-SynchVBelt-Msr/instance-out.sql,0.00,24.33
CZ15/MBT&0&rDXHP&Ex&HV_AirDist__SupFanMtr/NE-HVAC-FanBelt-VBelt-Std/instance-out.sql,0.00,77.67
CZ15/MBT&0&rDXHP&Ex&HV_AirDist__SupFanMtr/NE-HVAC-FanBelt-CoggedVBelt-Msr/instance-out.sql,0.00,77.67
CZ15/MBT&0&rDXHP&Ex&HV_AirDist__SupFanMtr/NE-HVAC-FanBelt-SynchVBelt-Msr/instance-out.sql,0.00,77.67
CZ15/MLI&0&rDXHP&Ex&HV_AirDist__SupFanMtr/NE-HVAC-FanBelt-VBelt-Std/instance-out.sql,0.00,0.00
CZ15/MLI&0&rDXHP&Ex&HV_AirDist__SupFanMtr/NE-HVAC-FanBelt-CoggedVBelt-Msr/instance-out.sql,0.00,0.00
CZ15/MLI&0&rDXHP&Ex&HV_AirDist__SupFanMtr/NE-HVAC-FanBelt-SynchVBelt-Msr/instance-out.sql,0.00,0.00
CZ15/Mtl&0&rDXHP&Ex&HV_AirDist__SupFanMtr/NE-HVAC-FanBelt-VBelt-Std/instance-out.sql,0.00,209.17
CZ15/Mtl&0&rDXHP&Ex&HV_AirDist__SupFanMtr/NE-HVAC-FanBelt-CoggedVBelt-Msr/instance-out.sql,0.00,209.17
CZ15/Mtl&0&rDXHP&Ex&HV_AirDist__SupFanMtr/NE-HVAC-FanBelt-SynchVBelt-Msr/instance-out.sql,0.00,209.17
CZ15/Nrs&0&rDXHP&Ex&HV_AirDist__SupFanMtr/NE-HVAC-FanBelt-VBelt-Std/instance-out.sql,0.00,4.50
CZ15/Nrs&0&rDXHP&Ex&HV_AirDist__SupFanMtr/NE-HVAC-FanBelt-CoggedVBelt-Msr/instance-out.sql,0.00,4.50
CZ15/Nrs&0&rDXHP&Ex&HV_AirDist__SupFanMtr/NE-HVAC-FanBelt-SynchVBelt-Msr/instance-out.sql,0.00,4.50
CZ15/OfL&0&rDXHP&Ex&HV_AirDist__SupFanMtr/NE-HVAC-FanBelt-VBelt-Std/instance-out.sql,0.00,374.33
CZ15/OfL&0&rDXHP&Ex&HV_AirDist__SupFanMtr/NE-HVAC-FanBelt-CoggedVBelt-Msr/instance-out.sql,0.00,374.33
CZ15/OfL&0&rDXHP&Ex&HV_AirDist__SupFanMtr/NE-HVAC-FanBelt-SynchVBelt-Msr/instance-out.sql,0.00,374.33
CZ15/OfS&0&rDXHP&Ex&HV_AirDist__SupFanMtr/NE-HVAC-FanBelt-VBelt-Std/instance-out.sql,0.00,328.67
CZ15/OfS&0&rDXHP&Ex&HV_AirDist__SupFanMtr/NE-HVAC-FanBelt-CoggedVBelt-Msr/instance-out.sql,0.00,328.50
CZ15/OfS&0&rDXHP&Ex&HV_AirDist__SupFanMtr/NE-HVAC-FanBelt-SynchVBelt-Msr/instance-out.sql,0.00,328.50
CZ15/RFF&0&rDXHP&Ex&HV_AirDist__SupFanMtr/NE-HVAC-FanBelt-VBelt-Std/instance-out.sql,0.00,0.00
CZ15/RFF&0&rDXHP&Ex&HV_AirDist__SupFanMtr/NE-HVAC-FanBelt-CoggedVBelt-Msr/instance-out.sql,0.00,0.00
CZ15/RFF&0&rDXHP&Ex&HV_AirDist__SupFanMtr/NE-HVAC-FanBelt-SynchVBelt-Msr/instance-out.sql,0.00,0.00
CZ15/RSD&0&rDXHP&Ex&HV_AirDist__SupFanMtr/NE-HVAC-FanBelt-VBelt-Std/instance-out.sql,0.00,0.00
CZ15/RSD&0&rDXHP&Ex&HV_AirDist__SupFanMtr/NE-HVAC-FanBelt-CoggedVBelt-Msr/instance-out.sql,0.00,0.00
CZ15/RSD&0&rDXHP&Ex&HV_AirDist__SupFanMtr/NE-HVAC-FanBelt-SynchVBelt-Msr/instance-out.sql,0.00,0.00
CZ15/Rt3&0&rDXHP&Ex&HV_AirDist__SupFanMtr/NE-HVAC-FanBelt-VBelt-Std/instance-out.sql,0.00,0.00
CZ15/Rt3&0&rDXHP&Ex&HV_AirDist__SupFanMtr/NE-HVAC-FanBelt-CoggedVBelt-Msr/instance-out.sql,0.00,0.00
CZ15/Rt3&0&rDXHP&Ex&HV_AirDist__SupFanMtr/NE-HVAC-FanBelt-SynchVBelt-Msr/instance-out.sql,0.00,0.00
CZ15/RtL&0&rDXHP&Ex&HV_AirDist__SupFanMtr/NE-HVAC-FanBelt-VBelt-Std/instance-out.sql,0.00,0.00
CZ15/RtL&0&rDXHP&Ex&HV_AirDist__SupFanMtr/NE-HVAC-FanBelt-CoggedVBelt-Msr/instance-out.sql,0.00,0.00
CZ15/RtL&0&rDXHP&Ex&HV_AirDist__SupFanMtr/NE-HVAC-FanBelt-SynchVBelt-Msr/instance-out.sql,0.00,0.00
CZ15/RtS&0&rDXHP&Ex&HV_AirDist__SupFanMtr/NE-HVAC-FanBelt-VBelt-Std/instance-out.sql,0.00,0.00
CZ15/RtS&0&rDXHP&Ex&HV_AirDist__SupFanMtr/NE-HVAC-FanBelt-CoggedVBelt-Msr/instance-out.sql,0.00,0.00
CZ15/RtS&0&rDXHP&Ex&HV_AirDist__SupFanMtr/NE-HVAC-FanBelt-SynchVBelt-Msr/instance-out.sql,0.00,0.00
CZ15/SCn&0&rDXHP&Ex&HV_AirDist__SupFanMtr/NE-HVAC-FanBelt-VBelt-Std/instance-out.sql,0.00,0.00
CZ15/SCn&0&rDXHP&Ex&HV_AirDist__SupFanMtr/NE-HVAC-FanBelt-CoggedVBelt-Msr/instance-out.sql,0.00,0.00
CZ15/SCn&0&rDXHP&Ex&HV_AirDist__SupFanMtr/NE-HVAC-FanBelt-SynchVBelt-Msr/instance-out.sql,0.00,0.00
CZ16/Asm&0&rDXHP&Ex&HV_AirDist__SupFanMtr/NE-HVAC-FanBelt-VBelt-Std/instance-out.sql,0.00,0.00
CZ16/Asm&0&rDXHP&Ex&HV_AirDist__SupFanMtr/NE-HVAC-FanBelt-CoggedVBelt-Msr/instance-out.sql,0.00,0.00
CZ16/Asm&0&rDXHP&Ex&HV_AirDist__SupFanMtr/NE-HVAC-FanBelt-SynchVBelt-Msr/instance-out.sql,0.00,0.00
CZ16/ECC&0&rDXHP&Ex&HV_AirDist__SupFanMtr/NE-HVAC-FanBelt-VBelt-Std/instance-out.sql,0.00,570.50
CZ16/ECC&0&rDXHP&Ex&HV_AirDist__SupFanMtr/NE-HVAC-FanBelt-CoggedVBelt-Msr/instance-out.sql,0.00,570.33
CZ16/ECC&0&rDXHP&Ex&HV_AirDist__SupFanMtr/NE-HVAC-FanBelt-SynchVBelt-Msr/instance-out.sql,0.00,570.50
CZ16/EPr&0&rDXHP&Ex&HV_AirDist__SupFanMtr/NE-HVAC-FanBelt-VBelt-Std/instance-out.sql,0.00,0.00
CZ16/EPr&0&rDXHP&Ex&HV_AirDist__SupFanMtr/NE-HVAC-FanBelt-CoggedVBelt-Msr/instance-out.sql,0.00,0.00
CZ16/EPr&0&rDXHP&Ex&HV_AirDist__SupFanMtr/NE-HVAC-FanBelt-SynchVBelt-Msr/instance-out.sql,0.00,0.00
CZ16/ERC&0&rDXHP&Ex&HV_AirDist__SupFanMtr/NE-HVAC-FanBelt-VBelt-Std/instance-out.sql,0.00,0.00
CZ16/ERC&0&rDXHP&Ex&HV_AirDist__SupFanMtr/NE-HVAC-FanBelt-CoggedVBelt-Msr/instance-out.sql,0.00,0.00
CZ16/ERC&0&rDXHP&Ex&HV_AirDist__SupFanMtr/NE-HVAC-FanBelt-SynchVBelt-Msr/instance-out.sql,0.00,0.00
CZ16/ESe&0&rDXHP&Ex&HV_AirDist__SupFanMtr/NE-HVAC-FanBelt-VBelt-Std/instance-out.sql,0.00,0.00
CZ16/ESe&0&rDXHP&Ex&HV_AirDist__SupFanMtr/NE-HVAC-FanBelt-CoggedVBelt-Msr/instance-out.sql,0.00,0.00
CZ16/ESe&0&rDXHP&Ex&HV_AirDist__SupFanMtr/NE-HVAC-FanBelt-SynchVBelt-Msr/instance-out.sql,0.00,0.00
CZ16/EUn&0&rDXHP&Ex&HV_AirDist__SupFanMtr/NE-HVAC-FanBelt-VBelt-Std/instance-out.sql,0.00,289.00
CZ16/EUn&0&rDXHP&Ex&HV_AirDist__SupFanMtr/NE-HVAC-FanBelt-CoggedVBelt-Msr/instance-out.sql,0.00,287.67
CZ16/EUn&0&rDXHP&Ex&HV_AirDist__SupFanMtr/NE-HVAC-FanBelt-SynchVBelt-Msr/instance-out.sql,0.00,289.17
CZ16/Hsp&0&rDXHP&Ex&HV_AirDist__SupFanMtr/NE-HVAC-FanBelt-VBelt-Std/instance-out.sql,0.00,1.83
CZ16/Hsp&0&rDXHP&Ex&HV_AirDist__SupFanMtr/NE-HVAC-FanBelt-CoggedVBelt-Msr/instance-out.sql,0.00,1.83
CZ16/Hsp&0&rDXHP&Ex&HV_AirDist__SupFanMtr/NE-HVAC-FanBelt-SynchVBelt-Msr/instance-out.sql,0.00,1.83
CZ16/MBT&0&rDXHP&Ex&HV_AirDist__SupFanMtr/NE-HVAC-FanBelt-VBelt-Std/instance-out.sql,0.00,23.50
CZ16/MBT&0&rDXHP&Ex&HV_AirDist__SupFanMtr/NE-HVAC-FanBelt-CoggedVBelt-Msr/instance-out.sql,0.00,23.50
CZ16/MBT&0&rDXHP&Ex&HV_AirDist__SupFanMtr/NE-HVAC-FanBelt-SynchVBelt-Msr/instance-out.sql,0.00,23.50
CZ16/MLI&0&rDXHP&Ex&HV_AirDist__SupFanMtr/NE-HVAC-FanBelt-VBelt-Std/instance-out.sql,1.67,0.00
CZ16/MLI&0&rDXHP&Ex&HV_AirDist__SupFanMtr/NE-HVAC-FanBelt-CoggedVBelt-Msr/instance-out.sql,1.83,0.00
CZ16/MLI&0&rDXHP&Ex&HV_AirDist__SupFanMtr/NE-HVAC-FanBelt-SynchVBelt-Msr/instance-out.sql,1.83,0.00
CZ16/Mtl&0&rDXHP&Ex&HV_AirDist__SupFanMtr/NE-HVAC-FanBelt-VBelt-Std/instance-out.sql,0.67,118.00
CZ16/Mtl&0&rDXHP&Ex&HV_AirDist__SupFanMtr/NE-HVAC-FanBelt-CoggedVBelt-Msr/instance-out.sql,0.67,117.83
CZ16/Mtl&0&rDXHP&Ex&HV_AirDist__SupFanMtr/NE-HVAC-FanBelt-SynchVBelt-Msr/instance-out.sql,0.67,115.83
CZ16/Nrs&0&rDXHP&Ex&HV_AirDist__SupFanMtr/NE-HVAC-FanBelt-VBelt-Std/instance-out.sql,0.00,0.33
CZ16/Nrs&0&rDXHP&Ex&HV_AirDist__SupFanMtr/NE-HVAC-FanBelt-CoggedVBelt-Msr/instance-out.sql,0.00,0.33
CZ16/Nrs&0&rDXHP&Ex&HV_AirDist__SupFanMtr/NE-HVAC-FanBelt-SynchVBelt-Msr/instance-out.sql,0.00,0.33
CZ16/OfL&0&rDXHP&Ex&HV_AirDist__SupFanMtr/NE-HVAC-FanBelt-VBelt-Std/instance-out.sql,3.17,263.83
CZ16/OfL&0&rDXHP&Ex&HV_AirDist__SupFanMtr/NE-HVAC-FanBelt-CoggedVBelt-Msr/instance-out.sql,3.33,263.83
CZ16/OfL&0&rDXHP&Ex&HV_AirDist__SupFanMtr/NE-HVAC-FanBelt-SynchVBelt-Msr/instance-out.sql,3.83,263.83
CZ16/OfS&0&rDXHP&Ex&HV_AirDist__SupFanMtr/NE-HVAC-FanBelt-VBelt-Std/instance-out.sql,0.17,212.67
CZ16/OfS&0&rDXHP&Ex&HV_AirDist__SupFanMtr/NE-HVAC-FanBelt-CoggedVBelt-Msr/instance-out.sql,0.17,212.50
CZ16/OfS&0&rDXHP&Ex&HV_AirDist__SupFanMtr/NE-HVAC-FanBelt-SynchVBelt-Msr/instance-out.sql,0.50,212.33
CZ16/RFF&0&rDXHP&Ex&HV_AirDist__SupFanMtr/NE-HVAC-FanBelt-VBelt-Std/instance-out.sql,0.17,0.00
CZ16/RFF&0&rDXHP&Ex&HV_AirDist__SupFanMtr/NE-HVAC-FanBelt-CoggedVBelt-Msr/instance-out.sql,0.17,0.00
CZ16/RFF&0&rDXHP&Ex&HV_AirDist__SupFanMtr/NE-HVAC-FanBelt-SynchVBelt-Msr/instance-out.sql,0.17,0.00
CZ16/RSD&0&rDXHP&Ex&HV_AirDist__SupFanMtr/NE-HVAC-FanBelt-VBelt-Std/instance-out.sql,0.17,0.00
CZ16/RSD&0&rDXHP&Ex&HV_AirDist__SupFanMtr/NE-HVAC-FanBelt-CoggedVBelt-Msr/instance-out.sql,0.17,0.00
CZ16/RSD&0&rDXHP&Ex&HV_AirDist__SupFanMtr/NE-HVAC-FanBelt-SynchVBelt-Msr/instance-out.sql,0.17,0.00
CZ16/Rt3&0&rDXHP&Ex&HV_AirDist__SupFanMtr/NE-HVAC-FanBelt-VBelt-Std/instance-out.sql,0.00,0.00
CZ16/Rt3&0&rDXHP&Ex&HV_AirDist__SupFanMtr/NE-HVAC-FanBelt-CoggedVBelt-Msr/instance-out.sql,0.00,0.00
CZ16/Rt3&0&rDXHP&Ex&HV_AirDist__SupFanMtr/NE-HVAC-FanBelt-SynchVBelt-Msr/instance-out.sql,0.00,0.00
CZ16/RtL&0&rDXHP&Ex&HV_AirDist__SupFanMtr/NE-HVAC-FanBelt-VBelt-Std/instance-out.sql,0.00,0.00
CZ16/RtL&0&rDXHP&Ex&HV_AirDist__SupFanMtr/NE-HVAC-FanBelt-CoggedVBelt-Msr/instance-out.sql,0.00,0.00
CZ16/RtL&0&rDXHP&Ex&HV_AirDist__SupFanMtr/NE-HVAC-FanBelt-SynchVBelt-Msr/instance-out.sql,0.00,0.00
CZ16/RtS&0&rDXHP&Ex&HV_AirDist__SupFanMtr/NE-HVAC-FanBelt-VBelt-Std/instance-out.sql,0.00,0.00
CZ16/RtS&0&rDXHP&Ex&HV_AirDist__SupFanMtr/NE-HVAC-FanBelt-CoggedVBelt-Msr/instance-out.sql,0.00,0.00
CZ16/RtS&0&rDXHP&Ex&HV_AirDist__SupFanMtr/NE-HVAC-FanBelt-SynchVBelt-Msr/instance-out.sql,0.00,0.00
CZ16/SCn&0&rDXHP&Ex&HV_AirDist__SupFanMtr/NE-HVAC-FanBelt-VBelt-Std/instance-out.sql,0.83,0.00
CZ16/SCn&0&rDXHP&Ex&HV_AirDist__SupFanMtr/NE-HVAC-FanBelt-CoggedVBelt-Msr/instance-out.sql,0.83,0.00
CZ16/SCn&0&rDXHP&Ex&HV_AirDist__SupFanMtr/NE-HVAC-FanBelt-SynchVBelt-Msr/instance-out.sql,0.83,0.00

