File Name,BldgLoc,BldgType,Story,BldgHVAC,BldgVint,TechGroup,TechType,TechID,Cohort,Case,Value/Program Version and Build,Value/Weather File,Area/Conditioned Total,Electricity Intensity/HVAC,Natural Gas Intensity/HVAC,Electricity/Heating,Electricity/Cooling,Electricity/Interior Lighting,Electricity/Exterior Lighting,Electricity/Interior Equipment,Electricity/Exterior Equipment,Electricity/Fans,Electricity/Pumps,Electricity/Heat Rejection,Electricity/Humidification,Electricity/Heat Recovery,Electricity/Water Systems,Electricity/Refrigeration,Electricity/Generators,Electricity/Total End Uses,Natural Gas/Heating,Natural Gas/Cooling,Natural Gas/Interior Lighting,Natural Gas/Exterior Lighting,Natural Gas/Interior Equipment,Natural Gas/Exterior Equipment,Natural Gas/Fans,Natural Gas/Pumps,Natural Gas/Heat Rejection,Natural Gas/Humidification,Natural Gas/Heat Recovery,Natural Gas/Water Systems,Natural Gas/Refrigeration,Natural Gas/Generators,Natural Gas/Total End Uses,HeatCapDXGF,CoolCapDXGF,HeatCapDXHP,CoolCapDXHP
SWHC049-09 SEER Rated AC HP_SFm_New/runs/CZ16/SFm&2&rDXHP&New&dxHP_equip/RE-dxAC_eq-pkgSEER-12.5-SEER2/instance-out.sql,CZ16,SFm,2,rDXHP,New,dxHP_equip,,RE-dxAC_eq-pkgSEER-12.5-SEER2,SFm&2&rDXHP&New&dxHP_equip,RE-dxAC_eq-pkgSEER-12.5-SEER2,,,,,,,,,,,,,,,,,,,,,,,,,,,,,,,,,,,,,,,
SWHC049-09 SEER Rated AC HP_SFm_New/runs/CZ16/SFm&2&rDXHP&New&dxHP_equip/RE-dxAC_eq-pkgSEER-13.8-SEER2/instance-out.sql,CZ16,SFm,2,rDXHP,New,dxHP_equip,,RE-dxAC_eq-pkgSEER-13.8-SEER2,SFm&2&rDXHP&New&dxHP_equip,RE-dxAC_eq-pkgSEER-13.8-SEER2,,,,,,,,,,,,,,,,,,,,,,,,,,,,,,,,,,,,,,,
SWHC049-09 SEER Rated AC HP_SFm_New/runs/CZ16/SFm&2&rDXHP&New&dxHP_equip/RE-dxAC_eq-pkgSEER-14.3-SEER2/instance-out.sql,CZ16,SFm,2,rDXHP,New,dxHP_equip,,RE-dxAC_eq-pkgSEER-14.3-SEER2,SFm&2&rDXHP&New&dxHP_equip,RE-dxAC_eq-pkgSEER-14.3-SEER2,,,,,,,,,,,,,,,,,,,,,,,,,,,,,,,,,,,,,,,
SWHC049-09 SEER Rated AC HP_SFm_New/runs/CZ16/SFm&2&rDXHP&New&dxHP_equip/RE-dxAC_eq-pkgSEER-15.2-SEER2/instance-out.sql,CZ16,SFm,2,rDXHP,New,dxHP_equip,,RE-dxAC_eq-pkgSEER-15.2-SEER2,SFm&2&rDXHP&New&dxHP_equip,RE-dxAC_eq-pkgSEER-15.2-SEER2,,,,,,,,,,,,,,,,,,,,,,,,,,,,,,,,,,,,,,,
SWHC049-09 SEER Rated AC HP_SFm_New/runs/CZ16/SFm&2&rDXHP&New&dxHP_equip/RE-dxAC_eq-pkgSEER-16.9-SEER2/instance-out.sql,CZ16,SFm,2,rDXHP,New,dxHP_equip,,RE-dxAC_eq-pkgSEER-16.9-SEER2,SFm&2&rDXHP&New&dxHP_equip,RE-dxAC_eq-pkgSEER-16.9-SEER2,,,,,,,,,,,,,,,,,,,,,,,,,,,,,,,,,,,,,,,
SWHC049-09 SEER Rated AC HP_SFm_New/runs/CZ16/SFm&2&rDXHP&New&dxHP_equip/RE-dxAC_eq-pkgSEER-17.8-SEER2/instance-out.sql,CZ16,SFm,2,rDXHP,New,dxHP_equip,,RE-dxAC_eq-pkgSEER-17.8-SEER2,SFm&2&rDXHP&New&dxHP_equip,RE-dxAC_eq-pkgSEER-17.8-SEER2,,,,,,,,,,,,,,,,,,,,,,,,,,,,,,,,,,,,,,,
SWHC049-09 SEER Rated AC HP_SFm_New/runs/CZ16/SFm&2&rDXHP&New&dxHP_equip/RE-dxAC_eq-pkgSEER-18.7-SEER2/instance-out.sql,CZ16,SFm,2,rDXHP,New,dxHP_equip,,RE-dxAC_eq-pkgSEER-18.7-SEER2,SFm&2&rDXHP&New&dxHP_equip,RE-dxAC_eq-pkgSEER-18.7-SEER2,,,,,,,,,,,,,,,,,,,,,,,,,,,,,,,,,,,,,,,
SWHC049-09 SEER Rated AC HP_SFm_New/runs/CZ16/SFm&2&rDXHP&New&dxHP_equip/RE-dxAC_eq-pkgSEER-19.6-SEER2/instance-out.sql,CZ16,SFm,2,rDXHP,New,dxHP_equip,,RE-dxAC_eq-pkgSEER-19.6-SEER2,SFm&2&rDXHP&New&dxHP_equip,RE-dxAC_eq-pkgSEER-19.6-SEER2,,,,,,,,,,,,,,,,,,,,,,,,,,,,,,,,,,,,,,,
SWHC049-09 SEER Rated AC HP_SFm_New/runs/CZ16/SFm&2&rDXHP&New&dxHP_equip/RE-dxHP_eq-pkgSEER-12.5-SEER2-6.4-HSPF2/instance-out.sql,CZ16,SFm,2,rDXHP,New,dxHP_equip,,RE-dxHP_eq-pkgSEER-12.5-SEER2-6.4-HSPF2,SFm&2&rDXHP&New&dxHP_equip,RE-dxHP_eq-pkgSEER-12.5-SEER2-6.4-HSPF2,,,,,,,,,,,,,,,,,,,,,,,,,,,,,,,,,,,,,,,
SWHC049-09 SEER Rated AC HP_SFm_New/runs/CZ16/SFm&2&rDXHP&New&dxHP_equip/RE-dxHP_eq-pkgSEER-14.3-SEER2-7.5-HSPF2/instance-out.sql,CZ16,SFm,2,rDXHP,New,dxHP_equip,,RE-dxHP_eq-pkgSEER-14.3-SEER2-7.5-HSPF2,SFm&2&rDXHP&New&dxHP_equip,RE-dxHP_eq-pkgSEER-14.3-SEER2-7.5-HSPF2,,,,,,,,,,,,,,,,,,,,,,,,,,,,,,,,,,,,,,,
SWHC049-09 SEER Rated AC HP_SFm_New/runs/CZ16/SFm&2&rDXHP&New&dxHP_equip/RE-dxHP_eq-pkgSEER-15.2-SEER2-7.7-HSPF2/instance-out.sql,CZ16,SFm,2,rDXHP,New,dxHP_equip,,RE-dxHP_eq-pkgSEER-15.2-SEER2-7.7-HSPF2,SFm&2&rDXHP&New&dxHP_equip,RE-dxHP_eq-pkgSEER-15.2-SEER2-7.7-HSPF2,,,,,,,,,,,,,,,,,,,,,,,,,,,,,,,,,,,,,,,
SWHC049-09 SEER Rated AC HP_SFm_New/runs/CZ16/SFm&2&rDXHP&New&dxHP_equip/RE-dxHP_eq-pkgSEER-16.0-SEER2-8.0-HSPF2/instance-out.sql,CZ16,SFm,2,rDXHP,New,dxHP_equip,,RE-dxHP_eq-pkgSEER-16.0-SEER2-8.0-HSPF2,SFm&2&rDXHP&New&dxHP_equip,RE-dxHP_eq-pkgSEER-16.0-SEER2-8.0-HSPF2,,,,,,,,,,,,,,,,,,,,,,,,,,,,,,,,,,,,,,,
SWHC049-09 SEER Rated AC HP_SFm_New/runs/CZ16/SFm&2&rDXHP&New&dxHP_equip/RE-dxHP_eq-pkgSEER-17.8-SEER2-8.1-HSPF2/instance-out.sql,CZ16,SFm,2,rDXHP,New,dxHP_equip,,RE-dxHP_eq-pkgSEER-17.8-SEER2-8.1-HSPF2,SFm&2&rDXHP&New&dxHP_equip,RE-dxHP_eq-pkgSEER-17.8-SEER2-8.1-HSPF2,,,,,,,,,,,,,,,,,,,,,,,,,,,,,,,,,,,,,,,
SWHC049-09 SEER Rated AC HP_SFm_New/runs/CZ16/SFm&2&rDXHP&New&dxHP_equip/RE-dxHP_eq-pkgSEER-18.7-SEER2-8.5-HSPF2/instance-out.sql,CZ16,SFm,2,rDXHP,New,dxHP_equip,,RE-dxHP_eq-pkgSEER-18.7-SEER2-8.5-HSPF2,SFm&2&rDXHP&New&dxHP_equip,RE-dxHP_eq-pkgSEER-18.7-SEER2-8.5-HSPF2,,,,,,,,,,,,,,,,,,,,,,,,,,,,,,,,,,,,,,,
SWHC049-09 SEER Rated AC HP_SFm_New/runs/CZ16/SFm&2&rDXHP&New&dxHP_equip/RE-dxHP_eq-pkgSEER-19.6-SEER2-8.9-HSPF2/instance-out.sql,CZ16,SFm,2,rDXHP,New,dxHP_equip,,RE-dxHP_eq-pkgSEER-19.6-SEER2-8.9-HSPF2,SFm&2&rDXHP&New&dxHP_equip,RE-dxHP_eq-pkgSEER-19.6-SEER2-8.9-HSPF2,,,,,,,,,,,,,,,,,,,,,,,,,,,,,,,,,,,,,,,
SWHC049-09 SEER Rated AC HP_SFm_New/runs/CZ16/SFm&1&rDXHP&New&dxHP_equip/RE-dxAC_eq-pkgSEER-12.5-SEER2/instance-out.sql,CZ16,SFm,1,rDXHP,New,dxHP_equip,,RE-dxAC_eq-pkgSEER-12.5-SEER2,SFm&1&rDXHP&New&dxHP_equip,RE-dxAC_eq-pkgSEER-12.5-SEER2,,,,,,,,,,,,,,,,,,,,,,,,,,,,,,,,,,,,,,,
SWHC049-09 SEER Rated AC HP_SFm_New/runs/CZ16/SFm&1&rDXHP&New&dxHP_equip/RE-dxAC_eq-pkgSEER-13.8-SEER2/instance-out.sql,CZ16,SFm,1,rDXHP,New,dxHP_equip,,RE-dxAC_eq-pkgSEER-13.8-SEER2,SFm&1&rDXHP&New&dxHP_equip,RE-dxAC_eq-pkgSEER-13.8-SEER2,,,,,,,,,,,,,,,,,,,,,,,,,,,,,,,,,,,,,,,
SWHC049-09 SEER Rated AC HP_SFm_New/runs/CZ16/SFm&1&rDXHP&New&dxHP_equip/RE-dxAC_eq-pkgSEER-14.3-SEER2/instance-out.sql,CZ16,SFm,1,rDXHP,New,dxHP_equip,,RE-dxAC_eq-pkgSEER-14.3-SEER2,SFm&1&rDXHP&New&dxHP_equip,RE-dxAC_eq-pkgSEER-14.3-SEER2,,,,,,,,,,,,,,,,,,,,,,,,,,,,,,,,,,,,,,,
SWHC049-09 SEER Rated AC HP_SFm_New/runs/CZ16/SFm&1&rDXHP&New&dxHP_equip/RE-dxAC_eq-pkgSEER-15.2-SEER2/instance-out.sql,CZ16,SFm,1,rDXHP,New,dxHP_equip,,RE-dxAC_eq-pkgSEER-15.2-SEER2,SFm&1&rDXHP&New&dxHP_equip,RE-dxAC_eq-pkgSEER-15.2-SEER2,,,,,,,,,,,,,,,,,,,,,,,,,,,,,,,,,,,,,,,
SWHC049-09 SEER Rated AC HP_SFm_New/runs/CZ16/SFm&1&rDXHP&New&dxHP_equip/RE-dxAC_eq-pkgSEER-16.9-SEER2/instance-out.sql,CZ16,SFm,1,rDXHP,New,dxHP_equip,,RE-dxAC_eq-pkgSEER-16.9-SEER2,SFm&1&rDXHP&New&dxHP_equip,RE-dxAC_eq-pkgSEER-16.9-SEER2,,,,,,,,,,,,,,,,,,,,,,,,,,,,,,,,,,,,,,,
SWHC049-09 SEER Rated AC HP_SFm_New/runs/CZ16/SFm&1&rDXHP&New&dxHP_equip/RE-dxAC_eq-pkgSEER-17.8-SEER2/instance-out.sql,CZ16,SFm,1,rDXHP,New,dxHP_equip,,RE-dxAC_eq-pkgSEER-17.8-SEER2,SFm&1&rDXHP&New&dxHP_equip,RE-dxAC_eq-pkgSEER-17.8-SEER2,,,,,,,,,,,,,,,,,,,,,,,,,,,,,,,,,,,,,,,
SWHC049-09 SEER Rated AC HP_SFm_New/runs/CZ16/SFm&1&rDXHP&New&dxHP_equip/RE-dxAC_eq-pkgSEER-18.7-SEER2/instance-out.sql,CZ16,SFm,1,rDXHP,New,dxHP_equip,,RE-dxAC_eq-pkgSEER-18.7-SEER2,SFm&1&rDXHP&New&dxHP_equip,RE-dxAC_eq-pkgSEER-18.7-SEER2,,,,,,,,,,,,,,,,,,,,,,,,,,,,,,,,,,,,,,,
SWHC049-09 SEER Rated AC HP_SFm_New/runs/CZ16/SFm&1&rDXHP&New&dxHP_equip/RE-dxAC_eq-pkgSEER-19.6-SEER2/instance-out.sql,CZ16,SFm,1,rDXHP,New,dxHP_equip,,RE-dxAC_eq-pkgSEER-19.6-SEER2,SFm&1&rDXHP&New&dxHP_equip,RE-dxAC_eq-pkgSEER-19.6-SEER2,,,,,,,,,,,,,,,,,,,,,,,,,,,,,,,,,,,,,,,
SWHC049-09 SEER Rated AC HP_SFm_New/runs/CZ16/SFm&1&rDXHP&New&dxHP_equip/RE-dxHP_eq-pkgSEER-12.5-SEER2-6.4-HSPF2/instance-out.sql,CZ16,SFm,1,rDXHP,New,dxHP_equip,,RE-dxHP_eq-pkgSEER-12.5-SEER2-6.4-HSPF2,SFm&1&rDXHP&New&dxHP_equip,RE-dxHP_eq-pkgSEER-12.5-SEER2-6.4-HSPF2,,,,,,,,,,,,,,,,,,,,,,,,,,,,,,,,,,,,,,,
SWHC049-09 SEER Rated AC HP_SFm_New/runs/CZ16/SFm&1&rDXHP&New&dxHP_equip/RE-dxHP_eq-pkgSEER-14.3-SEER2-7.5-HSPF2/instance-out.sql,CZ16,SFm,1,rDXHP,New,dxHP_equip,,RE-dxHP_eq-pkgSEER-14.3-SEER2-7.5-HSPF2,SFm&1&rDXHP&New&dxHP_equip,RE-dxHP_eq-pkgSEER-14.3-SEER2-7.5-HSPF2,,,,,,,,,,,,,,,,,,,,,,,,,,,,,,,,,,,,,,,
SWHC049-09 SEER Rated AC HP_SFm_New/runs/CZ16/SFm&1&rDXHP&New&dxHP_equip/RE-dxHP_eq-pkgSEER-15.2-SEER2-7.7-HSPF2/instance-out.sql,CZ16,SFm,1,rDXHP,New,dxHP_equip,,RE-dxHP_eq-pkgSEER-15.2-SEER2-7.7-HSPF2,SFm&1&rDXHP&New&dxHP_equip,RE-dxHP_eq-pkgSEER-15.2-SEER2-7.7-HSPF2,,,,,,,,,,,,,,,,,,,,,,,,,,,,,,,,,,,,,,,
SWHC049-09 SEER Rated AC HP_SFm_New/runs/CZ16/SFm&1&rDXHP&New&dxHP_equip/RE-dxHP_eq-pkgSEER-16.0-SEER2-8.0-HSPF2/instance-out.sql,CZ16,SFm,1,rDXHP,New,dxHP_equip,,RE-dxHP_eq-pkgSEER-16.0-SEER2-8.0-HSPF2,SFm&1&rDXHP&New&dxHP_equip,RE-dxHP_eq-pkgSEER-16.0-SEER2-8.0-HSPF2,,,,,,,,,,,,,,,,,,,,,,,,,,,,,,,,,,,,,,,
SWHC049-09 SEER Rated AC HP_SFm_New/runs/CZ16/SFm&1&rDXHP&New&dxHP_equip/RE-dxHP_eq-pkgSEER-17.8-SEER2-8.1-HSPF2/instance-out.sql,CZ16,SFm,1,rDXHP,New,dxHP_equip,,RE-dxHP_eq-pkgSEER-17.8-SEER2-8.1-HSPF2,SFm&1&rDXHP&New&dxHP_equip,RE-dxHP_eq-pkgSEER-17.8-SEER2-8.1-HSPF2,,,,,,,,,,,,,,,,,,,,,,,,,,,,,,,,,,,,,,,
SWHC049-09 SEER Rated AC HP_SFm_New/runs/CZ16/SFm&1&rDXHP&New&dxHP_equip/RE-dxHP_eq-pkgSEER-18.7-SEER2-8.5-HSPF2/instance-out.sql,CZ16,SFm,1,rDXHP,New,dxHP_equip,,RE-dxHP_eq-pkgSEER-18.7-SEER2-8.5-HSPF2,SFm&1&rDXHP&New&dxHP_equip,RE-dxHP_eq-pkgSEER-18.7-SEER2-8.5-HSPF2,,,,,,,,,,,,,,,,,,,,,,,,,,,,,,,,,,,,,,,
SWHC049-09 SEER Rated AC HP_SFm_New/runs/CZ16/SFm&1&rDXHP&New&dxHP_equip/RE-dxHP_eq-pkgSEER-19.6-SEER2-8.9-HSPF2/instance-out.sql,CZ16,SFm,1,rDXHP,New,dxHP_equip,,RE-dxHP_eq-pkgSEER-19.6-SEER2-8.9-HSPF2,SFm&1&rDXHP&New&dxHP_equip,RE-dxHP_eq-pkgSEER-19.6-SEER2-8.9-HSPF2,,,,,,,,,,,,,,,,,,,,,,,,,,,,,,,,,,,,,,,
SWHC049-09 SEER Rated AC HP_SFm_New/runs/CZ15/SFm&2&rDXHP&New&dxHP_equip/RE-dxAC_eq-pkgSEER-12.5-SEER2/instance-out.sql,CZ15,SFm,2,rDXHP,New,dxHP_equip,,RE-dxAC_eq-pkgSEER-12.5-SEER2,SFm&2&rDXHP&New&dxHP_equip,RE-dxAC_eq-pkgSEER-12.5-SEER2,,,,,,,,,,,,,,,,,,,,,,,,,,,,,,,,,,,,,,,
SWHC049-09 SEER Rated AC HP_SFm_New/runs/CZ15/SFm&2&rDXHP&New&dxHP_equip/RE-dxAC_eq-pkgSEER-13.8-SEER2/instance-out.sql,CZ15,SFm,2,rDXHP,New,dxHP_equip,,RE-dxAC_eq-pkgSEER-13.8-SEER2,SFm&2&rDXHP&New&dxHP_equip,RE-dxAC_eq-pkgSEER-13.8-SEER2,,,,,,,,,,,,,,,,,,,,,,,,,,,,,,,,,,,,,,,
SWHC049-09 SEER Rated AC HP_SFm_New/runs/CZ15/SFm&2&rDXHP&New&dxHP_equip/RE-dxAC_eq-pkgSEER-14.3-SEER2/instance-out.sql,CZ15,SFm,2,rDXHP,New,dxHP_equip,,RE-dxAC_eq-pkgSEER-14.3-SEER2,SFm&2&rDXHP&New&dxHP_equip,RE-dxAC_eq-pkgSEER-14.3-SEER2,,,,,,,,,,,,,,,,,,,,,,,,,,,,,,,,,,,,,,,
SWHC049-09 SEER Rated AC HP_SFm_New/runs/CZ15/SFm&2&rDXHP&New&dxHP_equip/RE-dxAC_eq-pkgSEER-15.2-SEER2/instance-out.sql,CZ15,SFm,2,rDXHP,New,dxHP_equip,,RE-dxAC_eq-pkgSEER-15.2-SEER2,SFm&2&rDXHP&New&dxHP_equip,RE-dxAC_eq-pkgSEER-15.2-SEER2,,,,,,,,,,,,,,,,,,,,,,,,,,,,,,,,,,,,,,,
SWHC049-09 SEER Rated AC HP_SFm_New/runs/CZ15/SFm&2&rDXHP&New&dxHP_equip/RE-dxAC_eq-pkgSEER-16.9-SEER2/instance-out.sql,CZ15,SFm,2,rDXHP,New,dxHP_equip,,RE-dxAC_eq-pkgSEER-16.9-SEER2,SFm&2&rDXHP&New&dxHP_equip,RE-dxAC_eq-pkgSEER-16.9-SEER2,,,,,,,,,,,,,,,,,,,,,,,,,,,,,,,,,,,,,,,
SWHC049-09 SEER Rated AC HP_SFm_New/runs/CZ15/SFm&2&rDXHP&New&dxHP_equip/RE-dxAC_eq-pkgSEER-17.8-SEER2/instance-out.sql,CZ15,SFm,2,rDXHP,New,dxHP_equip,,RE-dxAC_eq-pkgSEER-17.8-SEER2,SFm&2&rDXHP&New&dxHP_equip,RE-dxAC_eq-pkgSEER-17.8-SEER2,,,,,,,,,,,,,,,,,,,,,,,,,,,,,,,,,,,,,,,
SWHC049-09 SEER Rated AC HP_SFm_New/runs/CZ15/SFm&2&rDXHP&New&dxHP_equip/RE-dxAC_eq-pkgSEER-18.7-SEER2/instance-out.sql,CZ15,SFm,2,rDXHP,New,dxHP_equip,,RE-dxAC_eq-pkgSEER-18.7-SEER2,SFm&2&rDXHP&New&dxHP_equip,RE-dxAC_eq-pkgSEER-18.7-SEER2,,,,,,,,,,,,,,,,,,,,,,,,,,,,,,,,,,,,,,,
SWHC049-09 SEER Rated AC HP_SFm_New/runs/CZ15/SFm&2&rDXHP&New&dxHP_equip/RE-dxAC_eq-pkgSEER-19.6-SEER2/instance-out.sql,CZ15,SFm,2,rDXHP,New,dxHP_equip,,RE-dxAC_eq-pkgSEER-19.6-SEER2,SFm&2&rDXHP&New&dxHP_equip,RE-dxAC_eq-pkgSEER-19.6-SEER2,,,,,,,,,,,,,,,,,,,,,,,,,,,,,,,,,,,,,,,
SWHC049-09 SEER Rated AC HP_SFm_New/runs/CZ15/SFm&2&rDXHP&New&dxHP_equip/RE-dxHP_eq-pkgSEER-12.5-SEER2-6.4-HSPF2/instance-out.sql,CZ15,SFm,2,rDXHP,New,dxHP_equip,,RE-dxHP_eq-pkgSEER-12.5-SEER2-6.4-HSPF2,SFm&2&rDXHP&New&dxHP_equip,RE-dxHP_eq-pkgSEER-12.5-SEER2-6.4-HSPF2,,,,,,,,,,,,,,,,,,,,,,,,,,,,,,,,,,,,,,,
SWHC049-09 SEER Rated AC HP_SFm_New/runs/CZ15/SFm&2&rDXHP&New&dxHP_equip/RE-dxHP_eq-pkgSEER-14.3-SEER2-7.5-HSPF2/instance-out.sql,CZ15,SFm,2,rDXHP,New,dxHP_equip,,RE-dxHP_eq-pkgSEER-14.3-SEER2-7.5-HSPF2,SFm&2&rDXHP&New&dxHP_equip,RE-dxHP_eq-pkgSEER-14.3-SEER2-7.5-HSPF2,,,,,,,,,,,,,,,,,,,,,,,,,,,,,,,,,,,,,,,
SWHC049-09 SEER Rated AC HP_SFm_New/runs/CZ15/SFm&2&rDXHP&New&dxHP_equip/RE-dxHP_eq-pkgSEER-15.2-SEER2-7.7-HSPF2/instance-out.sql,CZ15,SFm,2,rDXHP,New,dxHP_equip,,RE-dxHP_eq-pkgSEER-15.2-SEER2-7.7-HSPF2,SFm&2&rDXHP&New&dxHP_equip,RE-dxHP_eq-pkgSEER-15.2-SEER2-7.7-HSPF2,,,,,,,,,,,,,,,,,,,,,,,,,,,,,,,,,,,,,,,
SWHC049-09 SEER Rated AC HP_SFm_New/runs/CZ15/SFm&2&rDXHP&New&dxHP_equip/RE-dxHP_eq-pkgSEER-16.0-SEER2-8.0-HSPF2/instance-out.sql,CZ15,SFm,2,rDXHP,New,dxHP_equip,,RE-dxHP_eq-pkgSEER-16.0-SEER2-8.0-HSPF2,SFm&2&rDXHP&New&dxHP_equip,RE-dxHP_eq-pkgSEER-16.0-SEER2-8.0-HSPF2,,,,,,,,,,,,,,,,,,,,,,,,,,,,,,,,,,,,,,,
SWHC049-09 SEER Rated AC HP_SFm_New/runs/CZ15/SFm&2&rDXHP&New&dxHP_equip/RE-dxHP_eq-pkgSEER-17.8-SEER2-8.1-HSPF2/instance-out.sql,CZ15,SFm,2,rDXHP,New,dxHP_equip,,RE-dxHP_eq-pkgSEER-17.8-SEER2-8.1-HSPF2,SFm&2&rDXHP&New&dxHP_equip,RE-dxHP_eq-pkgSEER-17.8-SEER2-8.1-HSPF2,,,,,,,,,,,,,,,,,,,,,,,,,,,,,,,,,,,,,,,
SWHC049-09 SEER Rated AC HP_SFm_New/runs/CZ15/SFm&2&rDXHP&New&dxHP_equip/RE-dxHP_eq-pkgSEER-18.7-SEER2-8.5-HSPF2/instance-out.sql,CZ15,SFm,2,rDXHP,New,dxHP_equip,,RE-dxHP_eq-pkgSEER-18.7-SEER2-8.5-HSPF2,SFm&2&rDXHP&New&dxHP_equip,RE-dxHP_eq-pkgSEER-18.7-SEER2-8.5-HSPF2,,,,,,,,,,,,,,,,,,,,,,,,,,,,,,,,,,,,,,,
SWHC049-09 SEER Rated AC HP_SFm_New/runs/CZ15/SFm&2&rDXHP&New&dxHP_equip/RE-dxHP_eq-pkgSEER-19.6-SEER2-8.9-HSPF2/instance-out.sql,CZ15,SFm,2,rDXHP,New,dxHP_equip,,RE-dxHP_eq-pkgSEER-19.6-SEER2-8.9-HSPF2,SFm&2&rDXHP&New&dxHP_equip,RE-dxHP_eq-pkgSEER-19.6-SEER2-8.9-HSPF2,,,,,,,,,,,,,,,,,,,,,,,,,,,,,,,,,,,,,,,
SWHC049-09 SEER Rated AC HP_SFm_New/runs/CZ15/SFm&1&rDXHP&New&dxHP_equip/RE-dxAC_eq-pkgSEER-12.5-SEER2/instance-out.sql,CZ15,SFm,1,rDXHP,New,dxHP_equip,,RE-dxAC_eq-pkgSEER-12.5-SEER2,SFm&1&rDXHP&New&dxHP_equip,RE-dxAC_eq-pkgSEER-12.5-SEER2,,,,,,,,,,,,,,,,,,,,,,,,,,,,,,,,,,,,,,,
SWHC049-09 SEER Rated AC HP_SFm_New/runs/CZ15/SFm&1&rDXHP&New&dxHP_equip/RE-dxAC_eq-pkgSEER-13.8-SEER2/instance-out.sql,CZ15,SFm,1,rDXHP,New,dxHP_equip,,RE-dxAC_eq-pkgSEER-13.8-SEER2,SFm&1&rDXHP&New&dxHP_equip,RE-dxAC_eq-pkgSEER-13.8-SEER2,,,,,,,,,,,,,,,,,,,,,,,,,,,,,,,,,,,,,,,
SWHC049-09 SEER Rated AC HP_SFm_New/runs/CZ15/SFm&1&rDXHP&New&dxHP_equip/RE-dxAC_eq-pkgSEER-14.3-SEER2/instance-out.sql,CZ15,SFm,1,rDXHP,New,dxHP_equip,,RE-dxAC_eq-pkgSEER-14.3-SEER2,SFm&1&rDXHP&New&dxHP_equip,RE-dxAC_eq-pkgSEER-14.3-SEER2,,,,,,,,,,,,,,,,,,,,,,,,,,,,,,,,,,,,,,,
SWHC049-09 SEER Rated AC HP_SFm_New/runs/CZ15/SFm&1&rDXHP&New&dxHP_equip/RE-dxAC_eq-pkgSEER-15.2-SEER2/instance-out.sql,CZ15,SFm,1,rDXHP,New,dxHP_equip,,RE-dxAC_eq-pkgSEER-15.2-SEER2,SFm&1&rDXHP&New&dxHP_equip,RE-dxAC_eq-pkgSEER-15.2-SEER2,,,,,,,,,,,,,,,,,,,,,,,,,,,,,,,,,,,,,,,
SWHC049-09 SEER Rated AC HP_SFm_New/runs/CZ15/SFm&1&rDXHP&New&dxHP_equip/RE-dxAC_eq-pkgSEER-16.9-SEER2/instance-out.sql,CZ15,SFm,1,rDXHP,New,dxHP_equip,,RE-dxAC_eq-pkgSEER-16.9-SEER2,SFm&1&rDXHP&New&dxHP_equip,RE-dxAC_eq-pkgSEER-16.9-SEER2,,,,,,,,,,,,,,,,,,,,,,,,,,,,,,,,,,,,,,,
SWHC049-09 SEER Rated AC HP_SFm_New/runs/CZ15/SFm&1&rDXHP&New&dxHP_equip/RE-dxAC_eq-pkgSEER-17.8-SEER2/instance-out.sql,CZ15,SFm,1,rDXHP,New,dxHP_equip,,RE-dxAC_eq-pkgSEER-17.8-SEER2,SFm&1&rDXHP&New&dxHP_equip,RE-dxAC_eq-pkgSEER-17.8-SEER2,,,,,,,,,,,,,,,,,,,,,,,,,,,,,,,,,,,,,,,
SWHC049-09 SEER Rated AC HP_SFm_New/runs/CZ15/SFm&1&rDXHP&New&dxHP_equip/RE-dxAC_eq-pkgSEER-18.7-SEER2/instance-out.sql,CZ15,SFm,1,rDXHP,New,dxHP_equip,,RE-dxAC_eq-pkgSEER-18.7-SEER2,SFm&1&rDXHP&New&dxHP_equip,RE-dxAC_eq-pkgSEER-18.7-SEER2,,,,,,,,,,,,,,,,,,,,,,,,,,,,,,,,,,,,,,,
SWHC049-09 SEER Rated AC HP_SFm_New/runs/CZ15/SFm&1&rDXHP&New&dxHP_equip/RE-dxAC_eq-pkgSEER-19.6-SEER2/instance-out.sql,CZ15,SFm,1,rDXHP,New,dxHP_equip,,RE-dxAC_eq-pkgSEER-19.6-SEER2,SFm&1&rDXHP&New&dxHP_equip,RE-dxAC_eq-pkgSEER-19.6-SEER2,,,,,,,,,,,,,,,,,,,,,,,,,,,,,,,,,,,,,,,
SWHC049-09 SEER Rated AC HP_SFm_New/runs/CZ15/SFm&1&rDXHP&New&dxHP_equip/RE-dxHP_eq-pkgSEER-12.5-SEER2-6.4-HSPF2/instance-out.sql,CZ15,SFm,1,rDXHP,New,dxHP_equip,,RE-dxHP_eq-pkgSEER-12.5-SEER2-6.4-HSPF2,SFm&1&rDXHP&New&dxHP_equip,RE-dxHP_eq-pkgSEER-12.5-SEER2-6.4-HSPF2,,,,,,,,,,,,,,,,,,,,,,,,,,,,,,,,,,,,,,,
SWHC049-09 SEER Rated AC HP_SFm_New/runs/CZ15/SFm&1&rDXHP&New&dxHP_equip/RE-dxHP_eq-pkgSEER-14.3-SEER2-7.5-HSPF2/instance-out.sql,CZ15,SFm,1,rDXHP,New,dxHP_equip,,RE-dxHP_eq-pkgSEER-14.3-SEER2-7.5-HSPF2,SFm&1&rDXHP&New&dxHP_equip,RE-dxHP_eq-pkgSEER-14.3-SEER2-7.5-HSPF2,,,,,,,,,,,,,,,,,,,,,,,,,,,,,,,,,,,,,,,
SWHC049-09 SEER Rated AC HP_SFm_New/runs/CZ15/SFm&1&rDXHP&New&dxHP_equip/RE-dxHP_eq-pkgSEER-15.2-SEER2-7.7-HSPF2/instance-out.sql,CZ15,SFm,1,rDXHP,New,dxHP_equip,,RE-dxHP_eq-pkgSEER-15.2-SEER2-7.7-HSPF2,SFm&1&rDXHP&New&dxHP_equip,RE-dxHP_eq-pkgSEER-15.2-SEER2-7.7-HSPF2,,,,,,,,,,,,,,,,,,,,,,,,,,,,,,,,,,,,,,,
SWHC049-09 SEER Rated AC HP_SFm_New/runs/CZ15/SFm&1&rDXHP&New&dxHP_equip/RE-dxHP_eq-pkgSEER-16.0-SEER2-8.0-HSPF2/instance-out.sql,CZ15,SFm,1,rDXHP,New,dxHP_equip,,RE-dxHP_eq-pkgSEER-16.0-SEER2-8.0-HSPF2,SFm&1&rDXHP&New&dxHP_equip,RE-dxHP_eq-pkgSEER-16.0-SEER2-8.0-HSPF2,,,,,,,,,,,,,,,,,,,,,,,,,,,,,,,,,,,,,,,
SWHC049-09 SEER Rated AC HP_SFm_New/runs/CZ15/SFm&1&rDXHP&New&dxHP_equip/RE-dxHP_eq-pkgSEER-17.8-SEER2-8.1-HSPF2/instance-out.sql,CZ15,SFm,1,rDXHP,New,dxHP_equip,,RE-dxHP_eq-pkgSEER-17.8-SEER2-8.1-HSPF2,SFm&1&rDXHP&New&dxHP_equip,RE-dxHP_eq-pkgSEER-17.8-SEER2-8.1-HSPF2,,,,,,,,,,,,,,,,,,,,,,,,,,,,,,,,,,,,,,,
SWHC049-09 SEER Rated AC HP_SFm_New/runs/CZ15/SFm&1&rDXHP&New&dxHP_equip/RE-dxHP_eq-pkgSEER-18.7-SEER2-8.5-HSPF2/instance-out.sql,CZ15,SFm,1,rDXHP,New,dxHP_equip,,RE-dxHP_eq-pkgSEER-18.7-SEER2-8.5-HSPF2,SFm&1&rDXHP&New&dxHP_equip,RE-dxHP_eq-pkgSEER-18.7-SEER2-8.5-HSPF2,,,,,,,,,,,,,,,,,,,,,,,,,,,,,,,,,,,,,,,
SWHC049-09 SEER Rated AC HP_SFm_New/runs/CZ15/SFm&1&rDXHP&New&dxHP_equip/RE-dxHP_eq-pkgSEER-19.6-SEER2-8.9-HSPF2/instance-out.sql,CZ15,SFm,1,rDXHP,New,dxHP_equip,,RE-dxHP_eq-pkgSEER-19.6-SEER2-8.9-HSPF2,SFm&1&rDXHP&New&dxHP_equip,RE-dxHP_eq-pkgSEER-19.6-SEER2-8.9-HSPF2,,,,,,,,,,,,,,,,,,,,,,,,,,,,,,,,,,,,,,,
SWHC049-09 SEER Rated AC HP_SFm_New/runs/CZ14/SFm&2&rDXHP&New&dxHP_equip/RE-dxAC_eq-pkgSEER-12.5-SEER2/instance-out.sql,CZ14,SFm,2,rDXHP,New,dxHP_equip,,RE-dxAC_eq-pkgSEER-12.5-SEER2,SFm&2&rDXHP&New&dxHP_equip,RE-dxAC_eq-pkgSEER-12.5-SEER2,,,,,,,,,,,,,,,,,,,,,,,,,,,,,,,,,,,,,,,
SWHC049-09 SEER Rated AC HP_SFm_New/runs/CZ14/SFm&2&rDXHP&New&dxHP_equip/RE-dxAC_eq-pkgSEER-13.8-SEER2/instance-out.sql,CZ14,SFm,2,rDXHP,New,dxHP_equip,,RE-dxAC_eq-pkgSEER-13.8-SEER2,SFm&2&rDXHP&New&dxHP_equip,RE-dxAC_eq-pkgSEER-13.8-SEER2,,,,,,,,,,,,,,,,,,,,,,,,,,,,,,,,,,,,,,,
SWHC049-09 SEER Rated AC HP_SFm_New/runs/CZ14/SFm&2&rDXHP&New&dxHP_equip/RE-dxAC_eq-pkgSEER-14.3-SEER2/instance-out.sql,CZ14,SFm,2,rDXHP,New,dxHP_equip,,RE-dxAC_eq-pkgSEER-14.3-SEER2,SFm&2&rDXHP&New&dxHP_equip,RE-dxAC_eq-pkgSEER-14.3-SEER2,,,,,,,,,,,,,,,,,,,,,,,,,,,,,,,,,,,,,,,
SWHC049-09 SEER Rated AC HP_SFm_New/runs/CZ14/SFm&2&rDXHP&New&dxHP_equip/RE-dxAC_eq-pkgSEER-15.2-SEER2/instance-out.sql,CZ14,SFm,2,rDXHP,New,dxHP_equip,,RE-dxAC_eq-pkgSEER-15.2-SEER2,SFm&2&rDXHP&New&dxHP_equip,RE-dxAC_eq-pkgSEER-15.2-SEER2,,,,,,,,,,,,,,,,,,,,,,,,,,,,,,,,,,,,,,,
SWHC049-09 SEER Rated AC HP_SFm_New/runs/CZ14/SFm&2&rDXHP&New&dxHP_equip/RE-dxAC_eq-pkgSEER-16.9-SEER2/instance-out.sql,CZ14,SFm,2,rDXHP,New,dxHP_equip,,RE-dxAC_eq-pkgSEER-16.9-SEER2,SFm&2&rDXHP&New&dxHP_equip,RE-dxAC_eq-pkgSEER-16.9-SEER2,,,,,,,,,,,,,,,,,,,,,,,,,,,,,,,,,,,,,,,
SWHC049-09 SEER Rated AC HP_SFm_New/runs/CZ14/SFm&2&rDXHP&New&dxHP_equip/RE-dxAC_eq-pkgSEER-17.8-SEER2/instance-out.sql,CZ14,SFm,2,rDXHP,New,dxHP_equip,,RE-dxAC_eq-pkgSEER-17.8-SEER2,SFm&2&rDXHP&New&dxHP_equip,RE-dxAC_eq-pkgSEER-17.8-SEER2,,,,,,,,,,,,,,,,,,,,,,,,,,,,,,,,,,,,,,,
SWHC049-09 SEER Rated AC HP_SFm_New/runs/CZ14/SFm&2&rDXHP&New&dxHP_equip/RE-dxAC_eq-pkgSEER-18.7-SEER2/instance-out.sql,CZ14,SFm,2,rDXHP,New,dxHP_equip,,RE-dxAC_eq-pkgSEER-18.7-SEER2,SFm&2&rDXHP&New&dxHP_equip,RE-dxAC_eq-pkgSEER-18.7-SEER2,,,,,,,,,,,,,,,,,,,,,,,,,,,,,,,,,,,,,,,
SWHC049-09 SEER Rated AC HP_SFm_New/runs/CZ14/SFm&2&rDXHP&New&dxHP_equip/RE-dxAC_eq-pkgSEER-19.6-SEER2/instance-out.sql,CZ14,SFm,2,rDXHP,New,dxHP_equip,,RE-dxAC_eq-pkgSEER-19.6-SEER2,SFm&2&rDXHP&New&dxHP_equip,RE-dxAC_eq-pkgSEER-19.6-SEER2,,,,,,,,,,,,,,,,,,,,,,,,,,,,,,,,,,,,,,,
SWHC049-09 SEER Rated AC HP_SFm_New/runs/CZ14/SFm&2&rDXHP&New&dxHP_equip/RE-dxHP_eq-pkgSEER-12.5-SEER2-6.4-HSPF2/instance-out.sql,CZ14,SFm,2,rDXHP,New,dxHP_equip,,RE-dxHP_eq-pkgSEER-12.5-SEER2-6.4-HSPF2,SFm&2&rDXHP&New&dxHP_equip,RE-dxHP_eq-pkgSEER-12.5-SEER2-6.4-HSPF2,,,,,,,,,,,,,,,,,,,,,,,,,,,,,,,,,,,,,,,
SWHC049-09 SEER Rated AC HP_SFm_New/runs/CZ14/SFm&2&rDXHP&New&dxHP_equip/RE-dxHP_eq-pkgSEER-14.3-SEER2-7.5-HSPF2/instance-out.sql,CZ14,SFm,2,rDXHP,New,dxHP_equip,,RE-dxHP_eq-pkgSEER-14.3-SEER2-7.5-HSPF2,SFm&2&rDXHP&New&dxHP_equip,RE-dxHP_eq-pkgSEER-14.3-SEER2-7.5-HSPF2,,,,,,,,,,,,,,,,,,,,,,,,,,,,,,,,,,,,,,,
SWHC049-09 SEER Rated AC HP_SFm_New/runs/CZ14/SFm&2&rDXHP&New&dxHP_equip/RE-dxHP_eq-pkgSEER-15.2-SEER2-7.7-HSPF2/instance-out.sql,CZ14,SFm,2,rDXHP,New,dxHP_equip,,RE-dxHP_eq-pkgSEER-15.2-SEER2-7.7-HSPF2,SFm&2&rDXHP&New&dxHP_equip,RE-dxHP_eq-pkgSEER-15.2-SEER2-7.7-HSPF2,,,,,,,,,,,,,,,,,,,,,,,,,,,,,,,,,,,,,,,
SWHC049-09 SEER Rated AC HP_SFm_New/runs/CZ14/SFm&2&rDXHP&New&dxHP_equip/RE-dxHP_eq-pkgSEER-16.0-SEER2-8.0-HSPF2/instance-out.sql,CZ14,SFm,2,rDXHP,New,dxHP_equip,,RE-dxHP_eq-pkgSEER-16.0-SEER2-8.0-HSPF2,SFm&2&rDXHP&New&dxHP_equip,RE-dxHP_eq-pkgSEER-16.0-SEER2-8.0-HSPF2,,,,,,,,,,,,,,,,,,,,,,,,,,,,,,,,,,,,,,,
SWHC049-09 SEER Rated AC HP_SFm_New/runs/CZ14/SFm&2&rDXHP&New&dxHP_equip/RE-dxHP_eq-pkgSEER-17.8-SEER2-8.1-HSPF2/instance-out.sql,CZ14,SFm,2,rDXHP,New,dxHP_equip,,RE-dxHP_eq-pkgSEER-17.8-SEER2-8.1-HSPF2,SFm&2&rDXHP&New&dxHP_equip,RE-dxHP_eq-pkgSEER-17.8-SEER2-8.1-HSPF2,,,,,,,,,,,,,,,,,,,,,,,,,,,,,,,,,,,,,,,
SWHC049-09 SEER Rated AC HP_SFm_New/runs/CZ14/SFm&2&rDXHP&New&dxHP_equip/RE-dxHP_eq-pkgSEER-18.7-SEER2-8.5-HSPF2/instance-out.sql,CZ14,SFm,2,rDXHP,New,dxHP_equip,,RE-dxHP_eq-pkgSEER-18.7-SEER2-8.5-HSPF2,SFm&2&rDXHP&New&dxHP_equip,RE-dxHP_eq-pkgSEER-18.7-SEER2-8.5-HSPF2,,,,,,,,,,,,,,,,,,,,,,,,,,,,,,,,,,,,,,,
SWHC049-09 SEER Rated AC HP_SFm_New/runs/CZ14/SFm&2&rDXHP&New&dxHP_equip/RE-dxHP_eq-pkgSEER-19.6-SEER2-8.9-HSPF2/instance-out.sql,CZ14,SFm,2,rDXHP,New,dxHP_equip,,RE-dxHP_eq-pkgSEER-19.6-SEER2-8.9-HSPF2,SFm&2&rDXHP&New&dxHP_equip,RE-dxHP_eq-pkgSEER-19.6-SEER2-8.9-HSPF2,,,,,,,,,,,,,,,,,,,,,,,,,,,,,,,,,,,,,,,
SWHC049-09 SEER Rated AC HP_SFm_New/runs/CZ14/SFm&1&rDXHP&New&dxHP_equip/RE-dxAC_eq-pkgSEER-12.5-SEER2/instance-out.sql,CZ14,SFm,1,rDXHP,New,dxHP_equip,,RE-dxAC_eq-pkgSEER-12.5-SEER2,SFm&1&rDXHP&New&dxHP_equip,RE-dxAC_eq-pkgSEER-12.5-SEER2,,,,,,,,,,,,,,,,,,,,,,,,,,,,,,,,,,,,,,,
SWHC049-09 SEER Rated AC HP_SFm_New/runs/CZ14/SFm&1&rDXHP&New&dxHP_equip/RE-dxAC_eq-pkgSEER-13.8-SEER2/instance-out.sql,CZ14,SFm,1,rDXHP,New,dxHP_equip,,RE-dxAC_eq-pkgSEER-13.8-SEER2,SFm&1&rDXHP&New&dxHP_equip,RE-dxAC_eq-pkgSEER-13.8-SEER2,,,,,,,,,,,,,,,,,,,,,,,,,,,,,,,,,,,,,,,
SWHC049-09 SEER Rated AC HP_SFm_New/runs/CZ14/SFm&1&rDXHP&New&dxHP_equip/RE-dxAC_eq-pkgSEER-14.3-SEER2/instance-out.sql,CZ14,SFm,1,rDXHP,New,dxHP_equip,,RE-dxAC_eq-pkgSEER-14.3-SEER2,SFm&1&rDXHP&New&dxHP_equip,RE-dxAC_eq-pkgSEER-14.3-SEER2,,,,,,,,,,,,,,,,,,,,,,,,,,,,,,,,,,,,,,,
SWHC049-09 SEER Rated AC HP_SFm_New/runs/CZ14/SFm&1&rDXHP&New&dxHP_equip/RE-dxAC_eq-pkgSEER-15.2-SEER2/instance-out.sql,CZ14,SFm,1,rDXHP,New,dxHP_equip,,RE-dxAC_eq-pkgSEER-15.2-SEER2,SFm&1&rDXHP&New&dxHP_equip,RE-dxAC_eq-pkgSEER-15.2-SEER2,,,,,,,,,,,,,,,,,,,,,,,,,,,,,,,,,,,,,,,
SWHC049-09 SEER Rated AC HP_SFm_New/runs/CZ14/SFm&1&rDXHP&New&dxHP_equip/RE-dxAC_eq-pkgSEER-16.9-SEER2/instance-out.sql,CZ14,SFm,1,rDXHP,New,dxHP_equip,,RE-dxAC_eq-pkgSEER-16.9-SEER2,SFm&1&rDXHP&New&dxHP_equip,RE-dxAC_eq-pkgSEER-16.9-SEER2,,,,,,,,,,,,,,,,,,,,,,,,,,,,,,,,,,,,,,,
SWHC049-09 SEER Rated AC HP_SFm_New/runs/CZ14/SFm&1&rDXHP&New&dxHP_equip/RE-dxAC_eq-pkgSEER-17.8-SEER2/instance-out.sql,CZ14,SFm,1,rDXHP,New,dxHP_equip,,RE-dxAC_eq-pkgSEER-17.8-SEER2,SFm&1&rDXHP&New&dxHP_equip,RE-dxAC_eq-pkgSEER-17.8-SEER2,,,,,,,,,,,,,,,,,,,,,,,,,,,,,,,,,,,,,,,
SWHC049-09 SEER Rated AC HP_SFm_New/runs/CZ14/SFm&1&rDXHP&New&dxHP_equip/RE-dxAC_eq-pkgSEER-18.7-SEER2/instance-out.sql,CZ14,SFm,1,rDXHP,New,dxHP_equip,,RE-dxAC_eq-pkgSEER-18.7-SEER2,SFm&1&rDXHP&New&dxHP_equip,RE-dxAC_eq-pkgSEER-18.7-SEER2,,,,,,,,,,,,,,,,,,,,,,,,,,,,,,,,,,,,,,,
SWHC049-09 SEER Rated AC HP_SFm_New/runs/CZ14/SFm&1&rDXHP&New&dxHP_equip/RE-dxAC_eq-pkgSEER-19.6-SEER2/instance-out.sql,CZ14,SFm,1,rDXHP,New,dxHP_equip,,RE-dxAC_eq-pkgSEER-19.6-SEER2,SFm&1&rDXHP&New&dxHP_equip,RE-dxAC_eq-pkgSEER-19.6-SEER2,,,,,,,,,,,,,,,,,,,,,,,,,,,,,,,,,,,,,,,
SWHC049-09 SEER Rated AC HP_SFm_New/runs/CZ14/SFm&1&rDXHP&New&dxHP_equip/RE-dxHP_eq-pkgSEER-12.5-SEER2-6.4-HSPF2/instance-out.sql,CZ14,SFm,1,rDXHP,New,dxHP_equip,,RE-dxHP_eq-pkgSEER-12.5-SEER2-6.4-HSPF2,SFm&1&rDXHP&New&dxHP_equip,RE-dxHP_eq-pkgSEER-12.5-SEER2-6.4-HSPF2,,,,,,,,,,,,,,,,,,,,,,,,,,,,,,,,,,,,,,,
SWHC049-09 SEER Rated AC HP_SFm_New/runs/CZ14/SFm&1&rDXHP&New&dxHP_equip/RE-dxHP_eq-pkgSEER-14.3-SEER2-7.5-HSPF2/instance-out.sql,CZ14,SFm,1,rDXHP,New,dxHP_equip,,RE-dxHP_eq-pkgSEER-14.3-SEER2-7.5-HSPF2,SFm&1&rDXHP&New&dxHP_equip,RE-dxHP_eq-pkgSEER-14.3-SEER2-7.5-HSPF2,,,,,,,,,,,,,,,,,,,,,,,,,,,,,,,,,,,,,,,
SWHC049-09 SEER Rated AC HP_SFm_New/runs/CZ14/SFm&1&rDXHP&New&dxHP_equip/RE-dxHP_eq-pkgSEER-15.2-SEER2-7.7-HSPF2/instance-out.sql,CZ14,SFm,1,rDXHP,New,dxHP_equip,,RE-dxHP_eq-pkgSEER-15.2-SEER2-7.7-HSPF2,SFm&1&rDXHP&New&dxHP_equip,RE-dxHP_eq-pkgSEER-15.2-SEER2-7.7-HSPF2,,,,,,,,,,,,,,,,,,,,,,,,,,,,,,,,,,,,,,,
SWHC049-09 SEER Rated AC HP_SFm_New/runs/CZ14/SFm&1&rDXHP&New&dxHP_equip/RE-dxHP_eq-pkgSEER-16.0-SEER2-8.0-HSPF2/instance-out.sql,CZ14,SFm,1,rDXHP,New,dxHP_equip,,RE-dxHP_eq-pkgSEER-16.0-SEER2-8.0-HSPF2,SFm&1&rDXHP&New&dxHP_equip,RE-dxHP_eq-pkgSEER-16.0-SEER2-8.0-HSPF2,,,,,,,,,,,,,,,,,,,,,,,,,,,,,,,,,,,,,,,
SWHC049-09 SEER Rated AC HP_SFm_New/runs/CZ14/SFm&1&rDXHP&New&dxHP_equip/RE-dxHP_eq-pkgSEER-17.8-SEER2-8.1-HSPF2/instance-out.sql,CZ14,SFm,1,rDXHP,New,dxHP_equip,,RE-dxHP_eq-pkgSEER-17.8-SEER2-8.1-HSPF2,SFm&1&rDXHP&New&dxHP_equip,RE-dxHP_eq-pkgSEER-17.8-SEER2-8.1-HSPF2,,,,,,,,,,,,,,,,,,,,,,,,,,,,,,,,,,,,,,,
SWHC049-09 SEER Rated AC HP_SFm_New/runs/CZ14/SFm&1&rDXHP&New&dxHP_equip/RE-dxHP_eq-pkgSEER-18.7-SEER2-8.5-HSPF2/instance-out.sql,CZ14,SFm,1,rDXHP,New,dxHP_equip,,RE-dxHP_eq-pkgSEER-18.7-SEER2-8.5-HSPF2,SFm&1&rDXHP&New&dxHP_equip,RE-dxHP_eq-pkgSEER-18.7-SEER2-8.5-HSPF2,,,,,,,,,,,,,,,,,,,,,,,,,,,,,,,,,,,,,,,
SWHC049-09 SEER Rated AC HP_SFm_New/runs/CZ14/SFm&1&rDXHP&New&dxHP_equip/RE-dxHP_eq-pkgSEER-19.6-SEER2-8.9-HSPF2/instance-out.sql,CZ14,SFm,1,rDXHP,New,dxHP_equip,,RE-dxHP_eq-pkgSEER-19.6-SEER2-8.9-HSPF2,SFm&1&rDXHP&New&dxHP_equip,RE-dxHP_eq-pkgSEER-19.6-SEER2-8.9-HSPF2,,,,,,,,,,,,,,,,,,,,,,,,,,,,,,,,,,,,,,,
SWHC049-09 SEER Rated AC HP_SFm_New/runs/CZ13/SFm&2&rDXHP&New&dxHP_equip/RE-dxAC_eq-pkgSEER-12.5-SEER2/instance-out.sql,CZ13,SFm,2,rDXHP,New,dxHP_equip,,RE-dxAC_eq-pkgSEER-12.5-SEER2,SFm&2&rDXHP&New&dxHP_equip,RE-dxAC_eq-pkgSEER-12.5-SEER2,,,,,,,,,,,,,,,,,,,,,,,,,,,,,,,,,,,,,,,
SWHC049-09 SEER Rated AC HP_SFm_New/runs/CZ13/SFm&2&rDXHP&New&dxHP_equip/RE-dxAC_eq-pkgSEER-13.8-SEER2/instance-out.sql,CZ13,SFm,2,rDXHP,New,dxHP_equip,,RE-dxAC_eq-pkgSEER-13.8-SEER2,SFm&2&rDXHP&New&dxHP_equip,RE-dxAC_eq-pkgSEER-13.8-SEER2,,,,,,,,,,,,,,,,,,,,,,,,,,,,,,,,,,,,,,,
SWHC049-09 SEER Rated AC HP_SFm_New/runs/CZ13/SFm&2&rDXHP&New&dxHP_equip/RE-dxAC_eq-pkgSEER-14.3-SEER2/instance-out.sql,CZ13,SFm,2,rDXHP,New,dxHP_equip,,RE-dxAC_eq-pkgSEER-14.3-SEER2,SFm&2&rDXHP&New&dxHP_equip,RE-dxAC_eq-pkgSEER-14.3-SEER2,,,,,,,,,,,,,,,,,,,,,,,,,,,,,,,,,,,,,,,
SWHC049-09 SEER Rated AC HP_SFm_New/runs/CZ13/SFm&2&rDXHP&New&dxHP_equip/RE-dxAC_eq-pkgSEER-15.2-SEER2/instance-out.sql,CZ13,SFm,2,rDXHP,New,dxHP_equip,,RE-dxAC_eq-pkgSEER-15.2-SEER2,SFm&2&rDXHP&New&dxHP_equip,RE-dxAC_eq-pkgSEER-15.2-SEER2,,,,,,,,,,,,,,,,,,,,,,,,,,,,,,,,,,,,,,,
SWHC049-09 SEER Rated AC HP_SFm_New/runs/CZ13/SFm&2&rDXHP&New&dxHP_equip/RE-dxAC_eq-pkgSEER-16.9-SEER2/instance-out.sql,CZ13,SFm,2,rDXHP,New,dxHP_equip,,RE-dxAC_eq-pkgSEER-16.9-SEER2,SFm&2&rDXHP&New&dxHP_equip,RE-dxAC_eq-pkgSEER-16.9-SEER2,,,,,,,,,,,,,,,,,,,,,,,,,,,,,,,,,,,,,,,
SWHC049-09 SEER Rated AC HP_SFm_New/runs/CZ13/SFm&2&rDXHP&New&dxHP_equip/RE-dxAC_eq-pkgSEER-17.8-SEER2/instance-out.sql,CZ13,SFm,2,rDXHP,New,dxHP_equip,,RE-dxAC_eq-pkgSEER-17.8-SEER2,SFm&2&rDXHP&New&dxHP_equip,RE-dxAC_eq-pkgSEER-17.8-SEER2,,,,,,,,,,,,,,,,,,,,,,,,,,,,,,,,,,,,,,,
SWHC049-09 SEER Rated AC HP_SFm_New/runs/CZ13/SFm&2&rDXHP&New&dxHP_equip/RE-dxAC_eq-pkgSEER-18.7-SEER2/instance-out.sql,CZ13,SFm,2,rDXHP,New,dxHP_equip,,RE-dxAC_eq-pkgSEER-18.7-SEER2,SFm&2&rDXHP&New&dxHP_equip,RE-dxAC_eq-pkgSEER-18.7-SEER2,,,,,,,,,,,,,,,,,,,,,,,,,,,,,,,,,,,,,,,
SWHC049-09 SEER Rated AC HP_SFm_New/runs/CZ13/SFm&2&rDXHP&New&dxHP_equip/RE-dxAC_eq-pkgSEER-19.6-SEER2/instance-out.sql,CZ13,SFm,2,rDXHP,New,dxHP_equip,,RE-dxAC_eq-pkgSEER-19.6-SEER2,SFm&2&rDXHP&New&dxHP_equip,RE-dxAC_eq-pkgSEER-19.6-SEER2,,,,,,,,,,,,,,,,,,,,,,,,,,,,,,,,,,,,,,,
SWHC049-09 SEER Rated AC HP_SFm_New/runs/CZ13/SFm&2&rDXHP&New&dxHP_equip/RE-dxHP_eq-pkgSEER-12.5-SEER2-6.4-HSPF2/instance-out.sql,CZ13,SFm,2,rDXHP,New,dxHP_equip,,RE-dxHP_eq-pkgSEER-12.5-SEER2-6.4-HSPF2,SFm&2&rDXHP&New&dxHP_equip,RE-dxHP_eq-pkgSEER-12.5-SEER2-6.4-HSPF2,,,,,,,,,,,,,,,,,,,,,,,,,,,,,,,,,,,,,,,
SWHC049-09 SEER Rated AC HP_SFm_New/runs/CZ13/SFm&2&rDXHP&New&dxHP_equip/RE-dxHP_eq-pkgSEER-14.3-SEER2-7.5-HSPF2/instance-out.sql,CZ13,SFm,2,rDXHP,New,dxHP_equip,,RE-dxHP_eq-pkgSEER-14.3-SEER2-7.5-HSPF2,SFm&2&rDXHP&New&dxHP_equip,RE-dxHP_eq-pkgSEER-14.3-SEER2-7.5-HSPF2,,,,,,,,,,,,,,,,,,,,,,,,,,,,,,,,,,,,,,,
SWHC049-09 SEER Rated AC HP_SFm_New/runs/CZ13/SFm&2&rDXHP&New&dxHP_equip/RE-dxHP_eq-pkgSEER-15.2-SEER2-7.7-HSPF2/instance-out.sql,CZ13,SFm,2,rDXHP,New,dxHP_equip,,RE-dxHP_eq-pkgSEER-15.2-SEER2-7.7-HSPF2,SFm&2&rDXHP&New&dxHP_equip,RE-dxHP_eq-pkgSEER-15.2-SEER2-7.7-HSPF2,,,,,,,,,,,,,,,,,,,,,,,,,,,,,,,,,,,,,,,
SWHC049-09 SEER Rated AC HP_SFm_New/runs/CZ13/SFm&2&rDXHP&New&dxHP_equip/RE-dxHP_eq-pkgSEER-16.0-SEER2-8.0-HSPF2/instance-out.sql,CZ13,SFm,2,rDXHP,New,dxHP_equip,,RE-dxHP_eq-pkgSEER-16.0-SEER2-8.0-HSPF2,SFm&2&rDXHP&New&dxHP_equip,RE-dxHP_eq-pkgSEER-16.0-SEER2-8.0-HSPF2,,,,,,,,,,,,,,,,,,,,,,,,,,,,,,,,,,,,,,,
SWHC049-09 SEER Rated AC HP_SFm_New/runs/CZ13/SFm&2&rDXHP&New&dxHP_equip/RE-dxHP_eq-pkgSEER-17.8-SEER2-8.1-HSPF2/instance-out.sql,CZ13,SFm,2,rDXHP,New,dxHP_equip,,RE-dxHP_eq-pkgSEER-17.8-SEER2-8.1-HSPF2,SFm&2&rDXHP&New&dxHP_equip,RE-dxHP_eq-pkgSEER-17.8-SEER2-8.1-HSPF2,,,,,,,,,,,,,,,,,,,,,,,,,,,,,,,,,,,,,,,
SWHC049-09 SEER Rated AC HP_SFm_New/runs/CZ13/SFm&2&rDXHP&New&dxHP_equip/RE-dxHP_eq-pkgSEER-18.7-SEER2-8.5-HSPF2/instance-out.sql,CZ13,SFm,2,rDXHP,New,dxHP_equip,,RE-dxHP_eq-pkgSEER-18.7-SEER2-8.5-HSPF2,SFm&2&rDXHP&New&dxHP_equip,RE-dxHP_eq-pkgSEER-18.7-SEER2-8.5-HSPF2,,,,,,,,,,,,,,,,,,,,,,,,,,,,,,,,,,,,,,,
SWHC049-09 SEER Rated AC HP_SFm_New/runs/CZ13/SFm&2&rDXHP&New&dxHP_equip/RE-dxHP_eq-pkgSEER-19.6-SEER2-8.9-HSPF2/instance-out.sql,CZ13,SFm,2,rDXHP,New,dxHP_equip,,RE-dxHP_eq-pkgSEER-19.6-SEER2-8.9-HSPF2,SFm&2&rDXHP&New&dxHP_equip,RE-dxHP_eq-pkgSEER-19.6-SEER2-8.9-HSPF2,,,,,,,,,,,,,,,,,,,,,,,,,,,,,,,,,,,,,,,
SWHC049-09 SEER Rated AC HP_SFm_New/runs/CZ13/SFm&1&rDXHP&New&dxHP_equip/RE-dxAC_eq-pkgSEER-12.5-SEER2/instance-out.sql,CZ13,SFm,1,rDXHP,New,dxHP_equip,,RE-dxAC_eq-pkgSEER-12.5-SEER2,SFm&1&rDXHP&New&dxHP_equip,RE-dxAC_eq-pkgSEER-12.5-SEER2,,,,,,,,,,,,,,,,,,,,,,,,,,,,,,,,,,,,,,,
SWHC049-09 SEER Rated AC HP_SFm_New/runs/CZ13/SFm&1&rDXHP&New&dxHP_equip/RE-dxAC_eq-pkgSEER-13.8-SEER2/instance-out.sql,CZ13,SFm,1,rDXHP,New,dxHP_equip,,RE-dxAC_eq-pkgSEER-13.8-SEER2,SFm&1&rDXHP&New&dxHP_equip,RE-dxAC_eq-pkgSEER-13.8-SEER2,,,,,,,,,,,,,,,,,,,,,,,,,,,,,,,,,,,,,,,
SWHC049-09 SEER Rated AC HP_SFm_New/runs/CZ13/SFm&1&rDXHP&New&dxHP_equip/RE-dxAC_eq-pkgSEER-14.3-SEER2/instance-out.sql,CZ13,SFm,1,rDXHP,New,dxHP_equip,,RE-dxAC_eq-pkgSEER-14.3-SEER2,SFm&1&rDXHP&New&dxHP_equip,RE-dxAC_eq-pkgSEER-14.3-SEER2,,,,,,,,,,,,,,,,,,,,,,,,,,,,,,,,,,,,,,,
SWHC049-09 SEER Rated AC HP_SFm_New/runs/CZ13/SFm&1&rDXHP&New&dxHP_equip/RE-dxAC_eq-pkgSEER-15.2-SEER2/instance-out.sql,CZ13,SFm,1,rDXHP,New,dxHP_equip,,RE-dxAC_eq-pkgSEER-15.2-SEER2,SFm&1&rDXHP&New&dxHP_equip,RE-dxAC_eq-pkgSEER-15.2-SEER2,,,,,,,,,,,,,,,,,,,,,,,,,,,,,,,,,,,,,,,
SWHC049-09 SEER Rated AC HP_SFm_New/runs/CZ13/SFm&1&rDXHP&New&dxHP_equip/RE-dxAC_eq-pkgSEER-16.9-SEER2/instance-out.sql,CZ13,SFm,1,rDXHP,New,dxHP_equip,,RE-dxAC_eq-pkgSEER-16.9-SEER2,SFm&1&rDXHP&New&dxHP_equip,RE-dxAC_eq-pkgSEER-16.9-SEER2,,,,,,,,,,,,,,,,,,,,,,,,,,,,,,,,,,,,,,,
SWHC049-09 SEER Rated AC HP_SFm_New/runs/CZ13/SFm&1&rDXHP&New&dxHP_equip/RE-dxAC_eq-pkgSEER-17.8-SEER2/instance-out.sql,CZ13,SFm,1,rDXHP,New,dxHP_equip,,RE-dxAC_eq-pkgSEER-17.8-SEER2,SFm&1&rDXHP&New&dxHP_equip,RE-dxAC_eq-pkgSEER-17.8-SEER2,,,,,,,,,,,,,,,,,,,,,,,,,,,,,,,,,,,,,,,
SWHC049-09 SEER Rated AC HP_SFm_New/runs/CZ13/SFm&1&rDXHP&New&dxHP_equip/RE-dxAC_eq-pkgSEER-18.7-SEER2/instance-out.sql,CZ13,SFm,1,rDXHP,New,dxHP_equip,,RE-dxAC_eq-pkgSEER-18.7-SEER2,SFm&1&rDXHP&New&dxHP_equip,RE-dxAC_eq-pkgSEER-18.7-SEER2,,,,,,,,,,,,,,,,,,,,,,,,,,,,,,,,,,,,,,,
SWHC049-09 SEER Rated AC HP_SFm_New/runs/CZ13/SFm&1&rDXHP&New&dxHP_equip/RE-dxAC_eq-pkgSEER-19.6-SEER2/instance-out.sql,CZ13,SFm,1,rDXHP,New,dxHP_equip,,RE-dxAC_eq-pkgSEER-19.6-SEER2,SFm&1&rDXHP&New&dxHP_equip,RE-dxAC_eq-pkgSEER-19.6-SEER2,,,,,,,,,,,,,,,,,,,,,,,,,,,,,,,,,,,,,,,
SWHC049-09 SEER Rated AC HP_SFm_New/runs/CZ13/SFm&1&rDXHP&New&dxHP_equip/RE-dxHP_eq-pkgSEER-12.5-SEER2-6.4-HSPF2/instance-out.sql,CZ13,SFm,1,rDXHP,New,dxHP_equip,,RE-dxHP_eq-pkgSEER-12.5-SEER2-6.4-HSPF2,SFm&1&rDXHP&New&dxHP_equip,RE-dxHP_eq-pkgSEER-12.5-SEER2-6.4-HSPF2,,,,,,,,,,,,,,,,,,,,,,,,,,,,,,,,,,,,,,,
SWHC049-09 SEER Rated AC HP_SFm_New/runs/CZ13/SFm&1&rDXHP&New&dxHP_equip/RE-dxHP_eq-pkgSEER-14.3-SEER2-7.5-HSPF2/instance-out.sql,CZ13,SFm,1,rDXHP,New,dxHP_equip,,RE-dxHP_eq-pkgSEER-14.3-SEER2-7.5-HSPF2,SFm&1&rDXHP&New&dxHP_equip,RE-dxHP_eq-pkgSEER-14.3-SEER2-7.5-HSPF2,,,,,,,,,,,,,,,,,,,,,,,,,,,,,,,,,,,,,,,
SWHC049-09 SEER Rated AC HP_SFm_New/runs/CZ13/SFm&1&rDXHP&New&dxHP_equip/RE-dxHP_eq-pkgSEER-15.2-SEER2-7.7-HSPF2/instance-out.sql,CZ13,SFm,1,rDXHP,New,dxHP_equip,,RE-dxHP_eq-pkgSEER-15.2-SEER2-7.7-HSPF2,SFm&1&rDXHP&New&dxHP_equip,RE-dxHP_eq-pkgSEER-15.2-SEER2-7.7-HSPF2,,,,,,,,,,,,,,,,,,,,,,,,,,,,,,,,,,,,,,,
SWHC049-09 SEER Rated AC HP_SFm_New/runs/CZ13/SFm&1&rDXHP&New&dxHP_equip/RE-dxHP_eq-pkgSEER-16.0-SEER2-8.0-HSPF2/instance-out.sql,CZ13,SFm,1,rDXHP,New,dxHP_equip,,RE-dxHP_eq-pkgSEER-16.0-SEER2-8.0-HSPF2,SFm&1&rDXHP&New&dxHP_equip,RE-dxHP_eq-pkgSEER-16.0-SEER2-8.0-HSPF2,,,,,,,,,,,,,,,,,,,,,,,,,,,,,,,,,,,,,,,
SWHC049-09 SEER Rated AC HP_SFm_New/runs/CZ13/SFm&1&rDXHP&New&dxHP_equip/RE-dxHP_eq-pkgSEER-17.8-SEER2-8.1-HSPF2/instance-out.sql,CZ13,SFm,1,rDXHP,New,dxHP_equip,,RE-dxHP_eq-pkgSEER-17.8-SEER2-8.1-HSPF2,SFm&1&rDXHP&New&dxHP_equip,RE-dxHP_eq-pkgSEER-17.8-SEER2-8.1-HSPF2,,,,,,,,,,,,,,,,,,,,,,,,,,,,,,,,,,,,,,,
SWHC049-09 SEER Rated AC HP_SFm_New/runs/CZ13/SFm&1&rDXHP&New&dxHP_equip/RE-dxHP_eq-pkgSEER-18.7-SEER2-8.5-HSPF2/instance-out.sql,CZ13,SFm,1,rDXHP,New,dxHP_equip,,RE-dxHP_eq-pkgSEER-18.7-SEER2-8.5-HSPF2,SFm&1&rDXHP&New&dxHP_equip,RE-dxHP_eq-pkgSEER-18.7-SEER2-8.5-HSPF2,,,,,,,,,,,,,,,,,,,,,,,,,,,,,,,,,,,,,,,
SWHC049-09 SEER Rated AC HP_SFm_New/runs/CZ13/SFm&1&rDXHP&New&dxHP_equip/RE-dxHP_eq-pkgSEER-19.6-SEER2-8.9-HSPF2/instance-out.sql,CZ13,SFm,1,rDXHP,New,dxHP_equip,,RE-dxHP_eq-pkgSEER-19.6-SEER2-8.9-HSPF2,SFm&1&rDXHP&New&dxHP_equip,RE-dxHP_eq-pkgSEER-19.6-SEER2-8.9-HSPF2,,,,,,,,,,,,,,,,,,,,,,,,,,,,,,,,,,,,,,,
SWHC049-09 SEER Rated AC HP_SFm_New/runs/CZ12/SFm&2&rDXHP&New&dxHP_equip/RE-dxAC_eq-pkgSEER-12.5-SEER2/instance-out.sql,CZ12,SFm,2,rDXHP,New,dxHP_equip,,RE-dxAC_eq-pkgSEER-12.5-SEER2,SFm&2&rDXHP&New&dxHP_equip,RE-dxAC_eq-pkgSEER-12.5-SEER2,,,,,,,,,,,,,,,,,,,,,,,,,,,,,,,,,,,,,,,
SWHC049-09 SEER Rated AC HP_SFm_New/runs/CZ12/SFm&2&rDXHP&New&dxHP_equip/RE-dxAC_eq-pkgSEER-13.8-SEER2/instance-out.sql,CZ12,SFm,2,rDXHP,New,dxHP_equip,,RE-dxAC_eq-pkgSEER-13.8-SEER2,SFm&2&rDXHP&New&dxHP_equip,RE-dxAC_eq-pkgSEER-13.8-SEER2,,,,,,,,,,,,,,,,,,,,,,,,,,,,,,,,,,,,,,,
SWHC049-09 SEER Rated AC HP_SFm_New/runs/CZ12/SFm&2&rDXHP&New&dxHP_equip/RE-dxAC_eq-pkgSEER-14.3-SEER2/instance-out.sql,CZ12,SFm,2,rDXHP,New,dxHP_equip,,RE-dxAC_eq-pkgSEER-14.3-SEER2,SFm&2&rDXHP&New&dxHP_equip,RE-dxAC_eq-pkgSEER-14.3-SEER2,,,,,,,,,,,,,,,,,,,,,,,,,,,,,,,,,,,,,,,
SWHC049-09 SEER Rated AC HP_SFm_New/runs/CZ12/SFm&2&rDXHP&New&dxHP_equip/RE-dxAC_eq-pkgSEER-15.2-SEER2/instance-out.sql,CZ12,SFm,2,rDXHP,New,dxHP_equip,,RE-dxAC_eq-pkgSEER-15.2-SEER2,SFm&2&rDXHP&New&dxHP_equip,RE-dxAC_eq-pkgSEER-15.2-SEER2,,,,,,,,,,,,,,,,,,,,,,,,,,,,,,,,,,,,,,,
SWHC049-09 SEER Rated AC HP_SFm_New/runs/CZ12/SFm&2&rDXHP&New&dxHP_equip/RE-dxAC_eq-pkgSEER-16.9-SEER2/instance-out.sql,CZ12,SFm,2,rDXHP,New,dxHP_equip,,RE-dxAC_eq-pkgSEER-16.9-SEER2,SFm&2&rDXHP&New&dxHP_equip,RE-dxAC_eq-pkgSEER-16.9-SEER2,,,,,,,,,,,,,,,,,,,,,,,,,,,,,,,,,,,,,,,
SWHC049-09 SEER Rated AC HP_SFm_New/runs/CZ12/SFm&2&rDXHP&New&dxHP_equip/RE-dxAC_eq-pkgSEER-17.8-SEER2/instance-out.sql,CZ12,SFm,2,rDXHP,New,dxHP_equip,,RE-dxAC_eq-pkgSEER-17.8-SEER2,SFm&2&rDXHP&New&dxHP_equip,RE-dxAC_eq-pkgSEER-17.8-SEER2,,,,,,,,,,,,,,,,,,,,,,,,,,,,,,,,,,,,,,,
SWHC049-09 SEER Rated AC HP_SFm_New/runs/CZ12/SFm&2&rDXHP&New&dxHP_equip/RE-dxAC_eq-pkgSEER-18.7-SEER2/instance-out.sql,CZ12,SFm,2,rDXHP,New,dxHP_equip,,RE-dxAC_eq-pkgSEER-18.7-SEER2,SFm&2&rDXHP&New&dxHP_equip,RE-dxAC_eq-pkgSEER-18.7-SEER2,,,,,,,,,,,,,,,,,,,,,,,,,,,,,,,,,,,,,,,
SWHC049-09 SEER Rated AC HP_SFm_New/runs/CZ12/SFm&2&rDXHP&New&dxHP_equip/RE-dxAC_eq-pkgSEER-19.6-SEER2/instance-out.sql,CZ12,SFm,2,rDXHP,New,dxHP_equip,,RE-dxAC_eq-pkgSEER-19.6-SEER2,SFm&2&rDXHP&New&dxHP_equip,RE-dxAC_eq-pkgSEER-19.6-SEER2,,,,,,,,,,,,,,,,,,,,,,,,,,,,,,,,,,,,,,,
SWHC049-09 SEER Rated AC HP_SFm_New/runs/CZ12/SFm&2&rDXHP&New&dxHP_equip/RE-dxHP_eq-pkgSEER-12.5-SEER2-6.4-HSPF2/instance-out.sql,CZ12,SFm,2,rDXHP,New,dxHP_equip,,RE-dxHP_eq-pkgSEER-12.5-SEER2-6.4-HSPF2,SFm&2&rDXHP&New&dxHP_equip,RE-dxHP_eq-pkgSEER-12.5-SEER2-6.4-HSPF2,,,,,,,,,,,,,,,,,,,,,,,,,,,,,,,,,,,,,,,
SWHC049-09 SEER Rated AC HP_SFm_New/runs/CZ12/SFm&2&rDXHP&New&dxHP_equip/RE-dxHP_eq-pkgSEER-14.3-SEER2-7.5-HSPF2/instance-out.sql,CZ12,SFm,2,rDXHP,New,dxHP_equip,,RE-dxHP_eq-pkgSEER-14.3-SEER2-7.5-HSPF2,SFm&2&rDXHP&New&dxHP_equip,RE-dxHP_eq-pkgSEER-14.3-SEER2-7.5-HSPF2,,,,,,,,,,,,,,,,,,,,,,,,,,,,,,,,,,,,,,,
SWHC049-09 SEER Rated AC HP_SFm_New/runs/CZ12/SFm&2&rDXHP&New&dxHP_equip/RE-dxHP_eq-pkgSEER-15.2-SEER2-7.7-HSPF2/instance-out.sql,CZ12,SFm,2,rDXHP,New,dxHP_equip,,RE-dxHP_eq-pkgSEER-15.2-SEER2-7.7-HSPF2,SFm&2&rDXHP&New&dxHP_equip,RE-dxHP_eq-pkgSEER-15.2-SEER2-7.7-HSPF2,,,,,,,,,,,,,,,,,,,,,,,,,,,,,,,,,,,,,,,
SWHC049-09 SEER Rated AC HP_SFm_New/runs/CZ12/SFm&2&rDXHP&New&dxHP_equip/RE-dxHP_eq-pkgSEER-16.0-SEER2-8.0-HSPF2/instance-out.sql,CZ12,SFm,2,rDXHP,New,dxHP_equip,,RE-dxHP_eq-pkgSEER-16.0-SEER2-8.0-HSPF2,SFm&2&rDXHP&New&dxHP_equip,RE-dxHP_eq-pkgSEER-16.0-SEER2-8.0-HSPF2,,,,,,,,,,,,,,,,,,,,,,,,,,,,,,,,,,,,,,,
SWHC049-09 SEER Rated AC HP_SFm_New/runs/CZ12/SFm&2&rDXHP&New&dxHP_equip/RE-dxHP_eq-pkgSEER-17.8-SEER2-8.1-HSPF2/instance-out.sql,CZ12,SFm,2,rDXHP,New,dxHP_equip,,RE-dxHP_eq-pkgSEER-17.8-SEER2-8.1-HSPF2,SFm&2&rDXHP&New&dxHP_equip,RE-dxHP_eq-pkgSEER-17.8-SEER2-8.1-HSPF2,,,,,,,,,,,,,,,,,,,,,,,,,,,,,,,,,,,,,,,
SWHC049-09 SEER Rated AC HP_SFm_New/runs/CZ12/SFm&2&rDXHP&New&dxHP_equip/RE-dxHP_eq-pkgSEER-18.7-SEER2-8.5-HSPF2/instance-out.sql,CZ12,SFm,2,rDXHP,New,dxHP_equip,,RE-dxHP_eq-pkgSEER-18.7-SEER2-8.5-HSPF2,SFm&2&rDXHP&New&dxHP_equip,RE-dxHP_eq-pkgSEER-18.7-SEER2-8.5-HSPF2,,,,,,,,,,,,,,,,,,,,,,,,,,,,,,,,,,,,,,,
SWHC049-09 SEER Rated AC HP_SFm_New/runs/CZ12/SFm&2&rDXHP&New&dxHP_equip/RE-dxHP_eq-pkgSEER-19.6-SEER2-8.9-HSPF2/instance-out.sql,CZ12,SFm,2,rDXHP,New,dxHP_equip,,RE-dxHP_eq-pkgSEER-19.6-SEER2-8.9-HSPF2,SFm&2&rDXHP&New&dxHP_equip,RE-dxHP_eq-pkgSEER-19.6-SEER2-8.9-HSPF2,,,,,,,,,,,,,,,,,,,,,,,,,,,,,,,,,,,,,,,
SWHC049-09 SEER Rated AC HP_SFm_New/runs/CZ12/SFm&1&rDXHP&New&dxHP_equip/RE-dxAC_eq-pkgSEER-12.5-SEER2/instance-out.sql,CZ12,SFm,1,rDXHP,New,dxHP_equip,,RE-dxAC_eq-pkgSEER-12.5-SEER2,SFm&1&rDXHP&New&dxHP_equip,RE-dxAC_eq-pkgSEER-12.5-SEER2,,,,,,,,,,,,,,,,,,,,,,,,,,,,,,,,,,,,,,,
SWHC049-09 SEER Rated AC HP_SFm_New/runs/CZ12/SFm&1&rDXHP&New&dxHP_equip/RE-dxAC_eq-pkgSEER-13.8-SEER2/instance-out.sql,CZ12,SFm,1,rDXHP,New,dxHP_equip,,RE-dxAC_eq-pkgSEER-13.8-SEER2,SFm&1&rDXHP&New&dxHP_equip,RE-dxAC_eq-pkgSEER-13.8-SEER2,,,,,,,,,,,,,,,,,,,,,,,,,,,,,,,,,,,,,,,
SWHC049-09 SEER Rated AC HP_SFm_New/runs/CZ12/SFm&1&rDXHP&New&dxHP_equip/RE-dxAC_eq-pkgSEER-14.3-SEER2/instance-out.sql,CZ12,SFm,1,rDXHP,New,dxHP_equip,,RE-dxAC_eq-pkgSEER-14.3-SEER2,SFm&1&rDXHP&New&dxHP_equip,RE-dxAC_eq-pkgSEER-14.3-SEER2,,,,,,,,,,,,,,,,,,,,,,,,,,,,,,,,,,,,,,,
SWHC049-09 SEER Rated AC HP_SFm_New/runs/CZ12/SFm&1&rDXHP&New&dxHP_equip/RE-dxAC_eq-pkgSEER-15.2-SEER2/instance-out.sql,CZ12,SFm,1,rDXHP,New,dxHP_equip,,RE-dxAC_eq-pkgSEER-15.2-SEER2,SFm&1&rDXHP&New&dxHP_equip,RE-dxAC_eq-pkgSEER-15.2-SEER2,,,,,,,,,,,,,,,,,,,,,,,,,,,,,,,,,,,,,,,
SWHC049-09 SEER Rated AC HP_SFm_New/runs/CZ12/SFm&1&rDXHP&New&dxHP_equip/RE-dxAC_eq-pkgSEER-16.9-SEER2/instance-out.sql,CZ12,SFm,1,rDXHP,New,dxHP_equip,,RE-dxAC_eq-pkgSEER-16.9-SEER2,SFm&1&rDXHP&New&dxHP_equip,RE-dxAC_eq-pkgSEER-16.9-SEER2,,,,,,,,,,,,,,,,,,,,,,,,,,,,,,,,,,,,,,,
SWHC049-09 SEER Rated AC HP_SFm_New/runs/CZ12/SFm&1&rDXHP&New&dxHP_equip/RE-dxAC_eq-pkgSEER-17.8-SEER2/instance-out.sql,CZ12,SFm,1,rDXHP,New,dxHP_equip,,RE-dxAC_eq-pkgSEER-17.8-SEER2,SFm&1&rDXHP&New&dxHP_equip,RE-dxAC_eq-pkgSEER-17.8-SEER2,,,,,,,,,,,,,,,,,,,,,,,,,,,,,,,,,,,,,,,
SWHC049-09 SEER Rated AC HP_SFm_New/runs/CZ12/SFm&1&rDXHP&New&dxHP_equip/RE-dxAC_eq-pkgSEER-18.7-SEER2/instance-out.sql,CZ12,SFm,1,rDXHP,New,dxHP_equip,,RE-dxAC_eq-pkgSEER-18.7-SEER2,SFm&1&rDXHP&New&dxHP_equip,RE-dxAC_eq-pkgSEER-18.7-SEER2,,,,,,,,,,,,,,,,,,,,,,,,,,,,,,,,,,,,,,,
SWHC049-09 SEER Rated AC HP_SFm_New/runs/CZ12/SFm&1&rDXHP&New&dxHP_equip/RE-dxAC_eq-pkgSEER-19.6-SEER2/instance-out.sql,CZ12,SFm,1,rDXHP,New,dxHP_equip,,RE-dxAC_eq-pkgSEER-19.6-SEER2,SFm&1&rDXHP&New&dxHP_equip,RE-dxAC_eq-pkgSEER-19.6-SEER2,,,,,,,,,,,,,,,,,,,,,,,,,,,,,,,,,,,,,,,
SWHC049-09 SEER Rated AC HP_SFm_New/runs/CZ12/SFm&1&rDXHP&New&dxHP_equip/RE-dxHP_eq-pkgSEER-12.5-SEER2-6.4-HSPF2/instance-out.sql,CZ12,SFm,1,rDXHP,New,dxHP_equip,,RE-dxHP_eq-pkgSEER-12.5-SEER2-6.4-HSPF2,SFm&1&rDXHP&New&dxHP_equip,RE-dxHP_eq-pkgSEER-12.5-SEER2-6.4-HSPF2,,,,,,,,,,,,,,,,,,,,,,,,,,,,,,,,,,,,,,,
SWHC049-09 SEER Rated AC HP_SFm_New/runs/CZ12/SFm&1&rDXHP&New&dxHP_equip/RE-dxHP_eq-pkgSEER-14.3-SEER2-7.5-HSPF2/instance-out.sql,CZ12,SFm,1,rDXHP,New,dxHP_equip,,RE-dxHP_eq-pkgSEER-14.3-SEER2-7.5-HSPF2,SFm&1&rDXHP&New&dxHP_equip,RE-dxHP_eq-pkgSEER-14.3-SEER2-7.5-HSPF2,,,,,,,,,,,,,,,,,,,,,,,,,,,,,,,,,,,,,,,
SWHC049-09 SEER Rated AC HP_SFm_New/runs/CZ12/SFm&1&rDXHP&New&dxHP_equip/RE-dxHP_eq-pkgSEER-15.2-SEER2-7.7-HSPF2/instance-out.sql,CZ12,SFm,1,rDXHP,New,dxHP_equip,,RE-dxHP_eq-pkgSEER-15.2-SEER2-7.7-HSPF2,SFm&1&rDXHP&New&dxHP_equip,RE-dxHP_eq-pkgSEER-15.2-SEER2-7.7-HSPF2,,,,,,,,,,,,,,,,,,,,,,,,,,,,,,,,,,,,,,,
SWHC049-09 SEER Rated AC HP_SFm_New/runs/CZ12/SFm&1&rDXHP&New&dxHP_equip/RE-dxHP_eq-pkgSEER-16.0-SEER2-8.0-HSPF2/instance-out.sql,CZ12,SFm,1,rDXHP,New,dxHP_equip,,RE-dxHP_eq-pkgSEER-16.0-SEER2-8.0-HSPF2,SFm&1&rDXHP&New&dxHP_equip,RE-dxHP_eq-pkgSEER-16.0-SEER2-8.0-HSPF2,,,,,,,,,,,,,,,,,,,,,,,,,,,,,,,,,,,,,,,
SWHC049-09 SEER Rated AC HP_SFm_New/runs/CZ12/SFm&1&rDXHP&New&dxHP_equip/RE-dxHP_eq-pkgSEER-17.8-SEER2-8.1-HSPF2/instance-out.sql,CZ12,SFm,1,rDXHP,New,dxHP_equip,,RE-dxHP_eq-pkgSEER-17.8-SEER2-8.1-HSPF2,SFm&1&rDXHP&New&dxHP_equip,RE-dxHP_eq-pkgSEER-17.8-SEER2-8.1-HSPF2,,,,,,,,,,,,,,,,,,,,,,,,,,,,,,,,,,,,,,,
SWHC049-09 SEER Rated AC HP_SFm_New/runs/CZ12/SFm&1&rDXHP&New&dxHP_equip/RE-dxHP_eq-pkgSEER-18.7-SEER2-8.5-HSPF2/instance-out.sql,CZ12,SFm,1,rDXHP,New,dxHP_equip,,RE-dxHP_eq-pkgSEER-18.7-SEER2-8.5-HSPF2,SFm&1&rDXHP&New&dxHP_equip,RE-dxHP_eq-pkgSEER-18.7-SEER2-8.5-HSPF2,,,,,,,,,,,,,,,,,,,,,,,,,,,,,,,,,,,,,,,
SWHC049-09 SEER Rated AC HP_SFm_New/runs/CZ12/SFm&1&rDXHP&New&dxHP_equip/RE-dxHP_eq-pkgSEER-19.6-SEER2-8.9-HSPF2/instance-out.sql,CZ12,SFm,1,rDXHP,New,dxHP_equip,,RE-dxHP_eq-pkgSEER-19.6-SEER2-8.9-HSPF2,SFm&1&rDXHP&New&dxHP_equip,RE-dxHP_eq-pkgSEER-19.6-SEER2-8.9-HSPF2,,,,,,,,,,,,,,,,,,,,,,,,,,,,,,,,,,,,,,,
SWHC049-09 SEER Rated AC HP_SFm_New/runs/CZ11/SFm&2&rDXHP&New&dxHP_equip/RE-dxAC_eq-pkgSEER-12.5-SEER2/instance-out.sql,CZ11,SFm,2,rDXHP,New,dxHP_equip,,RE-dxAC_eq-pkgSEER-12.5-SEER2,SFm&2&rDXHP&New&dxHP_equip,RE-dxAC_eq-pkgSEER-12.5-SEER2,,,,,,,,,,,,,,,,,,,,,,,,,,,,,,,,,,,,,,,
SWHC049-09 SEER Rated AC HP_SFm_New/runs/CZ11/SFm&2&rDXHP&New&dxHP_equip/RE-dxAC_eq-pkgSEER-13.8-SEER2/instance-out.sql,CZ11,SFm,2,rDXHP,New,dxHP_equip,,RE-dxAC_eq-pkgSEER-13.8-SEER2,SFm&2&rDXHP&New&dxHP_equip,RE-dxAC_eq-pkgSEER-13.8-SEER2,,,,,,,,,,,,,,,,,,,,,,,,,,,,,,,,,,,,,,,
SWHC049-09 SEER Rated AC HP_SFm_New/runs/CZ11/SFm&2&rDXHP&New&dxHP_equip/RE-dxAC_eq-pkgSEER-14.3-SEER2/instance-out.sql,CZ11,SFm,2,rDXHP,New,dxHP_equip,,RE-dxAC_eq-pkgSEER-14.3-SEER2,SFm&2&rDXHP&New&dxHP_equip,RE-dxAC_eq-pkgSEER-14.3-SEER2,,,,,,,,,,,,,,,,,,,,,,,,,,,,,,,,,,,,,,,
SWHC049-09 SEER Rated AC HP_SFm_New/runs/CZ11/SFm&2&rDXHP&New&dxHP_equip/RE-dxAC_eq-pkgSEER-15.2-SEER2/instance-out.sql,CZ11,SFm,2,rDXHP,New,dxHP_equip,,RE-dxAC_eq-pkgSEER-15.2-SEER2,SFm&2&rDXHP&New&dxHP_equip,RE-dxAC_eq-pkgSEER-15.2-SEER2,,,,,,,,,,,,,,,,,,,,,,,,,,,,,,,,,,,,,,,
SWHC049-09 SEER Rated AC HP_SFm_New/runs/CZ11/SFm&2&rDXHP&New&dxHP_equip/RE-dxAC_eq-pkgSEER-16.9-SEER2/instance-out.sql,CZ11,SFm,2,rDXHP,New,dxHP_equip,,RE-dxAC_eq-pkgSEER-16.9-SEER2,SFm&2&rDXHP&New&dxHP_equip,RE-dxAC_eq-pkgSEER-16.9-SEER2,,,,,,,,,,,,,,,,,,,,,,,,,,,,,,,,,,,,,,,
SWHC049-09 SEER Rated AC HP_SFm_New/runs/CZ11/SFm&2&rDXHP&New&dxHP_equip/RE-dxAC_eq-pkgSEER-17.8-SEER2/instance-out.sql,CZ11,SFm,2,rDXHP,New,dxHP_equip,,RE-dxAC_eq-pkgSEER-17.8-SEER2,SFm&2&rDXHP&New&dxHP_equip,RE-dxAC_eq-pkgSEER-17.8-SEER2,,,,,,,,,,,,,,,,,,,,,,,,,,,,,,,,,,,,,,,
SWHC049-09 SEER Rated AC HP_SFm_New/runs/CZ11/SFm&2&rDXHP&New&dxHP_equip/RE-dxAC_eq-pkgSEER-18.7-SEER2/instance-out.sql,CZ11,SFm,2,rDXHP,New,dxHP_equip,,RE-dxAC_eq-pkgSEER-18.7-SEER2,SFm&2&rDXHP&New&dxHP_equip,RE-dxAC_eq-pkgSEER-18.7-SEER2,,,,,,,,,,,,,,,,,,,,,,,,,,,,,,,,,,,,,,,
SWHC049-09 SEER Rated AC HP_SFm_New/runs/CZ11/SFm&2&rDXHP&New&dxHP_equip/RE-dxAC_eq-pkgSEER-19.6-SEER2/instance-out.sql,CZ11,SFm,2,rDXHP,New,dxHP_equip,,RE-dxAC_eq-pkgSEER-19.6-SEER2,SFm&2&rDXHP&New&dxHP_equip,RE-dxAC_eq-pkgSEER-19.6-SEER2,,,,,,,,,,,,,,,,,,,,,,,,,,,,,,,,,,,,,,,
SWHC049-09 SEER Rated AC HP_SFm_New/runs/CZ11/SFm&2&rDXHP&New&dxHP_equip/RE-dxHP_eq-pkgSEER-12.5-SEER2-6.4-HSPF2/instance-out.sql,CZ11,SFm,2,rDXHP,New,dxHP_equip,,RE-dxHP_eq-pkgSEER-12.5-SEER2-6.4-HSPF2,SFm&2&rDXHP&New&dxHP_equip,RE-dxHP_eq-pkgSEER-12.5-SEER2-6.4-HSPF2,,,,,,,,,,,,,,,,,,,,,,,,,,,,,,,,,,,,,,,
SWHC049-09 SEER Rated AC HP_SFm_New/runs/CZ11/SFm&2&rDXHP&New&dxHP_equip/RE-dxHP_eq-pkgSEER-14.3-SEER2-7.5-HSPF2/instance-out.sql,CZ11,SFm,2,rDXHP,New,dxHP_equip,,RE-dxHP_eq-pkgSEER-14.3-SEER2-7.5-HSPF2,SFm&2&rDXHP&New&dxHP_equip,RE-dxHP_eq-pkgSEER-14.3-SEER2-7.5-HSPF2,,,,,,,,,,,,,,,,,,,,,,,,,,,,,,,,,,,,,,,
SWHC049-09 SEER Rated AC HP_SFm_New/runs/CZ11/SFm&2&rDXHP&New&dxHP_equip/RE-dxHP_eq-pkgSEER-15.2-SEER2-7.7-HSPF2/instance-out.sql,CZ11,SFm,2,rDXHP,New,dxHP_equip,,RE-dxHP_eq-pkgSEER-15.2-SEER2-7.7-HSPF2,SFm&2&rDXHP&New&dxHP_equip,RE-dxHP_eq-pkgSEER-15.2-SEER2-7.7-HSPF2,,,,,,,,,,,,,,,,,,,,,,,,,,,,,,,,,,,,,,,
SWHC049-09 SEER Rated AC HP_SFm_New/runs/CZ11/SFm&2&rDXHP&New&dxHP_equip/RE-dxHP_eq-pkgSEER-16.0-SEER2-8.0-HSPF2/instance-out.sql,CZ11,SFm,2,rDXHP,New,dxHP_equip,,RE-dxHP_eq-pkgSEER-16.0-SEER2-8.0-HSPF2,SFm&2&rDXHP&New&dxHP_equip,RE-dxHP_eq-pkgSEER-16.0-SEER2-8.0-HSPF2,,,,,,,,,,,,,,,,,,,,,,,,,,,,,,,,,,,,,,,
SWHC049-09 SEER Rated AC HP_SFm_New/runs/CZ11/SFm&2&rDXHP&New&dxHP_equip/RE-dxHP_eq-pkgSEER-17.8-SEER2-8.1-HSPF2/instance-out.sql,CZ11,SFm,2,rDXHP,New,dxHP_equip,,RE-dxHP_eq-pkgSEER-17.8-SEER2-8.1-HSPF2,SFm&2&rDXHP&New&dxHP_equip,RE-dxHP_eq-pkgSEER-17.8-SEER2-8.1-HSPF2,,,,,,,,,,,,,,,,,,,,,,,,,,,,,,,,,,,,,,,
SWHC049-09 SEER Rated AC HP_SFm_New/runs/CZ11/SFm&2&rDXHP&New&dxHP_equip/RE-dxHP_eq-pkgSEER-18.7-SEER2-8.5-HSPF2/instance-out.sql,CZ11,SFm,2,rDXHP,New,dxHP_equip,,RE-dxHP_eq-pkgSEER-18.7-SEER2-8.5-HSPF2,SFm&2&rDXHP&New&dxHP_equip,RE-dxHP_eq-pkgSEER-18.7-SEER2-8.5-HSPF2,,,,,,,,,,,,,,,,,,,,,,,,,,,,,,,,,,,,,,,
SWHC049-09 SEER Rated AC HP_SFm_New/runs/CZ11/SFm&2&rDXHP&New&dxHP_equip/RE-dxHP_eq-pkgSEER-19.6-SEER2-8.9-HSPF2/instance-out.sql,CZ11,SFm,2,rDXHP,New,dxHP_equip,,RE-dxHP_eq-pkgSEER-19.6-SEER2-8.9-HSPF2,SFm&2&rDXHP&New&dxHP_equip,RE-dxHP_eq-pkgSEER-19.6-SEER2-8.9-HSPF2,,,,,,,,,,,,,,,,,,,,,,,,,,,,,,,,,,,,,,,
SWHC049-09 SEER Rated AC HP_SFm_New/runs/CZ11/SFm&1&rDXHP&New&dxHP_equip/RE-dxAC_eq-pkgSEER-12.5-SEER2/instance-out.sql,CZ11,SFm,1,rDXHP,New,dxHP_equip,,RE-dxAC_eq-pkgSEER-12.5-SEER2,SFm&1&rDXHP&New&dxHP_equip,RE-dxAC_eq-pkgSEER-12.5-SEER2,,,,,,,,,,,,,,,,,,,,,,,,,,,,,,,,,,,,,,,
SWHC049-09 SEER Rated AC HP_SFm_New/runs/CZ11/SFm&1&rDXHP&New&dxHP_equip/RE-dxAC_eq-pkgSEER-13.8-SEER2/instance-out.sql,CZ11,SFm,1,rDXHP,New,dxHP_equip,,RE-dxAC_eq-pkgSEER-13.8-SEER2,SFm&1&rDXHP&New&dxHP_equip,RE-dxAC_eq-pkgSEER-13.8-SEER2,,,,,,,,,,,,,,,,,,,,,,,,,,,,,,,,,,,,,,,
SWHC049-09 SEER Rated AC HP_SFm_New/runs/CZ11/SFm&1&rDXHP&New&dxHP_equip/RE-dxAC_eq-pkgSEER-14.3-SEER2/instance-out.sql,CZ11,SFm,1,rDXHP,New,dxHP_equip,,RE-dxAC_eq-pkgSEER-14.3-SEER2,SFm&1&rDXHP&New&dxHP_equip,RE-dxAC_eq-pkgSEER-14.3-SEER2,,,,,,,,,,,,,,,,,,,,,,,,,,,,,,,,,,,,,,,
SWHC049-09 SEER Rated AC HP_SFm_New/runs/CZ11/SFm&1&rDXHP&New&dxHP_equip/RE-dxAC_eq-pkgSEER-15.2-SEER2/instance-out.sql,CZ11,SFm,1,rDXHP,New,dxHP_equip,,RE-dxAC_eq-pkgSEER-15.2-SEER2,SFm&1&rDXHP&New&dxHP_equip,RE-dxAC_eq-pkgSEER-15.2-SEER2,,,,,,,,,,,,,,,,,,,,,,,,,,,,,,,,,,,,,,,
SWHC049-09 SEER Rated AC HP_SFm_New/runs/CZ11/SFm&1&rDXHP&New&dxHP_equip/RE-dxAC_eq-pkgSEER-16.9-SEER2/instance-out.sql,CZ11,SFm,1,rDXHP,New,dxHP_equip,,RE-dxAC_eq-pkgSEER-16.9-SEER2,SFm&1&rDXHP&New&dxHP_equip,RE-dxAC_eq-pkgSEER-16.9-SEER2,,,,,,,,,,,,,,,,,,,,,,,,,,,,,,,,,,,,,,,
SWHC049-09 SEER Rated AC HP_SFm_New/runs/CZ11/SFm&1&rDXHP&New&dxHP_equip/RE-dxAC_eq-pkgSEER-17.8-SEER2/instance-out.sql,CZ11,SFm,1,rDXHP,New,dxHP_equip,,RE-dxAC_eq-pkgSEER-17.8-SEER2,SFm&1&rDXHP&New&dxHP_equip,RE-dxAC_eq-pkgSEER-17.8-SEER2,,,,,,,,,,,,,,,,,,,,,,,,,,,,,,,,,,,,,,,
SWHC049-09 SEER Rated AC HP_SFm_New/runs/CZ11/SFm&1&rDXHP&New&dxHP_equip/RE-dxAC_eq-pkgSEER-18.7-SEER2/instance-out.sql,CZ11,SFm,1,rDXHP,New,dxHP_equip,,RE-dxAC_eq-pkgSEER-18.7-SEER2,SFm&1&rDXHP&New&dxHP_equip,RE-dxAC_eq-pkgSEER-18.7-SEER2,,,,,,,,,,,,,,,,,,,,,,,,,,,,,,,,,,,,,,,
SWHC049-09 SEER Rated AC HP_SFm_New/runs/CZ11/SFm&1&rDXHP&New&dxHP_equip/RE-dxAC_eq-pkgSEER-19.6-SEER2/instance-out.sql,CZ11,SFm,1,rDXHP,New,dxHP_equip,,RE-dxAC_eq-pkgSEER-19.6-SEER2,SFm&1&rDXHP&New&dxHP_equip,RE-dxAC_eq-pkgSEER-19.6-SEER2,,,,,,,,,,,,,,,,,,,,,,,,,,,,,,,,,,,,,,,
SWHC049-09 SEER Rated AC HP_SFm_New/runs/CZ11/SFm&1&rDXHP&New&dxHP_equip/RE-dxHP_eq-pkgSEER-12.5-SEER2-6.4-HSPF2/instance-out.sql,CZ11,SFm,1,rDXHP,New,dxHP_equip,,RE-dxHP_eq-pkgSEER-12.5-SEER2-6.4-HSPF2,SFm&1&rDXHP&New&dxHP_equip,RE-dxHP_eq-pkgSEER-12.5-SEER2-6.4-HSPF2,,,,,,,,,,,,,,,,,,,,,,,,,,,,,,,,,,,,,,,
SWHC049-09 SEER Rated AC HP_SFm_New/runs/CZ11/SFm&1&rDXHP&New&dxHP_equip/RE-dxHP_eq-pkgSEER-14.3-SEER2-7.5-HSPF2/instance-out.sql,CZ11,SFm,1,rDXHP,New,dxHP_equip,,RE-dxHP_eq-pkgSEER-14.3-SEER2-7.5-HSPF2,SFm&1&rDXHP&New&dxHP_equip,RE-dxHP_eq-pkgSEER-14.3-SEER2-7.5-HSPF2,,,,,,,,,,,,,,,,,,,,,,,,,,,,,,,,,,,,,,,
SWHC049-09 SEER Rated AC HP_SFm_New/runs/CZ11/SFm&1&rDXHP&New&dxHP_equip/RE-dxHP_eq-pkgSEER-15.2-SEER2-7.7-HSPF2/instance-out.sql,CZ11,SFm,1,rDXHP,New,dxHP_equip,,RE-dxHP_eq-pkgSEER-15.2-SEER2-7.7-HSPF2,SFm&1&rDXHP&New&dxHP_equip,RE-dxHP_eq-pkgSEER-15.2-SEER2-7.7-HSPF2,,,,,,,,,,,,,,,,,,,,,,,,,,,,,,,,,,,,,,,
SWHC049-09 SEER Rated AC HP_SFm_New/runs/CZ11/SFm&1&rDXHP&New&dxHP_equip/RE-dxHP_eq-pkgSEER-16.0-SEER2-8.0-HSPF2/instance-out.sql,CZ11,SFm,1,rDXHP,New,dxHP_equip,,RE-dxHP_eq-pkgSEER-16.0-SEER2-8.0-HSPF2,SFm&1&rDXHP&New&dxHP_equip,RE-dxHP_eq-pkgSEER-16.0-SEER2-8.0-HSPF2,,,,,,,,,,,,,,,,,,,,,,,,,,,,,,,,,,,,,,,
SWHC049-09 SEER Rated AC HP_SFm_New/runs/CZ11/SFm&1&rDXHP&New&dxHP_equip/RE-dxHP_eq-pkgSEER-17.8-SEER2-8.1-HSPF2/instance-out.sql,CZ11,SFm,1,rDXHP,New,dxHP_equip,,RE-dxHP_eq-pkgSEER-17.8-SEER2-8.1-HSPF2,SFm&1&rDXHP&New&dxHP_equip,RE-dxHP_eq-pkgSEER-17.8-SEER2-8.1-HSPF2,,,,,,,,,,,,,,,,,,,,,,,,,,,,,,,,,,,,,,,
SWHC049-09 SEER Rated AC HP_SFm_New/runs/CZ11/SFm&1&rDXHP&New&dxHP_equip/RE-dxHP_eq-pkgSEER-18.7-SEER2-8.5-HSPF2/instance-out.sql,CZ11,SFm,1,rDXHP,New,dxHP_equip,,RE-dxHP_eq-pkgSEER-18.7-SEER2-8.5-HSPF2,SFm&1&rDXHP&New&dxHP_equip,RE-dxHP_eq-pkgSEER-18.7-SEER2-8.5-HSPF2,,,,,,,,,,,,,,,,,,,,,,,,,,,,,,,,,,,,,,,
SWHC049-09 SEER Rated AC HP_SFm_New/runs/CZ11/SFm&1&rDXHP&New&dxHP_equip/RE-dxHP_eq-pkgSEER-19.6-SEER2-8.9-HSPF2/instance-out.sql,CZ11,SFm,1,rDXHP,New,dxHP_equip,,RE-dxHP_eq-pkgSEER-19.6-SEER2-8.9-HSPF2,SFm&1&rDXHP&New&dxHP_equip,RE-dxHP_eq-pkgSEER-19.6-SEER2-8.9-HSPF2,,,,,,,,,,,,,,,,,,,,,,,,,,,,,,,,,,,,,,,
SWHC049-09 SEER Rated AC HP_SFm_New/runs/CZ10/SFm&2&rDXHP&New&dxHP_equip/RE-dxAC_eq-pkgSEER-12.5-SEER2/instance-out.sql,CZ10,SFm,2,rDXHP,New,dxHP_equip,,RE-dxAC_eq-pkgSEER-12.5-SEER2,SFm&2&rDXHP&New&dxHP_equip,RE-dxAC_eq-pkgSEER-12.5-SEER2,,,,,,,,,,,,,,,,,,,,,,,,,,,,,,,,,,,,,,,
SWHC049-09 SEER Rated AC HP_SFm_New/runs/CZ10/SFm&2&rDXHP&New&dxHP_equip/RE-dxAC_eq-pkgSEER-13.8-SEER2/instance-out.sql,CZ10,SFm,2,rDXHP,New,dxHP_equip,,RE-dxAC_eq-pkgSEER-13.8-SEER2,SFm&2&rDXHP&New&dxHP_equip,RE-dxAC_eq-pkgSEER-13.8-SEER2,,,,,,,,,,,,,,,,,,,,,,,,,,,,,,,,,,,,,,,
SWHC049-09 SEER Rated AC HP_SFm_New/runs/CZ10/SFm&2&rDXHP&New&dxHP_equip/RE-dxAC_eq-pkgSEER-14.3-SEER2/instance-out.sql,CZ10,SFm,2,rDXHP,New,dxHP_equip,,RE-dxAC_eq-pkgSEER-14.3-SEER2,SFm&2&rDXHP&New&dxHP_equip,RE-dxAC_eq-pkgSEER-14.3-SEER2,,,,,,,,,,,,,,,,,,,,,,,,,,,,,,,,,,,,,,,
SWHC049-09 SEER Rated AC HP_SFm_New/runs/CZ10/SFm&2&rDXHP&New&dxHP_equip/RE-dxAC_eq-pkgSEER-15.2-SEER2/instance-out.sql,CZ10,SFm,2,rDXHP,New,dxHP_equip,,RE-dxAC_eq-pkgSEER-15.2-SEER2,SFm&2&rDXHP&New&dxHP_equip,RE-dxAC_eq-pkgSEER-15.2-SEER2,,,,,,,,,,,,,,,,,,,,,,,,,,,,,,,,,,,,,,,
SWHC049-09 SEER Rated AC HP_SFm_New/runs/CZ10/SFm&2&rDXHP&New&dxHP_equip/RE-dxAC_eq-pkgSEER-16.9-SEER2/instance-out.sql,CZ10,SFm,2,rDXHP,New,dxHP_equip,,RE-dxAC_eq-pkgSEER-16.9-SEER2,SFm&2&rDXHP&New&dxHP_equip,RE-dxAC_eq-pkgSEER-16.9-SEER2,,,,,,,,,,,,,,,,,,,,,,,,,,,,,,,,,,,,,,,
SWHC049-09 SEER Rated AC HP_SFm_New/runs/CZ10/SFm&2&rDXHP&New&dxHP_equip/RE-dxAC_eq-pkgSEER-17.8-SEER2/instance-out.sql,CZ10,SFm,2,rDXHP,New,dxHP_equip,,RE-dxAC_eq-pkgSEER-17.8-SEER2,SFm&2&rDXHP&New&dxHP_equip,RE-dxAC_eq-pkgSEER-17.8-SEER2,,,,,,,,,,,,,,,,,,,,,,,,,,,,,,,,,,,,,,,
SWHC049-09 SEER Rated AC HP_SFm_New/runs/CZ10/SFm&2&rDXHP&New&dxHP_equip/RE-dxAC_eq-pkgSEER-18.7-SEER2/instance-out.sql,CZ10,SFm,2,rDXHP,New,dxHP_equip,,RE-dxAC_eq-pkgSEER-18.7-SEER2,SFm&2&rDXHP&New&dxHP_equip,RE-dxAC_eq-pkgSEER-18.7-SEER2,,,,,,,,,,,,,,,,,,,,,,,,,,,,,,,,,,,,,,,
SWHC049-09 SEER Rated AC HP_SFm_New/runs/CZ10/SFm&2&rDXHP&New&dxHP_equip/RE-dxAC_eq-pkgSEER-19.6-SEER2/instance-out.sql,CZ10,SFm,2,rDXHP,New,dxHP_equip,,RE-dxAC_eq-pkgSEER-19.6-SEER2,SFm&2&rDXHP&New&dxHP_equip,RE-dxAC_eq-pkgSEER-19.6-SEER2,,,,,,,,,,,,,,,,,,,,,,,,,,,,,,,,,,,,,,,
SWHC049-09 SEER Rated AC HP_SFm_New/runs/CZ10/SFm&2&rDXHP&New&dxHP_equip/RE-dxHP_eq-pkgSEER-12.5-SEER2-6.4-HSPF2/instance-out.sql,CZ10,SFm,2,rDXHP,New,dxHP_equip,,RE-dxHP_eq-pkgSEER-12.5-SEER2-6.4-HSPF2,SFm&2&rDXHP&New&dxHP_equip,RE-dxHP_eq-pkgSEER-12.5-SEER2-6.4-HSPF2,,,,,,,,,,,,,,,,,,,,,,,,,,,,,,,,,,,,,,,
SWHC049-09 SEER Rated AC HP_SFm_New/runs/CZ10/SFm&2&rDXHP&New&dxHP_equip/RE-dxHP_eq-pkgSEER-14.3-SEER2-7.5-HSPF2/instance-out.sql,CZ10,SFm,2,rDXHP,New,dxHP_equip,,RE-dxHP_eq-pkgSEER-14.3-SEER2-7.5-HSPF2,SFm&2&rDXHP&New&dxHP_equip,RE-dxHP_eq-pkgSEER-14.3-SEER2-7.5-HSPF2,,,,,,,,,,,,,,,,,,,,,,,,,,,,,,,,,,,,,,,
SWHC049-09 SEER Rated AC HP_SFm_New/runs/CZ10/SFm&2&rDXHP&New&dxHP_equip/RE-dxHP_eq-pkgSEER-15.2-SEER2-7.7-HSPF2/instance-out.sql,CZ10,SFm,2,rDXHP,New,dxHP_equip,,RE-dxHP_eq-pkgSEER-15.2-SEER2-7.7-HSPF2,SFm&2&rDXHP&New&dxHP_equip,RE-dxHP_eq-pkgSEER-15.2-SEER2-7.7-HSPF2,,,,,,,,,,,,,,,,,,,,,,,,,,,,,,,,,,,,,,,
SWHC049-09 SEER Rated AC HP_SFm_New/runs/CZ10/SFm&2&rDXHP&New&dxHP_equip/RE-dxHP_eq-pkgSEER-16.0-SEER2-8.0-HSPF2/instance-out.sql,CZ10,SFm,2,rDXHP,New,dxHP_equip,,RE-dxHP_eq-pkgSEER-16.0-SEER2-8.0-HSPF2,SFm&2&rDXHP&New&dxHP_equip,RE-dxHP_eq-pkgSEER-16.0-SEER2-8.0-HSPF2,,,,,,,,,,,,,,,,,,,,,,,,,,,,,,,,,,,,,,,
SWHC049-09 SEER Rated AC HP_SFm_New/runs/CZ10/SFm&2&rDXHP&New&dxHP_equip/RE-dxHP_eq-pkgSEER-17.8-SEER2-8.1-HSPF2/instance-out.sql,CZ10,SFm,2,rDXHP,New,dxHP_equip,,RE-dxHP_eq-pkgSEER-17.8-SEER2-8.1-HSPF2,SFm&2&rDXHP&New&dxHP_equip,RE-dxHP_eq-pkgSEER-17.8-SEER2-8.1-HSPF2,,,,,,,,,,,,,,,,,,,,,,,,,,,,,,,,,,,,,,,
SWHC049-09 SEER Rated AC HP_SFm_New/runs/CZ10/SFm&2&rDXHP&New&dxHP_equip/RE-dxHP_eq-pkgSEER-18.7-SEER2-8.5-HSPF2/instance-out.sql,CZ10,SFm,2,rDXHP,New,dxHP_equip,,RE-dxHP_eq-pkgSEER-18.7-SEER2-8.5-HSPF2,SFm&2&rDXHP&New&dxHP_equip,RE-dxHP_eq-pkgSEER-18.7-SEER2-8.5-HSPF2,,,,,,,,,,,,,,,,,,,,,,,,,,,,,,,,,,,,,,,
SWHC049-09 SEER Rated AC HP_SFm_New/runs/CZ10/SFm&2&rDXHP&New&dxHP_equip/RE-dxHP_eq-pkgSEER-19.6-SEER2-8.9-HSPF2/instance-out.sql,CZ10,SFm,2,rDXHP,New,dxHP_equip,,RE-dxHP_eq-pkgSEER-19.6-SEER2-8.9-HSPF2,SFm&2&rDXHP&New&dxHP_equip,RE-dxHP_eq-pkgSEER-19.6-SEER2-8.9-HSPF2,,,,,,,,,,,,,,,,,,,,,,,,,,,,,,,,,,,,,,,
SWHC049-09 SEER Rated AC HP_SFm_New/runs/CZ10/SFm&1&rDXHP&New&dxHP_equip/RE-dxAC_eq-pkgSEER-12.5-SEER2/instance-out.sql,CZ10,SFm,1,rDXHP,New,dxHP_equip,,RE-dxAC_eq-pkgSEER-12.5-SEER2,SFm&1&rDXHP&New&dxHP_equip,RE-dxAC_eq-pkgSEER-12.5-SEER2,,,,,,,,,,,,,,,,,,,,,,,,,,,,,,,,,,,,,,,
SWHC049-09 SEER Rated AC HP_SFm_New/runs/CZ10/SFm&1&rDXHP&New&dxHP_equip/RE-dxAC_eq-pkgSEER-13.8-SEER2/instance-out.sql,CZ10,SFm,1,rDXHP,New,dxHP_equip,,RE-dxAC_eq-pkgSEER-13.8-SEER2,SFm&1&rDXHP&New&dxHP_equip,RE-dxAC_eq-pkgSEER-13.8-SEER2,,,,,,,,,,,,,,,,,,,,,,,,,,,,,,,,,,,,,,,
SWHC049-09 SEER Rated AC HP_SFm_New/runs/CZ10/SFm&1&rDXHP&New&dxHP_equip/RE-dxAC_eq-pkgSEER-14.3-SEER2/instance-out.sql,CZ10,SFm,1,rDXHP,New,dxHP_equip,,RE-dxAC_eq-pkgSEER-14.3-SEER2,SFm&1&rDXHP&New&dxHP_equip,RE-dxAC_eq-pkgSEER-14.3-SEER2,,,,,,,,,,,,,,,,,,,,,,,,,,,,,,,,,,,,,,,
SWHC049-09 SEER Rated AC HP_SFm_New/runs/CZ10/SFm&1&rDXHP&New&dxHP_equip/RE-dxAC_eq-pkgSEER-15.2-SEER2/instance-out.sql,CZ10,SFm,1,rDXHP,New,dxHP_equip,,RE-dxAC_eq-pkgSEER-15.2-SEER2,SFm&1&rDXHP&New&dxHP_equip,RE-dxAC_eq-pkgSEER-15.2-SEER2,,,,,,,,,,,,,,,,,,,,,,,,,,,,,,,,,,,,,,,
SWHC049-09 SEER Rated AC HP_SFm_New/runs/CZ10/SFm&1&rDXHP&New&dxHP_equip/RE-dxAC_eq-pkgSEER-16.9-SEER2/instance-out.sql,CZ10,SFm,1,rDXHP,New,dxHP_equip,,RE-dxAC_eq-pkgSEER-16.9-SEER2,SFm&1&rDXHP&New&dxHP_equip,RE-dxAC_eq-pkgSEER-16.9-SEER2,,,,,,,,,,,,,,,,,,,,,,,,,,,,,,,,,,,,,,,
SWHC049-09 SEER Rated AC HP_SFm_New/runs/CZ10/SFm&1&rDXHP&New&dxHP_equip/RE-dxAC_eq-pkgSEER-17.8-SEER2/instance-out.sql,CZ10,SFm,1,rDXHP,New,dxHP_equip,,RE-dxAC_eq-pkgSEER-17.8-SEER2,SFm&1&rDXHP&New&dxHP_equip,RE-dxAC_eq-pkgSEER-17.8-SEER2,,,,,,,,,,,,,,,,,,,,,,,,,,,,,,,,,,,,,,,
SWHC049-09 SEER Rated AC HP_SFm_New/runs/CZ10/SFm&1&rDXHP&New&dxHP_equip/RE-dxAC_eq-pkgSEER-18.7-SEER2/instance-out.sql,CZ10,SFm,1,rDXHP,New,dxHP_equip,,RE-dxAC_eq-pkgSEER-18.7-SEER2,SFm&1&rDXHP&New&dxHP_equip,RE-dxAC_eq-pkgSEER-18.7-SEER2,,,,,,,,,,,,,,,,,,,,,,,,,,,,,,,,,,,,,,,
SWHC049-09 SEER Rated AC HP_SFm_New/runs/CZ10/SFm&1&rDXHP&New&dxHP_equip/RE-dxAC_eq-pkgSEER-19.6-SEER2/instance-out.sql,CZ10,SFm,1,rDXHP,New,dxHP_equip,,RE-dxAC_eq-pkgSEER-19.6-SEER2,SFm&1&rDXHP&New&dxHP_equip,RE-dxAC_eq-pkgSEER-19.6-SEER2,,,,,,,,,,,,,,,,,,,,,,,,,,,,,,,,,,,,,,,
SWHC049-09 SEER Rated AC HP_SFm_New/runs/CZ10/SFm&1&rDXHP&New&dxHP_equip/RE-dxHP_eq-pkgSEER-12.5-SEER2-6.4-HSPF2/instance-out.sql,CZ10,SFm,1,rDXHP,New,dxHP_equip,,RE-dxHP_eq-pkgSEER-12.5-SEER2-6.4-HSPF2,SFm&1&rDXHP&New&dxHP_equip,RE-dxHP_eq-pkgSEER-12.5-SEER2-6.4-HSPF2,,,,,,,,,,,,,,,,,,,,,,,,,,,,,,,,,,,,,,,
SWHC049-09 SEER Rated AC HP_SFm_New/runs/CZ10/SFm&1&rDXHP&New&dxHP_equip/RE-dxHP_eq-pkgSEER-14.3-SEER2-7.5-HSPF2/instance-out.sql,CZ10,SFm,1,rDXHP,New,dxHP_equip,,RE-dxHP_eq-pkgSEER-14.3-SEER2-7.5-HSPF2,SFm&1&rDXHP&New&dxHP_equip,RE-dxHP_eq-pkgSEER-14.3-SEER2-7.5-HSPF2,,,,,,,,,,,,,,,,,,,,,,,,,,,,,,,,,,,,,,,
SWHC049-09 SEER Rated AC HP_SFm_New/runs/CZ10/SFm&1&rDXHP&New&dxHP_equip/RE-dxHP_eq-pkgSEER-15.2-SEER2-7.7-HSPF2/instance-out.sql,CZ10,SFm,1,rDXHP,New,dxHP_equip,,RE-dxHP_eq-pkgSEER-15.2-SEER2-7.7-HSPF2,SFm&1&rDXHP&New&dxHP_equip,RE-dxHP_eq-pkgSEER-15.2-SEER2-7.7-HSPF2,,,,,,,,,,,,,,,,,,,,,,,,,,,,,,,,,,,,,,,
SWHC049-09 SEER Rated AC HP_SFm_New/runs/CZ10/SFm&1&rDXHP&New&dxHP_equip/RE-dxHP_eq-pkgSEER-16.0-SEER2-8.0-HSPF2/instance-out.sql,CZ10,SFm,1,rDXHP,New,dxHP_equip,,RE-dxHP_eq-pkgSEER-16.0-SEER2-8.0-HSPF2,SFm&1&rDXHP&New&dxHP_equip,RE-dxHP_eq-pkgSEER-16.0-SEER2-8.0-HSPF2,,,,,,,,,,,,,,,,,,,,,,,,,,,,,,,,,,,,,,,
SWHC049-09 SEER Rated AC HP_SFm_New/runs/CZ10/SFm&1&rDXHP&New&dxHP_equip/RE-dxHP_eq-pkgSEER-17.8-SEER2-8.1-HSPF2/instance-out.sql,CZ10,SFm,1,rDXHP,New,dxHP_equip,,RE-dxHP_eq-pkgSEER-17.8-SEER2-8.1-HSPF2,SFm&1&rDXHP&New&dxHP_equip,RE-dxHP_eq-pkgSEER-17.8-SEER2-8.1-HSPF2,,,,,,,,,,,,,,,,,,,,,,,,,,,,,,,,,,,,,,,
SWHC049-09 SEER Rated AC HP_SFm_New/runs/CZ10/SFm&1&rDXHP&New&dxHP_equip/RE-dxHP_eq-pkgSEER-18.7-SEER2-8.5-HSPF2/instance-out.sql,CZ10,SFm,1,rDXHP,New,dxHP_equip,,RE-dxHP_eq-pkgSEER-18.7-SEER2-8.5-HSPF2,SFm&1&rDXHP&New&dxHP_equip,RE-dxHP_eq-pkgSEER-18.7-SEER2-8.5-HSPF2,,,,,,,,,,,,,,,,,,,,,,,,,,,,,,,,,,,,,,,
SWHC049-09 SEER Rated AC HP_SFm_New/runs/CZ10/SFm&1&rDXHP&New&dxHP_equip/RE-dxHP_eq-pkgSEER-19.6-SEER2-8.9-HSPF2/instance-out.sql,CZ10,SFm,1,rDXHP,New,dxHP_equip,,RE-dxHP_eq-pkgSEER-19.6-SEER2-8.9-HSPF2,SFm&1&rDXHP&New&dxHP_equip,RE-dxHP_eq-pkgSEER-19.6-SEER2-8.9-HSPF2,,,,,,,,,,,,,,,,,,,,,,,,,,,,,,,,,,,,,,,
SWHC049-09 SEER Rated AC HP_SFm_New/runs/CZ09/SFm&2&rDXHP&New&dxHP_equip/RE-dxAC_eq-pkgSEER-12.5-SEER2/instance-out.sql,CZ09,SFm,2,rDXHP,New,dxHP_equip,,RE-dxAC_eq-pkgSEER-12.5-SEER2,SFm&2&rDXHP&New&dxHP_equip,RE-dxAC_eq-pkgSEER-12.5-SEER2,,,,,,,,,,,,,,,,,,,,,,,,,,,,,,,,,,,,,,,
SWHC049-09 SEER Rated AC HP_SFm_New/runs/CZ09/SFm&2&rDXHP&New&dxHP_equip/RE-dxAC_eq-pkgSEER-13.8-SEER2/instance-out.sql,CZ09,SFm,2,rDXHP,New,dxHP_equip,,RE-dxAC_eq-pkgSEER-13.8-SEER2,SFm&2&rDXHP&New&dxHP_equip,RE-dxAC_eq-pkgSEER-13.8-SEER2,,,,,,,,,,,,,,,,,,,,,,,,,,,,,,,,,,,,,,,
SWHC049-09 SEER Rated AC HP_SFm_New/runs/CZ09/SFm&2&rDXHP&New&dxHP_equip/RE-dxAC_eq-pkgSEER-14.3-SEER2/instance-out.sql,CZ09,SFm,2,rDXHP,New,dxHP_equip,,RE-dxAC_eq-pkgSEER-14.3-SEER2,SFm&2&rDXHP&New&dxHP_equip,RE-dxAC_eq-pkgSEER-14.3-SEER2,,,,,,,,,,,,,,,,,,,,,,,,,,,,,,,,,,,,,,,
SWHC049-09 SEER Rated AC HP_SFm_New/runs/CZ09/SFm&2&rDXHP&New&dxHP_equip/RE-dxAC_eq-pkgSEER-15.2-SEER2/instance-out.sql,CZ09,SFm,2,rDXHP,New,dxHP_equip,,RE-dxAC_eq-pkgSEER-15.2-SEER2,SFm&2&rDXHP&New&dxHP_equip,RE-dxAC_eq-pkgSEER-15.2-SEER2,,,,,,,,,,,,,,,,,,,,,,,,,,,,,,,,,,,,,,,
SWHC049-09 SEER Rated AC HP_SFm_New/runs/CZ09/SFm&2&rDXHP&New&dxHP_equip/RE-dxAC_eq-pkgSEER-16.9-SEER2/instance-out.sql,CZ09,SFm,2,rDXHP,New,dxHP_equip,,RE-dxAC_eq-pkgSEER-16.9-SEER2,SFm&2&rDXHP&New&dxHP_equip,RE-dxAC_eq-pkgSEER-16.9-SEER2,,,,,,,,,,,,,,,,,,,,,,,,,,,,,,,,,,,,,,,
SWHC049-09 SEER Rated AC HP_SFm_New/runs/CZ09/SFm&2&rDXHP&New&dxHP_equip/RE-dxAC_eq-pkgSEER-17.8-SEER2/instance-out.sql,CZ09,SFm,2,rDXHP,New,dxHP_equip,,RE-dxAC_eq-pkgSEER-17.8-SEER2,SFm&2&rDXHP&New&dxHP_equip,RE-dxAC_eq-pkgSEER-17.8-SEER2,,,,,,,,,,,,,,,,,,,,,,,,,,,,,,,,,,,,,,,
SWHC049-09 SEER Rated AC HP_SFm_New/runs/CZ09/SFm&2&rDXHP&New&dxHP_equip/RE-dxAC_eq-pkgSEER-18.7-SEER2/instance-out.sql,CZ09,SFm,2,rDXHP,New,dxHP_equip,,RE-dxAC_eq-pkgSEER-18.7-SEER2,SFm&2&rDXHP&New&dxHP_equip,RE-dxAC_eq-pkgSEER-18.7-SEER2,,,,,,,,,,,,,,,,,,,,,,,,,,,,,,,,,,,,,,,
SWHC049-09 SEER Rated AC HP_SFm_New/runs/CZ09/SFm&2&rDXHP&New&dxHP_equip/RE-dxAC_eq-pkgSEER-19.6-SEER2/instance-out.sql,CZ09,SFm,2,rDXHP,New,dxHP_equip,,RE-dxAC_eq-pkgSEER-19.6-SEER2,SFm&2&rDXHP&New&dxHP_equip,RE-dxAC_eq-pkgSEER-19.6-SEER2,,,,,,,,,,,,,,,,,,,,,,,,,,,,,,,,,,,,,,,
SWHC049-09 SEER Rated AC HP_SFm_New/runs/CZ09/SFm&2&rDXHP&New&dxHP_equip/RE-dxHP_eq-pkgSEER-12.5-SEER2-6.4-HSPF2/instance-out.sql,CZ09,SFm,2,rDXHP,New,dxHP_equip,,RE-dxHP_eq-pkgSEER-12.5-SEER2-6.4-HSPF2,SFm&2&rDXHP&New&dxHP_equip,RE-dxHP_eq-pkgSEER-12.5-SEER2-6.4-HSPF2,,,,,,,,,,,,,,,,,,,,,,,,,,,,,,,,,,,,,,,
SWHC049-09 SEER Rated AC HP_SFm_New/runs/CZ09/SFm&2&rDXHP&New&dxHP_equip/RE-dxHP_eq-pkgSEER-14.3-SEER2-7.5-HSPF2/instance-out.sql,CZ09,SFm,2,rDXHP,New,dxHP_equip,,RE-dxHP_eq-pkgSEER-14.3-SEER2-7.5-HSPF2,SFm&2&rDXHP&New&dxHP_equip,RE-dxHP_eq-pkgSEER-14.3-SEER2-7.5-HSPF2,,,,,,,,,,,,,,,,,,,,,,,,,,,,,,,,,,,,,,,
SWHC049-09 SEER Rated AC HP_SFm_New/runs/CZ09/SFm&2&rDXHP&New&dxHP_equip/RE-dxHP_eq-pkgSEER-15.2-SEER2-7.7-HSPF2/instance-out.sql,CZ09,SFm,2,rDXHP,New,dxHP_equip,,RE-dxHP_eq-pkgSEER-15.2-SEER2-7.7-HSPF2,SFm&2&rDXHP&New&dxHP_equip,RE-dxHP_eq-pkgSEER-15.2-SEER2-7.7-HSPF2,,,,,,,,,,,,,,,,,,,,,,,,,,,,,,,,,,,,,,,
SWHC049-09 SEER Rated AC HP_SFm_New/runs/CZ09/SFm&2&rDXHP&New&dxHP_equip/RE-dxHP_eq-pkgSEER-16.0-SEER2-8.0-HSPF2/instance-out.sql,CZ09,SFm,2,rDXHP,New,dxHP_equip,,RE-dxHP_eq-pkgSEER-16.0-SEER2-8.0-HSPF2,SFm&2&rDXHP&New&dxHP_equip,RE-dxHP_eq-pkgSEER-16.0-SEER2-8.0-HSPF2,,,,,,,,,,,,,,,,,,,,,,,,,,,,,,,,,,,,,,,
SWHC049-09 SEER Rated AC HP_SFm_New/runs/CZ09/SFm&2&rDXHP&New&dxHP_equip/RE-dxHP_eq-pkgSEER-17.8-SEER2-8.1-HSPF2/instance-out.sql,CZ09,SFm,2,rDXHP,New,dxHP_equip,,RE-dxHP_eq-pkgSEER-17.8-SEER2-8.1-HSPF2,SFm&2&rDXHP&New&dxHP_equip,RE-dxHP_eq-pkgSEER-17.8-SEER2-8.1-HSPF2,,,,,,,,,,,,,,,,,,,,,,,,,,,,,,,,,,,,,,,
SWHC049-09 SEER Rated AC HP_SFm_New/runs/CZ09/SFm&2&rDXHP&New&dxHP_equip/RE-dxHP_eq-pkgSEER-18.7-SEER2-8.5-HSPF2/instance-out.sql,CZ09,SFm,2,rDXHP,New,dxHP_equip,,RE-dxHP_eq-pkgSEER-18.7-SEER2-8.5-HSPF2,SFm&2&rDXHP&New&dxHP_equip,RE-dxHP_eq-pkgSEER-18.7-SEER2-8.5-HSPF2,,,,,,,,,,,,,,,,,,,,,,,,,,,,,,,,,,,,,,,
SWHC049-09 SEER Rated AC HP_SFm_New/runs/CZ09/SFm&2&rDXHP&New&dxHP_equip/RE-dxHP_eq-pkgSEER-19.6-SEER2-8.9-HSPF2/instance-out.sql,CZ09,SFm,2,rDXHP,New,dxHP_equip,,RE-dxHP_eq-pkgSEER-19.6-SEER2-8.9-HSPF2,SFm&2&rDXHP&New&dxHP_equip,RE-dxHP_eq-pkgSEER-19.6-SEER2-8.9-HSPF2,,,,,,,,,,,,,,,,,,,,,,,,,,,,,,,,,,,,,,,
SWHC049-09 SEER Rated AC HP_SFm_New/runs/CZ09/SFm&1&rDXHP&New&dxHP_equip/RE-dxAC_eq-pkgSEER-12.5-SEER2/instance-out.sql,CZ09,SFm,1,rDXHP,New,dxHP_equip,,RE-dxAC_eq-pkgSEER-12.5-SEER2,SFm&1&rDXHP&New&dxHP_equip,RE-dxAC_eq-pkgSEER-12.5-SEER2,,,,,,,,,,,,,,,,,,,,,,,,,,,,,,,,,,,,,,,
SWHC049-09 SEER Rated AC HP_SFm_New/runs/CZ09/SFm&1&rDXHP&New&dxHP_equip/RE-dxAC_eq-pkgSEER-13.8-SEER2/instance-out.sql,CZ09,SFm,1,rDXHP,New,dxHP_equip,,RE-dxAC_eq-pkgSEER-13.8-SEER2,SFm&1&rDXHP&New&dxHP_equip,RE-dxAC_eq-pkgSEER-13.8-SEER2,,,,,,,,,,,,,,,,,,,,,,,,,,,,,,,,,,,,,,,
SWHC049-09 SEER Rated AC HP_SFm_New/runs/CZ09/SFm&1&rDXHP&New&dxHP_equip/RE-dxAC_eq-pkgSEER-14.3-SEER2/instance-out.sql,CZ09,SFm,1,rDXHP,New,dxHP_equip,,RE-dxAC_eq-pkgSEER-14.3-SEER2,SFm&1&rDXHP&New&dxHP_equip,RE-dxAC_eq-pkgSEER-14.3-SEER2,,,,,,,,,,,,,,,,,,,,,,,,,,,,,,,,,,,,,,,
SWHC049-09 SEER Rated AC HP_SFm_New/runs/CZ09/SFm&1&rDXHP&New&dxHP_equip/RE-dxAC_eq-pkgSEER-15.2-SEER2/instance-out.sql,CZ09,SFm,1,rDXHP,New,dxHP_equip,,RE-dxAC_eq-pkgSEER-15.2-SEER2,SFm&1&rDXHP&New&dxHP_equip,RE-dxAC_eq-pkgSEER-15.2-SEER2,,,,,,,,,,,,,,,,,,,,,,,,,,,,,,,,,,,,,,,
SWHC049-09 SEER Rated AC HP_SFm_New/runs/CZ09/SFm&1&rDXHP&New&dxHP_equip/RE-dxAC_eq-pkgSEER-16.9-SEER2/instance-out.sql,CZ09,SFm,1,rDXHP,New,dxHP_equip,,RE-dxAC_eq-pkgSEER-16.9-SEER2,SFm&1&rDXHP&New&dxHP_equip,RE-dxAC_eq-pkgSEER-16.9-SEER2,,,,,,,,,,,,,,,,,,,,,,,,,,,,,,,,,,,,,,,
SWHC049-09 SEER Rated AC HP_SFm_New/runs/CZ09/SFm&1&rDXHP&New&dxHP_equip/RE-dxAC_eq-pkgSEER-17.8-SEER2/instance-out.sql,CZ09,SFm,1,rDXHP,New,dxHP_equip,,RE-dxAC_eq-pkgSEER-17.8-SEER2,SFm&1&rDXHP&New&dxHP_equip,RE-dxAC_eq-pkgSEER-17.8-SEER2,,,,,,,,,,,,,,,,,,,,,,,,,,,,,,,,,,,,,,,
SWHC049-09 SEER Rated AC HP_SFm_New/runs/CZ09/SFm&1&rDXHP&New&dxHP_equip/RE-dxAC_eq-pkgSEER-18.7-SEER2/instance-out.sql,CZ09,SFm,1,rDXHP,New,dxHP_equip,,RE-dxAC_eq-pkgSEER-18.7-SEER2,SFm&1&rDXHP&New&dxHP_equip,RE-dxAC_eq-pkgSEER-18.7-SEER2,,,,,,,,,,,,,,,,,,,,,,,,,,,,,,,,,,,,,,,
SWHC049-09 SEER Rated AC HP_SFm_New/runs/CZ09/SFm&1&rDXHP&New&dxHP_equip/RE-dxAC_eq-pkgSEER-19.6-SEER2/instance-out.sql,CZ09,SFm,1,rDXHP,New,dxHP_equip,,RE-dxAC_eq-pkgSEER-19.6-SEER2,SFm&1&rDXHP&New&dxHP_equip,RE-dxAC_eq-pkgSEER-19.6-SEER2,,,,,,,,,,,,,,,,,,,,,,,,,,,,,,,,,,,,,,,
SWHC049-09 SEER Rated AC HP_SFm_New/runs/CZ09/SFm&1&rDXHP&New&dxHP_equip/RE-dxHP_eq-pkgSEER-12.5-SEER2-6.4-HSPF2/instance-out.sql,CZ09,SFm,1,rDXHP,New,dxHP_equip,,RE-dxHP_eq-pkgSEER-12.5-SEER2-6.4-HSPF2,SFm&1&rDXHP&New&dxHP_equip,RE-dxHP_eq-pkgSEER-12.5-SEER2-6.4-HSPF2,,,,,,,,,,,,,,,,,,,,,,,,,,,,,,,,,,,,,,,
SWHC049-09 SEER Rated AC HP_SFm_New/runs/CZ09/SFm&1&rDXHP&New&dxHP_equip/RE-dxHP_eq-pkgSEER-14.3-SEER2-7.5-HSPF2/instance-out.sql,CZ09,SFm,1,rDXHP,New,dxHP_equip,,RE-dxHP_eq-pkgSEER-14.3-SEER2-7.5-HSPF2,SFm&1&rDXHP&New&dxHP_equip,RE-dxHP_eq-pkgSEER-14.3-SEER2-7.5-HSPF2,,,,,,,,,,,,,,,,,,,,,,,,,,,,,,,,,,,,,,,
SWHC049-09 SEER Rated AC HP_SFm_New/runs/CZ09/SFm&1&rDXHP&New&dxHP_equip/RE-dxHP_eq-pkgSEER-15.2-SEER2-7.7-HSPF2/instance-out.sql,CZ09,SFm,1,rDXHP,New,dxHP_equip,,RE-dxHP_eq-pkgSEER-15.2-SEER2-7.7-HSPF2,SFm&1&rDXHP&New&dxHP_equip,RE-dxHP_eq-pkgSEER-15.2-SEER2-7.7-HSPF2,,,,,,,,,,,,,,,,,,,,,,,,,,,,,,,,,,,,,,,
SWHC049-09 SEER Rated AC HP_SFm_New/runs/CZ09/SFm&1&rDXHP&New&dxHP_equip/RE-dxHP_eq-pkgSEER-16.0-SEER2-8.0-HSPF2/instance-out.sql,CZ09,SFm,1,rDXHP,New,dxHP_equip,,RE-dxHP_eq-pkgSEER-16.0-SEER2-8.0-HSPF2,SFm&1&rDXHP&New&dxHP_equip,RE-dxHP_eq-pkgSEER-16.0-SEER2-8.0-HSPF2,,,,,,,,,,,,,,,,,,,,,,,,,,,,,,,,,,,,,,,
SWHC049-09 SEER Rated AC HP_SFm_New/runs/CZ09/SFm&1&rDXHP&New&dxHP_equip/RE-dxHP_eq-pkgSEER-17.8-SEER2-8.1-HSPF2/instance-out.sql,CZ09,SFm,1,rDXHP,New,dxHP_equip,,RE-dxHP_eq-pkgSEER-17.8-SEER2-8.1-HSPF2,SFm&1&rDXHP&New&dxHP_equip,RE-dxHP_eq-pkgSEER-17.8-SEER2-8.1-HSPF2,,,,,,,,,,,,,,,,,,,,,,,,,,,,,,,,,,,,,,,
SWHC049-09 SEER Rated AC HP_SFm_New/runs/CZ09/SFm&1&rDXHP&New&dxHP_equip/RE-dxHP_eq-pkgSEER-18.7-SEER2-8.5-HSPF2/instance-out.sql,CZ09,SFm,1,rDXHP,New,dxHP_equip,,RE-dxHP_eq-pkgSEER-18.7-SEER2-8.5-HSPF2,SFm&1&rDXHP&New&dxHP_equip,RE-dxHP_eq-pkgSEER-18.7-SEER2-8.5-HSPF2,,,,,,,,,,,,,,,,,,,,,,,,,,,,,,,,,,,,,,,
SWHC049-09 SEER Rated AC HP_SFm_New/runs/CZ09/SFm&1&rDXHP&New&dxHP_equip/RE-dxHP_eq-pkgSEER-19.6-SEER2-8.9-HSPF2/instance-out.sql,CZ09,SFm,1,rDXHP,New,dxHP_equip,,RE-dxHP_eq-pkgSEER-19.6-SEER2-8.9-HSPF2,SFm&1&rDXHP&New&dxHP_equip,RE-dxHP_eq-pkgSEER-19.6-SEER2-8.9-HSPF2,,,,,,,,,,,,,,,,,,,,,,,,,,,,,,,,,,,,,,,
SWHC049-09 SEER Rated AC HP_SFm_New/runs/CZ08/SFm&2&rDXHP&New&dxHP_equip/RE-dxAC_eq-pkgSEER-12.5-SEER2/instance-out.sql,CZ08,SFm,2,rDXHP,New,dxHP_equip,,RE-dxAC_eq-pkgSEER-12.5-SEER2,SFm&2&rDXHP&New&dxHP_equip,RE-dxAC_eq-pkgSEER-12.5-SEER2,,,,,,,,,,,,,,,,,,,,,,,,,,,,,,,,,,,,,,,
SWHC049-09 SEER Rated AC HP_SFm_New/runs/CZ08/SFm&2&rDXHP&New&dxHP_equip/RE-dxAC_eq-pkgSEER-13.8-SEER2/instance-out.sql,CZ08,SFm,2,rDXHP,New,dxHP_equip,,RE-dxAC_eq-pkgSEER-13.8-SEER2,SFm&2&rDXHP&New&dxHP_equip,RE-dxAC_eq-pkgSEER-13.8-SEER2,,,,,,,,,,,,,,,,,,,,,,,,,,,,,,,,,,,,,,,
SWHC049-09 SEER Rated AC HP_SFm_New/runs/CZ08/SFm&2&rDXHP&New&dxHP_equip/RE-dxAC_eq-pkgSEER-14.3-SEER2/instance-out.sql,CZ08,SFm,2,rDXHP,New,dxHP_equip,,RE-dxAC_eq-pkgSEER-14.3-SEER2,SFm&2&rDXHP&New&dxHP_equip,RE-dxAC_eq-pkgSEER-14.3-SEER2,,,,,,,,,,,,,,,,,,,,,,,,,,,,,,,,,,,,,,,
SWHC049-09 SEER Rated AC HP_SFm_New/runs/CZ08/SFm&2&rDXHP&New&dxHP_equip/RE-dxAC_eq-pkgSEER-15.2-SEER2/instance-out.sql,CZ08,SFm,2,rDXHP,New,dxHP_equip,,RE-dxAC_eq-pkgSEER-15.2-SEER2,SFm&2&rDXHP&New&dxHP_equip,RE-dxAC_eq-pkgSEER-15.2-SEER2,,,,,,,,,,,,,,,,,,,,,,,,,,,,,,,,,,,,,,,
SWHC049-09 SEER Rated AC HP_SFm_New/runs/CZ08/SFm&2&rDXHP&New&dxHP_equip/RE-dxAC_eq-pkgSEER-16.9-SEER2/instance-out.sql,CZ08,SFm,2,rDXHP,New,dxHP_equip,,RE-dxAC_eq-pkgSEER-16.9-SEER2,SFm&2&rDXHP&New&dxHP_equip,RE-dxAC_eq-pkgSEER-16.9-SEER2,,,,,,,,,,,,,,,,,,,,,,,,,,,,,,,,,,,,,,,
SWHC049-09 SEER Rated AC HP_SFm_New/runs/CZ08/SFm&2&rDXHP&New&dxHP_equip/RE-dxAC_eq-pkgSEER-17.8-SEER2/instance-out.sql,CZ08,SFm,2,rDXHP,New,dxHP_equip,,RE-dxAC_eq-pkgSEER-17.8-SEER2,SFm&2&rDXHP&New&dxHP_equip,RE-dxAC_eq-pkgSEER-17.8-SEER2,,,,,,,,,,,,,,,,,,,,,,,,,,,,,,,,,,,,,,,
SWHC049-09 SEER Rated AC HP_SFm_New/runs/CZ08/SFm&2&rDXHP&New&dxHP_equip/RE-dxAC_eq-pkgSEER-18.7-SEER2/instance-out.sql,CZ08,SFm,2,rDXHP,New,dxHP_equip,,RE-dxAC_eq-pkgSEER-18.7-SEER2,SFm&2&rDXHP&New&dxHP_equip,RE-dxAC_eq-pkgSEER-18.7-SEER2,,,,,,,,,,,,,,,,,,,,,,,,,,,,,,,,,,,,,,,
SWHC049-09 SEER Rated AC HP_SFm_New/runs/CZ08/SFm&2&rDXHP&New&dxHP_equip/RE-dxAC_eq-pkgSEER-19.6-SEER2/instance-out.sql,CZ08,SFm,2,rDXHP,New,dxHP_equip,,RE-dxAC_eq-pkgSEER-19.6-SEER2,SFm&2&rDXHP&New&dxHP_equip,RE-dxAC_eq-pkgSEER-19.6-SEER2,,,,,,,,,,,,,,,,,,,,,,,,,,,,,,,,,,,,,,,
SWHC049-09 SEER Rated AC HP_SFm_New/runs/CZ08/SFm&2&rDXHP&New&dxHP_equip/RE-dxHP_eq-pkgSEER-12.5-SEER2-6.4-HSPF2/instance-out.sql,CZ08,SFm,2,rDXHP,New,dxHP_equip,,RE-dxHP_eq-pkgSEER-12.5-SEER2-6.4-HSPF2,SFm&2&rDXHP&New&dxHP_equip,RE-dxHP_eq-pkgSEER-12.5-SEER2-6.4-HSPF2,,,,,,,,,,,,,,,,,,,,,,,,,,,,,,,,,,,,,,,
SWHC049-09 SEER Rated AC HP_SFm_New/runs/CZ08/SFm&2&rDXHP&New&dxHP_equip/RE-dxHP_eq-pkgSEER-14.3-SEER2-7.5-HSPF2/instance-out.sql,CZ08,SFm,2,rDXHP,New,dxHP_equip,,RE-dxHP_eq-pkgSEER-14.3-SEER2-7.5-HSPF2,SFm&2&rDXHP&New&dxHP_equip,RE-dxHP_eq-pkgSEER-14.3-SEER2-7.5-HSPF2,,,,,,,,,,,,,,,,,,,,,,,,,,,,,,,,,,,,,,,
SWHC049-09 SEER Rated AC HP_SFm_New/runs/CZ08/SFm&2&rDXHP&New&dxHP_equip/RE-dxHP_eq-pkgSEER-15.2-SEER2-7.7-HSPF2/instance-out.sql,CZ08,SFm,2,rDXHP,New,dxHP_equip,,RE-dxHP_eq-pkgSEER-15.2-SEER2-7.7-HSPF2,SFm&2&rDXHP&New&dxHP_equip,RE-dxHP_eq-pkgSEER-15.2-SEER2-7.7-HSPF2,,,,,,,,,,,,,,,,,,,,,,,,,,,,,,,,,,,,,,,
SWHC049-09 SEER Rated AC HP_SFm_New/runs/CZ08/SFm&2&rDXHP&New&dxHP_equip/RE-dxHP_eq-pkgSEER-16.0-SEER2-8.0-HSPF2/instance-out.sql,CZ08,SFm,2,rDXHP,New,dxHP_equip,,RE-dxHP_eq-pkgSEER-16.0-SEER2-8.0-HSPF2,SFm&2&rDXHP&New&dxHP_equip,RE-dxHP_eq-pkgSEER-16.0-SEER2-8.0-HSPF2,,,,,,,,,,,,,,,,,,,,,,,,,,,,,,,,,,,,,,,
SWHC049-09 SEER Rated AC HP_SFm_New/runs/CZ08/SFm&2&rDXHP&New&dxHP_equip/RE-dxHP_eq-pkgSEER-17.8-SEER2-8.1-HSPF2/instance-out.sql,CZ08,SFm,2,rDXHP,New,dxHP_equip,,RE-dxHP_eq-pkgSEER-17.8-SEER2-8.1-HSPF2,SFm&2&rDXHP&New&dxHP_equip,RE-dxHP_eq-pkgSEER-17.8-SEER2-8.1-HSPF2,,,,,,,,,,,,,,,,,,,,,,,,,,,,,,,,,,,,,,,
SWHC049-09 SEER Rated AC HP_SFm_New/runs/CZ08/SFm&2&rDXHP&New&dxHP_equip/RE-dxHP_eq-pkgSEER-18.7-SEER2-8.5-HSPF2/instance-out.sql,CZ08,SFm,2,rDXHP,New,dxHP_equip,,RE-dxHP_eq-pkgSEER-18.7-SEER2-8.5-HSPF2,SFm&2&rDXHP&New&dxHP_equip,RE-dxHP_eq-pkgSEER-18.7-SEER2-8.5-HSPF2,,,,,,,,,,,,,,,,,,,,,,,,,,,,,,,,,,,,,,,
SWHC049-09 SEER Rated AC HP_SFm_New/runs/CZ08/SFm&2&rDXHP&New&dxHP_equip/RE-dxHP_eq-pkgSEER-19.6-SEER2-8.9-HSPF2/instance-out.sql,CZ08,SFm,2,rDXHP,New,dxHP_equip,,RE-dxHP_eq-pkgSEER-19.6-SEER2-8.9-HSPF2,SFm&2&rDXHP&New&dxHP_equip,RE-dxHP_eq-pkgSEER-19.6-SEER2-8.9-HSPF2,,,,,,,,,,,,,,,,,,,,,,,,,,,,,,,,,,,,,,,
SWHC049-09 SEER Rated AC HP_SFm_New/runs/CZ08/SFm&1&rDXHP&New&dxHP_equip/RE-dxAC_eq-pkgSEER-12.5-SEER2/instance-out.sql,CZ08,SFm,1,rDXHP,New,dxHP_equip,,RE-dxAC_eq-pkgSEER-12.5-SEER2,SFm&1&rDXHP&New&dxHP_equip,RE-dxAC_eq-pkgSEER-12.5-SEER2,,,,,,,,,,,,,,,,,,,,,,,,,,,,,,,,,,,,,,,
SWHC049-09 SEER Rated AC HP_SFm_New/runs/CZ08/SFm&1&rDXHP&New&dxHP_equip/RE-dxAC_eq-pkgSEER-13.8-SEER2/instance-out.sql,CZ08,SFm,1,rDXHP,New,dxHP_equip,,RE-dxAC_eq-pkgSEER-13.8-SEER2,SFm&1&rDXHP&New&dxHP_equip,RE-dxAC_eq-pkgSEER-13.8-SEER2,,,,,,,,,,,,,,,,,,,,,,,,,,,,,,,,,,,,,,,
SWHC049-09 SEER Rated AC HP_SFm_New/runs/CZ08/SFm&1&rDXHP&New&dxHP_equip/RE-dxAC_eq-pkgSEER-14.3-SEER2/instance-out.sql,CZ08,SFm,1,rDXHP,New,dxHP_equip,,RE-dxAC_eq-pkgSEER-14.3-SEER2,SFm&1&rDXHP&New&dxHP_equip,RE-dxAC_eq-pkgSEER-14.3-SEER2,,,,,,,,,,,,,,,,,,,,,,,,,,,,,,,,,,,,,,,
SWHC049-09 SEER Rated AC HP_SFm_New/runs/CZ08/SFm&1&rDXHP&New&dxHP_equip/RE-dxAC_eq-pkgSEER-15.2-SEER2/instance-out.sql,CZ08,SFm,1,rDXHP,New,dxHP_equip,,RE-dxAC_eq-pkgSEER-15.2-SEER2,SFm&1&rDXHP&New&dxHP_equip,RE-dxAC_eq-pkgSEER-15.2-SEER2,,,,,,,,,,,,,,,,,,,,,,,,,,,,,,,,,,,,,,,
SWHC049-09 SEER Rated AC HP_SFm_New/runs/CZ08/SFm&1&rDXHP&New&dxHP_equip/RE-dxAC_eq-pkgSEER-16.9-SEER2/instance-out.sql,CZ08,SFm,1,rDXHP,New,dxHP_equip,,RE-dxAC_eq-pkgSEER-16.9-SEER2,SFm&1&rDXHP&New&dxHP_equip,RE-dxAC_eq-pkgSEER-16.9-SEER2,,,,,,,,,,,,,,,,,,,,,,,,,,,,,,,,,,,,,,,
SWHC049-09 SEER Rated AC HP_SFm_New/runs/CZ08/SFm&1&rDXHP&New&dxHP_equip/RE-dxAC_eq-pkgSEER-17.8-SEER2/instance-out.sql,CZ08,SFm,1,rDXHP,New,dxHP_equip,,RE-dxAC_eq-pkgSEER-17.8-SEER2,SFm&1&rDXHP&New&dxHP_equip,RE-dxAC_eq-pkgSEER-17.8-SEER2,,,,,,,,,,,,,,,,,,,,,,,,,,,,,,,,,,,,,,,
SWHC049-09 SEER Rated AC HP_SFm_New/runs/CZ08/SFm&1&rDXHP&New&dxHP_equip/RE-dxAC_eq-pkgSEER-18.7-SEER2/instance-out.sql,CZ08,SFm,1,rDXHP,New,dxHP_equip,,RE-dxAC_eq-pkgSEER-18.7-SEER2,SFm&1&rDXHP&New&dxHP_equip,RE-dxAC_eq-pkgSEER-18.7-SEER2,,,,,,,,,,,,,,,,,,,,,,,,,,,,,,,,,,,,,,,
SWHC049-09 SEER Rated AC HP_SFm_New/runs/CZ08/SFm&1&rDXHP&New&dxHP_equip/RE-dxAC_eq-pkgSEER-19.6-SEER2/instance-out.sql,CZ08,SFm,1,rDXHP,New,dxHP_equip,,RE-dxAC_eq-pkgSEER-19.6-SEER2,SFm&1&rDXHP&New&dxHP_equip,RE-dxAC_eq-pkgSEER-19.6-SEER2,,,,,,,,,,,,,,,,,,,,,,,,,,,,,,,,,,,,,,,
SWHC049-09 SEER Rated AC HP_SFm_New/runs/CZ08/SFm&1&rDXHP&New&dxHP_equip/RE-dxHP_eq-pkgSEER-12.5-SEER2-6.4-HSPF2/instance-out.sql,CZ08,SFm,1,rDXHP,New,dxHP_equip,,RE-dxHP_eq-pkgSEER-12.5-SEER2-6.4-HSPF2,SFm&1&rDXHP&New&dxHP_equip,RE-dxHP_eq-pkgSEER-12.5-SEER2-6.4-HSPF2,,,,,,,,,,,,,,,,,,,,,,,,,,,,,,,,,,,,,,,
SWHC049-09 SEER Rated AC HP_SFm_New/runs/CZ08/SFm&1&rDXHP&New&dxHP_equip/RE-dxHP_eq-pkgSEER-14.3-SEER2-7.5-HSPF2/instance-out.sql,CZ08,SFm,1,rDXHP,New,dxHP_equip,,RE-dxHP_eq-pkgSEER-14.3-SEER2-7.5-HSPF2,SFm&1&rDXHP&New&dxHP_equip,RE-dxHP_eq-pkgSEER-14.3-SEER2-7.5-HSPF2,,,,,,,,,,,,,,,,,,,,,,,,,,,,,,,,,,,,,,,
SWHC049-09 SEER Rated AC HP_SFm_New/runs/CZ08/SFm&1&rDXHP&New&dxHP_equip/RE-dxHP_eq-pkgSEER-15.2-SEER2-7.7-HSPF2/instance-out.sql,CZ08,SFm,1,rDXHP,New,dxHP_equip,,RE-dxHP_eq-pkgSEER-15.2-SEER2-7.7-HSPF2,SFm&1&rDXHP&New&dxHP_equip,RE-dxHP_eq-pkgSEER-15.2-SEER2-7.7-HSPF2,,,,,,,,,,,,,,,,,,,,,,,,,,,,,,,,,,,,,,,
SWHC049-09 SEER Rated AC HP_SFm_New/runs/CZ08/SFm&1&rDXHP&New&dxHP_equip/RE-dxHP_eq-pkgSEER-16.0-SEER2-8.0-HSPF2/instance-out.sql,CZ08,SFm,1,rDXHP,New,dxHP_equip,,RE-dxHP_eq-pkgSEER-16.0-SEER2-8.0-HSPF2,SFm&1&rDXHP&New&dxHP_equip,RE-dxHP_eq-pkgSEER-16.0-SEER2-8.0-HSPF2,,,,,,,,,,,,,,,,,,,,,,,,,,,,,,,,,,,,,,,
SWHC049-09 SEER Rated AC HP_SFm_New/runs/CZ08/SFm&1&rDXHP&New&dxHP_equip/RE-dxHP_eq-pkgSEER-17.8-SEER2-8.1-HSPF2/instance-out.sql,CZ08,SFm,1,rDXHP,New,dxHP_equip,,RE-dxHP_eq-pkgSEER-17.8-SEER2-8.1-HSPF2,SFm&1&rDXHP&New&dxHP_equip,RE-dxHP_eq-pkgSEER-17.8-SEER2-8.1-HSPF2,,,,,,,,,,,,,,,,,,,,,,,,,,,,,,,,,,,,,,,
SWHC049-09 SEER Rated AC HP_SFm_New/runs/CZ08/SFm&1&rDXHP&New&dxHP_equip/RE-dxHP_eq-pkgSEER-18.7-SEER2-8.5-HSPF2/instance-out.sql,CZ08,SFm,1,rDXHP,New,dxHP_equip,,RE-dxHP_eq-pkgSEER-18.7-SEER2-8.5-HSPF2,SFm&1&rDXHP&New&dxHP_equip,RE-dxHP_eq-pkgSEER-18.7-SEER2-8.5-HSPF2,,,,,,,,,,,,,,,,,,,,,,,,,,,,,,,,,,,,,,,
SWHC049-09 SEER Rated AC HP_SFm_New/runs/CZ08/SFm&1&rDXHP&New&dxHP_equip/RE-dxHP_eq-pkgSEER-19.6-SEER2-8.9-HSPF2/instance-out.sql,CZ08,SFm,1,rDXHP,New,dxHP_equip,,RE-dxHP_eq-pkgSEER-19.6-SEER2-8.9-HSPF2,SFm&1&rDXHP&New&dxHP_equip,RE-dxHP_eq-pkgSEER-19.6-SEER2-8.9-HSPF2,,,,,,,,,,,,,,,,,,,,,,,,,,,,,,,,,,,,,,,
SWHC049-09 SEER Rated AC HP_SFm_New/runs/CZ07/SFm&2&rDXHP&New&dxHP_equip/RE-dxAC_eq-pkgSEER-12.5-SEER2/instance-out.sql,CZ07,SFm,2,rDXHP,New,dxHP_equip,,RE-dxAC_eq-pkgSEER-12.5-SEER2,SFm&2&rDXHP&New&dxHP_equip,RE-dxAC_eq-pkgSEER-12.5-SEER2,,,,,,,,,,,,,,,,,,,,,,,,,,,,,,,,,,,,,,,
SWHC049-09 SEER Rated AC HP_SFm_New/runs/CZ07/SFm&2&rDXHP&New&dxHP_equip/RE-dxAC_eq-pkgSEER-13.8-SEER2/instance-out.sql,CZ07,SFm,2,rDXHP,New,dxHP_equip,,RE-dxAC_eq-pkgSEER-13.8-SEER2,SFm&2&rDXHP&New&dxHP_equip,RE-dxAC_eq-pkgSEER-13.8-SEER2,,,,,,,,,,,,,,,,,,,,,,,,,,,,,,,,,,,,,,,
SWHC049-09 SEER Rated AC HP_SFm_New/runs/CZ07/SFm&2&rDXHP&New&dxHP_equip/RE-dxAC_eq-pkgSEER-14.3-SEER2/instance-out.sql,CZ07,SFm,2,rDXHP,New,dxHP_equip,,RE-dxAC_eq-pkgSEER-14.3-SEER2,SFm&2&rDXHP&New&dxHP_equip,RE-dxAC_eq-pkgSEER-14.3-SEER2,,,,,,,,,,,,,,,,,,,,,,,,,,,,,,,,,,,,,,,
SWHC049-09 SEER Rated AC HP_SFm_New/runs/CZ07/SFm&2&rDXHP&New&dxHP_equip/RE-dxAC_eq-pkgSEER-15.2-SEER2/instance-out.sql,CZ07,SFm,2,rDXHP,New,dxHP_equip,,RE-dxAC_eq-pkgSEER-15.2-SEER2,SFm&2&rDXHP&New&dxHP_equip,RE-dxAC_eq-pkgSEER-15.2-SEER2,,,,,,,,,,,,,,,,,,,,,,,,,,,,,,,,,,,,,,,
SWHC049-09 SEER Rated AC HP_SFm_New/runs/CZ07/SFm&2&rDXHP&New&dxHP_equip/RE-dxAC_eq-pkgSEER-16.9-SEER2/instance-out.sql,CZ07,SFm,2,rDXHP,New,dxHP_equip,,RE-dxAC_eq-pkgSEER-16.9-SEER2,SFm&2&rDXHP&New&dxHP_equip,RE-dxAC_eq-pkgSEER-16.9-SEER2,,,,,,,,,,,,,,,,,,,,,,,,,,,,,,,,,,,,,,,
SWHC049-09 SEER Rated AC HP_SFm_New/runs/CZ07/SFm&2&rDXHP&New&dxHP_equip/RE-dxAC_eq-pkgSEER-17.8-SEER2/instance-out.sql,CZ07,SFm,2,rDXHP,New,dxHP_equip,,RE-dxAC_eq-pkgSEER-17.8-SEER2,SFm&2&rDXHP&New&dxHP_equip,RE-dxAC_eq-pkgSEER-17.8-SEER2,,,,,,,,,,,,,,,,,,,,,,,,,,,,,,,,,,,,,,,
SWHC049-09 SEER Rated AC HP_SFm_New/runs/CZ07/SFm&2&rDXHP&New&dxHP_equip/RE-dxAC_eq-pkgSEER-18.7-SEER2/instance-out.sql,CZ07,SFm,2,rDXHP,New,dxHP_equip,,RE-dxAC_eq-pkgSEER-18.7-SEER2,SFm&2&rDXHP&New&dxHP_equip,RE-dxAC_eq-pkgSEER-18.7-SEER2,,,,,,,,,,,,,,,,,,,,,,,,,,,,,,,,,,,,,,,
SWHC049-09 SEER Rated AC HP_SFm_New/runs/CZ07/SFm&2&rDXHP&New&dxHP_equip/RE-dxAC_eq-pkgSEER-19.6-SEER2/instance-out.sql,CZ07,SFm,2,rDXHP,New,dxHP_equip,,RE-dxAC_eq-pkgSEER-19.6-SEER2,SFm&2&rDXHP&New&dxHP_equip,RE-dxAC_eq-pkgSEER-19.6-SEER2,,,,,,,,,,,,,,,,,,,,,,,,,,,,,,,,,,,,,,,
SWHC049-09 SEER Rated AC HP_SFm_New/runs/CZ07/SFm&2&rDXHP&New&dxHP_equip/RE-dxHP_eq-pkgSEER-12.5-SEER2-6.4-HSPF2/instance-out.sql,CZ07,SFm,2,rDXHP,New,dxHP_equip,,RE-dxHP_eq-pkgSEER-12.5-SEER2-6.4-HSPF2,SFm&2&rDXHP&New&dxHP_equip,RE-dxHP_eq-pkgSEER-12.5-SEER2-6.4-HSPF2,,,,,,,,,,,,,,,,,,,,,,,,,,,,,,,,,,,,,,,
SWHC049-09 SEER Rated AC HP_SFm_New/runs/CZ07/SFm&2&rDXHP&New&dxHP_equip/RE-dxHP_eq-pkgSEER-14.3-SEER2-7.5-HSPF2/instance-out.sql,CZ07,SFm,2,rDXHP,New,dxHP_equip,,RE-dxHP_eq-pkgSEER-14.3-SEER2-7.5-HSPF2,SFm&2&rDXHP&New&dxHP_equip,RE-dxHP_eq-pkgSEER-14.3-SEER2-7.5-HSPF2,,,,,,,,,,,,,,,,,,,,,,,,,,,,,,,,,,,,,,,
SWHC049-09 SEER Rated AC HP_SFm_New/runs/CZ07/SFm&2&rDXHP&New&dxHP_equip/RE-dxHP_eq-pkgSEER-15.2-SEER2-7.7-HSPF2/instance-out.sql,CZ07,SFm,2,rDXHP,New,dxHP_equip,,RE-dxHP_eq-pkgSEER-15.2-SEER2-7.7-HSPF2,SFm&2&rDXHP&New&dxHP_equip,RE-dxHP_eq-pkgSEER-15.2-SEER2-7.7-HSPF2,,,,,,,,,,,,,,,,,,,,,,,,,,,,,,,,,,,,,,,
SWHC049-09 SEER Rated AC HP_SFm_New/runs/CZ07/SFm&2&rDXHP&New&dxHP_equip/RE-dxHP_eq-pkgSEER-16.0-SEER2-8.0-HSPF2/instance-out.sql,CZ07,SFm,2,rDXHP,New,dxHP_equip,,RE-dxHP_eq-pkgSEER-16.0-SEER2-8.0-HSPF2,SFm&2&rDXHP&New&dxHP_equip,RE-dxHP_eq-pkgSEER-16.0-SEER2-8.0-HSPF2,,,,,,,,,,,,,,,,,,,,,,,,,,,,,,,,,,,,,,,
SWHC049-09 SEER Rated AC HP_SFm_New/runs/CZ07/SFm&2&rDXHP&New&dxHP_equip/RE-dxHP_eq-pkgSEER-17.8-SEER2-8.1-HSPF2/instance-out.sql,CZ07,SFm,2,rDXHP,New,dxHP_equip,,RE-dxHP_eq-pkgSEER-17.8-SEER2-8.1-HSPF2,SFm&2&rDXHP&New&dxHP_equip,RE-dxHP_eq-pkgSEER-17.8-SEER2-8.1-HSPF2,,,,,,,,,,,,,,,,,,,,,,,,,,,,,,,,,,,,,,,
SWHC049-09 SEER Rated AC HP_SFm_New/runs/CZ07/SFm&2&rDXHP&New&dxHP_equip/RE-dxHP_eq-pkgSEER-18.7-SEER2-8.5-HSPF2/instance-out.sql,CZ07,SFm,2,rDXHP,New,dxHP_equip,,RE-dxHP_eq-pkgSEER-18.7-SEER2-8.5-HSPF2,SFm&2&rDXHP&New&dxHP_equip,RE-dxHP_eq-pkgSEER-18.7-SEER2-8.5-HSPF2,,,,,,,,,,,,,,,,,,,,,,,,,,,,,,,,,,,,,,,
SWHC049-09 SEER Rated AC HP_SFm_New/runs/CZ07/SFm&2&rDXHP&New&dxHP_equip/RE-dxHP_eq-pkgSEER-19.6-SEER2-8.9-HSPF2/instance-out.sql,CZ07,SFm,2,rDXHP,New,dxHP_equip,,RE-dxHP_eq-pkgSEER-19.6-SEER2-8.9-HSPF2,SFm&2&rDXHP&New&dxHP_equip,RE-dxHP_eq-pkgSEER-19.6-SEER2-8.9-HSPF2,,,,,,,,,,,,,,,,,,,,,,,,,,,,,,,,,,,,,,,
SWHC049-09 SEER Rated AC HP_SFm_New/runs/CZ07/SFm&1&rDXHP&New&dxHP_equip/RE-dxAC_eq-pkgSEER-12.5-SEER2/instance-out.sql,CZ07,SFm,1,rDXHP,New,dxHP_equip,,RE-dxAC_eq-pkgSEER-12.5-SEER2,SFm&1&rDXHP&New&dxHP_equip,RE-dxAC_eq-pkgSEER-12.5-SEER2,,,,,,,,,,,,,,,,,,,,,,,,,,,,,,,,,,,,,,,
SWHC049-09 SEER Rated AC HP_SFm_New/runs/CZ07/SFm&1&rDXHP&New&dxHP_equip/RE-dxAC_eq-pkgSEER-13.8-SEER2/instance-out.sql,CZ07,SFm,1,rDXHP,New,dxHP_equip,,RE-dxAC_eq-pkgSEER-13.8-SEER2,SFm&1&rDXHP&New&dxHP_equip,RE-dxAC_eq-pkgSEER-13.8-SEER2,,,,,,,,,,,,,,,,,,,,,,,,,,,,,,,,,,,,,,,
SWHC049-09 SEER Rated AC HP_SFm_New/runs/CZ07/SFm&1&rDXHP&New&dxHP_equip/RE-dxAC_eq-pkgSEER-14.3-SEER2/instance-out.sql,CZ07,SFm,1,rDXHP,New,dxHP_equip,,RE-dxAC_eq-pkgSEER-14.3-SEER2,SFm&1&rDXHP&New&dxHP_equip,RE-dxAC_eq-pkgSEER-14.3-SEER2,,,,,,,,,,,,,,,,,,,,,,,,,,,,,,,,,,,,,,,
SWHC049-09 SEER Rated AC HP_SFm_New/runs/CZ07/SFm&1&rDXHP&New&dxHP_equip/RE-dxAC_eq-pkgSEER-15.2-SEER2/instance-out.sql,CZ07,SFm,1,rDXHP,New,dxHP_equip,,RE-dxAC_eq-pkgSEER-15.2-SEER2,SFm&1&rDXHP&New&dxHP_equip,RE-dxAC_eq-pkgSEER-15.2-SEER2,,,,,,,,,,,,,,,,,,,,,,,,,,,,,,,,,,,,,,,
SWHC049-09 SEER Rated AC HP_SFm_New/runs/CZ07/SFm&1&rDXHP&New&dxHP_equip/RE-dxAC_eq-pkgSEER-16.9-SEER2/instance-out.sql,CZ07,SFm,1,rDXHP,New,dxHP_equip,,RE-dxAC_eq-pkgSEER-16.9-SEER2,SFm&1&rDXHP&New&dxHP_equip,RE-dxAC_eq-pkgSEER-16.9-SEER2,,,,,,,,,,,,,,,,,,,,,,,,,,,,,,,,,,,,,,,
SWHC049-09 SEER Rated AC HP_SFm_New/runs/CZ07/SFm&1&rDXHP&New&dxHP_equip/RE-dxAC_eq-pkgSEER-17.8-SEER2/instance-out.sql,CZ07,SFm,1,rDXHP,New,dxHP_equip,,RE-dxAC_eq-pkgSEER-17.8-SEER2,SFm&1&rDXHP&New&dxHP_equip,RE-dxAC_eq-pkgSEER-17.8-SEER2,,,,,,,,,,,,,,,,,,,,,,,,,,,,,,,,,,,,,,,
SWHC049-09 SEER Rated AC HP_SFm_New/runs/CZ07/SFm&1&rDXHP&New&dxHP_equip/RE-dxAC_eq-pkgSEER-18.7-SEER2/instance-out.sql,CZ07,SFm,1,rDXHP,New,dxHP_equip,,RE-dxAC_eq-pkgSEER-18.7-SEER2,SFm&1&rDXHP&New&dxHP_equip,RE-dxAC_eq-pkgSEER-18.7-SEER2,,,,,,,,,,,,,,,,,,,,,,,,,,,,,,,,,,,,,,,
SWHC049-09 SEER Rated AC HP_SFm_New/runs/CZ07/SFm&1&rDXHP&New&dxHP_equip/RE-dxAC_eq-pkgSEER-19.6-SEER2/instance-out.sql,CZ07,SFm,1,rDXHP,New,dxHP_equip,,RE-dxAC_eq-pkgSEER-19.6-SEER2,SFm&1&rDXHP&New&dxHP_equip,RE-dxAC_eq-pkgSEER-19.6-SEER2,,,,,,,,,,,,,,,,,,,,,,,,,,,,,,,,,,,,,,,
SWHC049-09 SEER Rated AC HP_SFm_New/runs/CZ07/SFm&1&rDXHP&New&dxHP_equip/RE-dxHP_eq-pkgSEER-12.5-SEER2-6.4-HSPF2/instance-out.sql,CZ07,SFm,1,rDXHP,New,dxHP_equip,,RE-dxHP_eq-pkgSEER-12.5-SEER2-6.4-HSPF2,SFm&1&rDXHP&New&dxHP_equip,RE-dxHP_eq-pkgSEER-12.5-SEER2-6.4-HSPF2,,,,,,,,,,,,,,,,,,,,,,,,,,,,,,,,,,,,,,,
SWHC049-09 SEER Rated AC HP_SFm_New/runs/CZ07/SFm&1&rDXHP&New&dxHP_equip/RE-dxHP_eq-pkgSEER-14.3-SEER2-7.5-HSPF2/instance-out.sql,CZ07,SFm,1,rDXHP,New,dxHP_equip,,RE-dxHP_eq-pkgSEER-14.3-SEER2-7.5-HSPF2,SFm&1&rDXHP&New&dxHP_equip,RE-dxHP_eq-pkgSEER-14.3-SEER2-7.5-HSPF2,,,,,,,,,,,,,,,,,,,,,,,,,,,,,,,,,,,,,,,
SWHC049-09 SEER Rated AC HP_SFm_New/runs/CZ07/SFm&1&rDXHP&New&dxHP_equip/RE-dxHP_eq-pkgSEER-15.2-SEER2-7.7-HSPF2/instance-out.sql,CZ07,SFm,1,rDXHP,New,dxHP_equip,,RE-dxHP_eq-pkgSEER-15.2-SEER2-7.7-HSPF2,SFm&1&rDXHP&New&dxHP_equip,RE-dxHP_eq-pkgSEER-15.2-SEER2-7.7-HSPF2,,,,,,,,,,,,,,,,,,,,,,,,,,,,,,,,,,,,,,,
SWHC049-09 SEER Rated AC HP_SFm_New/runs/CZ07/SFm&1&rDXHP&New&dxHP_equip/RE-dxHP_eq-pkgSEER-16.0-SEER2-8.0-HSPF2/instance-out.sql,CZ07,SFm,1,rDXHP,New,dxHP_equip,,RE-dxHP_eq-pkgSEER-16.0-SEER2-8.0-HSPF2,SFm&1&rDXHP&New&dxHP_equip,RE-dxHP_eq-pkgSEER-16.0-SEER2-8.0-HSPF2,,,,,,,,,,,,,,,,,,,,,,,,,,,,,,,,,,,,,,,
SWHC049-09 SEER Rated AC HP_SFm_New/runs/CZ07/SFm&1&rDXHP&New&dxHP_equip/RE-dxHP_eq-pkgSEER-17.8-SEER2-8.1-HSPF2/instance-out.sql,CZ07,SFm,1,rDXHP,New,dxHP_equip,,RE-dxHP_eq-pkgSEER-17.8-SEER2-8.1-HSPF2,SFm&1&rDXHP&New&dxHP_equip,RE-dxHP_eq-pkgSEER-17.8-SEER2-8.1-HSPF2,,,,,,,,,,,,,,,,,,,,,,,,,,,,,,,,,,,,,,,
SWHC049-09 SEER Rated AC HP_SFm_New/runs/CZ07/SFm&1&rDXHP&New&dxHP_equip/RE-dxHP_eq-pkgSEER-18.7-SEER2-8.5-HSPF2/instance-out.sql,CZ07,SFm,1,rDXHP,New,dxHP_equip,,RE-dxHP_eq-pkgSEER-18.7-SEER2-8.5-HSPF2,SFm&1&rDXHP&New&dxHP_equip,RE-dxHP_eq-pkgSEER-18.7-SEER2-8.5-HSPF2,,,,,,,,,,,,,,,,,,,,,,,,,,,,,,,,,,,,,,,
SWHC049-09 SEER Rated AC HP_SFm_New/runs/CZ07/SFm&1&rDXHP&New&dxHP_equip/RE-dxHP_eq-pkgSEER-19.6-SEER2-8.9-HSPF2/instance-out.sql,CZ07,SFm,1,rDXHP,New,dxHP_equip,,RE-dxHP_eq-pkgSEER-19.6-SEER2-8.9-HSPF2,SFm&1&rDXHP&New&dxHP_equip,RE-dxHP_eq-pkgSEER-19.6-SEER2-8.9-HSPF2,,,,,,,,,,,,,,,,,,,,,,,,,,,,,,,,,,,,,,,
SWHC049-09 SEER Rated AC HP_SFm_New/runs/CZ06/SFm&2&rDXHP&New&dxHP_equip/RE-dxAC_eq-pkgSEER-12.5-SEER2/instance-out.sql,CZ06,SFm,2,rDXHP,New,dxHP_equip,,RE-dxAC_eq-pkgSEER-12.5-SEER2,SFm&2&rDXHP&New&dxHP_equip,RE-dxAC_eq-pkgSEER-12.5-SEER2,,,,,,,,,,,,,,,,,,,,,,,,,,,,,,,,,,,,,,,
SWHC049-09 SEER Rated AC HP_SFm_New/runs/CZ06/SFm&2&rDXHP&New&dxHP_equip/RE-dxAC_eq-pkgSEER-13.8-SEER2/instance-out.sql,CZ06,SFm,2,rDXHP,New,dxHP_equip,,RE-dxAC_eq-pkgSEER-13.8-SEER2,SFm&2&rDXHP&New&dxHP_equip,RE-dxAC_eq-pkgSEER-13.8-SEER2,,,,,,,,,,,,,,,,,,,,,,,,,,,,,,,,,,,,,,,
SWHC049-09 SEER Rated AC HP_SFm_New/runs/CZ06/SFm&2&rDXHP&New&dxHP_equip/RE-dxAC_eq-pkgSEER-14.3-SEER2/instance-out.sql,CZ06,SFm,2,rDXHP,New,dxHP_equip,,RE-dxAC_eq-pkgSEER-14.3-SEER2,SFm&2&rDXHP&New&dxHP_equip,RE-dxAC_eq-pkgSEER-14.3-SEER2,,,,,,,,,,,,,,,,,,,,,,,,,,,,,,,,,,,,,,,
SWHC049-09 SEER Rated AC HP_SFm_New/runs/CZ06/SFm&2&rDXHP&New&dxHP_equip/RE-dxAC_eq-pkgSEER-15.2-SEER2/instance-out.sql,CZ06,SFm,2,rDXHP,New,dxHP_equip,,RE-dxAC_eq-pkgSEER-15.2-SEER2,SFm&2&rDXHP&New&dxHP_equip,RE-dxAC_eq-pkgSEER-15.2-SEER2,,,,,,,,,,,,,,,,,,,,,,,,,,,,,,,,,,,,,,,
SWHC049-09 SEER Rated AC HP_SFm_New/runs/CZ06/SFm&2&rDXHP&New&dxHP_equip/RE-dxAC_eq-pkgSEER-16.9-SEER2/instance-out.sql,CZ06,SFm,2,rDXHP,New,dxHP_equip,,RE-dxAC_eq-pkgSEER-16.9-SEER2,SFm&2&rDXHP&New&dxHP_equip,RE-dxAC_eq-pkgSEER-16.9-SEER2,,,,,,,,,,,,,,,,,,,,,,,,,,,,,,,,,,,,,,,
SWHC049-09 SEER Rated AC HP_SFm_New/runs/CZ06/SFm&2&rDXHP&New&dxHP_equip/RE-dxAC_eq-pkgSEER-17.8-SEER2/instance-out.sql,CZ06,SFm,2,rDXHP,New,dxHP_equip,,RE-dxAC_eq-pkgSEER-17.8-SEER2,SFm&2&rDXHP&New&dxHP_equip,RE-dxAC_eq-pkgSEER-17.8-SEER2,,,,,,,,,,,,,,,,,,,,,,,,,,,,,,,,,,,,,,,
SWHC049-09 SEER Rated AC HP_SFm_New/runs/CZ06/SFm&2&rDXHP&New&dxHP_equip/RE-dxAC_eq-pkgSEER-18.7-SEER2/instance-out.sql,CZ06,SFm,2,rDXHP,New,dxHP_equip,,RE-dxAC_eq-pkgSEER-18.7-SEER2,SFm&2&rDXHP&New&dxHP_equip,RE-dxAC_eq-pkgSEER-18.7-SEER2,,,,,,,,,,,,,,,,,,,,,,,,,,,,,,,,,,,,,,,
SWHC049-09 SEER Rated AC HP_SFm_New/runs/CZ06/SFm&2&rDXHP&New&dxHP_equip/RE-dxAC_eq-pkgSEER-19.6-SEER2/instance-out.sql,CZ06,SFm,2,rDXHP,New,dxHP_equip,,RE-dxAC_eq-pkgSEER-19.6-SEER2,SFm&2&rDXHP&New&dxHP_equip,RE-dxAC_eq-pkgSEER-19.6-SEER2,,,,,,,,,,,,,,,,,,,,,,,,,,,,,,,,,,,,,,,
SWHC049-09 SEER Rated AC HP_SFm_New/runs/CZ06/SFm&2&rDXHP&New&dxHP_equip/RE-dxHP_eq-pkgSEER-12.5-SEER2-6.4-HSPF2/instance-out.sql,CZ06,SFm,2,rDXHP,New,dxHP_equip,,RE-dxHP_eq-pkgSEER-12.5-SEER2-6.4-HSPF2,SFm&2&rDXHP&New&dxHP_equip,RE-dxHP_eq-pkgSEER-12.5-SEER2-6.4-HSPF2,,,,,,,,,,,,,,,,,,,,,,,,,,,,,,,,,,,,,,,
SWHC049-09 SEER Rated AC HP_SFm_New/runs/CZ06/SFm&2&rDXHP&New&dxHP_equip/RE-dxHP_eq-pkgSEER-14.3-SEER2-7.5-HSPF2/instance-out.sql,CZ06,SFm,2,rDXHP,New,dxHP_equip,,RE-dxHP_eq-pkgSEER-14.3-SEER2-7.5-HSPF2,SFm&2&rDXHP&New&dxHP_equip,RE-dxHP_eq-pkgSEER-14.3-SEER2-7.5-HSPF2,,,,,,,,,,,,,,,,,,,,,,,,,,,,,,,,,,,,,,,
SWHC049-09 SEER Rated AC HP_SFm_New/runs/CZ06/SFm&2&rDXHP&New&dxHP_equip/RE-dxHP_eq-pkgSEER-15.2-SEER2-7.7-HSPF2/instance-out.sql,CZ06,SFm,2,rDXHP,New,dxHP_equip,,RE-dxHP_eq-pkgSEER-15.2-SEER2-7.7-HSPF2,SFm&2&rDXHP&New&dxHP_equip,RE-dxHP_eq-pkgSEER-15.2-SEER2-7.7-HSPF2,,,,,,,,,,,,,,,,,,,,,,,,,,,,,,,,,,,,,,,
SWHC049-09 SEER Rated AC HP_SFm_New/runs/CZ06/SFm&2&rDXHP&New&dxHP_equip/RE-dxHP_eq-pkgSEER-16.0-SEER2-8.0-HSPF2/instance-out.sql,CZ06,SFm,2,rDXHP,New,dxHP_equip,,RE-dxHP_eq-pkgSEER-16.0-SEER2-8.0-HSPF2,SFm&2&rDXHP&New&dxHP_equip,RE-dxHP_eq-pkgSEER-16.0-SEER2-8.0-HSPF2,,,,,,,,,,,,,,,,,,,,,,,,,,,,,,,,,,,,,,,
SWHC049-09 SEER Rated AC HP_SFm_New/runs/CZ06/SFm&2&rDXHP&New&dxHP_equip/RE-dxHP_eq-pkgSEER-17.8-SEER2-8.1-HSPF2/instance-out.sql,CZ06,SFm,2,rDXHP,New,dxHP_equip,,RE-dxHP_eq-pkgSEER-17.8-SEER2-8.1-HSPF2,SFm&2&rDXHP&New&dxHP_equip,RE-dxHP_eq-pkgSEER-17.8-SEER2-8.1-HSPF2,,,,,,,,,,,,,,,,,,,,,,,,,,,,,,,,,,,,,,,
SWHC049-09 SEER Rated AC HP_SFm_New/runs/CZ06/SFm&2&rDXHP&New&dxHP_equip/RE-dxHP_eq-pkgSEER-18.7-SEER2-8.5-HSPF2/instance-out.sql,CZ06,SFm,2,rDXHP,New,dxHP_equip,,RE-dxHP_eq-pkgSEER-18.7-SEER2-8.5-HSPF2,SFm&2&rDXHP&New&dxHP_equip,RE-dxHP_eq-pkgSEER-18.7-SEER2-8.5-HSPF2,,,,,,,,,,,,,,,,,,,,,,,,,,,,,,,,,,,,,,,
SWHC049-09 SEER Rated AC HP_SFm_New/runs/CZ06/SFm&2&rDXHP&New&dxHP_equip/RE-dxHP_eq-pkgSEER-19.6-SEER2-8.9-HSPF2/instance-out.sql,CZ06,SFm,2,rDXHP,New,dxHP_equip,,RE-dxHP_eq-pkgSEER-19.6-SEER2-8.9-HSPF2,SFm&2&rDXHP&New&dxHP_equip,RE-dxHP_eq-pkgSEER-19.6-SEER2-8.9-HSPF2,,,,,,,,,,,,,,,,,,,,,,,,,,,,,,,,,,,,,,,
SWHC049-09 SEER Rated AC HP_SFm_New/runs/CZ06/SFm&1&rDXHP&New&dxHP_equip/RE-dxAC_eq-pkgSEER-12.5-SEER2/instance-out.sql,CZ06,SFm,1,rDXHP,New,dxHP_equip,,RE-dxAC_eq-pkgSEER-12.5-SEER2,SFm&1&rDXHP&New&dxHP_equip,RE-dxAC_eq-pkgSEER-12.5-SEER2,,,,,,,,,,,,,,,,,,,,,,,,,,,,,,,,,,,,,,,
SWHC049-09 SEER Rated AC HP_SFm_New/runs/CZ06/SFm&1&rDXHP&New&dxHP_equip/RE-dxAC_eq-pkgSEER-13.8-SEER2/instance-out.sql,CZ06,SFm,1,rDXHP,New,dxHP_equip,,RE-dxAC_eq-pkgSEER-13.8-SEER2,SFm&1&rDXHP&New&dxHP_equip,RE-dxAC_eq-pkgSEER-13.8-SEER2,,,,,,,,,,,,,,,,,,,,,,,,,,,,,,,,,,,,,,,
SWHC049-09 SEER Rated AC HP_SFm_New/runs/CZ06/SFm&1&rDXHP&New&dxHP_equip/RE-dxAC_eq-pkgSEER-14.3-SEER2/instance-out.sql,CZ06,SFm,1,rDXHP,New,dxHP_equip,,RE-dxAC_eq-pkgSEER-14.3-SEER2,SFm&1&rDXHP&New&dxHP_equip,RE-dxAC_eq-pkgSEER-14.3-SEER2,,,,,,,,,,,,,,,,,,,,,,,,,,,,,,,,,,,,,,,
SWHC049-09 SEER Rated AC HP_SFm_New/runs/CZ06/SFm&1&rDXHP&New&dxHP_equip/RE-dxAC_eq-pkgSEER-15.2-SEER2/instance-out.sql,CZ06,SFm,1,rDXHP,New,dxHP_equip,,RE-dxAC_eq-pkgSEER-15.2-SEER2,SFm&1&rDXHP&New&dxHP_equip,RE-dxAC_eq-pkgSEER-15.2-SEER2,,,,,,,,,,,,,,,,,,,,,,,,,,,,,,,,,,,,,,,
SWHC049-09 SEER Rated AC HP_SFm_New/runs/CZ06/SFm&1&rDXHP&New&dxHP_equip/RE-dxAC_eq-pkgSEER-16.9-SEER2/instance-out.sql,CZ06,SFm,1,rDXHP,New,dxHP_equip,,RE-dxAC_eq-pkgSEER-16.9-SEER2,SFm&1&rDXHP&New&dxHP_equip,RE-dxAC_eq-pkgSEER-16.9-SEER2,,,,,,,,,,,,,,,,,,,,,,,,,,,,,,,,,,,,,,,
SWHC049-09 SEER Rated AC HP_SFm_New/runs/CZ06/SFm&1&rDXHP&New&dxHP_equip/RE-dxAC_eq-pkgSEER-17.8-SEER2/instance-out.sql,CZ06,SFm,1,rDXHP,New,dxHP_equip,,RE-dxAC_eq-pkgSEER-17.8-SEER2,SFm&1&rDXHP&New&dxHP_equip,RE-dxAC_eq-pkgSEER-17.8-SEER2,,,,,,,,,,,,,,,,,,,,,,,,,,,,,,,,,,,,,,,
SWHC049-09 SEER Rated AC HP_SFm_New/runs/CZ06/SFm&1&rDXHP&New&dxHP_equip/RE-dxAC_eq-pkgSEER-18.7-SEER2/instance-out.sql,CZ06,SFm,1,rDXHP,New,dxHP_equip,,RE-dxAC_eq-pkgSEER-18.7-SEER2,SFm&1&rDXHP&New&dxHP_equip,RE-dxAC_eq-pkgSEER-18.7-SEER2,,,,,,,,,,,,,,,,,,,,,,,,,,,,,,,,,,,,,,,
SWHC049-09 SEER Rated AC HP_SFm_New/runs/CZ06/SFm&1&rDXHP&New&dxHP_equip/RE-dxAC_eq-pkgSEER-19.6-SEER2/instance-out.sql,CZ06,SFm,1,rDXHP,New,dxHP_equip,,RE-dxAC_eq-pkgSEER-19.6-SEER2,SFm&1&rDXHP&New&dxHP_equip,RE-dxAC_eq-pkgSEER-19.6-SEER2,,,,,,,,,,,,,,,,,,,,,,,,,,,,,,,,,,,,,,,
SWHC049-09 SEER Rated AC HP_SFm_New/runs/CZ06/SFm&1&rDXHP&New&dxHP_equip/RE-dxHP_eq-pkgSEER-12.5-SEER2-6.4-HSPF2/instance-out.sql,CZ06,SFm,1,rDXHP,New,dxHP_equip,,RE-dxHP_eq-pkgSEER-12.5-SEER2-6.4-HSPF2,SFm&1&rDXHP&New&dxHP_equip,RE-dxHP_eq-pkgSEER-12.5-SEER2-6.4-HSPF2,,,,,,,,,,,,,,,,,,,,,,,,,,,,,,,,,,,,,,,
SWHC049-09 SEER Rated AC HP_SFm_New/runs/CZ06/SFm&1&rDXHP&New&dxHP_equip/RE-dxHP_eq-pkgSEER-14.3-SEER2-7.5-HSPF2/instance-out.sql,CZ06,SFm,1,rDXHP,New,dxHP_equip,,RE-dxHP_eq-pkgSEER-14.3-SEER2-7.5-HSPF2,SFm&1&rDXHP&New&dxHP_equip,RE-dxHP_eq-pkgSEER-14.3-SEER2-7.5-HSPF2,,,,,,,,,,,,,,,,,,,,,,,,,,,,,,,,,,,,,,,
SWHC049-09 SEER Rated AC HP_SFm_New/runs/CZ06/SFm&1&rDXHP&New&dxHP_equip/RE-dxHP_eq-pkgSEER-15.2-SEER2-7.7-HSPF2/instance-out.sql,CZ06,SFm,1,rDXHP,New,dxHP_equip,,RE-dxHP_eq-pkgSEER-15.2-SEER2-7.7-HSPF2,SFm&1&rDXHP&New&dxHP_equip,RE-dxHP_eq-pkgSEER-15.2-SEER2-7.7-HSPF2,,,,,,,,,,,,,,,,,,,,,,,,,,,,,,,,,,,,,,,
SWHC049-09 SEER Rated AC HP_SFm_New/runs/CZ06/SFm&1&rDXHP&New&dxHP_equip/RE-dxHP_eq-pkgSEER-16.0-SEER2-8.0-HSPF2/instance-out.sql,CZ06,SFm,1,rDXHP,New,dxHP_equip,,RE-dxHP_eq-pkgSEER-16.0-SEER2-8.0-HSPF2,SFm&1&rDXHP&New&dxHP_equip,RE-dxHP_eq-pkgSEER-16.0-SEER2-8.0-HSPF2,,,,,,,,,,,,,,,,,,,,,,,,,,,,,,,,,,,,,,,
SWHC049-09 SEER Rated AC HP_SFm_New/runs/CZ06/SFm&1&rDXHP&New&dxHP_equip/RE-dxHP_eq-pkgSEER-17.8-SEER2-8.1-HSPF2/instance-out.sql,CZ06,SFm,1,rDXHP,New,dxHP_equip,,RE-dxHP_eq-pkgSEER-17.8-SEER2-8.1-HSPF2,SFm&1&rDXHP&New&dxHP_equip,RE-dxHP_eq-pkgSEER-17.8-SEER2-8.1-HSPF2,,,,,,,,,,,,,,,,,,,,,,,,,,,,,,,,,,,,,,,
SWHC049-09 SEER Rated AC HP_SFm_New/runs/CZ06/SFm&1&rDXHP&New&dxHP_equip/RE-dxHP_eq-pkgSEER-18.7-SEER2-8.5-HSPF2/instance-out.sql,CZ06,SFm,1,rDXHP,New,dxHP_equip,,RE-dxHP_eq-pkgSEER-18.7-SEER2-8.5-HSPF2,SFm&1&rDXHP&New&dxHP_equip,RE-dxHP_eq-pkgSEER-18.7-SEER2-8.5-HSPF2,,,,,,,,,,,,,,,,,,,,,,,,,,,,,,,,,,,,,,,
SWHC049-09 SEER Rated AC HP_SFm_New/runs/CZ06/SFm&1&rDXHP&New&dxHP_equip/RE-dxHP_eq-pkgSEER-19.6-SEER2-8.9-HSPF2/instance-out.sql,CZ06,SFm,1,rDXHP,New,dxHP_equip,,RE-dxHP_eq-pkgSEER-19.6-SEER2-8.9-HSPF2,SFm&1&rDXHP&New&dxHP_equip,RE-dxHP_eq-pkgSEER-19.6-SEER2-8.9-HSPF2,,,,,,,,,,,,,,,,,,,,,,,,,,,,,,,,,,,,,,,
SWHC049-09 SEER Rated AC HP_SFm_New/runs/CZ05/SFm&2&rDXHP&New&dxHP_equip/RE-dxAC_eq-pkgSEER-12.5-SEER2/instance-out.sql,CZ05,SFm,2,rDXHP,New,dxHP_equip,,RE-dxAC_eq-pkgSEER-12.5-SEER2,SFm&2&rDXHP&New&dxHP_equip,RE-dxAC_eq-pkgSEER-12.5-SEER2,,,,,,,,,,,,,,,,,,,,,,,,,,,,,,,,,,,,,,,
SWHC049-09 SEER Rated AC HP_SFm_New/runs/CZ05/SFm&2&rDXHP&New&dxHP_equip/RE-dxAC_eq-pkgSEER-13.8-SEER2/instance-out.sql,CZ05,SFm,2,rDXHP,New,dxHP_equip,,RE-dxAC_eq-pkgSEER-13.8-SEER2,SFm&2&rDXHP&New&dxHP_equip,RE-dxAC_eq-pkgSEER-13.8-SEER2,,,,,,,,,,,,,,,,,,,,,,,,,,,,,,,,,,,,,,,
SWHC049-09 SEER Rated AC HP_SFm_New/runs/CZ05/SFm&2&rDXHP&New&dxHP_equip/RE-dxAC_eq-pkgSEER-14.3-SEER2/instance-out.sql,CZ05,SFm,2,rDXHP,New,dxHP_equip,,RE-dxAC_eq-pkgSEER-14.3-SEER2,SFm&2&rDXHP&New&dxHP_equip,RE-dxAC_eq-pkgSEER-14.3-SEER2,,,,,,,,,,,,,,,,,,,,,,,,,,,,,,,,,,,,,,,
SWHC049-09 SEER Rated AC HP_SFm_New/runs/CZ05/SFm&2&rDXHP&New&dxHP_equip/RE-dxAC_eq-pkgSEER-15.2-SEER2/instance-out.sql,CZ05,SFm,2,rDXHP,New,dxHP_equip,,RE-dxAC_eq-pkgSEER-15.2-SEER2,SFm&2&rDXHP&New&dxHP_equip,RE-dxAC_eq-pkgSEER-15.2-SEER2,,,,,,,,,,,,,,,,,,,,,,,,,,,,,,,,,,,,,,,
SWHC049-09 SEER Rated AC HP_SFm_New/runs/CZ05/SFm&2&rDXHP&New&dxHP_equip/RE-dxAC_eq-pkgSEER-16.9-SEER2/instance-out.sql,CZ05,SFm,2,rDXHP,New,dxHP_equip,,RE-dxAC_eq-pkgSEER-16.9-SEER2,SFm&2&rDXHP&New&dxHP_equip,RE-dxAC_eq-pkgSEER-16.9-SEER2,,,,,,,,,,,,,,,,,,,,,,,,,,,,,,,,,,,,,,,
SWHC049-09 SEER Rated AC HP_SFm_New/runs/CZ05/SFm&2&rDXHP&New&dxHP_equip/RE-dxAC_eq-pkgSEER-17.8-SEER2/instance-out.sql,CZ05,SFm,2,rDXHP,New,dxHP_equip,,RE-dxAC_eq-pkgSEER-17.8-SEER2,SFm&2&rDXHP&New&dxHP_equip,RE-dxAC_eq-pkgSEER-17.8-SEER2,,,,,,,,,,,,,,,,,,,,,,,,,,,,,,,,,,,,,,,
SWHC049-09 SEER Rated AC HP_SFm_New/runs/CZ05/SFm&2&rDXHP&New&dxHP_equip/RE-dxAC_eq-pkgSEER-18.7-SEER2/instance-out.sql,CZ05,SFm,2,rDXHP,New,dxHP_equip,,RE-dxAC_eq-pkgSEER-18.7-SEER2,SFm&2&rDXHP&New&dxHP_equip,RE-dxAC_eq-pkgSEER-18.7-SEER2,,,,,,,,,,,,,,,,,,,,,,,,,,,,,,,,,,,,,,,
SWHC049-09 SEER Rated AC HP_SFm_New/runs/CZ05/SFm&2&rDXHP&New&dxHP_equip/RE-dxAC_eq-pkgSEER-19.6-SEER2/instance-out.sql,CZ05,SFm,2,rDXHP,New,dxHP_equip,,RE-dxAC_eq-pkgSEER-19.6-SEER2,SFm&2&rDXHP&New&dxHP_equip,RE-dxAC_eq-pkgSEER-19.6-SEER2,,,,,,,,,,,,,,,,,,,,,,,,,,,,,,,,,,,,,,,
SWHC049-09 SEER Rated AC HP_SFm_New/runs/CZ05/SFm&2&rDXHP&New&dxHP_equip/RE-dxHP_eq-pkgSEER-12.5-SEER2-6.4-HSPF2/instance-out.sql,CZ05,SFm,2,rDXHP,New,dxHP_equip,,RE-dxHP_eq-pkgSEER-12.5-SEER2-6.4-HSPF2,SFm&2&rDXHP&New&dxHP_equip,RE-dxHP_eq-pkgSEER-12.5-SEER2-6.4-HSPF2,,,,,,,,,,,,,,,,,,,,,,,,,,,,,,,,,,,,,,,
SWHC049-09 SEER Rated AC HP_SFm_New/runs/CZ05/SFm&2&rDXHP&New&dxHP_equip/RE-dxHP_eq-pkgSEER-14.3-SEER2-7.5-HSPF2/instance-out.sql,CZ05,SFm,2,rDXHP,New,dxHP_equip,,RE-dxHP_eq-pkgSEER-14.3-SEER2-7.5-HSPF2,SFm&2&rDXHP&New&dxHP_equip,RE-dxHP_eq-pkgSEER-14.3-SEER2-7.5-HSPF2,,,,,,,,,,,,,,,,,,,,,,,,,,,,,,,,,,,,,,,
SWHC049-09 SEER Rated AC HP_SFm_New/runs/CZ05/SFm&2&rDXHP&New&dxHP_equip/RE-dxHP_eq-pkgSEER-15.2-SEER2-7.7-HSPF2/instance-out.sql,CZ05,SFm,2,rDXHP,New,dxHP_equip,,RE-dxHP_eq-pkgSEER-15.2-SEER2-7.7-HSPF2,SFm&2&rDXHP&New&dxHP_equip,RE-dxHP_eq-pkgSEER-15.2-SEER2-7.7-HSPF2,,,,,,,,,,,,,,,,,,,,,,,,,,,,,,,,,,,,,,,
SWHC049-09 SEER Rated AC HP_SFm_New/runs/CZ05/SFm&2&rDXHP&New&dxHP_equip/RE-dxHP_eq-pkgSEER-16.0-SEER2-8.0-HSPF2/instance-out.sql,CZ05,SFm,2,rDXHP,New,dxHP_equip,,RE-dxHP_eq-pkgSEER-16.0-SEER2-8.0-HSPF2,SFm&2&rDXHP&New&dxHP_equip,RE-dxHP_eq-pkgSEER-16.0-SEER2-8.0-HSPF2,,,,,,,,,,,,,,,,,,,,,,,,,,,,,,,,,,,,,,,
SWHC049-09 SEER Rated AC HP_SFm_New/runs/CZ05/SFm&2&rDXHP&New&dxHP_equip/RE-dxHP_eq-pkgSEER-17.8-SEER2-8.1-HSPF2/instance-out.sql,CZ05,SFm,2,rDXHP,New,dxHP_equip,,RE-dxHP_eq-pkgSEER-17.8-SEER2-8.1-HSPF2,SFm&2&rDXHP&New&dxHP_equip,RE-dxHP_eq-pkgSEER-17.8-SEER2-8.1-HSPF2,,,,,,,,,,,,,,,,,,,,,,,,,,,,,,,,,,,,,,,
SWHC049-09 SEER Rated AC HP_SFm_New/runs/CZ05/SFm&2&rDXHP&New&dxHP_equip/RE-dxHP_eq-pkgSEER-18.7-SEER2-8.5-HSPF2/instance-out.sql,CZ05,SFm,2,rDXHP,New,dxHP_equip,,RE-dxHP_eq-pkgSEER-18.7-SEER2-8.5-HSPF2,SFm&2&rDXHP&New&dxHP_equip,RE-dxHP_eq-pkgSEER-18.7-SEER2-8.5-HSPF2,,,,,,,,,,,,,,,,,,,,,,,,,,,,,,,,,,,,,,,
SWHC049-09 SEER Rated AC HP_SFm_New/runs/CZ05/SFm&2&rDXHP&New&dxHP_equip/RE-dxHP_eq-pkgSEER-19.6-SEER2-8.9-HSPF2/instance-out.sql,CZ05,SFm,2,rDXHP,New,dxHP_equip,,RE-dxHP_eq-pkgSEER-19.6-SEER2-8.9-HSPF2,SFm&2&rDXHP&New&dxHP_equip,RE-dxHP_eq-pkgSEER-19.6-SEER2-8.9-HSPF2,,,,,,,,,,,,,,,,,,,,,,,,,,,,,,,,,,,,,,,
SWHC049-09 SEER Rated AC HP_SFm_New/runs/CZ05/SFm&1&rDXHP&New&dxHP_equip/RE-dxAC_eq-pkgSEER-12.5-SEER2/instance-out.sql,CZ05,SFm,1,rDXHP,New,dxHP_equip,,RE-dxAC_eq-pkgSEER-12.5-SEER2,SFm&1&rDXHP&New&dxHP_equip,RE-dxAC_eq-pkgSEER-12.5-SEER2,,,,,,,,,,,,,,,,,,,,,,,,,,,,,,,,,,,,,,,
SWHC049-09 SEER Rated AC HP_SFm_New/runs/CZ05/SFm&1&rDXHP&New&dxHP_equip/RE-dxAC_eq-pkgSEER-13.8-SEER2/instance-out.sql,CZ05,SFm,1,rDXHP,New,dxHP_equip,,RE-dxAC_eq-pkgSEER-13.8-SEER2,SFm&1&rDXHP&New&dxHP_equip,RE-dxAC_eq-pkgSEER-13.8-SEER2,,,,,,,,,,,,,,,,,,,,,,,,,,,,,,,,,,,,,,,
SWHC049-09 SEER Rated AC HP_SFm_New/runs/CZ05/SFm&1&rDXHP&New&dxHP_equip/RE-dxAC_eq-pkgSEER-14.3-SEER2/instance-out.sql,CZ05,SFm,1,rDXHP,New,dxHP_equip,,RE-dxAC_eq-pkgSEER-14.3-SEER2,SFm&1&rDXHP&New&dxHP_equip,RE-dxAC_eq-pkgSEER-14.3-SEER2,,,,,,,,,,,,,,,,,,,,,,,,,,,,,,,,,,,,,,,
SWHC049-09 SEER Rated AC HP_SFm_New/runs/CZ05/SFm&1&rDXHP&New&dxHP_equip/RE-dxAC_eq-pkgSEER-15.2-SEER2/instance-out.sql,CZ05,SFm,1,rDXHP,New,dxHP_equip,,RE-dxAC_eq-pkgSEER-15.2-SEER2,SFm&1&rDXHP&New&dxHP_equip,RE-dxAC_eq-pkgSEER-15.2-SEER2,,,,,,,,,,,,,,,,,,,,,,,,,,,,,,,,,,,,,,,
SWHC049-09 SEER Rated AC HP_SFm_New/runs/CZ05/SFm&1&rDXHP&New&dxHP_equip/RE-dxAC_eq-pkgSEER-16.9-SEER2/instance-out.sql,CZ05,SFm,1,rDXHP,New,dxHP_equip,,RE-dxAC_eq-pkgSEER-16.9-SEER2,SFm&1&rDXHP&New&dxHP_equip,RE-dxAC_eq-pkgSEER-16.9-SEER2,,,,,,,,,,,,,,,,,,,,,,,,,,,,,,,,,,,,,,,
SWHC049-09 SEER Rated AC HP_SFm_New/runs/CZ05/SFm&1&rDXHP&New&dxHP_equip/RE-dxAC_eq-pkgSEER-17.8-SEER2/instance-out.sql,CZ05,SFm,1,rDXHP,New,dxHP_equip,,RE-dxAC_eq-pkgSEER-17.8-SEER2,SFm&1&rDXHP&New&dxHP_equip,RE-dxAC_eq-pkgSEER-17.8-SEER2,,,,,,,,,,,,,,,,,,,,,,,,,,,,,,,,,,,,,,,
SWHC049-09 SEER Rated AC HP_SFm_New/runs/CZ05/SFm&1&rDXHP&New&dxHP_equip/RE-dxAC_eq-pkgSEER-18.7-SEER2/instance-out.sql,CZ05,SFm,1,rDXHP,New,dxHP_equip,,RE-dxAC_eq-pkgSEER-18.7-SEER2,SFm&1&rDXHP&New&dxHP_equip,RE-dxAC_eq-pkgSEER-18.7-SEER2,,,,,,,,,,,,,,,,,,,,,,,,,,,,,,,,,,,,,,,
SWHC049-09 SEER Rated AC HP_SFm_New/runs/CZ05/SFm&1&rDXHP&New&dxHP_equip/RE-dxAC_eq-pkgSEER-19.6-SEER2/instance-out.sql,CZ05,SFm,1,rDXHP,New,dxHP_equip,,RE-dxAC_eq-pkgSEER-19.6-SEER2,SFm&1&rDXHP&New&dxHP_equip,RE-dxAC_eq-pkgSEER-19.6-SEER2,,,,,,,,,,,,,,,,,,,,,,,,,,,,,,,,,,,,,,,
SWHC049-09 SEER Rated AC HP_SFm_New/runs/CZ05/SFm&1&rDXHP&New&dxHP_equip/RE-dxHP_eq-pkgSEER-12.5-SEER2-6.4-HSPF2/instance-out.sql,CZ05,SFm,1,rDXHP,New,dxHP_equip,,RE-dxHP_eq-pkgSEER-12.5-SEER2-6.4-HSPF2,SFm&1&rDXHP&New&dxHP_equip,RE-dxHP_eq-pkgSEER-12.5-SEER2-6.4-HSPF2,,,,,,,,,,,,,,,,,,,,,,,,,,,,,,,,,,,,,,,
SWHC049-09 SEER Rated AC HP_SFm_New/runs/CZ05/SFm&1&rDXHP&New&dxHP_equip/RE-dxHP_eq-pkgSEER-14.3-SEER2-7.5-HSPF2/instance-out.sql,CZ05,SFm,1,rDXHP,New,dxHP_equip,,RE-dxHP_eq-pkgSEER-14.3-SEER2-7.5-HSPF2,SFm&1&rDXHP&New&dxHP_equip,RE-dxHP_eq-pkgSEER-14.3-SEER2-7.5-HSPF2,,,,,,,,,,,,,,,,,,,,,,,,,,,,,,,,,,,,,,,
SWHC049-09 SEER Rated AC HP_SFm_New/runs/CZ05/SFm&1&rDXHP&New&dxHP_equip/RE-dxHP_eq-pkgSEER-15.2-SEER2-7.7-HSPF2/instance-out.sql,CZ05,SFm,1,rDXHP,New,dxHP_equip,,RE-dxHP_eq-pkgSEER-15.2-SEER2-7.7-HSPF2,SFm&1&rDXHP&New&dxHP_equip,RE-dxHP_eq-pkgSEER-15.2-SEER2-7.7-HSPF2,,,,,,,,,,,,,,,,,,,,,,,,,,,,,,,,,,,,,,,
SWHC049-09 SEER Rated AC HP_SFm_New/runs/CZ05/SFm&1&rDXHP&New&dxHP_equip/RE-dxHP_eq-pkgSEER-16.0-SEER2-8.0-HSPF2/instance-out.sql,CZ05,SFm,1,rDXHP,New,dxHP_equip,,RE-dxHP_eq-pkgSEER-16.0-SEER2-8.0-HSPF2,SFm&1&rDXHP&New&dxHP_equip,RE-dxHP_eq-pkgSEER-16.0-SEER2-8.0-HSPF2,,,,,,,,,,,,,,,,,,,,,,,,,,,,,,,,,,,,,,,
SWHC049-09 SEER Rated AC HP_SFm_New/runs/CZ05/SFm&1&rDXHP&New&dxHP_equip/RE-dxHP_eq-pkgSEER-17.8-SEER2-8.1-HSPF2/instance-out.sql,CZ05,SFm,1,rDXHP,New,dxHP_equip,,RE-dxHP_eq-pkgSEER-17.8-SEER2-8.1-HSPF2,SFm&1&rDXHP&New&dxHP_equip,RE-dxHP_eq-pkgSEER-17.8-SEER2-8.1-HSPF2,,,,,,,,,,,,,,,,,,,,,,,,,,,,,,,,,,,,,,,
SWHC049-09 SEER Rated AC HP_SFm_New/runs/CZ05/SFm&1&rDXHP&New&dxHP_equip/RE-dxHP_eq-pkgSEER-18.7-SEER2-8.5-HSPF2/instance-out.sql,CZ05,SFm,1,rDXHP,New,dxHP_equip,,RE-dxHP_eq-pkgSEER-18.7-SEER2-8.5-HSPF2,SFm&1&rDXHP&New&dxHP_equip,RE-dxHP_eq-pkgSEER-18.7-SEER2-8.5-HSPF2,,,,,,,,,,,,,,,,,,,,,,,,,,,,,,,,,,,,,,,
SWHC049-09 SEER Rated AC HP_SFm_New/runs/CZ05/SFm&1&rDXHP&New&dxHP_equip/RE-dxHP_eq-pkgSEER-19.6-SEER2-8.9-HSPF2/instance-out.sql,CZ05,SFm,1,rDXHP,New,dxHP_equip,,RE-dxHP_eq-pkgSEER-19.6-SEER2-8.9-HSPF2,SFm&1&rDXHP&New&dxHP_equip,RE-dxHP_eq-pkgSEER-19.6-SEER2-8.9-HSPF2,,,,,,,,,,,,,,,,,,,,,,,,,,,,,,,,,,,,,,,
SWHC049-09 SEER Rated AC HP_SFm_New/runs/CZ04/SFm&2&rDXHP&New&dxHP_equip/RE-dxAC_eq-pkgSEER-12.5-SEER2/instance-out.sql,CZ04,SFm,2,rDXHP,New,dxHP_equip,,RE-dxAC_eq-pkgSEER-12.5-SEER2,SFm&2&rDXHP&New&dxHP_equip,RE-dxAC_eq-pkgSEER-12.5-SEER2,,,,,,,,,,,,,,,,,,,,,,,,,,,,,,,,,,,,,,,
SWHC049-09 SEER Rated AC HP_SFm_New/runs/CZ04/SFm&2&rDXHP&New&dxHP_equip/RE-dxAC_eq-pkgSEER-13.8-SEER2/instance-out.sql,CZ04,SFm,2,rDXHP,New,dxHP_equip,,RE-dxAC_eq-pkgSEER-13.8-SEER2,SFm&2&rDXHP&New&dxHP_equip,RE-dxAC_eq-pkgSEER-13.8-SEER2,,,,,,,,,,,,,,,,,,,,,,,,,,,,,,,,,,,,,,,
SWHC049-09 SEER Rated AC HP_SFm_New/runs/CZ04/SFm&2&rDXHP&New&dxHP_equip/RE-dxAC_eq-pkgSEER-14.3-SEER2/instance-out.sql,CZ04,SFm,2,rDXHP,New,dxHP_equip,,RE-dxAC_eq-pkgSEER-14.3-SEER2,SFm&2&rDXHP&New&dxHP_equip,RE-dxAC_eq-pkgSEER-14.3-SEER2,,,,,,,,,,,,,,,,,,,,,,,,,,,,,,,,,,,,,,,
SWHC049-09 SEER Rated AC HP_SFm_New/runs/CZ04/SFm&2&rDXHP&New&dxHP_equip/RE-dxAC_eq-pkgSEER-15.2-SEER2/instance-out.sql,CZ04,SFm,2,rDXHP,New,dxHP_equip,,RE-dxAC_eq-pkgSEER-15.2-SEER2,SFm&2&rDXHP&New&dxHP_equip,RE-dxAC_eq-pkgSEER-15.2-SEER2,,,,,,,,,,,,,,,,,,,,,,,,,,,,,,,,,,,,,,,
SWHC049-09 SEER Rated AC HP_SFm_New/runs/CZ04/SFm&2&rDXHP&New&dxHP_equip/RE-dxAC_eq-pkgSEER-16.9-SEER2/instance-out.sql,CZ04,SFm,2,rDXHP,New,dxHP_equip,,RE-dxAC_eq-pkgSEER-16.9-SEER2,SFm&2&rDXHP&New&dxHP_equip,RE-dxAC_eq-pkgSEER-16.9-SEER2,,,,,,,,,,,,,,,,,,,,,,,,,,,,,,,,,,,,,,,
SWHC049-09 SEER Rated AC HP_SFm_New/runs/CZ04/SFm&2&rDXHP&New&dxHP_equip/RE-dxAC_eq-pkgSEER-17.8-SEER2/instance-out.sql,CZ04,SFm,2,rDXHP,New,dxHP_equip,,RE-dxAC_eq-pkgSEER-17.8-SEER2,SFm&2&rDXHP&New&dxHP_equip,RE-dxAC_eq-pkgSEER-17.8-SEER2,,,,,,,,,,,,,,,,,,,,,,,,,,,,,,,,,,,,,,,
SWHC049-09 SEER Rated AC HP_SFm_New/runs/CZ04/SFm&2&rDXHP&New&dxHP_equip/RE-dxAC_eq-pkgSEER-18.7-SEER2/instance-out.sql,CZ04,SFm,2,rDXHP,New,dxHP_equip,,RE-dxAC_eq-pkgSEER-18.7-SEER2,SFm&2&rDXHP&New&dxHP_equip,RE-dxAC_eq-pkgSEER-18.7-SEER2,,,,,,,,,,,,,,,,,,,,,,,,,,,,,,,,,,,,,,,
SWHC049-09 SEER Rated AC HP_SFm_New/runs/CZ04/SFm&2&rDXHP&New&dxHP_equip/RE-dxAC_eq-pkgSEER-19.6-SEER2/instance-out.sql,CZ04,SFm,2,rDXHP,New,dxHP_equip,,RE-dxAC_eq-pkgSEER-19.6-SEER2,SFm&2&rDXHP&New&dxHP_equip,RE-dxAC_eq-pkgSEER-19.6-SEER2,,,,,,,,,,,,,,,,,,,,,,,,,,,,,,,,,,,,,,,
SWHC049-09 SEER Rated AC HP_SFm_New/runs/CZ04/SFm&2&rDXHP&New&dxHP_equip/RE-dxHP_eq-pkgSEER-12.5-SEER2-6.4-HSPF2/instance-out.sql,CZ04,SFm,2,rDXHP,New,dxHP_equip,,RE-dxHP_eq-pkgSEER-12.5-SEER2-6.4-HSPF2,SFm&2&rDXHP&New&dxHP_equip,RE-dxHP_eq-pkgSEER-12.5-SEER2-6.4-HSPF2,,,,,,,,,,,,,,,,,,,,,,,,,,,,,,,,,,,,,,,
SWHC049-09 SEER Rated AC HP_SFm_New/runs/CZ04/SFm&2&rDXHP&New&dxHP_equip/RE-dxHP_eq-pkgSEER-14.3-SEER2-7.5-HSPF2/instance-out.sql,CZ04,SFm,2,rDXHP,New,dxHP_equip,,RE-dxHP_eq-pkgSEER-14.3-SEER2-7.5-HSPF2,SFm&2&rDXHP&New&dxHP_equip,RE-dxHP_eq-pkgSEER-14.3-SEER2-7.5-HSPF2,,,,,,,,,,,,,,,,,,,,,,,,,,,,,,,,,,,,,,,
SWHC049-09 SEER Rated AC HP_SFm_New/runs/CZ04/SFm&2&rDXHP&New&dxHP_equip/RE-dxHP_eq-pkgSEER-15.2-SEER2-7.7-HSPF2/instance-out.sql,CZ04,SFm,2,rDXHP,New,dxHP_equip,,RE-dxHP_eq-pkgSEER-15.2-SEER2-7.7-HSPF2,SFm&2&rDXHP&New&dxHP_equip,RE-dxHP_eq-pkgSEER-15.2-SEER2-7.7-HSPF2,,,,,,,,,,,,,,,,,,,,,,,,,,,,,,,,,,,,,,,
SWHC049-09 SEER Rated AC HP_SFm_New/runs/CZ04/SFm&2&rDXHP&New&dxHP_equip/RE-dxHP_eq-pkgSEER-16.0-SEER2-8.0-HSPF2/instance-out.sql,CZ04,SFm,2,rDXHP,New,dxHP_equip,,RE-dxHP_eq-pkgSEER-16.0-SEER2-8.0-HSPF2,SFm&2&rDXHP&New&dxHP_equip,RE-dxHP_eq-pkgSEER-16.0-SEER2-8.0-HSPF2,,,,,,,,,,,,,,,,,,,,,,,,,,,,,,,,,,,,,,,
SWHC049-09 SEER Rated AC HP_SFm_New/runs/CZ04/SFm&2&rDXHP&New&dxHP_equip/RE-dxHP_eq-pkgSEER-17.8-SEER2-8.1-HSPF2/instance-out.sql,CZ04,SFm,2,rDXHP,New,dxHP_equip,,RE-dxHP_eq-pkgSEER-17.8-SEER2-8.1-HSPF2,SFm&2&rDXHP&New&dxHP_equip,RE-dxHP_eq-pkgSEER-17.8-SEER2-8.1-HSPF2,,,,,,,,,,,,,,,,,,,,,,,,,,,,,,,,,,,,,,,
SWHC049-09 SEER Rated AC HP_SFm_New/runs/CZ04/SFm&2&rDXHP&New&dxHP_equip/RE-dxHP_eq-pkgSEER-18.7-SEER2-8.5-HSPF2/instance-out.sql,CZ04,SFm,2,rDXHP,New,dxHP_equip,,RE-dxHP_eq-pkgSEER-18.7-SEER2-8.5-HSPF2,SFm&2&rDXHP&New&dxHP_equip,RE-dxHP_eq-pkgSEER-18.7-SEER2-8.5-HSPF2,,,,,,,,,,,,,,,,,,,,,,,,,,,,,,,,,,,,,,,
SWHC049-09 SEER Rated AC HP_SFm_New/runs/CZ04/SFm&2&rDXHP&New&dxHP_equip/RE-dxHP_eq-pkgSEER-19.6-SEER2-8.9-HSPF2/instance-out.sql,CZ04,SFm,2,rDXHP,New,dxHP_equip,,RE-dxHP_eq-pkgSEER-19.6-SEER2-8.9-HSPF2,SFm&2&rDXHP&New&dxHP_equip,RE-dxHP_eq-pkgSEER-19.6-SEER2-8.9-HSPF2,,,,,,,,,,,,,,,,,,,,,,,,,,,,,,,,,,,,,,,
SWHC049-09 SEER Rated AC HP_SFm_New/runs/CZ04/SFm&1&rDXHP&New&dxHP_equip/RE-dxAC_eq-pkgSEER-12.5-SEER2/instance-out.sql,CZ04,SFm,1,rDXHP,New,dxHP_equip,,RE-dxAC_eq-pkgSEER-12.5-SEER2,SFm&1&rDXHP&New&dxHP_equip,RE-dxAC_eq-pkgSEER-12.5-SEER2,,,,,,,,,,,,,,,,,,,,,,,,,,,,,,,,,,,,,,,
SWHC049-09 SEER Rated AC HP_SFm_New/runs/CZ04/SFm&1&rDXHP&New&dxHP_equip/RE-dxAC_eq-pkgSEER-13.8-SEER2/instance-out.sql,CZ04,SFm,1,rDXHP,New,dxHP_equip,,RE-dxAC_eq-pkgSEER-13.8-SEER2,SFm&1&rDXHP&New&dxHP_equip,RE-dxAC_eq-pkgSEER-13.8-SEER2,,,,,,,,,,,,,,,,,,,,,,,,,,,,,,,,,,,,,,,
SWHC049-09 SEER Rated AC HP_SFm_New/runs/CZ04/SFm&1&rDXHP&New&dxHP_equip/RE-dxAC_eq-pkgSEER-14.3-SEER2/instance-out.sql,CZ04,SFm,1,rDXHP,New,dxHP_equip,,RE-dxAC_eq-pkgSEER-14.3-SEER2,SFm&1&rDXHP&New&dxHP_equip,RE-dxAC_eq-pkgSEER-14.3-SEER2,,,,,,,,,,,,,,,,,,,,,,,,,,,,,,,,,,,,,,,
SWHC049-09 SEER Rated AC HP_SFm_New/runs/CZ04/SFm&1&rDXHP&New&dxHP_equip/RE-dxAC_eq-pkgSEER-15.2-SEER2/instance-out.sql,CZ04,SFm,1,rDXHP,New,dxHP_equip,,RE-dxAC_eq-pkgSEER-15.2-SEER2,SFm&1&rDXHP&New&dxHP_equip,RE-dxAC_eq-pkgSEER-15.2-SEER2,,,,,,,,,,,,,,,,,,,,,,,,,,,,,,,,,,,,,,,
SWHC049-09 SEER Rated AC HP_SFm_New/runs/CZ04/SFm&1&rDXHP&New&dxHP_equip/RE-dxAC_eq-pkgSEER-16.9-SEER2/instance-out.sql,CZ04,SFm,1,rDXHP,New,dxHP_equip,,RE-dxAC_eq-pkgSEER-16.9-SEER2,SFm&1&rDXHP&New&dxHP_equip,RE-dxAC_eq-pkgSEER-16.9-SEER2,,,,,,,,,,,,,,,,,,,,,,,,,,,,,,,,,,,,,,,
SWHC049-09 SEER Rated AC HP_SFm_New/runs/CZ04/SFm&1&rDXHP&New&dxHP_equip/RE-dxAC_eq-pkgSEER-17.8-SEER2/instance-out.sql,CZ04,SFm,1,rDXHP,New,dxHP_equip,,RE-dxAC_eq-pkgSEER-17.8-SEER2,SFm&1&rDXHP&New&dxHP_equip,RE-dxAC_eq-pkgSEER-17.8-SEER2,,,,,,,,,,,,,,,,,,,,,,,,,,,,,,,,,,,,,,,
SWHC049-09 SEER Rated AC HP_SFm_New/runs/CZ04/SFm&1&rDXHP&New&dxHP_equip/RE-dxAC_eq-pkgSEER-18.7-SEER2/instance-out.sql,CZ04,SFm,1,rDXHP,New,dxHP_equip,,RE-dxAC_eq-pkgSEER-18.7-SEER2,SFm&1&rDXHP&New&dxHP_equip,RE-dxAC_eq-pkgSEER-18.7-SEER2,,,,,,,,,,,,,,,,,,,,,,,,,,,,,,,,,,,,,,,
SWHC049-09 SEER Rated AC HP_SFm_New/runs/CZ04/SFm&1&rDXHP&New&dxHP_equip/RE-dxAC_eq-pkgSEER-19.6-SEER2/instance-out.sql,CZ04,SFm,1,rDXHP,New,dxHP_equip,,RE-dxAC_eq-pkgSEER-19.6-SEER2,SFm&1&rDXHP&New&dxHP_equip,RE-dxAC_eq-pkgSEER-19.6-SEER2,,,,,,,,,,,,,,,,,,,,,,,,,,,,,,,,,,,,,,,
SWHC049-09 SEER Rated AC HP_SFm_New/runs/CZ04/SFm&1&rDXHP&New&dxHP_equip/RE-dxHP_eq-pkgSEER-12.5-SEER2-6.4-HSPF2/instance-out.sql,CZ04,SFm,1,rDXHP,New,dxHP_equip,,RE-dxHP_eq-pkgSEER-12.5-SEER2-6.4-HSPF2,SFm&1&rDXHP&New&dxHP_equip,RE-dxHP_eq-pkgSEER-12.5-SEER2-6.4-HSPF2,,,,,,,,,,,,,,,,,,,,,,,,,,,,,,,,,,,,,,,
SWHC049-09 SEER Rated AC HP_SFm_New/runs/CZ04/SFm&1&rDXHP&New&dxHP_equip/RE-dxHP_eq-pkgSEER-14.3-SEER2-7.5-HSPF2/instance-out.sql,CZ04,SFm,1,rDXHP,New,dxHP_equip,,RE-dxHP_eq-pkgSEER-14.3-SEER2-7.5-HSPF2,SFm&1&rDXHP&New&dxHP_equip,RE-dxHP_eq-pkgSEER-14.3-SEER2-7.5-HSPF2,,,,,,,,,,,,,,,,,,,,,,,,,,,,,,,,,,,,,,,
SWHC049-09 SEER Rated AC HP_SFm_New/runs/CZ04/SFm&1&rDXHP&New&dxHP_equip/RE-dxHP_eq-pkgSEER-15.2-SEER2-7.7-HSPF2/instance-out.sql,CZ04,SFm,1,rDXHP,New,dxHP_equip,,RE-dxHP_eq-pkgSEER-15.2-SEER2-7.7-HSPF2,SFm&1&rDXHP&New&dxHP_equip,RE-dxHP_eq-pkgSEER-15.2-SEER2-7.7-HSPF2,,,,,,,,,,,,,,,,,,,,,,,,,,,,,,,,,,,,,,,
SWHC049-09 SEER Rated AC HP_SFm_New/runs/CZ04/SFm&1&rDXHP&New&dxHP_equip/RE-dxHP_eq-pkgSEER-16.0-SEER2-8.0-HSPF2/instance-out.sql,CZ04,SFm,1,rDXHP,New,dxHP_equip,,RE-dxHP_eq-pkgSEER-16.0-SEER2-8.0-HSPF2,SFm&1&rDXHP&New&dxHP_equip,RE-dxHP_eq-pkgSEER-16.0-SEER2-8.0-HSPF2,,,,,,,,,,,,,,,,,,,,,,,,,,,,,,,,,,,,,,,
SWHC049-09 SEER Rated AC HP_SFm_New/runs/CZ04/SFm&1&rDXHP&New&dxHP_equip/RE-dxHP_eq-pkgSEER-17.8-SEER2-8.1-HSPF2/instance-out.sql,CZ04,SFm,1,rDXHP,New,dxHP_equip,,RE-dxHP_eq-pkgSEER-17.8-SEER2-8.1-HSPF2,SFm&1&rDXHP&New&dxHP_equip,RE-dxHP_eq-pkgSEER-17.8-SEER2-8.1-HSPF2,,,,,,,,,,,,,,,,,,,,,,,,,,,,,,,,,,,,,,,
SWHC049-09 SEER Rated AC HP_SFm_New/runs/CZ04/SFm&1&rDXHP&New&dxHP_equip/RE-dxHP_eq-pkgSEER-18.7-SEER2-8.5-HSPF2/instance-out.sql,CZ04,SFm,1,rDXHP,New,dxHP_equip,,RE-dxHP_eq-pkgSEER-18.7-SEER2-8.5-HSPF2,SFm&1&rDXHP&New&dxHP_equip,RE-dxHP_eq-pkgSEER-18.7-SEER2-8.5-HSPF2,,,,,,,,,,,,,,,,,,,,,,,,,,,,,,,,,,,,,,,
SWHC049-09 SEER Rated AC HP_SFm_New/runs/CZ04/SFm&1&rDXHP&New&dxHP_equip/RE-dxHP_eq-pkgSEER-19.6-SEER2-8.9-HSPF2/instance-out.sql,CZ04,SFm,1,rDXHP,New,dxHP_equip,,RE-dxHP_eq-pkgSEER-19.6-SEER2-8.9-HSPF2,SFm&1&rDXHP&New&dxHP_equip,RE-dxHP_eq-pkgSEER-19.6-SEER2-8.9-HSPF2,,,,,,,,,,,,,,,,,,,,,,,,,,,,,,,,,,,,,,,
SWHC049-09 SEER Rated AC HP_SFm_New/runs/CZ03/SFm&2&rDXHP&New&dxHP_equip/RE-dxAC_eq-pkgSEER-12.5-SEER2/instance-out.sql,CZ03,SFm,2,rDXHP,New,dxHP_equip,,RE-dxAC_eq-pkgSEER-12.5-SEER2,SFm&2&rDXHP&New&dxHP_equip,RE-dxAC_eq-pkgSEER-12.5-SEER2,,,,,,,,,,,,,,,,,,,,,,,,,,,,,,,,,,,,,,,
SWHC049-09 SEER Rated AC HP_SFm_New/runs/CZ03/SFm&2&rDXHP&New&dxHP_equip/RE-dxAC_eq-pkgSEER-13.8-SEER2/instance-out.sql,CZ03,SFm,2,rDXHP,New,dxHP_equip,,RE-dxAC_eq-pkgSEER-13.8-SEER2,SFm&2&rDXHP&New&dxHP_equip,RE-dxAC_eq-pkgSEER-13.8-SEER2,,,,,,,,,,,,,,,,,,,,,,,,,,,,,,,,,,,,,,,
SWHC049-09 SEER Rated AC HP_SFm_New/runs/CZ03/SFm&2&rDXHP&New&dxHP_equip/RE-dxAC_eq-pkgSEER-14.3-SEER2/instance-out.sql,CZ03,SFm,2,rDXHP,New,dxHP_equip,,RE-dxAC_eq-pkgSEER-14.3-SEER2,SFm&2&rDXHP&New&dxHP_equip,RE-dxAC_eq-pkgSEER-14.3-SEER2,,,,,,,,,,,,,,,,,,,,,,,,,,,,,,,,,,,,,,,
SWHC049-09 SEER Rated AC HP_SFm_New/runs/CZ03/SFm&2&rDXHP&New&dxHP_equip/RE-dxAC_eq-pkgSEER-15.2-SEER2/instance-out.sql,CZ03,SFm,2,rDXHP,New,dxHP_equip,,RE-dxAC_eq-pkgSEER-15.2-SEER2,SFm&2&rDXHP&New&dxHP_equip,RE-dxAC_eq-pkgSEER-15.2-SEER2,,,,,,,,,,,,,,,,,,,,,,,,,,,,,,,,,,,,,,,
SWHC049-09 SEER Rated AC HP_SFm_New/runs/CZ03/SFm&2&rDXHP&New&dxHP_equip/RE-dxAC_eq-pkgSEER-16.9-SEER2/instance-out.sql,CZ03,SFm,2,rDXHP,New,dxHP_equip,,RE-dxAC_eq-pkgSEER-16.9-SEER2,SFm&2&rDXHP&New&dxHP_equip,RE-dxAC_eq-pkgSEER-16.9-SEER2,,,,,,,,,,,,,,,,,,,,,,,,,,,,,,,,,,,,,,,
SWHC049-09 SEER Rated AC HP_SFm_New/runs/CZ03/SFm&2&rDXHP&New&dxHP_equip/RE-dxAC_eq-pkgSEER-17.8-SEER2/instance-out.sql,CZ03,SFm,2,rDXHP,New,dxHP_equip,,RE-dxAC_eq-pkgSEER-17.8-SEER2,SFm&2&rDXHP&New&dxHP_equip,RE-dxAC_eq-pkgSEER-17.8-SEER2,,,,,,,,,,,,,,,,,,,,,,,,,,,,,,,,,,,,,,,
SWHC049-09 SEER Rated AC HP_SFm_New/runs/CZ03/SFm&2&rDXHP&New&dxHP_equip/RE-dxAC_eq-pkgSEER-18.7-SEER2/instance-out.sql,CZ03,SFm,2,rDXHP,New,dxHP_equip,,RE-dxAC_eq-pkgSEER-18.7-SEER2,SFm&2&rDXHP&New&dxHP_equip,RE-dxAC_eq-pkgSEER-18.7-SEER2,,,,,,,,,,,,,,,,,,,,,,,,,,,,,,,,,,,,,,,
SWHC049-09 SEER Rated AC HP_SFm_New/runs/CZ03/SFm&2&rDXHP&New&dxHP_equip/RE-dxAC_eq-pkgSEER-19.6-SEER2/instance-out.sql,CZ03,SFm,2,rDXHP,New,dxHP_equip,,RE-dxAC_eq-pkgSEER-19.6-SEER2,SFm&2&rDXHP&New&dxHP_equip,RE-dxAC_eq-pkgSEER-19.6-SEER2,,,,,,,,,,,,,,,,,,,,,,,,,,,,,,,,,,,,,,,
SWHC049-09 SEER Rated AC HP_SFm_New/runs/CZ03/SFm&2&rDXHP&New&dxHP_equip/RE-dxHP_eq-pkgSEER-12.5-SEER2-6.4-HSPF2/instance-out.sql,CZ03,SFm,2,rDXHP,New,dxHP_equip,,RE-dxHP_eq-pkgSEER-12.5-SEER2-6.4-HSPF2,SFm&2&rDXHP&New&dxHP_equip,RE-dxHP_eq-pkgSEER-12.5-SEER2-6.4-HSPF2,,,,,,,,,,,,,,,,,,,,,,,,,,,,,,,,,,,,,,,
SWHC049-09 SEER Rated AC HP_SFm_New/runs/CZ03/SFm&2&rDXHP&New&dxHP_equip/RE-dxHP_eq-pkgSEER-14.3-SEER2-7.5-HSPF2/instance-out.sql,CZ03,SFm,2,rDXHP,New,dxHP_equip,,RE-dxHP_eq-pkgSEER-14.3-SEER2-7.5-HSPF2,SFm&2&rDXHP&New&dxHP_equip,RE-dxHP_eq-pkgSEER-14.3-SEER2-7.5-HSPF2,,,,,,,,,,,,,,,,,,,,,,,,,,,,,,,,,,,,,,,
SWHC049-09 SEER Rated AC HP_SFm_New/runs/CZ03/SFm&2&rDXHP&New&dxHP_equip/RE-dxHP_eq-pkgSEER-15.2-SEER2-7.7-HSPF2/instance-out.sql,CZ03,SFm,2,rDXHP,New,dxHP_equip,,RE-dxHP_eq-pkgSEER-15.2-SEER2-7.7-HSPF2,SFm&2&rDXHP&New&dxHP_equip,RE-dxHP_eq-pkgSEER-15.2-SEER2-7.7-HSPF2,,,,,,,,,,,,,,,,,,,,,,,,,,,,,,,,,,,,,,,
SWHC049-09 SEER Rated AC HP_SFm_New/runs/CZ03/SFm&2&rDXHP&New&dxHP_equip/RE-dxHP_eq-pkgSEER-16.0-SEER2-8.0-HSPF2/instance-out.sql,CZ03,SFm,2,rDXHP,New,dxHP_equip,,RE-dxHP_eq-pkgSEER-16.0-SEER2-8.0-HSPF2,SFm&2&rDXHP&New&dxHP_equip,RE-dxHP_eq-pkgSEER-16.0-SEER2-8.0-HSPF2,,,,,,,,,,,,,,,,,,,,,,,,,,,,,,,,,,,,,,,
SWHC049-09 SEER Rated AC HP_SFm_New/runs/CZ03/SFm&2&rDXHP&New&dxHP_equip/RE-dxHP_eq-pkgSEER-17.8-SEER2-8.1-HSPF2/instance-out.sql,CZ03,SFm,2,rDXHP,New,dxHP_equip,,RE-dxHP_eq-pkgSEER-17.8-SEER2-8.1-HSPF2,SFm&2&rDXHP&New&dxHP_equip,RE-dxHP_eq-pkgSEER-17.8-SEER2-8.1-HSPF2,,,,,,,,,,,,,,,,,,,,,,,,,,,,,,,,,,,,,,,
SWHC049-09 SEER Rated AC HP_SFm_New/runs/CZ03/SFm&2&rDXHP&New&dxHP_equip/RE-dxHP_eq-pkgSEER-18.7-SEER2-8.5-HSPF2/instance-out.sql,CZ03,SFm,2,rDXHP,New,dxHP_equip,,RE-dxHP_eq-pkgSEER-18.7-SEER2-8.5-HSPF2,SFm&2&rDXHP&New&dxHP_equip,RE-dxHP_eq-pkgSEER-18.7-SEER2-8.5-HSPF2,,,,,,,,,,,,,,,,,,,,,,,,,,,,,,,,,,,,,,,
SWHC049-09 SEER Rated AC HP_SFm_New/runs/CZ03/SFm&2&rDXHP&New&dxHP_equip/RE-dxHP_eq-pkgSEER-19.6-SEER2-8.9-HSPF2/instance-out.sql,CZ03,SFm,2,rDXHP,New,dxHP_equip,,RE-dxHP_eq-pkgSEER-19.6-SEER2-8.9-HSPF2,SFm&2&rDXHP&New&dxHP_equip,RE-dxHP_eq-pkgSEER-19.6-SEER2-8.9-HSPF2,,,,,,,,,,,,,,,,,,,,,,,,,,,,,,,,,,,,,,,
SWHC049-09 SEER Rated AC HP_SFm_New/runs/CZ03/SFm&1&rDXHP&New&dxHP_equip/RE-dxAC_eq-pkgSEER-12.5-SEER2/instance-out.sql,CZ03,SFm,1,rDXHP,New,dxHP_equip,,RE-dxAC_eq-pkgSEER-12.5-SEER2,SFm&1&rDXHP&New&dxHP_equip,RE-dxAC_eq-pkgSEER-12.5-SEER2,,,,,,,,,,,,,,,,,,,,,,,,,,,,,,,,,,,,,,,
SWHC049-09 SEER Rated AC HP_SFm_New/runs/CZ03/SFm&1&rDXHP&New&dxHP_equip/RE-dxAC_eq-pkgSEER-13.8-SEER2/instance-out.sql,CZ03,SFm,1,rDXHP,New,dxHP_equip,,RE-dxAC_eq-pkgSEER-13.8-SEER2,SFm&1&rDXHP&New&dxHP_equip,RE-dxAC_eq-pkgSEER-13.8-SEER2,,,,,,,,,,,,,,,,,,,,,,,,,,,,,,,,,,,,,,,
SWHC049-09 SEER Rated AC HP_SFm_New/runs/CZ03/SFm&1&rDXHP&New&dxHP_equip/RE-dxAC_eq-pkgSEER-14.3-SEER2/instance-out.sql,CZ03,SFm,1,rDXHP,New,dxHP_equip,,RE-dxAC_eq-pkgSEER-14.3-SEER2,SFm&1&rDXHP&New&dxHP_equip,RE-dxAC_eq-pkgSEER-14.3-SEER2,,,,,,,,,,,,,,,,,,,,,,,,,,,,,,,,,,,,,,,
SWHC049-09 SEER Rated AC HP_SFm_New/runs/CZ03/SFm&1&rDXHP&New&dxHP_equip/RE-dxAC_eq-pkgSEER-15.2-SEER2/instance-out.sql,CZ03,SFm,1,rDXHP,New,dxHP_equip,,RE-dxAC_eq-pkgSEER-15.2-SEER2,SFm&1&rDXHP&New&dxHP_equip,RE-dxAC_eq-pkgSEER-15.2-SEER2,,,,,,,,,,,,,,,,,,,,,,,,,,,,,,,,,,,,,,,
SWHC049-09 SEER Rated AC HP_SFm_New/runs/CZ03/SFm&1&rDXHP&New&dxHP_equip/RE-dxAC_eq-pkgSEER-16.9-SEER2/instance-out.sql,CZ03,SFm,1,rDXHP,New,dxHP_equip,,RE-dxAC_eq-pkgSEER-16.9-SEER2,SFm&1&rDXHP&New&dxHP_equip,RE-dxAC_eq-pkgSEER-16.9-SEER2,,,,,,,,,,,,,,,,,,,,,,,,,,,,,,,,,,,,,,,
SWHC049-09 SEER Rated AC HP_SFm_New/runs/CZ03/SFm&1&rDXHP&New&dxHP_equip/RE-dxAC_eq-pkgSEER-17.8-SEER2/instance-out.sql,CZ03,SFm,1,rDXHP,New,dxHP_equip,,RE-dxAC_eq-pkgSEER-17.8-SEER2,SFm&1&rDXHP&New&dxHP_equip,RE-dxAC_eq-pkgSEER-17.8-SEER2,,,,,,,,,,,,,,,,,,,,,,,,,,,,,,,,,,,,,,,
SWHC049-09 SEER Rated AC HP_SFm_New/runs/CZ03/SFm&1&rDXHP&New&dxHP_equip/RE-dxAC_eq-pkgSEER-18.7-SEER2/instance-out.sql,CZ03,SFm,1,rDXHP,New,dxHP_equip,,RE-dxAC_eq-pkgSEER-18.7-SEER2,SFm&1&rDXHP&New&dxHP_equip,RE-dxAC_eq-pkgSEER-18.7-SEER2,,,,,,,,,,,,,,,,,,,,,,,,,,,,,,,,,,,,,,,
SWHC049-09 SEER Rated AC HP_SFm_New/runs/CZ03/SFm&1&rDXHP&New&dxHP_equip/RE-dxAC_eq-pkgSEER-19.6-SEER2/instance-out.sql,CZ03,SFm,1,rDXHP,New,dxHP_equip,,RE-dxAC_eq-pkgSEER-19.6-SEER2,SFm&1&rDXHP&New&dxHP_equip,RE-dxAC_eq-pkgSEER-19.6-SEER2,,,,,,,,,,,,,,,,,,,,,,,,,,,,,,,,,,,,,,,
SWHC049-09 SEER Rated AC HP_SFm_New/runs/CZ03/SFm&1&rDXHP&New&dxHP_equip/RE-dxHP_eq-pkgSEER-12.5-SEER2-6.4-HSPF2/instance-out.sql,CZ03,SFm,1,rDXHP,New,dxHP_equip,,RE-dxHP_eq-pkgSEER-12.5-SEER2-6.4-HSPF2,SFm&1&rDXHP&New&dxHP_equip,RE-dxHP_eq-pkgSEER-12.5-SEER2-6.4-HSPF2,,,,,,,,,,,,,,,,,,,,,,,,,,,,,,,,,,,,,,,
SWHC049-09 SEER Rated AC HP_SFm_New/runs/CZ03/SFm&1&rDXHP&New&dxHP_equip/RE-dxHP_eq-pkgSEER-14.3-SEER2-7.5-HSPF2/instance-out.sql,CZ03,SFm,1,rDXHP,New,dxHP_equip,,RE-dxHP_eq-pkgSEER-14.3-SEER2-7.5-HSPF2,SFm&1&rDXHP&New&dxHP_equip,RE-dxHP_eq-pkgSEER-14.3-SEER2-7.5-HSPF2,,,,,,,,,,,,,,,,,,,,,,,,,,,,,,,,,,,,,,,
SWHC049-09 SEER Rated AC HP_SFm_New/runs/CZ03/SFm&1&rDXHP&New&dxHP_equip/RE-dxHP_eq-pkgSEER-15.2-SEER2-7.7-HSPF2/instance-out.sql,CZ03,SFm,1,rDXHP,New,dxHP_equip,,RE-dxHP_eq-pkgSEER-15.2-SEER2-7.7-HSPF2,SFm&1&rDXHP&New&dxHP_equip,RE-dxHP_eq-pkgSEER-15.2-SEER2-7.7-HSPF2,,,,,,,,,,,,,,,,,,,,,,,,,,,,,,,,,,,,,,,
SWHC049-09 SEER Rated AC HP_SFm_New/runs/CZ03/SFm&1&rDXHP&New&dxHP_equip/RE-dxHP_eq-pkgSEER-16.0-SEER2-8.0-HSPF2/instance-out.sql,CZ03,SFm,1,rDXHP,New,dxHP_equip,,RE-dxHP_eq-pkgSEER-16.0-SEER2-8.0-HSPF2,SFm&1&rDXHP&New&dxHP_equip,RE-dxHP_eq-pkgSEER-16.0-SEER2-8.0-HSPF2,,,,,,,,,,,,,,,,,,,,,,,,,,,,,,,,,,,,,,,
SWHC049-09 SEER Rated AC HP_SFm_New/runs/CZ03/SFm&1&rDXHP&New&dxHP_equip/RE-dxHP_eq-pkgSEER-17.8-SEER2-8.1-HSPF2/instance-out.sql,CZ03,SFm,1,rDXHP,New,dxHP_equip,,RE-dxHP_eq-pkgSEER-17.8-SEER2-8.1-HSPF2,SFm&1&rDXHP&New&dxHP_equip,RE-dxHP_eq-pkgSEER-17.8-SEER2-8.1-HSPF2,,,,,,,,,,,,,,,,,,,,,,,,,,,,,,,,,,,,,,,
SWHC049-09 SEER Rated AC HP_SFm_New/runs/CZ03/SFm&1&rDXHP&New&dxHP_equip/RE-dxHP_eq-pkgSEER-18.7-SEER2-8.5-HSPF2/instance-out.sql,CZ03,SFm,1,rDXHP,New,dxHP_equip,,RE-dxHP_eq-pkgSEER-18.7-SEER2-8.5-HSPF2,SFm&1&rDXHP&New&dxHP_equip,RE-dxHP_eq-pkgSEER-18.7-SEER2-8.5-HSPF2,,,,,,,,,,,,,,,,,,,,,,,,,,,,,,,,,,,,,,,
SWHC049-09 SEER Rated AC HP_SFm_New/runs/CZ03/SFm&1&rDXHP&New&dxHP_equip/RE-dxHP_eq-pkgSEER-19.6-SEER2-8.9-HSPF2/instance-out.sql,CZ03,SFm,1,rDXHP,New,dxHP_equip,,RE-dxHP_eq-pkgSEER-19.6-SEER2-8.9-HSPF2,SFm&1&rDXHP&New&dxHP_equip,RE-dxHP_eq-pkgSEER-19.6-SEER2-8.9-HSPF2,,,,,,,,,,,,,,,,,,,,,,,,,,,,,,,,,,,,,,,
SWHC049-09 SEER Rated AC HP_SFm_New/runs/CZ02/SFm&2&rDXHP&New&dxHP_equip/RE-dxAC_eq-pkgSEER-12.5-SEER2/instance-out.sql,CZ02,SFm,2,rDXHP,New,dxHP_equip,,RE-dxAC_eq-pkgSEER-12.5-SEER2,SFm&2&rDXHP&New&dxHP_equip,RE-dxAC_eq-pkgSEER-12.5-SEER2,,,,,,,,,,,,,,,,,,,,,,,,,,,,,,,,,,,,,,,
SWHC049-09 SEER Rated AC HP_SFm_New/runs/CZ02/SFm&2&rDXHP&New&dxHP_equip/RE-dxAC_eq-pkgSEER-13.8-SEER2/instance-out.sql,CZ02,SFm,2,rDXHP,New,dxHP_equip,,RE-dxAC_eq-pkgSEER-13.8-SEER2,SFm&2&rDXHP&New&dxHP_equip,RE-dxAC_eq-pkgSEER-13.8-SEER2,,,,,,,,,,,,,,,,,,,,,,,,,,,,,,,,,,,,,,,
SWHC049-09 SEER Rated AC HP_SFm_New/runs/CZ02/SFm&2&rDXHP&New&dxHP_equip/RE-dxAC_eq-pkgSEER-14.3-SEER2/instance-out.sql,CZ02,SFm,2,rDXHP,New,dxHP_equip,,RE-dxAC_eq-pkgSEER-14.3-SEER2,SFm&2&rDXHP&New&dxHP_equip,RE-dxAC_eq-pkgSEER-14.3-SEER2,,,,,,,,,,,,,,,,,,,,,,,,,,,,,,,,,,,,,,,
SWHC049-09 SEER Rated AC HP_SFm_New/runs/CZ02/SFm&2&rDXHP&New&dxHP_equip/RE-dxAC_eq-pkgSEER-15.2-SEER2/instance-out.sql,CZ02,SFm,2,rDXHP,New,dxHP_equip,,RE-dxAC_eq-pkgSEER-15.2-SEER2,SFm&2&rDXHP&New&dxHP_equip,RE-dxAC_eq-pkgSEER-15.2-SEER2,,,,,,,,,,,,,,,,,,,,,,,,,,,,,,,,,,,,,,,
SWHC049-09 SEER Rated AC HP_SFm_New/runs/CZ02/SFm&2&rDXHP&New&dxHP_equip/RE-dxAC_eq-pkgSEER-16.9-SEER2/instance-out.sql,CZ02,SFm,2,rDXHP,New,dxHP_equip,,RE-dxAC_eq-pkgSEER-16.9-SEER2,SFm&2&rDXHP&New&dxHP_equip,RE-dxAC_eq-pkgSEER-16.9-SEER2,,,,,,,,,,,,,,,,,,,,,,,,,,,,,,,,,,,,,,,
SWHC049-09 SEER Rated AC HP_SFm_New/runs/CZ02/SFm&2&rDXHP&New&dxHP_equip/RE-dxAC_eq-pkgSEER-17.8-SEER2/instance-out.sql,CZ02,SFm,2,rDXHP,New,dxHP_equip,,RE-dxAC_eq-pkgSEER-17.8-SEER2,SFm&2&rDXHP&New&dxHP_equip,RE-dxAC_eq-pkgSEER-17.8-SEER2,,,,,,,,,,,,,,,,,,,,,,,,,,,,,,,,,,,,,,,
SWHC049-09 SEER Rated AC HP_SFm_New/runs/CZ02/SFm&2&rDXHP&New&dxHP_equip/RE-dxAC_eq-pkgSEER-18.7-SEER2/instance-out.sql,CZ02,SFm,2,rDXHP,New,dxHP_equip,,RE-dxAC_eq-pkgSEER-18.7-SEER2,SFm&2&rDXHP&New&dxHP_equip,RE-dxAC_eq-pkgSEER-18.7-SEER2,,,,,,,,,,,,,,,,,,,,,,,,,,,,,,,,,,,,,,,
SWHC049-09 SEER Rated AC HP_SFm_New/runs/CZ02/SFm&2&rDXHP&New&dxHP_equip/RE-dxAC_eq-pkgSEER-19.6-SEER2/instance-out.sql,CZ02,SFm,2,rDXHP,New,dxHP_equip,,RE-dxAC_eq-pkgSEER-19.6-SEER2,SFm&2&rDXHP&New&dxHP_equip,RE-dxAC_eq-pkgSEER-19.6-SEER2,,,,,,,,,,,,,,,,,,,,,,,,,,,,,,,,,,,,,,,
SWHC049-09 SEER Rated AC HP_SFm_New/runs/CZ02/SFm&2&rDXHP&New&dxHP_equip/RE-dxHP_eq-pkgSEER-12.5-SEER2-6.4-HSPF2/instance-out.sql,CZ02,SFm,2,rDXHP,New,dxHP_equip,,RE-dxHP_eq-pkgSEER-12.5-SEER2-6.4-HSPF2,SFm&2&rDXHP&New&dxHP_equip,RE-dxHP_eq-pkgSEER-12.5-SEER2-6.4-HSPF2,,,,,,,,,,,,,,,,,,,,,,,,,,,,,,,,,,,,,,,
SWHC049-09 SEER Rated AC HP_SFm_New/runs/CZ02/SFm&2&rDXHP&New&dxHP_equip/RE-dxHP_eq-pkgSEER-14.3-SEER2-7.5-HSPF2/instance-out.sql,CZ02,SFm,2,rDXHP,New,dxHP_equip,,RE-dxHP_eq-pkgSEER-14.3-SEER2-7.5-HSPF2,SFm&2&rDXHP&New&dxHP_equip,RE-dxHP_eq-pkgSEER-14.3-SEER2-7.5-HSPF2,,,,,,,,,,,,,,,,,,,,,,,,,,,,,,,,,,,,,,,
SWHC049-09 SEER Rated AC HP_SFm_New/runs/CZ02/SFm&2&rDXHP&New&dxHP_equip/RE-dxHP_eq-pkgSEER-15.2-SEER2-7.7-HSPF2/instance-out.sql,CZ02,SFm,2,rDXHP,New,dxHP_equip,,RE-dxHP_eq-pkgSEER-15.2-SEER2-7.7-HSPF2,SFm&2&rDXHP&New&dxHP_equip,RE-dxHP_eq-pkgSEER-15.2-SEER2-7.7-HSPF2,,,,,,,,,,,,,,,,,,,,,,,,,,,,,,,,,,,,,,,
SWHC049-09 SEER Rated AC HP_SFm_New/runs/CZ02/SFm&2&rDXHP&New&dxHP_equip/RE-dxHP_eq-pkgSEER-16.0-SEER2-8.0-HSPF2/instance-out.sql,CZ02,SFm,2,rDXHP,New,dxHP_equip,,RE-dxHP_eq-pkgSEER-16.0-SEER2-8.0-HSPF2,SFm&2&rDXHP&New&dxHP_equip,RE-dxHP_eq-pkgSEER-16.0-SEER2-8.0-HSPF2,,,,,,,,,,,,,,,,,,,,,,,,,,,,,,,,,,,,,,,
SWHC049-09 SEER Rated AC HP_SFm_New/runs/CZ02/SFm&2&rDXHP&New&dxHP_equip/RE-dxHP_eq-pkgSEER-17.8-SEER2-8.1-HSPF2/instance-out.sql,CZ02,SFm,2,rDXHP,New,dxHP_equip,,RE-dxHP_eq-pkgSEER-17.8-SEER2-8.1-HSPF2,SFm&2&rDXHP&New&dxHP_equip,RE-dxHP_eq-pkgSEER-17.8-SEER2-8.1-HSPF2,,,,,,,,,,,,,,,,,,,,,,,,,,,,,,,,,,,,,,,
SWHC049-09 SEER Rated AC HP_SFm_New/runs/CZ02/SFm&2&rDXHP&New&dxHP_equip/RE-dxHP_eq-pkgSEER-18.7-SEER2-8.5-HSPF2/instance-out.sql,CZ02,SFm,2,rDXHP,New,dxHP_equip,,RE-dxHP_eq-pkgSEER-18.7-SEER2-8.5-HSPF2,SFm&2&rDXHP&New&dxHP_equip,RE-dxHP_eq-pkgSEER-18.7-SEER2-8.5-HSPF2,,,,,,,,,,,,,,,,,,,,,,,,,,,,,,,,,,,,,,,
SWHC049-09 SEER Rated AC HP_SFm_New/runs/CZ02/SFm&2&rDXHP&New&dxHP_equip/RE-dxHP_eq-pkgSEER-19.6-SEER2-8.9-HSPF2/instance-out.sql,CZ02,SFm,2,rDXHP,New,dxHP_equip,,RE-dxHP_eq-pkgSEER-19.6-SEER2-8.9-HSPF2,SFm&2&rDXHP&New&dxHP_equip,RE-dxHP_eq-pkgSEER-19.6-SEER2-8.9-HSPF2,,,,,,,,,,,,,,,,,,,,,,,,,,,,,,,,,,,,,,,
SWHC049-09 SEER Rated AC HP_SFm_New/runs/CZ02/SFm&1&rDXHP&New&dxHP_equip/RE-dxAC_eq-pkgSEER-12.5-SEER2/instance-out.sql,CZ02,SFm,1,rDXHP,New,dxHP_equip,,RE-dxAC_eq-pkgSEER-12.5-SEER2,SFm&1&rDXHP&New&dxHP_equip,RE-dxAC_eq-pkgSEER-12.5-SEER2,,,,,,,,,,,,,,,,,,,,,,,,,,,,,,,,,,,,,,,
SWHC049-09 SEER Rated AC HP_SFm_New/runs/CZ02/SFm&1&rDXHP&New&dxHP_equip/RE-dxAC_eq-pkgSEER-13.8-SEER2/instance-out.sql,CZ02,SFm,1,rDXHP,New,dxHP_equip,,RE-dxAC_eq-pkgSEER-13.8-SEER2,SFm&1&rDXHP&New&dxHP_equip,RE-dxAC_eq-pkgSEER-13.8-SEER2,,,,,,,,,,,,,,,,,,,,,,,,,,,,,,,,,,,,,,,
SWHC049-09 SEER Rated AC HP_SFm_New/runs/CZ02/SFm&1&rDXHP&New&dxHP_equip/RE-dxAC_eq-pkgSEER-14.3-SEER2/instance-out.sql,CZ02,SFm,1,rDXHP,New,dxHP_equip,,RE-dxAC_eq-pkgSEER-14.3-SEER2,SFm&1&rDXHP&New&dxHP_equip,RE-dxAC_eq-pkgSEER-14.3-SEER2,,,,,,,,,,,,,,,,,,,,,,,,,,,,,,,,,,,,,,,
SWHC049-09 SEER Rated AC HP_SFm_New/runs/CZ02/SFm&1&rDXHP&New&dxHP_equip/RE-dxAC_eq-pkgSEER-15.2-SEER2/instance-out.sql,CZ02,SFm,1,rDXHP,New,dxHP_equip,,RE-dxAC_eq-pkgSEER-15.2-SEER2,SFm&1&rDXHP&New&dxHP_equip,RE-dxAC_eq-pkgSEER-15.2-SEER2,,,,,,,,,,,,,,,,,,,,,,,,,,,,,,,,,,,,,,,
SWHC049-09 SEER Rated AC HP_SFm_New/runs/CZ02/SFm&1&rDXHP&New&dxHP_equip/RE-dxAC_eq-pkgSEER-16.9-SEER2/instance-out.sql,CZ02,SFm,1,rDXHP,New,dxHP_equip,,RE-dxAC_eq-pkgSEER-16.9-SEER2,SFm&1&rDXHP&New&dxHP_equip,RE-dxAC_eq-pkgSEER-16.9-SEER2,,,,,,,,,,,,,,,,,,,,,,,,,,,,,,,,,,,,,,,
SWHC049-09 SEER Rated AC HP_SFm_New/runs/CZ02/SFm&1&rDXHP&New&dxHP_equip/RE-dxAC_eq-pkgSEER-17.8-SEER2/instance-out.sql,CZ02,SFm,1,rDXHP,New,dxHP_equip,,RE-dxAC_eq-pkgSEER-17.8-SEER2,SFm&1&rDXHP&New&dxHP_equip,RE-dxAC_eq-pkgSEER-17.8-SEER2,,,,,,,,,,,,,,,,,,,,,,,,,,,,,,,,,,,,,,,
SWHC049-09 SEER Rated AC HP_SFm_New/runs/CZ02/SFm&1&rDXHP&New&dxHP_equip/RE-dxAC_eq-pkgSEER-18.7-SEER2/instance-out.sql,CZ02,SFm,1,rDXHP,New,dxHP_equip,,RE-dxAC_eq-pkgSEER-18.7-SEER2,SFm&1&rDXHP&New&dxHP_equip,RE-dxAC_eq-pkgSEER-18.7-SEER2,,,,,,,,,,,,,,,,,,,,,,,,,,,,,,,,,,,,,,,
SWHC049-09 SEER Rated AC HP_SFm_New/runs/CZ02/SFm&1&rDXHP&New&dxHP_equip/RE-dxAC_eq-pkgSEER-19.6-SEER2/instance-out.sql,CZ02,SFm,1,rDXHP,New,dxHP_equip,,RE-dxAC_eq-pkgSEER-19.6-SEER2,SFm&1&rDXHP&New&dxHP_equip,RE-dxAC_eq-pkgSEER-19.6-SEER2,,,,,,,,,,,,,,,,,,,,,,,,,,,,,,,,,,,,,,,
SWHC049-09 SEER Rated AC HP_SFm_New/runs/CZ02/SFm&1&rDXHP&New&dxHP_equip/RE-dxHP_eq-pkgSEER-12.5-SEER2-6.4-HSPF2/instance-out.sql,CZ02,SFm,1,rDXHP,New,dxHP_equip,,RE-dxHP_eq-pkgSEER-12.5-SEER2-6.4-HSPF2,SFm&1&rDXHP&New&dxHP_equip,RE-dxHP_eq-pkgSEER-12.5-SEER2-6.4-HSPF2,,,,,,,,,,,,,,,,,,,,,,,,,,,,,,,,,,,,,,,
SWHC049-09 SEER Rated AC HP_SFm_New/runs/CZ02/SFm&1&rDXHP&New&dxHP_equip/RE-dxHP_eq-pkgSEER-14.3-SEER2-7.5-HSPF2/instance-out.sql,CZ02,SFm,1,rDXHP,New,dxHP_equip,,RE-dxHP_eq-pkgSEER-14.3-SEER2-7.5-HSPF2,SFm&1&rDXHP&New&dxHP_equip,RE-dxHP_eq-pkgSEER-14.3-SEER2-7.5-HSPF2,,,,,,,,,,,,,,,,,,,,,,,,,,,,,,,,,,,,,,,
SWHC049-09 SEER Rated AC HP_SFm_New/runs/CZ02/SFm&1&rDXHP&New&dxHP_equip/RE-dxHP_eq-pkgSEER-15.2-SEER2-7.7-HSPF2/instance-out.sql,CZ02,SFm,1,rDXHP,New,dxHP_equip,,RE-dxHP_eq-pkgSEER-15.2-SEER2-7.7-HSPF2,SFm&1&rDXHP&New&dxHP_equip,RE-dxHP_eq-pkgSEER-15.2-SEER2-7.7-HSPF2,,,,,,,,,,,,,,,,,,,,,,,,,,,,,,,,,,,,,,,
SWHC049-09 SEER Rated AC HP_SFm_New/runs/CZ02/SFm&1&rDXHP&New&dxHP_equip/RE-dxHP_eq-pkgSEER-16.0-SEER2-8.0-HSPF2/instance-out.sql,CZ02,SFm,1,rDXHP,New,dxHP_equip,,RE-dxHP_eq-pkgSEER-16.0-SEER2-8.0-HSPF2,SFm&1&rDXHP&New&dxHP_equip,RE-dxHP_eq-pkgSEER-16.0-SEER2-8.0-HSPF2,,,,,,,,,,,,,,,,,,,,,,,,,,,,,,,,,,,,,,,
SWHC049-09 SEER Rated AC HP_SFm_New/runs/CZ02/SFm&1&rDXHP&New&dxHP_equip/RE-dxHP_eq-pkgSEER-17.8-SEER2-8.1-HSPF2/instance-out.sql,CZ02,SFm,1,rDXHP,New,dxHP_equip,,RE-dxHP_eq-pkgSEER-17.8-SEER2-8.1-HSPF2,SFm&1&rDXHP&New&dxHP_equip,RE-dxHP_eq-pkgSEER-17.8-SEER2-8.1-HSPF2,,,,,,,,,,,,,,,,,,,,,,,,,,,,,,,,,,,,,,,
SWHC049-09 SEER Rated AC HP_SFm_New/runs/CZ02/SFm&1&rDXHP&New&dxHP_equip/RE-dxHP_eq-pkgSEER-18.7-SEER2-8.5-HSPF2/instance-out.sql,CZ02,SFm,1,rDXHP,New,dxHP_equip,,RE-dxHP_eq-pkgSEER-18.7-SEER2-8.5-HSPF2,SFm&1&rDXHP&New&dxHP_equip,RE-dxHP_eq-pkgSEER-18.7-SEER2-8.5-HSPF2,,,,,,,,,,,,,,,,,,,,,,,,,,,,,,,,,,,,,,,
SWHC049-09 SEER Rated AC HP_SFm_New/runs/CZ02/SFm&1&rDXHP&New&dxHP_equip/RE-dxHP_eq-pkgSEER-19.6-SEER2-8.9-HSPF2/instance-out.sql,CZ02,SFm,1,rDXHP,New,dxHP_equip,,RE-dxHP_eq-pkgSEER-19.6-SEER2-8.9-HSPF2,SFm&1&rDXHP&New&dxHP_equip,RE-dxHP_eq-pkgSEER-19.6-SEER2-8.9-HSPF2,,,,,,,,,,,,,,,,,,,,,,,,,,,,,,,,,,,,,,,
SWHC049-09 SEER Rated AC HP_SFm_New/runs/CZ01/SFm&2&rDXHP&New&dxHP_equip/RE-dxAC_eq-pkgSEER-12.5-SEER2/instance-out.sql,CZ01,SFm,2,rDXHP,New,dxHP_equip,,RE-dxAC_eq-pkgSEER-12.5-SEER2,SFm&2&rDXHP&New&dxHP_equip,RE-dxAC_eq-pkgSEER-12.5-SEER2,,,,,,,,,,,,,,,,,,,,,,,,,,,,,,,,,,,,,,,
SWHC049-09 SEER Rated AC HP_SFm_New/runs/CZ01/SFm&2&rDXHP&New&dxHP_equip/RE-dxAC_eq-pkgSEER-13.8-SEER2/instance-out.sql,CZ01,SFm,2,rDXHP,New,dxHP_equip,,RE-dxAC_eq-pkgSEER-13.8-SEER2,SFm&2&rDXHP&New&dxHP_equip,RE-dxAC_eq-pkgSEER-13.8-SEER2,,,,,,,,,,,,,,,,,,,,,,,,,,,,,,,,,,,,,,,
SWHC049-09 SEER Rated AC HP_SFm_New/runs/CZ01/SFm&2&rDXHP&New&dxHP_equip/RE-dxAC_eq-pkgSEER-14.3-SEER2/instance-out.sql,CZ01,SFm,2,rDXHP,New,dxHP_equip,,RE-dxAC_eq-pkgSEER-14.3-SEER2,SFm&2&rDXHP&New&dxHP_equip,RE-dxAC_eq-pkgSEER-14.3-SEER2,,,,,,,,,,,,,,,,,,,,,,,,,,,,,,,,,,,,,,,
SWHC049-09 SEER Rated AC HP_SFm_New/runs/CZ01/SFm&2&rDXHP&New&dxHP_equip/RE-dxAC_eq-pkgSEER-15.2-SEER2/instance-out.sql,CZ01,SFm,2,rDXHP,New,dxHP_equip,,RE-dxAC_eq-pkgSEER-15.2-SEER2,SFm&2&rDXHP&New&dxHP_equip,RE-dxAC_eq-pkgSEER-15.2-SEER2,,,,,,,,,,,,,,,,,,,,,,,,,,,,,,,,,,,,,,,
SWHC049-09 SEER Rated AC HP_SFm_New/runs/CZ01/SFm&2&rDXHP&New&dxHP_equip/RE-dxAC_eq-pkgSEER-16.9-SEER2/instance-out.sql,CZ01,SFm,2,rDXHP,New,dxHP_equip,,RE-dxAC_eq-pkgSEER-16.9-SEER2,SFm&2&rDXHP&New&dxHP_equip,RE-dxAC_eq-pkgSEER-16.9-SEER2,,,,,,,,,,,,,,,,,,,,,,,,,,,,,,,,,,,,,,,
SWHC049-09 SEER Rated AC HP_SFm_New/runs/CZ01/SFm&2&rDXHP&New&dxHP_equip/RE-dxAC_eq-pkgSEER-17.8-SEER2/instance-out.sql,CZ01,SFm,2,rDXHP,New,dxHP_equip,,RE-dxAC_eq-pkgSEER-17.8-SEER2,SFm&2&rDXHP&New&dxHP_equip,RE-dxAC_eq-pkgSEER-17.8-SEER2,,,,,,,,,,,,,,,,,,,,,,,,,,,,,,,,,,,,,,,
SWHC049-09 SEER Rated AC HP_SFm_New/runs/CZ01/SFm&2&rDXHP&New&dxHP_equip/RE-dxAC_eq-pkgSEER-18.7-SEER2/instance-out.sql,CZ01,SFm,2,rDXHP,New,dxHP_equip,,RE-dxAC_eq-pkgSEER-18.7-SEER2,SFm&2&rDXHP&New&dxHP_equip,RE-dxAC_eq-pkgSEER-18.7-SEER2,,,,,,,,,,,,,,,,,,,,,,,,,,,,,,,,,,,,,,,
SWHC049-09 SEER Rated AC HP_SFm_New/runs/CZ01/SFm&2&rDXHP&New&dxHP_equip/RE-dxAC_eq-pkgSEER-19.6-SEER2/instance-out.sql,CZ01,SFm,2,rDXHP,New,dxHP_equip,,RE-dxAC_eq-pkgSEER-19.6-SEER2,SFm&2&rDXHP&New&dxHP_equip,RE-dxAC_eq-pkgSEER-19.6-SEER2,,,,,,,,,,,,,,,,,,,,,,,,,,,,,,,,,,,,,,,
SWHC049-09 SEER Rated AC HP_SFm_New/runs/CZ01/SFm&2&rDXHP&New&dxHP_equip/RE-dxHP_eq-pkgSEER-12.5-SEER2-6.4-HSPF2/instance-out.sql,CZ01,SFm,2,rDXHP,New,dxHP_equip,,RE-dxHP_eq-pkgSEER-12.5-SEER2-6.4-HSPF2,SFm&2&rDXHP&New&dxHP_equip,RE-dxHP_eq-pkgSEER-12.5-SEER2-6.4-HSPF2,,,,,,,,,,,,,,,,,,,,,,,,,,,,,,,,,,,,,,,
SWHC049-09 SEER Rated AC HP_SFm_New/runs/CZ01/SFm&2&rDXHP&New&dxHP_equip/RE-dxHP_eq-pkgSEER-14.3-SEER2-7.5-HSPF2/instance-out.sql,CZ01,SFm,2,rDXHP,New,dxHP_equip,,RE-dxHP_eq-pkgSEER-14.3-SEER2-7.5-HSPF2,SFm&2&rDXHP&New&dxHP_equip,RE-dxHP_eq-pkgSEER-14.3-SEER2-7.5-HSPF2,,,,,,,,,,,,,,,,,,,,,,,,,,,,,,,,,,,,,,,
SWHC049-09 SEER Rated AC HP_SFm_New/runs/CZ01/SFm&2&rDXHP&New&dxHP_equip/RE-dxHP_eq-pkgSEER-15.2-SEER2-7.7-HSPF2/instance-out.sql,CZ01,SFm,2,rDXHP,New,dxHP_equip,,RE-dxHP_eq-pkgSEER-15.2-SEER2-7.7-HSPF2,SFm&2&rDXHP&New&dxHP_equip,RE-dxHP_eq-pkgSEER-15.2-SEER2-7.7-HSPF2,,,,,,,,,,,,,,,,,,,,,,,,,,,,,,,,,,,,,,,
SWHC049-09 SEER Rated AC HP_SFm_New/runs/CZ01/SFm&2&rDXHP&New&dxHP_equip/RE-dxHP_eq-pkgSEER-16.0-SEER2-8.0-HSPF2/instance-out.sql,CZ01,SFm,2,rDXHP,New,dxHP_equip,,RE-dxHP_eq-pkgSEER-16.0-SEER2-8.0-HSPF2,SFm&2&rDXHP&New&dxHP_equip,RE-dxHP_eq-pkgSEER-16.0-SEER2-8.0-HSPF2,,,,,,,,,,,,,,,,,,,,,,,,,,,,,,,,,,,,,,,
SWHC049-09 SEER Rated AC HP_SFm_New/runs/CZ01/SFm&2&rDXHP&New&dxHP_equip/RE-dxHP_eq-pkgSEER-17.8-SEER2-8.1-HSPF2/instance-out.sql,CZ01,SFm,2,rDXHP,New,dxHP_equip,,RE-dxHP_eq-pkgSEER-17.8-SEER2-8.1-HSPF2,SFm&2&rDXHP&New&dxHP_equip,RE-dxHP_eq-pkgSEER-17.8-SEER2-8.1-HSPF2,,,,,,,,,,,,,,,,,,,,,,,,,,,,,,,,,,,,,,,
SWHC049-09 SEER Rated AC HP_SFm_New/runs/CZ01/SFm&2&rDXHP&New&dxHP_equip/RE-dxHP_eq-pkgSEER-18.7-SEER2-8.5-HSPF2/instance-out.sql,CZ01,SFm,2,rDXHP,New,dxHP_equip,,RE-dxHP_eq-pkgSEER-18.7-SEER2-8.5-HSPF2,SFm&2&rDXHP&New&dxHP_equip,RE-dxHP_eq-pkgSEER-18.7-SEER2-8.5-HSPF2,,,,,,,,,,,,,,,,,,,,,,,,,,,,,,,,,,,,,,,
SWHC049-09 SEER Rated AC HP_SFm_New/runs/CZ01/SFm&2&rDXHP&New&dxHP_equip/RE-dxHP_eq-pkgSEER-19.6-SEER2-8.9-HSPF2/instance-out.sql,CZ01,SFm,2,rDXHP,New,dxHP_equip,,RE-dxHP_eq-pkgSEER-19.6-SEER2-8.9-HSPF2,SFm&2&rDXHP&New&dxHP_equip,RE-dxHP_eq-pkgSEER-19.6-SEER2-8.9-HSPF2,,,,,,,,,,,,,,,,,,,,,,,,,,,,,,,,,,,,,,,
SWHC049-09 SEER Rated AC HP_SFm_New/runs/CZ01/SFm&1&rDXHP&New&dxHP_equip/RE-dxAC_eq-pkgSEER-12.5-SEER2/instance-out.sql,CZ01,SFm,1,rDXHP,New,dxHP_equip,,RE-dxAC_eq-pkgSEER-12.5-SEER2,SFm&1&rDXHP&New&dxHP_equip,RE-dxAC_eq-pkgSEER-12.5-SEER2,,,,,,,,,,,,,,,,,,,,,,,,,,,,,,,,,,,,,,,
SWHC049-09 SEER Rated AC HP_SFm_New/runs/CZ01/SFm&1&rDXHP&New&dxHP_equip/RE-dxAC_eq-pkgSEER-13.8-SEER2/instance-out.sql,CZ01,SFm,1,rDXHP,New,dxHP_equip,,RE-dxAC_eq-pkgSEER-13.8-SEER2,SFm&1&rDXHP&New&dxHP_equip,RE-dxAC_eq-pkgSEER-13.8-SEER2,,,,,,,,,,,,,,,,,,,,,,,,,,,,,,,,,,,,,,,
SWHC049-09 SEER Rated AC HP_SFm_New/runs/CZ01/SFm&1&rDXHP&New&dxHP_equip/RE-dxAC_eq-pkgSEER-14.3-SEER2/instance-out.sql,CZ01,SFm,1,rDXHP,New,dxHP_equip,,RE-dxAC_eq-pkgSEER-14.3-SEER2,SFm&1&rDXHP&New&dxHP_equip,RE-dxAC_eq-pkgSEER-14.3-SEER2,,,,,,,,,,,,,,,,,,,,,,,,,,,,,,,,,,,,,,,
SWHC049-09 SEER Rated AC HP_SFm_New/runs/CZ01/SFm&1&rDXHP&New&dxHP_equip/RE-dxAC_eq-pkgSEER-15.2-SEER2/instance-out.sql,CZ01,SFm,1,rDXHP,New,dxHP_equip,,RE-dxAC_eq-pkgSEER-15.2-SEER2,SFm&1&rDXHP&New&dxHP_equip,RE-dxAC_eq-pkgSEER-15.2-SEER2,,,,,,,,,,,,,,,,,,,,,,,,,,,,,,,,,,,,,,,
SWHC049-09 SEER Rated AC HP_SFm_New/runs/CZ01/SFm&1&rDXHP&New&dxHP_equip/RE-dxAC_eq-pkgSEER-16.9-SEER2/instance-out.sql,CZ01,SFm,1,rDXHP,New,dxHP_equip,,RE-dxAC_eq-pkgSEER-16.9-SEER2,SFm&1&rDXHP&New&dxHP_equip,RE-dxAC_eq-pkgSEER-16.9-SEER2,,,,,,,,,,,,,,,,,,,,,,,,,,,,,,,,,,,,,,,
SWHC049-09 SEER Rated AC HP_SFm_New/runs/CZ01/SFm&1&rDXHP&New&dxHP_equip/RE-dxAC_eq-pkgSEER-17.8-SEER2/instance-out.sql,CZ01,SFm,1,rDXHP,New,dxHP_equip,,RE-dxAC_eq-pkgSEER-17.8-SEER2,SFm&1&rDXHP&New&dxHP_equip,RE-dxAC_eq-pkgSEER-17.8-SEER2,,,,,,,,,,,,,,,,,,,,,,,,,,,,,,,,,,,,,,,
SWHC049-09 SEER Rated AC HP_SFm_New/runs/CZ01/SFm&1&rDXHP&New&dxHP_equip/RE-dxAC_eq-pkgSEER-18.7-SEER2/instance-out.sql,CZ01,SFm,1,rDXHP,New,dxHP_equip,,RE-dxAC_eq-pkgSEER-18.7-SEER2,SFm&1&rDXHP&New&dxHP_equip,RE-dxAC_eq-pkgSEER-18.7-SEER2,,,,,,,,,,,,,,,,,,,,,,,,,,,,,,,,,,,,,,,
SWHC049-09 SEER Rated AC HP_SFm_New/runs/CZ01/SFm&1&rDXHP&New&dxHP_equip/RE-dxAC_eq-pkgSEER-19.6-SEER2/instance-out.sql,CZ01,SFm,1,rDXHP,New,dxHP_equip,,RE-dxAC_eq-pkgSEER-19.6-SEER2,SFm&1&rDXHP&New&dxHP_equip,RE-dxAC_eq-pkgSEER-19.6-SEER2,,,,,,,,,,,,,,,,,,,,,,,,,,,,,,,,,,,,,,,
SWHC049-09 SEER Rated AC HP_SFm_New/runs/CZ01/SFm&1&rDXHP&New&dxHP_equip/RE-dxHP_eq-pkgSEER-12.5-SEER2-6.4-HSPF2/instance-out.sql,CZ01,SFm,1,rDXHP,New,dxHP_equip,,RE-dxHP_eq-pkgSEER-12.5-SEER2-6.4-HSPF2,SFm&1&rDXHP&New&dxHP_equip,RE-dxHP_eq-pkgSEER-12.5-SEER2-6.4-HSPF2,,,,,,,,,,,,,,,,,,,,,,,,,,,,,,,,,,,,,,,
SWHC049-09 SEER Rated AC HP_SFm_New/runs/CZ01/SFm&1&rDXHP&New&dxHP_equip/RE-dxHP_eq-pkgSEER-14.3-SEER2-7.5-HSPF2/instance-out.sql,CZ01,SFm,1,rDXHP,New,dxHP_equip,,RE-dxHP_eq-pkgSEER-14.3-SEER2-7.5-HSPF2,SFm&1&rDXHP&New&dxHP_equip,RE-dxHP_eq-pkgSEER-14.3-SEER2-7.5-HSPF2,,,,,,,,,,,,,,,,,,,,,,,,,,,,,,,,,,,,,,,
SWHC049-09 SEER Rated AC HP_SFm_New/runs/CZ01/SFm&1&rDXHP&New&dxHP_equip/RE-dxHP_eq-pkgSEER-15.2-SEER2-7.7-HSPF2/instance-out.sql,CZ01,SFm,1,rDXHP,New,dxHP_equip,,RE-dxHP_eq-pkgSEER-15.2-SEER2-7.7-HSPF2,SFm&1&rDXHP&New&dxHP_equip,RE-dxHP_eq-pkgSEER-15.2-SEER2-7.7-HSPF2,,,,,,,,,,,,,,,,,,,,,,,,,,,,,,,,,,,,,,,
SWHC049-09 SEER Rated AC HP_SFm_New/runs/CZ01/SFm&1&rDXHP&New&dxHP_equip/RE-dxHP_eq-pkgSEER-16.0-SEER2-8.0-HSPF2/instance-out.sql,CZ01,SFm,1,rDXHP,New,dxHP_equip,,RE-dxHP_eq-pkgSEER-16.0-SEER2-8.0-HSPF2,SFm&1&rDXHP&New&dxHP_equip,RE-dxHP_eq-pkgSEER-16.0-SEER2-8.0-HSPF2,,,,,,,,,,,,,,,,,,,,,,,,,,,,,,,,,,,,,,,
SWHC049-09 SEER Rated AC HP_SFm_New/runs/CZ01/SFm&1&rDXHP&New&dxHP_equip/RE-dxHP_eq-pkgSEER-17.8-SEER2-8.1-HSPF2/instance-out.sql,CZ01,SFm,1,rDXHP,New,dxHP_equip,,RE-dxHP_eq-pkgSEER-17.8-SEER2-8.1-HSPF2,SFm&1&rDXHP&New&dxHP_equip,RE-dxHP_eq-pkgSEER-17.8-SEER2-8.1-HSPF2,,,,,,,,,,,,,,,,,,,,,,,,,,,,,,,,,,,,,,,
SWHC049-09 SEER Rated AC HP_SFm_New/runs/CZ01/SFm&1&rDXHP&New&dxHP_equip/RE-dxHP_eq-pkgSEER-18.7-SEER2-8.5-HSPF2/instance-out.sql,CZ01,SFm,1,rDXHP,New,dxHP_equip,,RE-dxHP_eq-pkgSEER-18.7-SEER2-8.5-HSPF2,SFm&1&rDXHP&New&dxHP_equip,RE-dxHP_eq-pkgSEER-18.7-SEER2-8.5-HSPF2,,,,,,,,,,,,,,,,,,,,,,,,,,,,,,,,,,,,,,,
SWHC049-09 SEER Rated AC HP_SFm_New/runs/CZ01/SFm&1&rDXHP&New&dxHP_equip/RE-dxHP_eq-pkgSEER-19.6-SEER2-8.9-HSPF2/instance-out.sql,CZ01,SFm,1,rDXHP,New,dxHP_equip,,RE-dxHP_eq-pkgSEER-19.6-SEER2-8.9-HSPF2,SFm&1&rDXHP&New&dxHP_equip,RE-dxHP_eq-pkgSEER-19.6-SEER2-8.9-HSPF2,,,,,,,,,,,,,,,,,,,,,,,,,,,,,,,,,,,,,,,
SWHC049-09 SEER Rated AC HP_SFm_1985/runs/CZ16/SFm&2&rDXHP&Ex&dxHP_equip/RE-dxAC_eq-pkgSEER-12.5-SEER2/instance-out.sql,CZ16,SFm,2,rDXHP,Ex,dxHP_equip,,RE-dxAC_eq-pkgSEER-12.5-SEER2,SFm&2&rDXHP&Ex&dxHP_equip,RE-dxAC_eq-pkgSEER-12.5-SEER2,,,,,,,,,,,,,,,,,,,,,,,,,,,,,,,,,,,,,,,
SWHC049-09 SEER Rated AC HP_SFm_1985/runs/CZ16/SFm&2&rDXHP&Ex&dxHP_equip/RE-dxAC_eq-pkgSEER-13.8-SEER2/instance-out.sql,CZ16,SFm,2,rDXHP,Ex,dxHP_equip,,RE-dxAC_eq-pkgSEER-13.8-SEER2,SFm&2&rDXHP&Ex&dxHP_equip,RE-dxAC_eq-pkgSEER-13.8-SEER2,,,,,,,,,,,,,,,,,,,,,,,,,,,,,,,,,,,,,,,
SWHC049-09 SEER Rated AC HP_SFm_1985/runs/CZ16/SFm&2&rDXHP&Ex&dxHP_equip/RE-dxAC_eq-pkgSEER-14.3-SEER2/instance-out.sql,CZ16,SFm,2,rDXHP,Ex,dxHP_equip,,RE-dxAC_eq-pkgSEER-14.3-SEER2,SFm&2&rDXHP&Ex&dxHP_equip,RE-dxAC_eq-pkgSEER-14.3-SEER2,,,,,,,,,,,,,,,,,,,,,,,,,,,,,,,,,,,,,,,
SWHC049-09 SEER Rated AC HP_SFm_1985/runs/CZ16/SFm&2&rDXHP&Ex&dxHP_equip/RE-dxAC_eq-pkgSEER-15.2-SEER2/instance-out.sql,CZ16,SFm,2,rDXHP,Ex,dxHP_equip,,RE-dxAC_eq-pkgSEER-15.2-SEER2,SFm&2&rDXHP&Ex&dxHP_equip,RE-dxAC_eq-pkgSEER-15.2-SEER2,,,,,,,,,,,,,,,,,,,,,,,,,,,,,,,,,,,,,,,
SWHC049-09 SEER Rated AC HP_SFm_1985/runs/CZ16/SFm&2&rDXHP&Ex&dxHP_equip/RE-dxAC_eq-pkgSEER-16.9-SEER2/instance-out.sql,CZ16,SFm,2,rDXHP,Ex,dxHP_equip,,RE-dxAC_eq-pkgSEER-16.9-SEER2,SFm&2&rDXHP&Ex&dxHP_equip,RE-dxAC_eq-pkgSEER-16.9-SEER2,,,,,,,,,,,,,,,,,,,,,,,,,,,,,,,,,,,,,,,
SWHC049-09 SEER Rated AC HP_SFm_1985/runs/CZ16/SFm&2&rDXHP&Ex&dxHP_equip/RE-dxAC_eq-pkgSEER-17.8-SEER2/instance-out.sql,CZ16,SFm,2,rDXHP,Ex,dxHP_equip,,RE-dxAC_eq-pkgSEER-17.8-SEER2,SFm&2&rDXHP&Ex&dxHP_equip,RE-dxAC_eq-pkgSEER-17.8-SEER2,,,,,,,,,,,,,,,,,,,,,,,,,,,,,,,,,,,,,,,
SWHC049-09 SEER Rated AC HP_SFm_1985/runs/CZ16/SFm&2&rDXHP&Ex&dxHP_equip/RE-dxAC_eq-pkgSEER-18.7-SEER2/instance-out.sql,CZ16,SFm,2,rDXHP,Ex,dxHP_equip,,RE-dxAC_eq-pkgSEER-18.7-SEER2,SFm&2&rDXHP&Ex&dxHP_equip,RE-dxAC_eq-pkgSEER-18.7-SEER2,,,,,,,,,,,,,,,,,,,,,,,,,,,,,,,,,,,,,,,
SWHC049-09 SEER Rated AC HP_SFm_1985/runs/CZ16/SFm&2&rDXHP&Ex&dxHP_equip/RE-dxAC_eq-pkgSEER-19.6-SEER2/instance-out.sql,CZ16,SFm,2,rDXHP,Ex,dxHP_equip,,RE-dxAC_eq-pkgSEER-19.6-SEER2,SFm&2&rDXHP&Ex&dxHP_equip,RE-dxAC_eq-pkgSEER-19.6-SEER2,,,,,,,,,,,,,,,,,,,,,,,,,,,,,,,,,,,,,,,
SWHC049-09 SEER Rated AC HP_SFm_1985/runs/CZ16/SFm&2&rDXHP&Ex&dxHP_equip/RE-dxHP_eq-pkgSEER-12.5-SEER2-6.4-HSPF2/instance-out.sql,CZ16,SFm,2,rDXHP,Ex,dxHP_equip,,RE-dxHP_eq-pkgSEER-12.5-SEER2-6.4-HSPF2,SFm&2&rDXHP&Ex&dxHP_equip,RE-dxHP_eq-pkgSEER-12.5-SEER2-6.4-HSPF2,,,,,,,,,,,,,,,,,,,,,,,,,,,,,,,,,,,,,,,
SWHC049-09 SEER Rated AC HP_SFm_1985/runs/CZ16/SFm&2&rDXHP&Ex&dxHP_equip/RE-dxHP_eq-pkgSEER-14.3-SEER2-7.5-HSPF2/instance-out.sql,CZ16,SFm,2,rDXHP,Ex,dxHP_equip,,RE-dxHP_eq-pkgSEER-14.3-SEER2-7.5-HSPF2,SFm&2&rDXHP&Ex&dxHP_equip,RE-dxHP_eq-pkgSEER-14.3-SEER2-7.5-HSPF2,,,,,,,,,,,,,,,,,,,,,,,,,,,,,,,,,,,,,,,
SWHC049-09 SEER Rated AC HP_SFm_1985/runs/CZ16/SFm&2&rDXHP&Ex&dxHP_equip/RE-dxHP_eq-pkgSEER-15.2-SEER2-7.7-HSPF2/instance-out.sql,CZ16,SFm,2,rDXHP,Ex,dxHP_equip,,RE-dxHP_eq-pkgSEER-15.2-SEER2-7.7-HSPF2,SFm&2&rDXHP&Ex&dxHP_equip,RE-dxHP_eq-pkgSEER-15.2-SEER2-7.7-HSPF2,,,,,,,,,,,,,,,,,,,,,,,,,,,,,,,,,,,,,,,
SWHC049-09 SEER Rated AC HP_SFm_1985/runs/CZ16/SFm&2&rDXHP&Ex&dxHP_equip/RE-dxHP_eq-pkgSEER-16.0-SEER2-8.0-HSPF2/instance-out.sql,CZ16,SFm,2,rDXHP,Ex,dxHP_equip,,RE-dxHP_eq-pkgSEER-16.0-SEER2-8.0-HSPF2,SFm&2&rDXHP&Ex&dxHP_equip,RE-dxHP_eq-pkgSEER-16.0-SEER2-8.0-HSPF2,,,,,,,,,,,,,,,,,,,,,,,,,,,,,,,,,,,,,,,
SWHC049-09 SEER Rated AC HP_SFm_1985/runs/CZ16/SFm&2&rDXHP&Ex&dxHP_equip/RE-dxHP_eq-pkgSEER-17.8-SEER2-8.1-HSPF2/instance-out.sql,CZ16,SFm,2,rDXHP,Ex,dxHP_equip,,RE-dxHP_eq-pkgSEER-17.8-SEER2-8.1-HSPF2,SFm&2&rDXHP&Ex&dxHP_equip,RE-dxHP_eq-pkgSEER-17.8-SEER2-8.1-HSPF2,,,,,,,,,,,,,,,,,,,,,,,,,,,,,,,,,,,,,,,
SWHC049-09 SEER Rated AC HP_SFm_1985/runs/CZ16/SFm&2&rDXHP&Ex&dxHP_equip/RE-dxHP_eq-pkgSEER-18.7-SEER2-8.5-HSPF2/instance-out.sql,CZ16,SFm,2,rDXHP,Ex,dxHP_equip,,RE-dxHP_eq-pkgSEER-18.7-SEER2-8.5-HSPF2,SFm&2&rDXHP&Ex&dxHP_equip,RE-dxHP_eq-pkgSEER-18.7-SEER2-8.5-HSPF2,,,,,,,,,,,,,,,,,,,,,,,,,,,,,,,,,,,,,,,
SWHC049-09 SEER Rated AC HP_SFm_1985/runs/CZ16/SFm&2&rDXHP&Ex&dxHP_equip/RE-dxHP_eq-pkgSEER-19.6-SEER2-8.9-HSPF2/instance-out.sql,CZ16,SFm,2,rDXHP,Ex,dxHP_equip,,RE-dxHP_eq-pkgSEER-19.6-SEER2-8.9-HSPF2,SFm&2&rDXHP&Ex&dxHP_equip,RE-dxHP_eq-pkgSEER-19.6-SEER2-8.9-HSPF2,,,,,,,,,,,,,,,,,,,,,,,,,,,,,,,,,,,,,,,
SWHC049-09 SEER Rated AC HP_SFm_1985/runs/CZ16/SFm&1&rDXHP&Ex&dxHP_equip/RE-dxAC_eq-pkgSEER-12.5-SEER2/instance-out.sql,CZ16,SFm,1,rDXHP,Ex,dxHP_equip,,RE-dxAC_eq-pkgSEER-12.5-SEER2,SFm&1&rDXHP&Ex&dxHP_equip,RE-dxAC_eq-pkgSEER-12.5-SEER2,,,,,,,,,,,,,,,,,,,,,,,,,,,,,,,,,,,,,,,
SWHC049-09 SEER Rated AC HP_SFm_1985/runs/CZ16/SFm&1&rDXHP&Ex&dxHP_equip/RE-dxAC_eq-pkgSEER-13.8-SEER2/instance-out.sql,CZ16,SFm,1,rDXHP,Ex,dxHP_equip,,RE-dxAC_eq-pkgSEER-13.8-SEER2,SFm&1&rDXHP&Ex&dxHP_equip,RE-dxAC_eq-pkgSEER-13.8-SEER2,,,,,,,,,,,,,,,,,,,,,,,,,,,,,,,,,,,,,,,
SWHC049-09 SEER Rated AC HP_SFm_1985/runs/CZ16/SFm&1&rDXHP&Ex&dxHP_equip/RE-dxAC_eq-pkgSEER-14.3-SEER2/instance-out.sql,CZ16,SFm,1,rDXHP,Ex,dxHP_equip,,RE-dxAC_eq-pkgSEER-14.3-SEER2,SFm&1&rDXHP&Ex&dxHP_equip,RE-dxAC_eq-pkgSEER-14.3-SEER2,,,,,,,,,,,,,,,,,,,,,,,,,,,,,,,,,,,,,,,
SWHC049-09 SEER Rated AC HP_SFm_1985/runs/CZ16/SFm&1&rDXHP&Ex&dxHP_equip/RE-dxAC_eq-pkgSEER-15.2-SEER2/instance-out.sql,CZ16,SFm,1,rDXHP,Ex,dxHP_equip,,RE-dxAC_eq-pkgSEER-15.2-SEER2,SFm&1&rDXHP&Ex&dxHP_equip,RE-dxAC_eq-pkgSEER-15.2-SEER2,,,,,,,,,,,,,,,,,,,,,,,,,,,,,,,,,,,,,,,
SWHC049-09 SEER Rated AC HP_SFm_1985/runs/CZ16/SFm&1&rDXHP&Ex&dxHP_equip/RE-dxAC_eq-pkgSEER-16.9-SEER2/instance-out.sql,CZ16,SFm,1,rDXHP,Ex,dxHP_equip,,RE-dxAC_eq-pkgSEER-16.9-SEER2,SFm&1&rDXHP&Ex&dxHP_equip,RE-dxAC_eq-pkgSEER-16.9-SEER2,,,,,,,,,,,,,,,,,,,,,,,,,,,,,,,,,,,,,,,
SWHC049-09 SEER Rated AC HP_SFm_1985/runs/CZ16/SFm&1&rDXHP&Ex&dxHP_equip/RE-dxAC_eq-pkgSEER-17.8-SEER2/instance-out.sql,CZ16,SFm,1,rDXHP,Ex,dxHP_equip,,RE-dxAC_eq-pkgSEER-17.8-SEER2,SFm&1&rDXHP&Ex&dxHP_equip,RE-dxAC_eq-pkgSEER-17.8-SEER2,,,,,,,,,,,,,,,,,,,,,,,,,,,,,,,,,,,,,,,
SWHC049-09 SEER Rated AC HP_SFm_1985/runs/CZ16/SFm&1&rDXHP&Ex&dxHP_equip/RE-dxAC_eq-pkgSEER-18.7-SEER2/instance-out.sql,CZ16,SFm,1,rDXHP,Ex,dxHP_equip,,RE-dxAC_eq-pkgSEER-18.7-SEER2,SFm&1&rDXHP&Ex&dxHP_equip,RE-dxAC_eq-pkgSEER-18.7-SEER2,,,,,,,,,,,,,,,,,,,,,,,,,,,,,,,,,,,,,,,
SWHC049-09 SEER Rated AC HP_SFm_1985/runs/CZ16/SFm&1&rDXHP&Ex&dxHP_equip/RE-dxAC_eq-pkgSEER-19.6-SEER2/instance-out.sql,CZ16,SFm,1,rDXHP,Ex,dxHP_equip,,RE-dxAC_eq-pkgSEER-19.6-SEER2,SFm&1&rDXHP&Ex&dxHP_equip,RE-dxAC_eq-pkgSEER-19.6-SEER2,,,,,,,,,,,,,,,,,,,,,,,,,,,,,,,,,,,,,,,
SWHC049-09 SEER Rated AC HP_SFm_1985/runs/CZ16/SFm&1&rDXHP&Ex&dxHP_equip/RE-dxHP_eq-pkgSEER-12.5-SEER2-6.4-HSPF2/instance-out.sql,CZ16,SFm,1,rDXHP,Ex,dxHP_equip,,RE-dxHP_eq-pkgSEER-12.5-SEER2-6.4-HSPF2,SFm&1&rDXHP&Ex&dxHP_equip,RE-dxHP_eq-pkgSEER-12.5-SEER2-6.4-HSPF2,,,,,,,,,,,,,,,,,,,,,,,,,,,,,,,,,,,,,,,
SWHC049-09 SEER Rated AC HP_SFm_1985/runs/CZ16/SFm&1&rDXHP&Ex&dxHP_equip/RE-dxHP_eq-pkgSEER-14.3-SEER2-7.5-HSPF2/instance-out.sql,CZ16,SFm,1,rDXHP,Ex,dxHP_equip,,RE-dxHP_eq-pkgSEER-14.3-SEER2-7.5-HSPF2,SFm&1&rDXHP&Ex&dxHP_equip,RE-dxHP_eq-pkgSEER-14.3-SEER2-7.5-HSPF2,,,,,,,,,,,,,,,,,,,,,,,,,,,,,,,,,,,,,,,
SWHC049-09 SEER Rated AC HP_SFm_1985/runs/CZ16/SFm&1&rDXHP&Ex&dxHP_equip/RE-dxHP_eq-pkgSEER-15.2-SEER2-7.7-HSPF2/instance-out.sql,CZ16,SFm,1,rDXHP,Ex,dxHP_equip,,RE-dxHP_eq-pkgSEER-15.2-SEER2-7.7-HSPF2,SFm&1&rDXHP&Ex&dxHP_equip,RE-dxHP_eq-pkgSEER-15.2-SEER2-7.7-HSPF2,,,,,,,,,,,,,,,,,,,,,,,,,,,,,,,,,,,,,,,
SWHC049-09 SEER Rated AC HP_SFm_1985/runs/CZ16/SFm&1&rDXHP&Ex&dxHP_equip/RE-dxHP_eq-pkgSEER-16.0-SEER2-8.0-HSPF2/instance-out.sql,CZ16,SFm,1,rDXHP,Ex,dxHP_equip,,RE-dxHP_eq-pkgSEER-16.0-SEER2-8.0-HSPF2,SFm&1&rDXHP&Ex&dxHP_equip,RE-dxHP_eq-pkgSEER-16.0-SEER2-8.0-HSPF2,,,,,,,,,,,,,,,,,,,,,,,,,,,,,,,,,,,,,,,
SWHC049-09 SEER Rated AC HP_SFm_1985/runs/CZ16/SFm&1&rDXHP&Ex&dxHP_equip/RE-dxHP_eq-pkgSEER-17.8-SEER2-8.1-HSPF2/instance-out.sql,CZ16,SFm,1,rDXHP,Ex,dxHP_equip,,RE-dxHP_eq-pkgSEER-17.8-SEER2-8.1-HSPF2,SFm&1&rDXHP&Ex&dxHP_equip,RE-dxHP_eq-pkgSEER-17.8-SEER2-8.1-HSPF2,,,,,,,,,,,,,,,,,,,,,,,,,,,,,,,,,,,,,,,
SWHC049-09 SEER Rated AC HP_SFm_1985/runs/CZ16/SFm&1&rDXHP&Ex&dxHP_equip/RE-dxHP_eq-pkgSEER-18.7-SEER2-8.5-HSPF2/instance-out.sql,CZ16,SFm,1,rDXHP,Ex,dxHP_equip,,RE-dxHP_eq-pkgSEER-18.7-SEER2-8.5-HSPF2,SFm&1&rDXHP&Ex&dxHP_equip,RE-dxHP_eq-pkgSEER-18.7-SEER2-8.5-HSPF2,,,,,,,,,,,,,,,,,,,,,,,,,,,,,,,,,,,,,,,
SWHC049-09 SEER Rated AC HP_SFm_1985/runs/CZ16/SFm&1&rDXHP&Ex&dxHP_equip/RE-dxHP_eq-pkgSEER-19.6-SEER2-8.9-HSPF2/instance-out.sql,CZ16,SFm,1,rDXHP,Ex,dxHP_equip,,RE-dxHP_eq-pkgSEER-19.6-SEER2-8.9-HSPF2,SFm&1&rDXHP&Ex&dxHP_equip,RE-dxHP_eq-pkgSEER-19.6-SEER2-8.9-HSPF2,,,,,,,,,,,,,,,,,,,,,,,,,,,,,,,,,,,,,,,
SWHC049-09 SEER Rated AC HP_SFm_1985/runs/CZ15/SFm&2&rDXHP&Ex&dxHP_equip/RE-dxAC_eq-pkgSEER-12.5-SEER2/instance-out.sql,CZ15,SFm,2,rDXHP,Ex,dxHP_equip,,RE-dxAC_eq-pkgSEER-12.5-SEER2,SFm&2&rDXHP&Ex&dxHP_equip,RE-dxAC_eq-pkgSEER-12.5-SEER2,,,,,,,,,,,,,,,,,,,,,,,,,,,,,,,,,,,,,,,
SWHC049-09 SEER Rated AC HP_SFm_1985/runs/CZ15/SFm&2&rDXHP&Ex&dxHP_equip/RE-dxAC_eq-pkgSEER-13.8-SEER2/instance-out.sql,CZ15,SFm,2,rDXHP,Ex,dxHP_equip,,RE-dxAC_eq-pkgSEER-13.8-SEER2,SFm&2&rDXHP&Ex&dxHP_equip,RE-dxAC_eq-pkgSEER-13.8-SEER2,,,,,,,,,,,,,,,,,,,,,,,,,,,,,,,,,,,,,,,
SWHC049-09 SEER Rated AC HP_SFm_1985/runs/CZ15/SFm&2&rDXHP&Ex&dxHP_equip/RE-dxAC_eq-pkgSEER-14.3-SEER2/instance-out.sql,CZ15,SFm,2,rDXHP,Ex,dxHP_equip,,RE-dxAC_eq-pkgSEER-14.3-SEER2,SFm&2&rDXHP&Ex&dxHP_equip,RE-dxAC_eq-pkgSEER-14.3-SEER2,,,,,,,,,,,,,,,,,,,,,,,,,,,,,,,,,,,,,,,
SWHC049-09 SEER Rated AC HP_SFm_1985/runs/CZ15/SFm&2&rDXHP&Ex&dxHP_equip/RE-dxAC_eq-pkgSEER-15.2-SEER2/instance-out.sql,CZ15,SFm,2,rDXHP,Ex,dxHP_equip,,RE-dxAC_eq-pkgSEER-15.2-SEER2,SFm&2&rDXHP&Ex&dxHP_equip,RE-dxAC_eq-pkgSEER-15.2-SEER2,,,,,,,,,,,,,,,,,,,,,,,,,,,,,,,,,,,,,,,
SWHC049-09 SEER Rated AC HP_SFm_1985/runs/CZ15/SFm&2&rDXHP&Ex&dxHP_equip/RE-dxAC_eq-pkgSEER-16.9-SEER2/instance-out.sql,CZ15,SFm,2,rDXHP,Ex,dxHP_equip,,RE-dxAC_eq-pkgSEER-16.9-SEER2,SFm&2&rDXHP&Ex&dxHP_equip,RE-dxAC_eq-pkgSEER-16.9-SEER2,,,,,,,,,,,,,,,,,,,,,,,,,,,,,,,,,,,,,,,
SWHC049-09 SEER Rated AC HP_SFm_1985/runs/CZ15/SFm&2&rDXHP&Ex&dxHP_equip/RE-dxAC_eq-pkgSEER-17.8-SEER2/instance-out.sql,CZ15,SFm,2,rDXHP,Ex,dxHP_equip,,RE-dxAC_eq-pkgSEER-17.8-SEER2,SFm&2&rDXHP&Ex&dxHP_equip,RE-dxAC_eq-pkgSEER-17.8-SEER2,,,,,,,,,,,,,,,,,,,,,,,,,,,,,,,,,,,,,,,
SWHC049-09 SEER Rated AC HP_SFm_1985/runs/CZ15/SFm&2&rDXHP&Ex&dxHP_equip/RE-dxAC_eq-pkgSEER-18.7-SEER2/instance-out.sql,CZ15,SFm,2,rDXHP,Ex,dxHP_equip,,RE-dxAC_eq-pkgSEER-18.7-SEER2,SFm&2&rDXHP&Ex&dxHP_equip,RE-dxAC_eq-pkgSEER-18.7-SEER2,,,,,,,,,,,,,,,,,,,,,,,,,,,,,,,,,,,,,,,
SWHC049-09 SEER Rated AC HP_SFm_1985/runs/CZ15/SFm&2&rDXHP&Ex&dxHP_equip/RE-dxAC_eq-pkgSEER-19.6-SEER2/instance-out.sql,CZ15,SFm,2,rDXHP,Ex,dxHP_equip,,RE-dxAC_eq-pkgSEER-19.6-SEER2,SFm&2&rDXHP&Ex&dxHP_equip,RE-dxAC_eq-pkgSEER-19.6-SEER2,,,,,,,,,,,,,,,,,,,,,,,,,,,,,,,,,,,,,,,
SWHC049-09 SEER Rated AC HP_SFm_1985/runs/CZ15/SFm&2&rDXHP&Ex&dxHP_equip/RE-dxHP_eq-pkgSEER-12.5-SEER2-6.4-HSPF2/instance-out.sql,CZ15,SFm,2,rDXHP,Ex,dxHP_equip,,RE-dxHP_eq-pkgSEER-12.5-SEER2-6.4-HSPF2,SFm&2&rDXHP&Ex&dxHP_equip,RE-dxHP_eq-pkgSEER-12.5-SEER2-6.4-HSPF2,,,,,,,,,,,,,,,,,,,,,,,,,,,,,,,,,,,,,,,
SWHC049-09 SEER Rated AC HP_SFm_1985/runs/CZ15/SFm&2&rDXHP&Ex&dxHP_equip/RE-dxHP_eq-pkgSEER-14.3-SEER2-7.5-HSPF2/instance-out.sql,CZ15,SFm,2,rDXHP,Ex,dxHP_equip,,RE-dxHP_eq-pkgSEER-14.3-SEER2-7.5-HSPF2,SFm&2&rDXHP&Ex&dxHP_equip,RE-dxHP_eq-pkgSEER-14.3-SEER2-7.5-HSPF2,,,,,,,,,,,,,,,,,,,,,,,,,,,,,,,,,,,,,,,
SWHC049-09 SEER Rated AC HP_SFm_1985/runs/CZ15/SFm&2&rDXHP&Ex&dxHP_equip/RE-dxHP_eq-pkgSEER-15.2-SEER2-7.7-HSPF2/instance-out.sql,CZ15,SFm,2,rDXHP,Ex,dxHP_equip,,RE-dxHP_eq-pkgSEER-15.2-SEER2-7.7-HSPF2,SFm&2&rDXHP&Ex&dxHP_equip,RE-dxHP_eq-pkgSEER-15.2-SEER2-7.7-HSPF2,,,,,,,,,,,,,,,,,,,,,,,,,,,,,,,,,,,,,,,
SWHC049-09 SEER Rated AC HP_SFm_1985/runs/CZ15/SFm&2&rDXHP&Ex&dxHP_equip/RE-dxHP_eq-pkgSEER-16.0-SEER2-8.0-HSPF2/instance-out.sql,CZ15,SFm,2,rDXHP,Ex,dxHP_equip,,RE-dxHP_eq-pkgSEER-16.0-SEER2-8.0-HSPF2,SFm&2&rDXHP&Ex&dxHP_equip,RE-dxHP_eq-pkgSEER-16.0-SEER2-8.0-HSPF2,,,,,,,,,,,,,,,,,,,,,,,,,,,,,,,,,,,,,,,
SWHC049-09 SEER Rated AC HP_SFm_1985/runs/CZ15/SFm&2&rDXHP&Ex&dxHP_equip/RE-dxHP_eq-pkgSEER-17.8-SEER2-8.1-HSPF2/instance-out.sql,CZ15,SFm,2,rDXHP,Ex,dxHP_equip,,RE-dxHP_eq-pkgSEER-17.8-SEER2-8.1-HSPF2,SFm&2&rDXHP&Ex&dxHP_equip,RE-dxHP_eq-pkgSEER-17.8-SEER2-8.1-HSPF2,,,,,,,,,,,,,,,,,,,,,,,,,,,,,,,,,,,,,,,
SWHC049-09 SEER Rated AC HP_SFm_1985/runs/CZ15/SFm&2&rDXHP&Ex&dxHP_equip/RE-dxHP_eq-pkgSEER-18.7-SEER2-8.5-HSPF2/instance-out.sql,CZ15,SFm,2,rDXHP,Ex,dxHP_equip,,RE-dxHP_eq-pkgSEER-18.7-SEER2-8.5-HSPF2,SFm&2&rDXHP&Ex&dxHP_equip,RE-dxHP_eq-pkgSEER-18.7-SEER2-8.5-HSPF2,,,,,,,,,,,,,,,,,,,,,,,,,,,,,,,,,,,,,,,
SWHC049-09 SEER Rated AC HP_SFm_1985/runs/CZ15/SFm&2&rDXHP&Ex&dxHP_equip/RE-dxHP_eq-pkgSEER-19.6-SEER2-8.9-HSPF2/instance-out.sql,CZ15,SFm,2,rDXHP,Ex,dxHP_equip,,RE-dxHP_eq-pkgSEER-19.6-SEER2-8.9-HSPF2,SFm&2&rDXHP&Ex&dxHP_equip,RE-dxHP_eq-pkgSEER-19.6-SEER2-8.9-HSPF2,,,,,,,,,,,,,,,,,,,,,,,,,,,,,,,,,,,,,,,
SWHC049-09 SEER Rated AC HP_SFm_1985/runs/CZ15/SFm&1&rDXHP&Ex&dxHP_equip/RE-dxAC_eq-pkgSEER-12.5-SEER2/instance-out.sql,CZ15,SFm,1,rDXHP,Ex,dxHP_equip,,RE-dxAC_eq-pkgSEER-12.5-SEER2,SFm&1&rDXHP&Ex&dxHP_equip,RE-dxAC_eq-pkgSEER-12.5-SEER2,,,,,,,,,,,,,,,,,,,,,,,,,,,,,,,,,,,,,,,
SWHC049-09 SEER Rated AC HP_SFm_1985/runs/CZ15/SFm&1&rDXHP&Ex&dxHP_equip/RE-dxAC_eq-pkgSEER-13.8-SEER2/instance-out.sql,CZ15,SFm,1,rDXHP,Ex,dxHP_equip,,RE-dxAC_eq-pkgSEER-13.8-SEER2,SFm&1&rDXHP&Ex&dxHP_equip,RE-dxAC_eq-pkgSEER-13.8-SEER2,,,,,,,,,,,,,,,,,,,,,,,,,,,,,,,,,,,,,,,
SWHC049-09 SEER Rated AC HP_SFm_1985/runs/CZ15/SFm&1&rDXHP&Ex&dxHP_equip/RE-dxAC_eq-pkgSEER-14.3-SEER2/instance-out.sql,CZ15,SFm,1,rDXHP,Ex,dxHP_equip,,RE-dxAC_eq-pkgSEER-14.3-SEER2,SFm&1&rDXHP&Ex&dxHP_equip,RE-dxAC_eq-pkgSEER-14.3-SEER2,,,,,,,,,,,,,,,,,,,,,,,,,,,,,,,,,,,,,,,
SWHC049-09 SEER Rated AC HP_SFm_1985/runs/CZ15/SFm&1&rDXHP&Ex&dxHP_equip/RE-dxAC_eq-pkgSEER-15.2-SEER2/instance-out.sql,CZ15,SFm,1,rDXHP,Ex,dxHP_equip,,RE-dxAC_eq-pkgSEER-15.2-SEER2,SFm&1&rDXHP&Ex&dxHP_equip,RE-dxAC_eq-pkgSEER-15.2-SEER2,,,,,,,,,,,,,,,,,,,,,,,,,,,,,,,,,,,,,,,
SWHC049-09 SEER Rated AC HP_SFm_1985/runs/CZ15/SFm&1&rDXHP&Ex&dxHP_equip/RE-dxAC_eq-pkgSEER-16.9-SEER2/instance-out.sql,CZ15,SFm,1,rDXHP,Ex,dxHP_equip,,RE-dxAC_eq-pkgSEER-16.9-SEER2,SFm&1&rDXHP&Ex&dxHP_equip,RE-dxAC_eq-pkgSEER-16.9-SEER2,,,,,,,,,,,,,,,,,,,,,,,,,,,,,,,,,,,,,,,
SWHC049-09 SEER Rated AC HP_SFm_1985/runs/CZ15/SFm&1&rDXHP&Ex&dxHP_equip/RE-dxAC_eq-pkgSEER-17.8-SEER2/instance-out.sql,CZ15,SFm,1,rDXHP,Ex,dxHP_equip,,RE-dxAC_eq-pkgSEER-17.8-SEER2,SFm&1&rDXHP&Ex&dxHP_equip,RE-dxAC_eq-pkgSEER-17.8-SEER2,,,,,,,,,,,,,,,,,,,,,,,,,,,,,,,,,,,,,,,
SWHC049-09 SEER Rated AC HP_SFm_1985/runs/CZ15/SFm&1&rDXHP&Ex&dxHP_equip/RE-dxAC_eq-pkgSEER-18.7-SEER2/instance-out.sql,CZ15,SFm,1,rDXHP,Ex,dxHP_equip,,RE-dxAC_eq-pkgSEER-18.7-SEER2,SFm&1&rDXHP&Ex&dxHP_equip,RE-dxAC_eq-pkgSEER-18.7-SEER2,,,,,,,,,,,,,,,,,,,,,,,,,,,,,,,,,,,,,,,
SWHC049-09 SEER Rated AC HP_SFm_1985/runs/CZ15/SFm&1&rDXHP&Ex&dxHP_equip/RE-dxAC_eq-pkgSEER-19.6-SEER2/instance-out.sql,CZ15,SFm,1,rDXHP,Ex,dxHP_equip,,RE-dxAC_eq-pkgSEER-19.6-SEER2,SFm&1&rDXHP&Ex&dxHP_equip,RE-dxAC_eq-pkgSEER-19.6-SEER2,,,,,,,,,,,,,,,,,,,,,,,,,,,,,,,,,,,,,,,
SWHC049-09 SEER Rated AC HP_SFm_1985/runs/CZ15/SFm&1&rDXHP&Ex&dxHP_equip/RE-dxHP_eq-pkgSEER-12.5-SEER2-6.4-HSPF2/instance-out.sql,CZ15,SFm,1,rDXHP,Ex,dxHP_equip,,RE-dxHP_eq-pkgSEER-12.5-SEER2-6.4-HSPF2,SFm&1&rDXHP&Ex&dxHP_equip,RE-dxHP_eq-pkgSEER-12.5-SEER2-6.4-HSPF2,,,,,,,,,,,,,,,,,,,,,,,,,,,,,,,,,,,,,,,
SWHC049-09 SEER Rated AC HP_SFm_1985/runs/CZ15/SFm&1&rDXHP&Ex&dxHP_equip/RE-dxHP_eq-pkgSEER-14.3-SEER2-7.5-HSPF2/instance-out.sql,CZ15,SFm,1,rDXHP,Ex,dxHP_equip,,RE-dxHP_eq-pkgSEER-14.3-SEER2-7.5-HSPF2,SFm&1&rDXHP&Ex&dxHP_equip,RE-dxHP_eq-pkgSEER-14.3-SEER2-7.5-HSPF2,,,,,,,,,,,,,,,,,,,,,,,,,,,,,,,,,,,,,,,
SWHC049-09 SEER Rated AC HP_SFm_1985/runs/CZ15/SFm&1&rDXHP&Ex&dxHP_equip/RE-dxHP_eq-pkgSEER-15.2-SEER2-7.7-HSPF2/instance-out.sql,CZ15,SFm,1,rDXHP,Ex,dxHP_equip,,RE-dxHP_eq-pkgSEER-15.2-SEER2-7.7-HSPF2,SFm&1&rDXHP&Ex&dxHP_equip,RE-dxHP_eq-pkgSEER-15.2-SEER2-7.7-HSPF2,,,,,,,,,,,,,,,,,,,,,,,,,,,,,,,,,,,,,,,
SWHC049-09 SEER Rated AC HP_SFm_1985/runs/CZ15/SFm&1&rDXHP&Ex&dxHP_equip/RE-dxHP_eq-pkgSEER-16.0-SEER2-8.0-HSPF2/instance-out.sql,CZ15,SFm,1,rDXHP,Ex,dxHP_equip,,RE-dxHP_eq-pkgSEER-16.0-SEER2-8.0-HSPF2,SFm&1&rDXHP&Ex&dxHP_equip,RE-dxHP_eq-pkgSEER-16.0-SEER2-8.0-HSPF2,,,,,,,,,,,,,,,,,,,,,,,,,,,,,,,,,,,,,,,
SWHC049-09 SEER Rated AC HP_SFm_1985/runs/CZ15/SFm&1&rDXHP&Ex&dxHP_equip/RE-dxHP_eq-pkgSEER-17.8-SEER2-8.1-HSPF2/instance-out.sql,CZ15,SFm,1,rDXHP,Ex,dxHP_equip,,RE-dxHP_eq-pkgSEER-17.8-SEER2-8.1-HSPF2,SFm&1&rDXHP&Ex&dxHP_equip,RE-dxHP_eq-pkgSEER-17.8-SEER2-8.1-HSPF2,,,,,,,,,,,,,,,,,,,,,,,,,,,,,,,,,,,,,,,
SWHC049-09 SEER Rated AC HP_SFm_1985/runs/CZ15/SFm&1&rDXHP&Ex&dxHP_equip/RE-dxHP_eq-pkgSEER-18.7-SEER2-8.5-HSPF2/instance-out.sql,CZ15,SFm,1,rDXHP,Ex,dxHP_equip,,RE-dxHP_eq-pkgSEER-18.7-SEER2-8.5-HSPF2,SFm&1&rDXHP&Ex&dxHP_equip,RE-dxHP_eq-pkgSEER-18.7-SEER2-8.5-HSPF2,,,,,,,,,,,,,,,,,,,,,,,,,,,,,,,,,,,,,,,
SWHC049-09 SEER Rated AC HP_SFm_1985/runs/CZ15/SFm&1&rDXHP&Ex&dxHP_equip/RE-dxHP_eq-pkgSEER-19.6-SEER2-8.9-HSPF2/instance-out.sql,CZ15,SFm,1,rDXHP,Ex,dxHP_equip,,RE-dxHP_eq-pkgSEER-19.6-SEER2-8.9-HSPF2,SFm&1&rDXHP&Ex&dxHP_equip,RE-dxHP_eq-pkgSEER-19.6-SEER2-8.9-HSPF2,,,,,,,,,,,,,,,,,,,,,,,,,,,,,,,,,,,,,,,
SWHC049-09 SEER Rated AC HP_SFm_1985/runs/CZ14/SFm&2&rDXHP&Ex&dxHP_equip/RE-dxAC_eq-pkgSEER-12.5-SEER2/instance-out.sql,CZ14,SFm,2,rDXHP,Ex,dxHP_equip,,RE-dxAC_eq-pkgSEER-12.5-SEER2,SFm&2&rDXHP&Ex&dxHP_equip,RE-dxAC_eq-pkgSEER-12.5-SEER2,,,,,,,,,,,,,,,,,,,,,,,,,,,,,,,,,,,,,,,
SWHC049-09 SEER Rated AC HP_SFm_1985/runs/CZ14/SFm&2&rDXHP&Ex&dxHP_equip/RE-dxAC_eq-pkgSEER-13.8-SEER2/instance-out.sql,CZ14,SFm,2,rDXHP,Ex,dxHP_equip,,RE-dxAC_eq-pkgSEER-13.8-SEER2,SFm&2&rDXHP&Ex&dxHP_equip,RE-dxAC_eq-pkgSEER-13.8-SEER2,,,,,,,,,,,,,,,,,,,,,,,,,,,,,,,,,,,,,,,
SWHC049-09 SEER Rated AC HP_SFm_1985/runs/CZ14/SFm&2&rDXHP&Ex&dxHP_equip/RE-dxAC_eq-pkgSEER-14.3-SEER2/instance-out.sql,CZ14,SFm,2,rDXHP,Ex,dxHP_equip,,RE-dxAC_eq-pkgSEER-14.3-SEER2,SFm&2&rDXHP&Ex&dxHP_equip,RE-dxAC_eq-pkgSEER-14.3-SEER2,,,,,,,,,,,,,,,,,,,,,,,,,,,,,,,,,,,,,,,
SWHC049-09 SEER Rated AC HP_SFm_1985/runs/CZ14/SFm&2&rDXHP&Ex&dxHP_equip/RE-dxAC_eq-pkgSEER-15.2-SEER2/instance-out.sql,CZ14,SFm,2,rDXHP,Ex,dxHP_equip,,RE-dxAC_eq-pkgSEER-15.2-SEER2,SFm&2&rDXHP&Ex&dxHP_equip,RE-dxAC_eq-pkgSEER-15.2-SEER2,,,,,,,,,,,,,,,,,,,,,,,,,,,,,,,,,,,,,,,
SWHC049-09 SEER Rated AC HP_SFm_1985/runs/CZ14/SFm&2&rDXHP&Ex&dxHP_equip/RE-dxAC_eq-pkgSEER-16.9-SEER2/instance-out.sql,CZ14,SFm,2,rDXHP,Ex,dxHP_equip,,RE-dxAC_eq-pkgSEER-16.9-SEER2,SFm&2&rDXHP&Ex&dxHP_equip,RE-dxAC_eq-pkgSEER-16.9-SEER2,,,,,,,,,,,,,,,,,,,,,,,,,,,,,,,,,,,,,,,
SWHC049-09 SEER Rated AC HP_SFm_1985/runs/CZ14/SFm&2&rDXHP&Ex&dxHP_equip/RE-dxAC_eq-pkgSEER-17.8-SEER2/instance-out.sql,CZ14,SFm,2,rDXHP,Ex,dxHP_equip,,RE-dxAC_eq-pkgSEER-17.8-SEER2,SFm&2&rDXHP&Ex&dxHP_equip,RE-dxAC_eq-pkgSEER-17.8-SEER2,,,,,,,,,,,,,,,,,,,,,,,,,,,,,,,,,,,,,,,
SWHC049-09 SEER Rated AC HP_SFm_1985/runs/CZ14/SFm&2&rDXHP&Ex&dxHP_equip/RE-dxAC_eq-pkgSEER-18.7-SEER2/instance-out.sql,CZ14,SFm,2,rDXHP,Ex,dxHP_equip,,RE-dxAC_eq-pkgSEER-18.7-SEER2,SFm&2&rDXHP&Ex&dxHP_equip,RE-dxAC_eq-pkgSEER-18.7-SEER2,,,,,,,,,,,,,,,,,,,,,,,,,,,,,,,,,,,,,,,
SWHC049-09 SEER Rated AC HP_SFm_1985/runs/CZ14/SFm&2&rDXHP&Ex&dxHP_equip/RE-dxAC_eq-pkgSEER-19.6-SEER2/instance-out.sql,CZ14,SFm,2,rDXHP,Ex,dxHP_equip,,RE-dxAC_eq-pkgSEER-19.6-SEER2,SFm&2&rDXHP&Ex&dxHP_equip,RE-dxAC_eq-pkgSEER-19.6-SEER2,,,,,,,,,,,,,,,,,,,,,,,,,,,,,,,,,,,,,,,
SWHC049-09 SEER Rated AC HP_SFm_1985/runs/CZ14/SFm&2&rDXHP&Ex&dxHP_equip/RE-dxHP_eq-pkgSEER-12.5-SEER2-6.4-HSPF2/instance-out.sql,CZ14,SFm,2,rDXHP,Ex,dxHP_equip,,RE-dxHP_eq-pkgSEER-12.5-SEER2-6.4-HSPF2,SFm&2&rDXHP&Ex&dxHP_equip,RE-dxHP_eq-pkgSEER-12.5-SEER2-6.4-HSPF2,,,,,,,,,,,,,,,,,,,,,,,,,,,,,,,,,,,,,,,
SWHC049-09 SEER Rated AC HP_SFm_1985/runs/CZ14/SFm&2&rDXHP&Ex&dxHP_equip/RE-dxHP_eq-pkgSEER-14.3-SEER2-7.5-HSPF2/instance-out.sql,CZ14,SFm,2,rDXHP,Ex,dxHP_equip,,RE-dxHP_eq-pkgSEER-14.3-SEER2-7.5-HSPF2,SFm&2&rDXHP&Ex&dxHP_equip,RE-dxHP_eq-pkgSEER-14.3-SEER2-7.5-HSPF2,,,,,,,,,,,,,,,,,,,,,,,,,,,,,,,,,,,,,,,
SWHC049-09 SEER Rated AC HP_SFm_1985/runs/CZ14/SFm&2&rDXHP&Ex&dxHP_equip/RE-dxHP_eq-pkgSEER-15.2-SEER2-7.7-HSPF2/instance-out.sql,CZ14,SFm,2,rDXHP,Ex,dxHP_equip,,RE-dxHP_eq-pkgSEER-15.2-SEER2-7.7-HSPF2,SFm&2&rDXHP&Ex&dxHP_equip,RE-dxHP_eq-pkgSEER-15.2-SEER2-7.7-HSPF2,,,,,,,,,,,,,,,,,,,,,,,,,,,,,,,,,,,,,,,
SWHC049-09 SEER Rated AC HP_SFm_1985/runs/CZ14/SFm&2&rDXHP&Ex&dxHP_equip/RE-dxHP_eq-pkgSEER-16.0-SEER2-8.0-HSPF2/instance-out.sql,CZ14,SFm,2,rDXHP,Ex,dxHP_equip,,RE-dxHP_eq-pkgSEER-16.0-SEER2-8.0-HSPF2,SFm&2&rDXHP&Ex&dxHP_equip,RE-dxHP_eq-pkgSEER-16.0-SEER2-8.0-HSPF2,,,,,,,,,,,,,,,,,,,,,,,,,,,,,,,,,,,,,,,
SWHC049-09 SEER Rated AC HP_SFm_1985/runs/CZ14/SFm&2&rDXHP&Ex&dxHP_equip/RE-dxHP_eq-pkgSEER-17.8-SEER2-8.1-HSPF2/instance-out.sql,CZ14,SFm,2,rDXHP,Ex,dxHP_equip,,RE-dxHP_eq-pkgSEER-17.8-SEER2-8.1-HSPF2,SFm&2&rDXHP&Ex&dxHP_equip,RE-dxHP_eq-pkgSEER-17.8-SEER2-8.1-HSPF2,,,,,,,,,,,,,,,,,,,,,,,,,,,,,,,,,,,,,,,
SWHC049-09 SEER Rated AC HP_SFm_1985/runs/CZ14/SFm&2&rDXHP&Ex&dxHP_equip/RE-dxHP_eq-pkgSEER-18.7-SEER2-8.5-HSPF2/instance-out.sql,CZ14,SFm,2,rDXHP,Ex,dxHP_equip,,RE-dxHP_eq-pkgSEER-18.7-SEER2-8.5-HSPF2,SFm&2&rDXHP&Ex&dxHP_equip,RE-dxHP_eq-pkgSEER-18.7-SEER2-8.5-HSPF2,,,,,,,,,,,,,,,,,,,,,,,,,,,,,,,,,,,,,,,
SWHC049-09 SEER Rated AC HP_SFm_1985/runs/CZ14/SFm&2&rDXHP&Ex&dxHP_equip/RE-dxHP_eq-pkgSEER-19.6-SEER2-8.9-HSPF2/instance-out.sql,CZ14,SFm,2,rDXHP,Ex,dxHP_equip,,RE-dxHP_eq-pkgSEER-19.6-SEER2-8.9-HSPF2,SFm&2&rDXHP&Ex&dxHP_equip,RE-dxHP_eq-pkgSEER-19.6-SEER2-8.9-HSPF2,,,,,,,,,,,,,,,,,,,,,,,,,,,,,,,,,,,,,,,
SWHC049-09 SEER Rated AC HP_SFm_1985/runs/CZ14/SFm&1&rDXHP&Ex&dxHP_equip/RE-dxAC_eq-pkgSEER-12.5-SEER2/instance-out.sql,CZ14,SFm,1,rDXHP,Ex,dxHP_equip,,RE-dxAC_eq-pkgSEER-12.5-SEER2,SFm&1&rDXHP&Ex&dxHP_equip,RE-dxAC_eq-pkgSEER-12.5-SEER2,,,,,,,,,,,,,,,,,,,,,,,,,,,,,,,,,,,,,,,
SWHC049-09 SEER Rated AC HP_SFm_1985/runs/CZ14/SFm&1&rDXHP&Ex&dxHP_equip/RE-dxAC_eq-pkgSEER-13.8-SEER2/instance-out.sql,CZ14,SFm,1,rDXHP,Ex,dxHP_equip,,RE-dxAC_eq-pkgSEER-13.8-SEER2,SFm&1&rDXHP&Ex&dxHP_equip,RE-dxAC_eq-pkgSEER-13.8-SEER2,,,,,,,,,,,,,,,,,,,,,,,,,,,,,,,,,,,,,,,
SWHC049-09 SEER Rated AC HP_SFm_1985/runs/CZ14/SFm&1&rDXHP&Ex&dxHP_equip/RE-dxAC_eq-pkgSEER-14.3-SEER2/instance-out.sql,CZ14,SFm,1,rDXHP,Ex,dxHP_equip,,RE-dxAC_eq-pkgSEER-14.3-SEER2,SFm&1&rDXHP&Ex&dxHP_equip,RE-dxAC_eq-pkgSEER-14.3-SEER2,,,,,,,,,,,,,,,,,,,,,,,,,,,,,,,,,,,,,,,
SWHC049-09 SEER Rated AC HP_SFm_1985/runs/CZ14/SFm&1&rDXHP&Ex&dxHP_equip/RE-dxAC_eq-pkgSEER-15.2-SEER2/instance-out.sql,CZ14,SFm,1,rDXHP,Ex,dxHP_equip,,RE-dxAC_eq-pkgSEER-15.2-SEER2,SFm&1&rDXHP&Ex&dxHP_equip,RE-dxAC_eq-pkgSEER-15.2-SEER2,,,,,,,,,,,,,,,,,,,,,,,,,,,,,,,,,,,,,,,
SWHC049-09 SEER Rated AC HP_SFm_1985/runs/CZ14/SFm&1&rDXHP&Ex&dxHP_equip/RE-dxAC_eq-pkgSEER-16.9-SEER2/instance-out.sql,CZ14,SFm,1,rDXHP,Ex,dxHP_equip,,RE-dxAC_eq-pkgSEER-16.9-SEER2,SFm&1&rDXHP&Ex&dxHP_equip,RE-dxAC_eq-pkgSEER-16.9-SEER2,,,,,,,,,,,,,,,,,,,,,,,,,,,,,,,,,,,,,,,
SWHC049-09 SEER Rated AC HP_SFm_1985/runs/CZ14/SFm&1&rDXHP&Ex&dxHP_equip/RE-dxAC_eq-pkgSEER-17.8-SEER2/instance-out.sql,CZ14,SFm,1,rDXHP,Ex,dxHP_equip,,RE-dxAC_eq-pkgSEER-17.8-SEER2,SFm&1&rDXHP&Ex&dxHP_equip,RE-dxAC_eq-pkgSEER-17.8-SEER2,,,,,,,,,,,,,,,,,,,,,,,,,,,,,,,,,,,,,,,
SWHC049-09 SEER Rated AC HP_SFm_1985/runs/CZ14/SFm&1&rDXHP&Ex&dxHP_equip/RE-dxAC_eq-pkgSEER-18.7-SEER2/instance-out.sql,CZ14,SFm,1,rDXHP,Ex,dxHP_equip,,RE-dxAC_eq-pkgSEER-18.7-SEER2,SFm&1&rDXHP&Ex&dxHP_equip,RE-dxAC_eq-pkgSEER-18.7-SEER2,,,,,,,,,,,,,,,,,,,,,,,,,,,,,,,,,,,,,,,
SWHC049-09 SEER Rated AC HP_SFm_1985/runs/CZ14/SFm&1&rDXHP&Ex&dxHP_equip/RE-dxAC_eq-pkgSEER-19.6-SEER2/instance-out.sql,CZ14,SFm,1,rDXHP,Ex,dxHP_equip,,RE-dxAC_eq-pkgSEER-19.6-SEER2,SFm&1&rDXHP&Ex&dxHP_equip,RE-dxAC_eq-pkgSEER-19.6-SEER2,,,,,,,,,,,,,,,,,,,,,,,,,,,,,,,,,,,,,,,
SWHC049-09 SEER Rated AC HP_SFm_1985/runs/CZ14/SFm&1&rDXHP&Ex&dxHP_equip/RE-dxHP_eq-pkgSEER-12.5-SEER2-6.4-HSPF2/instance-out.sql,CZ14,SFm,1,rDXHP,Ex,dxHP_equip,,RE-dxHP_eq-pkgSEER-12.5-SEER2-6.4-HSPF2,SFm&1&rDXHP&Ex&dxHP_equip,RE-dxHP_eq-pkgSEER-12.5-SEER2-6.4-HSPF2,,,,,,,,,,,,,,,,,,,,,,,,,,,,,,,,,,,,,,,
SWHC049-09 SEER Rated AC HP_SFm_1985/runs/CZ14/SFm&1&rDXHP&Ex&dxHP_equip/RE-dxHP_eq-pkgSEER-14.3-SEER2-7.5-HSPF2/instance-out.sql,CZ14,SFm,1,rDXHP,Ex,dxHP_equip,,RE-dxHP_eq-pkgSEER-14.3-SEER2-7.5-HSPF2,SFm&1&rDXHP&Ex&dxHP_equip,RE-dxHP_eq-pkgSEER-14.3-SEER2-7.5-HSPF2,,,,,,,,,,,,,,,,,,,,,,,,,,,,,,,,,,,,,,,
SWHC049-09 SEER Rated AC HP_SFm_1985/runs/CZ14/SFm&1&rDXHP&Ex&dxHP_equip/RE-dxHP_eq-pkgSEER-15.2-SEER2-7.7-HSPF2/instance-out.sql,CZ14,SFm,1,rDXHP,Ex,dxHP_equip,,RE-dxHP_eq-pkgSEER-15.2-SEER2-7.7-HSPF2,SFm&1&rDXHP&Ex&dxHP_equip,RE-dxHP_eq-pkgSEER-15.2-SEER2-7.7-HSPF2,,,,,,,,,,,,,,,,,,,,,,,,,,,,,,,,,,,,,,,
SWHC049-09 SEER Rated AC HP_SFm_1985/runs/CZ14/SFm&1&rDXHP&Ex&dxHP_equip/RE-dxHP_eq-pkgSEER-16.0-SEER2-8.0-HSPF2/instance-out.sql,CZ14,SFm,1,rDXHP,Ex,dxHP_equip,,RE-dxHP_eq-pkgSEER-16.0-SEER2-8.0-HSPF2,SFm&1&rDXHP&Ex&dxHP_equip,RE-dxHP_eq-pkgSEER-16.0-SEER2-8.0-HSPF2,,,,,,,,,,,,,,,,,,,,,,,,,,,,,,,,,,,,,,,
SWHC049-09 SEER Rated AC HP_SFm_1985/runs/CZ14/SFm&1&rDXHP&Ex&dxHP_equip/RE-dxHP_eq-pkgSEER-17.8-SEER2-8.1-HSPF2/instance-out.sql,CZ14,SFm,1,rDXHP,Ex,dxHP_equip,,RE-dxHP_eq-pkgSEER-17.8-SEER2-8.1-HSPF2,SFm&1&rDXHP&Ex&dxHP_equip,RE-dxHP_eq-pkgSEER-17.8-SEER2-8.1-HSPF2,,,,,,,,,,,,,,,,,,,,,,,,,,,,,,,,,,,,,,,
SWHC049-09 SEER Rated AC HP_SFm_1985/runs/CZ14/SFm&1&rDXHP&Ex&dxHP_equip/RE-dxHP_eq-pkgSEER-18.7-SEER2-8.5-HSPF2/instance-out.sql,CZ14,SFm,1,rDXHP,Ex,dxHP_equip,,RE-dxHP_eq-pkgSEER-18.7-SEER2-8.5-HSPF2,SFm&1&rDXHP&Ex&dxHP_equip,RE-dxHP_eq-pkgSEER-18.7-SEER2-8.5-HSPF2,,,,,,,,,,,,,,,,,,,,,,,,,,,,,,,,,,,,,,,
SWHC049-09 SEER Rated AC HP_SFm_1985/runs/CZ14/SFm&1&rDXHP&Ex&dxHP_equip/RE-dxHP_eq-pkgSEER-19.6-SEER2-8.9-HSPF2/instance-out.sql,CZ14,SFm,1,rDXHP,Ex,dxHP_equip,,RE-dxHP_eq-pkgSEER-19.6-SEER2-8.9-HSPF2,SFm&1&rDXHP&Ex&dxHP_equip,RE-dxHP_eq-pkgSEER-19.6-SEER2-8.9-HSPF2,,,,,,,,,,,,,,,,,,,,,,,,,,,,,,,,,,,,,,,
SWHC049-09 SEER Rated AC HP_SFm_1985/runs/CZ13/SFm&2&rDXHP&Ex&dxHP_equip/RE-dxAC_eq-pkgSEER-12.5-SEER2/instance-out.sql,CZ13,SFm,2,rDXHP,Ex,dxHP_equip,,RE-dxAC_eq-pkgSEER-12.5-SEER2,SFm&2&rDXHP&Ex&dxHP_equip,RE-dxAC_eq-pkgSEER-12.5-SEER2,,,,,,,,,,,,,,,,,,,,,,,,,,,,,,,,,,,,,,,
SWHC049-09 SEER Rated AC HP_SFm_1985/runs/CZ13/SFm&2&rDXHP&Ex&dxHP_equip/RE-dxAC_eq-pkgSEER-13.8-SEER2/instance-out.sql,CZ13,SFm,2,rDXHP,Ex,dxHP_equip,,RE-dxAC_eq-pkgSEER-13.8-SEER2,SFm&2&rDXHP&Ex&dxHP_equip,RE-dxAC_eq-pkgSEER-13.8-SEER2,,,,,,,,,,,,,,,,,,,,,,,,,,,,,,,,,,,,,,,
SWHC049-09 SEER Rated AC HP_SFm_1985/runs/CZ13/SFm&2&rDXHP&Ex&dxHP_equip/RE-dxAC_eq-pkgSEER-14.3-SEER2/instance-out.sql,CZ13,SFm,2,rDXHP,Ex,dxHP_equip,,RE-dxAC_eq-pkgSEER-14.3-SEER2,SFm&2&rDXHP&Ex&dxHP_equip,RE-dxAC_eq-pkgSEER-14.3-SEER2,,,,,,,,,,,,,,,,,,,,,,,,,,,,,,,,,,,,,,,
SWHC049-09 SEER Rated AC HP_SFm_1985/runs/CZ13/SFm&2&rDXHP&Ex&dxHP_equip/RE-dxAC_eq-pkgSEER-15.2-SEER2/instance-out.sql,CZ13,SFm,2,rDXHP,Ex,dxHP_equip,,RE-dxAC_eq-pkgSEER-15.2-SEER2,SFm&2&rDXHP&Ex&dxHP_equip,RE-dxAC_eq-pkgSEER-15.2-SEER2,,,,,,,,,,,,,,,,,,,,,,,,,,,,,,,,,,,,,,,
SWHC049-09 SEER Rated AC HP_SFm_1985/runs/CZ13/SFm&2&rDXHP&Ex&dxHP_equip/RE-dxAC_eq-pkgSEER-16.9-SEER2/instance-out.sql,CZ13,SFm,2,rDXHP,Ex,dxHP_equip,,RE-dxAC_eq-pkgSEER-16.9-SEER2,SFm&2&rDXHP&Ex&dxHP_equip,RE-dxAC_eq-pkgSEER-16.9-SEER2,,,,,,,,,,,,,,,,,,,,,,,,,,,,,,,,,,,,,,,
SWHC049-09 SEER Rated AC HP_SFm_1985/runs/CZ13/SFm&2&rDXHP&Ex&dxHP_equip/RE-dxAC_eq-pkgSEER-17.8-SEER2/instance-out.sql,CZ13,SFm,2,rDXHP,Ex,dxHP_equip,,RE-dxAC_eq-pkgSEER-17.8-SEER2,SFm&2&rDXHP&Ex&dxHP_equip,RE-dxAC_eq-pkgSEER-17.8-SEER2,,,,,,,,,,,,,,,,,,,,,,,,,,,,,,,,,,,,,,,
SWHC049-09 SEER Rated AC HP_SFm_1985/runs/CZ13/SFm&2&rDXHP&Ex&dxHP_equip/RE-dxAC_eq-pkgSEER-18.7-SEER2/instance-out.sql,CZ13,SFm,2,rDXHP,Ex,dxHP_equip,,RE-dxAC_eq-pkgSEER-18.7-SEER2,SFm&2&rDXHP&Ex&dxHP_equip,RE-dxAC_eq-pkgSEER-18.7-SEER2,,,,,,,,,,,,,,,,,,,,,,,,,,,,,,,,,,,,,,,
SWHC049-09 SEER Rated AC HP_SFm_1985/runs/CZ13/SFm&2&rDXHP&Ex&dxHP_equip/RE-dxAC_eq-pkgSEER-19.6-SEER2/instance-out.sql,CZ13,SFm,2,rDXHP,Ex,dxHP_equip,,RE-dxAC_eq-pkgSEER-19.6-SEER2,SFm&2&rDXHP&Ex&dxHP_equip,RE-dxAC_eq-pkgSEER-19.6-SEER2,,,,,,,,,,,,,,,,,,,,,,,,,,,,,,,,,,,,,,,
SWHC049-09 SEER Rated AC HP_SFm_1985/runs/CZ13/SFm&2&rDXHP&Ex&dxHP_equip/RE-dxHP_eq-pkgSEER-12.5-SEER2-6.4-HSPF2/instance-out.sql,CZ13,SFm,2,rDXHP,Ex,dxHP_equip,,RE-dxHP_eq-pkgSEER-12.5-SEER2-6.4-HSPF2,SFm&2&rDXHP&Ex&dxHP_equip,RE-dxHP_eq-pkgSEER-12.5-SEER2-6.4-HSPF2,,,,,,,,,,,,,,,,,,,,,,,,,,,,,,,,,,,,,,,
SWHC049-09 SEER Rated AC HP_SFm_1985/runs/CZ13/SFm&2&rDXHP&Ex&dxHP_equip/RE-dxHP_eq-pkgSEER-14.3-SEER2-7.5-HSPF2/instance-out.sql,CZ13,SFm,2,rDXHP,Ex,dxHP_equip,,RE-dxHP_eq-pkgSEER-14.3-SEER2-7.5-HSPF2,SFm&2&rDXHP&Ex&dxHP_equip,RE-dxHP_eq-pkgSEER-14.3-SEER2-7.5-HSPF2,,,,,,,,,,,,,,,,,,,,,,,,,,,,,,,,,,,,,,,
SWHC049-09 SEER Rated AC HP_SFm_1985/runs/CZ13/SFm&2&rDXHP&Ex&dxHP_equip/RE-dxHP_eq-pkgSEER-15.2-SEER2-7.7-HSPF2/instance-out.sql,CZ13,SFm,2,rDXHP,Ex,dxHP_equip,,RE-dxHP_eq-pkgSEER-15.2-SEER2-7.7-HSPF2,SFm&2&rDXHP&Ex&dxHP_equip,RE-dxHP_eq-pkgSEER-15.2-SEER2-7.7-HSPF2,,,,,,,,,,,,,,,,,,,,,,,,,,,,,,,,,,,,,,,
SWHC049-09 SEER Rated AC HP_SFm_1985/runs/CZ13/SFm&2&rDXHP&Ex&dxHP_equip/RE-dxHP_eq-pkgSEER-16.0-SEER2-8.0-HSPF2/instance-out.sql,CZ13,SFm,2,rDXHP,Ex,dxHP_equip,,RE-dxHP_eq-pkgSEER-16.0-SEER2-8.0-HSPF2,SFm&2&rDXHP&Ex&dxHP_equip,RE-dxHP_eq-pkgSEER-16.0-SEER2-8.0-HSPF2,,,,,,,,,,,,,,,,,,,,,,,,,,,,,,,,,,,,,,,
SWHC049-09 SEER Rated AC HP_SFm_1985/runs/CZ13/SFm&2&rDXHP&Ex&dxHP_equip/RE-dxHP_eq-pkgSEER-17.8-SEER2-8.1-HSPF2/instance-out.sql,CZ13,SFm,2,rDXHP,Ex,dxHP_equip,,RE-dxHP_eq-pkgSEER-17.8-SEER2-8.1-HSPF2,SFm&2&rDXHP&Ex&dxHP_equip,RE-dxHP_eq-pkgSEER-17.8-SEER2-8.1-HSPF2,,,,,,,,,,,,,,,,,,,,,,,,,,,,,,,,,,,,,,,
SWHC049-09 SEER Rated AC HP_SFm_1985/runs/CZ13/SFm&2&rDXHP&Ex&dxHP_equip/RE-dxHP_eq-pkgSEER-18.7-SEER2-8.5-HSPF2/instance-out.sql,CZ13,SFm,2,rDXHP,Ex,dxHP_equip,,RE-dxHP_eq-pkgSEER-18.7-SEER2-8.5-HSPF2,SFm&2&rDXHP&Ex&dxHP_equip,RE-dxHP_eq-pkgSEER-18.7-SEER2-8.5-HSPF2,,,,,,,,,,,,,,,,,,,,,,,,,,,,,,,,,,,,,,,
SWHC049-09 SEER Rated AC HP_SFm_1985/runs/CZ13/SFm&2&rDXHP&Ex&dxHP_equip/RE-dxHP_eq-pkgSEER-19.6-SEER2-8.9-HSPF2/instance-out.sql,CZ13,SFm,2,rDXHP,Ex,dxHP_equip,,RE-dxHP_eq-pkgSEER-19.6-SEER2-8.9-HSPF2,SFm&2&rDXHP&Ex&dxHP_equip,RE-dxHP_eq-pkgSEER-19.6-SEER2-8.9-HSPF2,,,,,,,,,,,,,,,,,,,,,,,,,,,,,,,,,,,,,,,
SWHC049-09 SEER Rated AC HP_SFm_1985/runs/CZ13/SFm&1&rDXHP&Ex&dxHP_equip/RE-dxAC_eq-pkgSEER-12.5-SEER2/instance-out.sql,CZ13,SFm,1,rDXHP,Ex,dxHP_equip,,RE-dxAC_eq-pkgSEER-12.5-SEER2,SFm&1&rDXHP&Ex&dxHP_equip,RE-dxAC_eq-pkgSEER-12.5-SEER2,,,,,,,,,,,,,,,,,,,,,,,,,,,,,,,,,,,,,,,
SWHC049-09 SEER Rated AC HP_SFm_1985/runs/CZ13/SFm&1&rDXHP&Ex&dxHP_equip/RE-dxAC_eq-pkgSEER-13.8-SEER2/instance-out.sql,CZ13,SFm,1,rDXHP,Ex,dxHP_equip,,RE-dxAC_eq-pkgSEER-13.8-SEER2,SFm&1&rDXHP&Ex&dxHP_equip,RE-dxAC_eq-pkgSEER-13.8-SEER2,,,,,,,,,,,,,,,,,,,,,,,,,,,,,,,,,,,,,,,
SWHC049-09 SEER Rated AC HP_SFm_1985/runs/CZ13/SFm&1&rDXHP&Ex&dxHP_equip/RE-dxAC_eq-pkgSEER-14.3-SEER2/instance-out.sql,CZ13,SFm,1,rDXHP,Ex,dxHP_equip,,RE-dxAC_eq-pkgSEER-14.3-SEER2,SFm&1&rDXHP&Ex&dxHP_equip,RE-dxAC_eq-pkgSEER-14.3-SEER2,,,,,,,,,,,,,,,,,,,,,,,,,,,,,,,,,,,,,,,
SWHC049-09 SEER Rated AC HP_SFm_1985/runs/CZ13/SFm&1&rDXHP&Ex&dxHP_equip/RE-dxAC_eq-pkgSEER-15.2-SEER2/instance-out.sql,CZ13,SFm,1,rDXHP,Ex,dxHP_equip,,RE-dxAC_eq-pkgSEER-15.2-SEER2,SFm&1&rDXHP&Ex&dxHP_equip,RE-dxAC_eq-pkgSEER-15.2-SEER2,,,,,,,,,,,,,,,,,,,,,,,,,,,,,,,,,,,,,,,
SWHC049-09 SEER Rated AC HP_SFm_1985/runs/CZ13/SFm&1&rDXHP&Ex&dxHP_equip/RE-dxAC_eq-pkgSEER-16.9-SEER2/instance-out.sql,CZ13,SFm,1,rDXHP,Ex,dxHP_equip,,RE-dxAC_eq-pkgSEER-16.9-SEER2,SFm&1&rDXHP&Ex&dxHP_equip,RE-dxAC_eq-pkgSEER-16.9-SEER2,,,,,,,,,,,,,,,,,,,,,,,,,,,,,,,,,,,,,,,
SWHC049-09 SEER Rated AC HP_SFm_1985/runs/CZ13/SFm&1&rDXHP&Ex&dxHP_equip/RE-dxAC_eq-pkgSEER-17.8-SEER2/instance-out.sql,CZ13,SFm,1,rDXHP,Ex,dxHP_equip,,RE-dxAC_eq-pkgSEER-17.8-SEER2,SFm&1&rDXHP&Ex&dxHP_equip,RE-dxAC_eq-pkgSEER-17.8-SEER2,,,,,,,,,,,,,,,,,,,,,,,,,,,,,,,,,,,,,,,
SWHC049-09 SEER Rated AC HP_SFm_1985/runs/CZ13/SFm&1&rDXHP&Ex&dxHP_equip/RE-dxAC_eq-pkgSEER-18.7-SEER2/instance-out.sql,CZ13,SFm,1,rDXHP,Ex,dxHP_equip,,RE-dxAC_eq-pkgSEER-18.7-SEER2,SFm&1&rDXHP&Ex&dxHP_equip,RE-dxAC_eq-pkgSEER-18.7-SEER2,,,,,,,,,,,,,,,,,,,,,,,,,,,,,,,,,,,,,,,
SWHC049-09 SEER Rated AC HP_SFm_1985/runs/CZ13/SFm&1&rDXHP&Ex&dxHP_equip/RE-dxAC_eq-pkgSEER-19.6-SEER2/instance-out.sql,CZ13,SFm,1,rDXHP,Ex,dxHP_equip,,RE-dxAC_eq-pkgSEER-19.6-SEER2,SFm&1&rDXHP&Ex&dxHP_equip,RE-dxAC_eq-pkgSEER-19.6-SEER2,,,,,,,,,,,,,,,,,,,,,,,,,,,,,,,,,,,,,,,
SWHC049-09 SEER Rated AC HP_SFm_1985/runs/CZ13/SFm&1&rDXHP&Ex&dxHP_equip/RE-dxHP_eq-pkgSEER-12.5-SEER2-6.4-HSPF2/instance-out.sql,CZ13,SFm,1,rDXHP,Ex,dxHP_equip,,RE-dxHP_eq-pkgSEER-12.5-SEER2-6.4-HSPF2,SFm&1&rDXHP&Ex&dxHP_equip,RE-dxHP_eq-pkgSEER-12.5-SEER2-6.4-HSPF2,,,,,,,,,,,,,,,,,,,,,,,,,,,,,,,,,,,,,,,
SWHC049-09 SEER Rated AC HP_SFm_1985/runs/CZ13/SFm&1&rDXHP&Ex&dxHP_equip/RE-dxHP_eq-pkgSEER-14.3-SEER2-7.5-HSPF2/instance-out.sql,CZ13,SFm,1,rDXHP,Ex,dxHP_equip,,RE-dxHP_eq-pkgSEER-14.3-SEER2-7.5-HSPF2,SFm&1&rDXHP&Ex&dxHP_equip,RE-dxHP_eq-pkgSEER-14.3-SEER2-7.5-HSPF2,,,,,,,,,,,,,,,,,,,,,,,,,,,,,,,,,,,,,,,
SWHC049-09 SEER Rated AC HP_SFm_1985/runs/CZ13/SFm&1&rDXHP&Ex&dxHP_equip/RE-dxHP_eq-pkgSEER-15.2-SEER2-7.7-HSPF2/instance-out.sql,CZ13,SFm,1,rDXHP,Ex,dxHP_equip,,RE-dxHP_eq-pkgSEER-15.2-SEER2-7.7-HSPF2,SFm&1&rDXHP&Ex&dxHP_equip,RE-dxHP_eq-pkgSEER-15.2-SEER2-7.7-HSPF2,,,,,,,,,,,,,,,,,,,,,,,,,,,,,,,,,,,,,,,
SWHC049-09 SEER Rated AC HP_SFm_1985/runs/CZ13/SFm&1&rDXHP&Ex&dxHP_equip/RE-dxHP_eq-pkgSEER-16.0-SEER2-8.0-HSPF2/instance-out.sql,CZ13,SFm,1,rDXHP,Ex,dxHP_equip,,RE-dxHP_eq-pkgSEER-16.0-SEER2-8.0-HSPF2,SFm&1&rDXHP&Ex&dxHP_equip,RE-dxHP_eq-pkgSEER-16.0-SEER2-8.0-HSPF2,,,,,,,,,,,,,,,,,,,,,,,,,,,,,,,,,,,,,,,
SWHC049-09 SEER Rated AC HP_SFm_1985/runs/CZ13/SFm&1&rDXHP&Ex&dxHP_equip/RE-dxHP_eq-pkgSEER-17.8-SEER2-8.1-HSPF2/instance-out.sql,CZ13,SFm,1,rDXHP,Ex,dxHP_equip,,RE-dxHP_eq-pkgSEER-17.8-SEER2-8.1-HSPF2,SFm&1&rDXHP&Ex&dxHP_equip,RE-dxHP_eq-pkgSEER-17.8-SEER2-8.1-HSPF2,,,,,,,,,,,,,,,,,,,,,,,,,,,,,,,,,,,,,,,
SWHC049-09 SEER Rated AC HP_SFm_1985/runs/CZ13/SFm&1&rDXHP&Ex&dxHP_equip/RE-dxHP_eq-pkgSEER-18.7-SEER2-8.5-HSPF2/instance-out.sql,CZ13,SFm,1,rDXHP,Ex,dxHP_equip,,RE-dxHP_eq-pkgSEER-18.7-SEER2-8.5-HSPF2,SFm&1&rDXHP&Ex&dxHP_equip,RE-dxHP_eq-pkgSEER-18.7-SEER2-8.5-HSPF2,,,,,,,,,,,,,,,,,,,,,,,,,,,,,,,,,,,,,,,
SWHC049-09 SEER Rated AC HP_SFm_1985/runs/CZ13/SFm&1&rDXHP&Ex&dxHP_equip/RE-dxHP_eq-pkgSEER-19.6-SEER2-8.9-HSPF2/instance-out.sql,CZ13,SFm,1,rDXHP,Ex,dxHP_equip,,RE-dxHP_eq-pkgSEER-19.6-SEER2-8.9-HSPF2,SFm&1&rDXHP&Ex&dxHP_equip,RE-dxHP_eq-pkgSEER-19.6-SEER2-8.9-HSPF2,,,,,,,,,,,,,,,,,,,,,,,,,,,,,,,,,,,,,,,
SWHC049-09 SEER Rated AC HP_SFm_1985/runs/CZ12/SFm&2&rDXHP&Ex&dxHP_equip/RE-dxAC_eq-pkgSEER-12.5-SEER2/instance-out.sql,CZ12,SFm,2,rDXHP,Ex,dxHP_equip,,RE-dxAC_eq-pkgSEER-12.5-SEER2,SFm&2&rDXHP&Ex&dxHP_equip,RE-dxAC_eq-pkgSEER-12.5-SEER2,,,,,,,,,,,,,,,,,,,,,,,,,,,,,,,,,,,,,,,
SWHC049-09 SEER Rated AC HP_SFm_1985/runs/CZ12/SFm&2&rDXHP&Ex&dxHP_equip/RE-dxAC_eq-pkgSEER-13.8-SEER2/instance-out.sql,CZ12,SFm,2,rDXHP,Ex,dxHP_equip,,RE-dxAC_eq-pkgSEER-13.8-SEER2,SFm&2&rDXHP&Ex&dxHP_equip,RE-dxAC_eq-pkgSEER-13.8-SEER2,,,,,,,,,,,,,,,,,,,,,,,,,,,,,,,,,,,,,,,
SWHC049-09 SEER Rated AC HP_SFm_1985/runs/CZ12/SFm&2&rDXHP&Ex&dxHP_equip/RE-dxAC_eq-pkgSEER-14.3-SEER2/instance-out.sql,CZ12,SFm,2,rDXHP,Ex,dxHP_equip,,RE-dxAC_eq-pkgSEER-14.3-SEER2,SFm&2&rDXHP&Ex&dxHP_equip,RE-dxAC_eq-pkgSEER-14.3-SEER2,,,,,,,,,,,,,,,,,,,,,,,,,,,,,,,,,,,,,,,
SWHC049-09 SEER Rated AC HP_SFm_1985/runs/CZ12/SFm&2&rDXHP&Ex&dxHP_equip/RE-dxAC_eq-pkgSEER-15.2-SEER2/instance-out.sql,CZ12,SFm,2,rDXHP,Ex,dxHP_equip,,RE-dxAC_eq-pkgSEER-15.2-SEER2,SFm&2&rDXHP&Ex&dxHP_equip,RE-dxAC_eq-pkgSEER-15.2-SEER2,,,,,,,,,,,,,,,,,,,,,,,,,,,,,,,,,,,,,,,
SWHC049-09 SEER Rated AC HP_SFm_1985/runs/CZ12/SFm&2&rDXHP&Ex&dxHP_equip/RE-dxAC_eq-pkgSEER-16.9-SEER2/instance-out.sql,CZ12,SFm,2,rDXHP,Ex,dxHP_equip,,RE-dxAC_eq-pkgSEER-16.9-SEER2,SFm&2&rDXHP&Ex&dxHP_equip,RE-dxAC_eq-pkgSEER-16.9-SEER2,,,,,,,,,,,,,,,,,,,,,,,,,,,,,,,,,,,,,,,
SWHC049-09 SEER Rated AC HP_SFm_1985/runs/CZ12/SFm&2&rDXHP&Ex&dxHP_equip/RE-dxAC_eq-pkgSEER-17.8-SEER2/instance-out.sql,CZ12,SFm,2,rDXHP,Ex,dxHP_equip,,RE-dxAC_eq-pkgSEER-17.8-SEER2,SFm&2&rDXHP&Ex&dxHP_equip,RE-dxAC_eq-pkgSEER-17.8-SEER2,,,,,,,,,,,,,,,,,,,,,,,,,,,,,,,,,,,,,,,
SWHC049-09 SEER Rated AC HP_SFm_1985/runs/CZ12/SFm&2&rDXHP&Ex&dxHP_equip/RE-dxAC_eq-pkgSEER-18.7-SEER2/instance-out.sql,CZ12,SFm,2,rDXHP,Ex,dxHP_equip,,RE-dxAC_eq-pkgSEER-18.7-SEER2,SFm&2&rDXHP&Ex&dxHP_equip,RE-dxAC_eq-pkgSEER-18.7-SEER2,,,,,,,,,,,,,,,,,,,,,,,,,,,,,,,,,,,,,,,
SWHC049-09 SEER Rated AC HP_SFm_1985/runs/CZ12/SFm&2&rDXHP&Ex&dxHP_equip/RE-dxAC_eq-pkgSEER-19.6-SEER2/instance-out.sql,CZ12,SFm,2,rDXHP,Ex,dxHP_equip,,RE-dxAC_eq-pkgSEER-19.6-SEER2,SFm&2&rDXHP&Ex&dxHP_equip,RE-dxAC_eq-pkgSEER-19.6-SEER2,,,,,,,,,,,,,,,,,,,,,,,,,,,,,,,,,,,,,,,
SWHC049-09 SEER Rated AC HP_SFm_1985/runs/CZ12/SFm&2&rDXHP&Ex&dxHP_equip/RE-dxHP_eq-pkgSEER-12.5-SEER2-6.4-HSPF2/instance-out.sql,CZ12,SFm,2,rDXHP,Ex,dxHP_equip,,RE-dxHP_eq-pkgSEER-12.5-SEER2-6.4-HSPF2,SFm&2&rDXHP&Ex&dxHP_equip,RE-dxHP_eq-pkgSEER-12.5-SEER2-6.4-HSPF2,,,,,,,,,,,,,,,,,,,,,,,,,,,,,,,,,,,,,,,
SWHC049-09 SEER Rated AC HP_SFm_1985/runs/CZ12/SFm&2&rDXHP&Ex&dxHP_equip/RE-dxHP_eq-pkgSEER-14.3-SEER2-7.5-HSPF2/instance-out.sql,CZ12,SFm,2,rDXHP,Ex,dxHP_equip,,RE-dxHP_eq-pkgSEER-14.3-SEER2-7.5-HSPF2,SFm&2&rDXHP&Ex&dxHP_equip,RE-dxHP_eq-pkgSEER-14.3-SEER2-7.5-HSPF2,,,,,,,,,,,,,,,,,,,,,,,,,,,,,,,,,,,,,,,
SWHC049-09 SEER Rated AC HP_SFm_1985/runs/CZ12/SFm&2&rDXHP&Ex&dxHP_equip/RE-dxHP_eq-pkgSEER-15.2-SEER2-7.7-HSPF2/instance-out.sql,CZ12,SFm,2,rDXHP,Ex,dxHP_equip,,RE-dxHP_eq-pkgSEER-15.2-SEER2-7.7-HSPF2,SFm&2&rDXHP&Ex&dxHP_equip,RE-dxHP_eq-pkgSEER-15.2-SEER2-7.7-HSPF2,,,,,,,,,,,,,,,,,,,,,,,,,,,,,,,,,,,,,,,
SWHC049-09 SEER Rated AC HP_SFm_1985/runs/CZ12/SFm&2&rDXHP&Ex&dxHP_equip/RE-dxHP_eq-pkgSEER-16.0-SEER2-8.0-HSPF2/instance-out.sql,CZ12,SFm,2,rDXHP,Ex,dxHP_equip,,RE-dxHP_eq-pkgSEER-16.0-SEER2-8.0-HSPF2,SFm&2&rDXHP&Ex&dxHP_equip,RE-dxHP_eq-pkgSEER-16.0-SEER2-8.0-HSPF2,,,,,,,,,,,,,,,,,,,,,,,,,,,,,,,,,,,,,,,
SWHC049-09 SEER Rated AC HP_SFm_1985/runs/CZ12/SFm&2&rDXHP&Ex&dxHP_equip/RE-dxHP_eq-pkgSEER-17.8-SEER2-8.1-HSPF2/instance-out.sql,CZ12,SFm,2,rDXHP,Ex,dxHP_equip,,RE-dxHP_eq-pkgSEER-17.8-SEER2-8.1-HSPF2,SFm&2&rDXHP&Ex&dxHP_equip,RE-dxHP_eq-pkgSEER-17.8-SEER2-8.1-HSPF2,,,,,,,,,,,,,,,,,,,,,,,,,,,,,,,,,,,,,,,
SWHC049-09 SEER Rated AC HP_SFm_1985/runs/CZ12/SFm&2&rDXHP&Ex&dxHP_equip/RE-dxHP_eq-pkgSEER-18.7-SEER2-8.5-HSPF2/instance-out.sql,CZ12,SFm,2,rDXHP,Ex,dxHP_equip,,RE-dxHP_eq-pkgSEER-18.7-SEER2-8.5-HSPF2,SFm&2&rDXHP&Ex&dxHP_equip,RE-dxHP_eq-pkgSEER-18.7-SEER2-8.5-HSPF2,,,,,,,,,,,,,,,,,,,,,,,,,,,,,,,,,,,,,,,
SWHC049-09 SEER Rated AC HP_SFm_1985/runs/CZ12/SFm&2&rDXHP&Ex&dxHP_equip/RE-dxHP_eq-pkgSEER-19.6-SEER2-8.9-HSPF2/instance-out.sql,CZ12,SFm,2,rDXHP,Ex,dxHP_equip,,RE-dxHP_eq-pkgSEER-19.6-SEER2-8.9-HSPF2,SFm&2&rDXHP&Ex&dxHP_equip,RE-dxHP_eq-pkgSEER-19.6-SEER2-8.9-HSPF2,,,,,,,,,,,,,,,,,,,,,,,,,,,,,,,,,,,,,,,
SWHC049-09 SEER Rated AC HP_SFm_1985/runs/CZ12/SFm&1&rDXHP&Ex&dxHP_equip/RE-dxAC_eq-pkgSEER-12.5-SEER2/instance-out.sql,CZ12,SFm,1,rDXHP,Ex,dxHP_equip,,RE-dxAC_eq-pkgSEER-12.5-SEER2,SFm&1&rDXHP&Ex&dxHP_equip,RE-dxAC_eq-pkgSEER-12.5-SEER2,,,,,,,,,,,,,,,,,,,,,,,,,,,,,,,,,,,,,,,
SWHC049-09 SEER Rated AC HP_SFm_1985/runs/CZ12/SFm&1&rDXHP&Ex&dxHP_equip/RE-dxAC_eq-pkgSEER-13.8-SEER2/instance-out.sql,CZ12,SFm,1,rDXHP,Ex,dxHP_equip,,RE-dxAC_eq-pkgSEER-13.8-SEER2,SFm&1&rDXHP&Ex&dxHP_equip,RE-dxAC_eq-pkgSEER-13.8-SEER2,,,,,,,,,,,,,,,,,,,,,,,,,,,,,,,,,,,,,,,
SWHC049-09 SEER Rated AC HP_SFm_1985/runs/CZ12/SFm&1&rDXHP&Ex&dxHP_equip/RE-dxAC_eq-pkgSEER-14.3-SEER2/instance-out.sql,CZ12,SFm,1,rDXHP,Ex,dxHP_equip,,RE-dxAC_eq-pkgSEER-14.3-SEER2,SFm&1&rDXHP&Ex&dxHP_equip,RE-dxAC_eq-pkgSEER-14.3-SEER2,,,,,,,,,,,,,,,,,,,,,,,,,,,,,,,,,,,,,,,
SWHC049-09 SEER Rated AC HP_SFm_1985/runs/CZ12/SFm&1&rDXHP&Ex&dxHP_equip/RE-dxAC_eq-pkgSEER-15.2-SEER2/instance-out.sql,CZ12,SFm,1,rDXHP,Ex,dxHP_equip,,RE-dxAC_eq-pkgSEER-15.2-SEER2,SFm&1&rDXHP&Ex&dxHP_equip,RE-dxAC_eq-pkgSEER-15.2-SEER2,,,,,,,,,,,,,,,,,,,,,,,,,,,,,,,,,,,,,,,
SWHC049-09 SEER Rated AC HP_SFm_1985/runs/CZ12/SFm&1&rDXHP&Ex&dxHP_equip/RE-dxAC_eq-pkgSEER-16.9-SEER2/instance-out.sql,CZ12,SFm,1,rDXHP,Ex,dxHP_equip,,RE-dxAC_eq-pkgSEER-16.9-SEER2,SFm&1&rDXHP&Ex&dxHP_equip,RE-dxAC_eq-pkgSEER-16.9-SEER2,,,,,,,,,,,,,,,,,,,,,,,,,,,,,,,,,,,,,,,
SWHC049-09 SEER Rated AC HP_SFm_1985/runs/CZ12/SFm&1&rDXHP&Ex&dxHP_equip/RE-dxAC_eq-pkgSEER-17.8-SEER2/instance-out.sql,CZ12,SFm,1,rDXHP,Ex,dxHP_equip,,RE-dxAC_eq-pkgSEER-17.8-SEER2,SFm&1&rDXHP&Ex&dxHP_equip,RE-dxAC_eq-pkgSEER-17.8-SEER2,,,,,,,,,,,,,,,,,,,,,,,,,,,,,,,,,,,,,,,
SWHC049-09 SEER Rated AC HP_SFm_1985/runs/CZ12/SFm&1&rDXHP&Ex&dxHP_equip/RE-dxAC_eq-pkgSEER-18.7-SEER2/instance-out.sql,CZ12,SFm,1,rDXHP,Ex,dxHP_equip,,RE-dxAC_eq-pkgSEER-18.7-SEER2,SFm&1&rDXHP&Ex&dxHP_equip,RE-dxAC_eq-pkgSEER-18.7-SEER2,,,,,,,,,,,,,,,,,,,,,,,,,,,,,,,,,,,,,,,
SWHC049-09 SEER Rated AC HP_SFm_1985/runs/CZ12/SFm&1&rDXHP&Ex&dxHP_equip/RE-dxAC_eq-pkgSEER-19.6-SEER2/instance-out.sql,CZ12,SFm,1,rDXHP,Ex,dxHP_equip,,RE-dxAC_eq-pkgSEER-19.6-SEER2,SFm&1&rDXHP&Ex&dxHP_equip,RE-dxAC_eq-pkgSEER-19.6-SEER2,,,,,,,,,,,,,,,,,,,,,,,,,,,,,,,,,,,,,,,
SWHC049-09 SEER Rated AC HP_SFm_1985/runs/CZ12/SFm&1&rDXHP&Ex&dxHP_equip/RE-dxHP_eq-pkgSEER-12.5-SEER2-6.4-HSPF2/instance-out.sql,CZ12,SFm,1,rDXHP,Ex,dxHP_equip,,RE-dxHP_eq-pkgSEER-12.5-SEER2-6.4-HSPF2,SFm&1&rDXHP&Ex&dxHP_equip,RE-dxHP_eq-pkgSEER-12.5-SEER2-6.4-HSPF2,,,,,,,,,,,,,,,,,,,,,,,,,,,,,,,,,,,,,,,
SWHC049-09 SEER Rated AC HP_SFm_1985/runs/CZ12/SFm&1&rDXHP&Ex&dxHP_equip/RE-dxHP_eq-pkgSEER-14.3-SEER2-7.5-HSPF2/instance-out.sql,CZ12,SFm,1,rDXHP,Ex,dxHP_equip,,RE-dxHP_eq-pkgSEER-14.3-SEER2-7.5-HSPF2,SFm&1&rDXHP&Ex&dxHP_equip,RE-dxHP_eq-pkgSEER-14.3-SEER2-7.5-HSPF2,,,,,,,,,,,,,,,,,,,,,,,,,,,,,,,,,,,,,,,
SWHC049-09 SEER Rated AC HP_SFm_1985/runs/CZ12/SFm&1&rDXHP&Ex&dxHP_equip/RE-dxHP_eq-pkgSEER-15.2-SEER2-7.7-HSPF2/instance-out.sql,CZ12,SFm,1,rDXHP,Ex,dxHP_equip,,RE-dxHP_eq-pkgSEER-15.2-SEER2-7.7-HSPF2,SFm&1&rDXHP&Ex&dxHP_equip,RE-dxHP_eq-pkgSEER-15.2-SEER2-7.7-HSPF2,,,,,,,,,,,,,,,,,,,,,,,,,,,,,,,,,,,,,,,
SWHC049-09 SEER Rated AC HP_SFm_1985/runs/CZ12/SFm&1&rDXHP&Ex&dxHP_equip/RE-dxHP_eq-pkgSEER-16.0-SEER2-8.0-HSPF2/instance-out.sql,CZ12,SFm,1,rDXHP,Ex,dxHP_equip,,RE-dxHP_eq-pkgSEER-16.0-SEER2-8.0-HSPF2,SFm&1&rDXHP&Ex&dxHP_equip,RE-dxHP_eq-pkgSEER-16.0-SEER2-8.0-HSPF2,,,,,,,,,,,,,,,,,,,,,,,,,,,,,,,,,,,,,,,
SWHC049-09 SEER Rated AC HP_SFm_1985/runs/CZ12/SFm&1&rDXHP&Ex&dxHP_equip/RE-dxHP_eq-pkgSEER-17.8-SEER2-8.1-HSPF2/instance-out.sql,CZ12,SFm,1,rDXHP,Ex,dxHP_equip,,RE-dxHP_eq-pkgSEER-17.8-SEER2-8.1-HSPF2,SFm&1&rDXHP&Ex&dxHP_equip,RE-dxHP_eq-pkgSEER-17.8-SEER2-8.1-HSPF2,,,,,,,,,,,,,,,,,,,,,,,,,,,,,,,,,,,,,,,
SWHC049-09 SEER Rated AC HP_SFm_1985/runs/CZ12/SFm&1&rDXHP&Ex&dxHP_equip/RE-dxHP_eq-pkgSEER-18.7-SEER2-8.5-HSPF2/instance-out.sql,CZ12,SFm,1,rDXHP,Ex,dxHP_equip,,RE-dxHP_eq-pkgSEER-18.7-SEER2-8.5-HSPF2,SFm&1&rDXHP&Ex&dxHP_equip,RE-dxHP_eq-pkgSEER-18.7-SEER2-8.5-HSPF2,,,,,,,,,,,,,,,,,,,,,,,,,,,,,,,,,,,,,,,
SWHC049-09 SEER Rated AC HP_SFm_1985/runs/CZ12/SFm&1&rDXHP&Ex&dxHP_equip/RE-dxHP_eq-pkgSEER-19.6-SEER2-8.9-HSPF2/instance-out.sql,CZ12,SFm,1,rDXHP,Ex,dxHP_equip,,RE-dxHP_eq-pkgSEER-19.6-SEER2-8.9-HSPF2,SFm&1&rDXHP&Ex&dxHP_equip,RE-dxHP_eq-pkgSEER-19.6-SEER2-8.9-HSPF2,,,,,,,,,,,,,,,,,,,,,,,,,,,,,,,,,,,,,,,
SWHC049-09 SEER Rated AC HP_SFm_1985/runs/CZ11/SFm&2&rDXHP&Ex&dxHP_equip/RE-dxAC_eq-pkgSEER-12.5-SEER2/instance-out.sql,CZ11,SFm,2,rDXHP,Ex,dxHP_equip,,RE-dxAC_eq-pkgSEER-12.5-SEER2,SFm&2&rDXHP&Ex&dxHP_equip,RE-dxAC_eq-pkgSEER-12.5-SEER2,,,,,,,,,,,,,,,,,,,,,,,,,,,,,,,,,,,,,,,
SWHC049-09 SEER Rated AC HP_SFm_1985/runs/CZ11/SFm&2&rDXHP&Ex&dxHP_equip/RE-dxAC_eq-pkgSEER-13.8-SEER2/instance-out.sql,CZ11,SFm,2,rDXHP,Ex,dxHP_equip,,RE-dxAC_eq-pkgSEER-13.8-SEER2,SFm&2&rDXHP&Ex&dxHP_equip,RE-dxAC_eq-pkgSEER-13.8-SEER2,,,,,,,,,,,,,,,,,,,,,,,,,,,,,,,,,,,,,,,
SWHC049-09 SEER Rated AC HP_SFm_1985/runs/CZ11/SFm&2&rDXHP&Ex&dxHP_equip/RE-dxAC_eq-pkgSEER-14.3-SEER2/instance-out.sql,CZ11,SFm,2,rDXHP,Ex,dxHP_equip,,RE-dxAC_eq-pkgSEER-14.3-SEER2,SFm&2&rDXHP&Ex&dxHP_equip,RE-dxAC_eq-pkgSEER-14.3-SEER2,,,,,,,,,,,,,,,,,,,,,,,,,,,,,,,,,,,,,,,
SWHC049-09 SEER Rated AC HP_SFm_1985/runs/CZ11/SFm&2&rDXHP&Ex&dxHP_equip/RE-dxAC_eq-pkgSEER-15.2-SEER2/instance-out.sql,CZ11,SFm,2,rDXHP,Ex,dxHP_equip,,RE-dxAC_eq-pkgSEER-15.2-SEER2,SFm&2&rDXHP&Ex&dxHP_equip,RE-dxAC_eq-pkgSEER-15.2-SEER2,,,,,,,,,,,,,,,,,,,,,,,,,,,,,,,,,,,,,,,
SWHC049-09 SEER Rated AC HP_SFm_1985/runs/CZ11/SFm&2&rDXHP&Ex&dxHP_equip/RE-dxAC_eq-pkgSEER-16.9-SEER2/instance-out.sql,CZ11,SFm,2,rDXHP,Ex,dxHP_equip,,RE-dxAC_eq-pkgSEER-16.9-SEER2,SFm&2&rDXHP&Ex&dxHP_equip,RE-dxAC_eq-pkgSEER-16.9-SEER2,,,,,,,,,,,,,,,,,,,,,,,,,,,,,,,,,,,,,,,
SWHC049-09 SEER Rated AC HP_SFm_1985/runs/CZ11/SFm&2&rDXHP&Ex&dxHP_equip/RE-dxAC_eq-pkgSEER-17.8-SEER2/instance-out.sql,CZ11,SFm,2,rDXHP,Ex,dxHP_equip,,RE-dxAC_eq-pkgSEER-17.8-SEER2,SFm&2&rDXHP&Ex&dxHP_equip,RE-dxAC_eq-pkgSEER-17.8-SEER2,,,,,,,,,,,,,,,,,,,,,,,,,,,,,,,,,,,,,,,
SWHC049-09 SEER Rated AC HP_SFm_1985/runs/CZ11/SFm&2&rDXHP&Ex&dxHP_equip/RE-dxAC_eq-pkgSEER-18.7-SEER2/instance-out.sql,CZ11,SFm,2,rDXHP,Ex,dxHP_equip,,RE-dxAC_eq-pkgSEER-18.7-SEER2,SFm&2&rDXHP&Ex&dxHP_equip,RE-dxAC_eq-pkgSEER-18.7-SEER2,,,,,,,,,,,,,,,,,,,,,,,,,,,,,,,,,,,,,,,
SWHC049-09 SEER Rated AC HP_SFm_1985/runs/CZ11/SFm&2&rDXHP&Ex&dxHP_equip/RE-dxAC_eq-pkgSEER-19.6-SEER2/instance-out.sql,CZ11,SFm,2,rDXHP,Ex,dxHP_equip,,RE-dxAC_eq-pkgSEER-19.6-SEER2,SFm&2&rDXHP&Ex&dxHP_equip,RE-dxAC_eq-pkgSEER-19.6-SEER2,,,,,,,,,,,,,,,,,,,,,,,,,,,,,,,,,,,,,,,
SWHC049-09 SEER Rated AC HP_SFm_1985/runs/CZ11/SFm&2&rDXHP&Ex&dxHP_equip/RE-dxHP_eq-pkgSEER-12.5-SEER2-6.4-HSPF2/instance-out.sql,CZ11,SFm,2,rDXHP,Ex,dxHP_equip,,RE-dxHP_eq-pkgSEER-12.5-SEER2-6.4-HSPF2,SFm&2&rDXHP&Ex&dxHP_equip,RE-dxHP_eq-pkgSEER-12.5-SEER2-6.4-HSPF2,,,,,,,,,,,,,,,,,,,,,,,,,,,,,,,,,,,,,,,
SWHC049-09 SEER Rated AC HP_SFm_1985/runs/CZ11/SFm&2&rDXHP&Ex&dxHP_equip/RE-dxHP_eq-pkgSEER-14.3-SEER2-7.5-HSPF2/instance-out.sql,CZ11,SFm,2,rDXHP,Ex,dxHP_equip,,RE-dxHP_eq-pkgSEER-14.3-SEER2-7.5-HSPF2,SFm&2&rDXHP&Ex&dxHP_equip,RE-dxHP_eq-pkgSEER-14.3-SEER2-7.5-HSPF2,,,,,,,,,,,,,,,,,,,,,,,,,,,,,,,,,,,,,,,
SWHC049-09 SEER Rated AC HP_SFm_1985/runs/CZ11/SFm&2&rDXHP&Ex&dxHP_equip/RE-dxHP_eq-pkgSEER-15.2-SEER2-7.7-HSPF2/instance-out.sql,CZ11,SFm,2,rDXHP,Ex,dxHP_equip,,RE-dxHP_eq-pkgSEER-15.2-SEER2-7.7-HSPF2,SFm&2&rDXHP&Ex&dxHP_equip,RE-dxHP_eq-pkgSEER-15.2-SEER2-7.7-HSPF2,,,,,,,,,,,,,,,,,,,,,,,,,,,,,,,,,,,,,,,
SWHC049-09 SEER Rated AC HP_SFm_1985/runs/CZ11/SFm&2&rDXHP&Ex&dxHP_equip/RE-dxHP_eq-pkgSEER-16.0-SEER2-8.0-HSPF2/instance-out.sql,CZ11,SFm,2,rDXHP,Ex,dxHP_equip,,RE-dxHP_eq-pkgSEER-16.0-SEER2-8.0-HSPF2,SFm&2&rDXHP&Ex&dxHP_equip,RE-dxHP_eq-pkgSEER-16.0-SEER2-8.0-HSPF2,,,,,,,,,,,,,,,,,,,,,,,,,,,,,,,,,,,,,,,
SWHC049-09 SEER Rated AC HP_SFm_1985/runs/CZ11/SFm&2&rDXHP&Ex&dxHP_equip/RE-dxHP_eq-pkgSEER-17.8-SEER2-8.1-HSPF2/instance-out.sql,CZ11,SFm,2,rDXHP,Ex,dxHP_equip,,RE-dxHP_eq-pkgSEER-17.8-SEER2-8.1-HSPF2,SFm&2&rDXHP&Ex&dxHP_equip,RE-dxHP_eq-pkgSEER-17.8-SEER2-8.1-HSPF2,,,,,,,,,,,,,,,,,,,,,,,,,,,,,,,,,,,,,,,
SWHC049-09 SEER Rated AC HP_SFm_1985/runs/CZ11/SFm&2&rDXHP&Ex&dxHP_equip/RE-dxHP_eq-pkgSEER-18.7-SEER2-8.5-HSPF2/instance-out.sql,CZ11,SFm,2,rDXHP,Ex,dxHP_equip,,RE-dxHP_eq-pkgSEER-18.7-SEER2-8.5-HSPF2,SFm&2&rDXHP&Ex&dxHP_equip,RE-dxHP_eq-pkgSEER-18.7-SEER2-8.5-HSPF2,,,,,,,,,,,,,,,,,,,,,,,,,,,,,,,,,,,,,,,
SWHC049-09 SEER Rated AC HP_SFm_1985/runs/CZ11/SFm&2&rDXHP&Ex&dxHP_equip/RE-dxHP_eq-pkgSEER-19.6-SEER2-8.9-HSPF2/instance-out.sql,CZ11,SFm,2,rDXHP,Ex,dxHP_equip,,RE-dxHP_eq-pkgSEER-19.6-SEER2-8.9-HSPF2,SFm&2&rDXHP&Ex&dxHP_equip,RE-dxHP_eq-pkgSEER-19.6-SEER2-8.9-HSPF2,,,,,,,,,,,,,,,,,,,,,,,,,,,,,,,,,,,,,,,
SWHC049-09 SEER Rated AC HP_SFm_1985/runs/CZ11/SFm&1&rDXHP&Ex&dxHP_equip/RE-dxAC_eq-pkgSEER-12.5-SEER2/instance-out.sql,CZ11,SFm,1,rDXHP,Ex,dxHP_equip,,RE-dxAC_eq-pkgSEER-12.5-SEER2,SFm&1&rDXHP&Ex&dxHP_equip,RE-dxAC_eq-pkgSEER-12.5-SEER2,,,,,,,,,,,,,,,,,,,,,,,,,,,,,,,,,,,,,,,
SWHC049-09 SEER Rated AC HP_SFm_1985/runs/CZ11/SFm&1&rDXHP&Ex&dxHP_equip/RE-dxAC_eq-pkgSEER-13.8-SEER2/instance-out.sql,CZ11,SFm,1,rDXHP,Ex,dxHP_equip,,RE-dxAC_eq-pkgSEER-13.8-SEER2,SFm&1&rDXHP&Ex&dxHP_equip,RE-dxAC_eq-pkgSEER-13.8-SEER2,,,,,,,,,,,,,,,,,,,,,,,,,,,,,,,,,,,,,,,
SWHC049-09 SEER Rated AC HP_SFm_1985/runs/CZ11/SFm&1&rDXHP&Ex&dxHP_equip/RE-dxAC_eq-pkgSEER-14.3-SEER2/instance-out.sql,CZ11,SFm,1,rDXHP,Ex,dxHP_equip,,RE-dxAC_eq-pkgSEER-14.3-SEER2,SFm&1&rDXHP&Ex&dxHP_equip,RE-dxAC_eq-pkgSEER-14.3-SEER2,,,,,,,,,,,,,,,,,,,,,,,,,,,,,,,,,,,,,,,
SWHC049-09 SEER Rated AC HP_SFm_1985/runs/CZ11/SFm&1&rDXHP&Ex&dxHP_equip/RE-dxAC_eq-pkgSEER-15.2-SEER2/instance-out.sql,CZ11,SFm,1,rDXHP,Ex,dxHP_equip,,RE-dxAC_eq-pkgSEER-15.2-SEER2,SFm&1&rDXHP&Ex&dxHP_equip,RE-dxAC_eq-pkgSEER-15.2-SEER2,,,,,,,,,,,,,,,,,,,,,,,,,,,,,,,,,,,,,,,
SWHC049-09 SEER Rated AC HP_SFm_1985/runs/CZ11/SFm&1&rDXHP&Ex&dxHP_equip/RE-dxAC_eq-pkgSEER-16.9-SEER2/instance-out.sql,CZ11,SFm,1,rDXHP,Ex,dxHP_equip,,RE-dxAC_eq-pkgSEER-16.9-SEER2,SFm&1&rDXHP&Ex&dxHP_equip,RE-dxAC_eq-pkgSEER-16.9-SEER2,,,,,,,,,,,,,,,,,,,,,,,,,,,,,,,,,,,,,,,
SWHC049-09 SEER Rated AC HP_SFm_1985/runs/CZ11/SFm&1&rDXHP&Ex&dxHP_equip/RE-dxAC_eq-pkgSEER-17.8-SEER2/instance-out.sql,CZ11,SFm,1,rDXHP,Ex,dxHP_equip,,RE-dxAC_eq-pkgSEER-17.8-SEER2,SFm&1&rDXHP&Ex&dxHP_equip,RE-dxAC_eq-pkgSEER-17.8-SEER2,,,,,,,,,,,,,,,,,,,,,,,,,,,,,,,,,,,,,,,
SWHC049-09 SEER Rated AC HP_SFm_1985/runs/CZ11/SFm&1&rDXHP&Ex&dxHP_equip/RE-dxAC_eq-pkgSEER-18.7-SEER2/instance-out.sql,CZ11,SFm,1,rDXHP,Ex,dxHP_equip,,RE-dxAC_eq-pkgSEER-18.7-SEER2,SFm&1&rDXHP&Ex&dxHP_equip,RE-dxAC_eq-pkgSEER-18.7-SEER2,,,,,,,,,,,,,,,,,,,,,,,,,,,,,,,,,,,,,,,
SWHC049-09 SEER Rated AC HP_SFm_1985/runs/CZ11/SFm&1&rDXHP&Ex&dxHP_equip/RE-dxAC_eq-pkgSEER-19.6-SEER2/instance-out.sql,CZ11,SFm,1,rDXHP,Ex,dxHP_equip,,RE-dxAC_eq-pkgSEER-19.6-SEER2,SFm&1&rDXHP&Ex&dxHP_equip,RE-dxAC_eq-pkgSEER-19.6-SEER2,,,,,,,,,,,,,,,,,,,,,,,,,,,,,,,,,,,,,,,
SWHC049-09 SEER Rated AC HP_SFm_1985/runs/CZ11/SFm&1&rDXHP&Ex&dxHP_equip/RE-dxHP_eq-pkgSEER-12.5-SEER2-6.4-HSPF2/instance-out.sql,CZ11,SFm,1,rDXHP,Ex,dxHP_equip,,RE-dxHP_eq-pkgSEER-12.5-SEER2-6.4-HSPF2,SFm&1&rDXHP&Ex&dxHP_equip,RE-dxHP_eq-pkgSEER-12.5-SEER2-6.4-HSPF2,,,,,,,,,,,,,,,,,,,,,,,,,,,,,,,,,,,,,,,
SWHC049-09 SEER Rated AC HP_SFm_1985/runs/CZ11/SFm&1&rDXHP&Ex&dxHP_equip/RE-dxHP_eq-pkgSEER-14.3-SEER2-7.5-HSPF2/instance-out.sql,CZ11,SFm,1,rDXHP,Ex,dxHP_equip,,RE-dxHP_eq-pkgSEER-14.3-SEER2-7.5-HSPF2,SFm&1&rDXHP&Ex&dxHP_equip,RE-dxHP_eq-pkgSEER-14.3-SEER2-7.5-HSPF2,,,,,,,,,,,,,,,,,,,,,,,,,,,,,,,,,,,,,,,
SWHC049-09 SEER Rated AC HP_SFm_1985/runs/CZ11/SFm&1&rDXHP&Ex&dxHP_equip/RE-dxHP_eq-pkgSEER-15.2-SEER2-7.7-HSPF2/instance-out.sql,CZ11,SFm,1,rDXHP,Ex,dxHP_equip,,RE-dxHP_eq-pkgSEER-15.2-SEER2-7.7-HSPF2,SFm&1&rDXHP&Ex&dxHP_equip,RE-dxHP_eq-pkgSEER-15.2-SEER2-7.7-HSPF2,,,,,,,,,,,,,,,,,,,,,,,,,,,,,,,,,,,,,,,
SWHC049-09 SEER Rated AC HP_SFm_1985/runs/CZ11/SFm&1&rDXHP&Ex&dxHP_equip/RE-dxHP_eq-pkgSEER-16.0-SEER2-8.0-HSPF2/instance-out.sql,CZ11,SFm,1,rDXHP,Ex,dxHP_equip,,RE-dxHP_eq-pkgSEER-16.0-SEER2-8.0-HSPF2,SFm&1&rDXHP&Ex&dxHP_equip,RE-dxHP_eq-pkgSEER-16.0-SEER2-8.0-HSPF2,,,,,,,,,,,,,,,,,,,,,,,,,,,,,,,,,,,,,,,
SWHC049-09 SEER Rated AC HP_SFm_1985/runs/CZ11/SFm&1&rDXHP&Ex&dxHP_equip/RE-dxHP_eq-pkgSEER-17.8-SEER2-8.1-HSPF2/instance-out.sql,CZ11,SFm,1,rDXHP,Ex,dxHP_equip,,RE-dxHP_eq-pkgSEER-17.8-SEER2-8.1-HSPF2,SFm&1&rDXHP&Ex&dxHP_equip,RE-dxHP_eq-pkgSEER-17.8-SEER2-8.1-HSPF2,,,,,,,,,,,,,,,,,,,,,,,,,,,,,,,,,,,,,,,
SWHC049-09 SEER Rated AC HP_SFm_1985/runs/CZ11/SFm&1&rDXHP&Ex&dxHP_equip/RE-dxHP_eq-pkgSEER-18.7-SEER2-8.5-HSPF2/instance-out.sql,CZ11,SFm,1,rDXHP,Ex,dxHP_equip,,RE-dxHP_eq-pkgSEER-18.7-SEER2-8.5-HSPF2,SFm&1&rDXHP&Ex&dxHP_equip,RE-dxHP_eq-pkgSEER-18.7-SEER2-8.5-HSPF2,,,,,,,,,,,,,,,,,,,,,,,,,,,,,,,,,,,,,,,
SWHC049-09 SEER Rated AC HP_SFm_1985/runs/CZ11/SFm&1&rDXHP&Ex&dxHP_equip/RE-dxHP_eq-pkgSEER-19.6-SEER2-8.9-HSPF2/instance-out.sql,CZ11,SFm,1,rDXHP,Ex,dxHP_equip,,RE-dxHP_eq-pkgSEER-19.6-SEER2-8.9-HSPF2,SFm&1&rDXHP&Ex&dxHP_equip,RE-dxHP_eq-pkgSEER-19.6-SEER2-8.9-HSPF2,,,,,,,,,,,,,,,,,,,,,,,,,,,,,,,,,,,,,,,
SWHC049-09 SEER Rated AC HP_SFm_1985/runs/CZ10/SFm&2&rDXHP&Ex&dxHP_equip/RE-dxAC_eq-pkgSEER-12.5-SEER2/instance-out.sql,CZ10,SFm,2,rDXHP,Ex,dxHP_equip,,RE-dxAC_eq-pkgSEER-12.5-SEER2,SFm&2&rDXHP&Ex&dxHP_equip,RE-dxAC_eq-pkgSEER-12.5-SEER2,,,,,,,,,,,,,,,,,,,,,,,,,,,,,,,,,,,,,,,
SWHC049-09 SEER Rated AC HP_SFm_1985/runs/CZ10/SFm&2&rDXHP&Ex&dxHP_equip/RE-dxAC_eq-pkgSEER-13.8-SEER2/instance-out.sql,CZ10,SFm,2,rDXHP,Ex,dxHP_equip,,RE-dxAC_eq-pkgSEER-13.8-SEER2,SFm&2&rDXHP&Ex&dxHP_equip,RE-dxAC_eq-pkgSEER-13.8-SEER2,,,,,,,,,,,,,,,,,,,,,,,,,,,,,,,,,,,,,,,
SWHC049-09 SEER Rated AC HP_SFm_1985/runs/CZ10/SFm&2&rDXHP&Ex&dxHP_equip/RE-dxAC_eq-pkgSEER-14.3-SEER2/instance-out.sql,CZ10,SFm,2,rDXHP,Ex,dxHP_equip,,RE-dxAC_eq-pkgSEER-14.3-SEER2,SFm&2&rDXHP&Ex&dxHP_equip,RE-dxAC_eq-pkgSEER-14.3-SEER2,,,,,,,,,,,,,,,,,,,,,,,,,,,,,,,,,,,,,,,
SWHC049-09 SEER Rated AC HP_SFm_1985/runs/CZ10/SFm&2&rDXHP&Ex&dxHP_equip/RE-dxAC_eq-pkgSEER-15.2-SEER2/instance-out.sql,CZ10,SFm,2,rDXHP,Ex,dxHP_equip,,RE-dxAC_eq-pkgSEER-15.2-SEER2,SFm&2&rDXHP&Ex&dxHP_equip,RE-dxAC_eq-pkgSEER-15.2-SEER2,,,,,,,,,,,,,,,,,,,,,,,,,,,,,,,,,,,,,,,
SWHC049-09 SEER Rated AC HP_SFm_1985/runs/CZ10/SFm&2&rDXHP&Ex&dxHP_equip/RE-dxAC_eq-pkgSEER-16.9-SEER2/instance-out.sql,CZ10,SFm,2,rDXHP,Ex,dxHP_equip,,RE-dxAC_eq-pkgSEER-16.9-SEER2,SFm&2&rDXHP&Ex&dxHP_equip,RE-dxAC_eq-pkgSEER-16.9-SEER2,,,,,,,,,,,,,,,,,,,,,,,,,,,,,,,,,,,,,,,
SWHC049-09 SEER Rated AC HP_SFm_1985/runs/CZ10/SFm&2&rDXHP&Ex&dxHP_equip/RE-dxAC_eq-pkgSEER-17.8-SEER2/instance-out.sql,CZ10,SFm,2,rDXHP,Ex,dxHP_equip,,RE-dxAC_eq-pkgSEER-17.8-SEER2,SFm&2&rDXHP&Ex&dxHP_equip,RE-dxAC_eq-pkgSEER-17.8-SEER2,,,,,,,,,,,,,,,,,,,,,,,,,,,,,,,,,,,,,,,
SWHC049-09 SEER Rated AC HP_SFm_1985/runs/CZ10/SFm&2&rDXHP&Ex&dxHP_equip/RE-dxAC_eq-pkgSEER-18.7-SEER2/instance-out.sql,CZ10,SFm,2,rDXHP,Ex,dxHP_equip,,RE-dxAC_eq-pkgSEER-18.7-SEER2,SFm&2&rDXHP&Ex&dxHP_equip,RE-dxAC_eq-pkgSEER-18.7-SEER2,,,,,,,,,,,,,,,,,,,,,,,,,,,,,,,,,,,,,,,
SWHC049-09 SEER Rated AC HP_SFm_1985/runs/CZ10/SFm&2&rDXHP&Ex&dxHP_equip/RE-dxAC_eq-pkgSEER-19.6-SEER2/instance-out.sql,CZ10,SFm,2,rDXHP,Ex,dxHP_equip,,RE-dxAC_eq-pkgSEER-19.6-SEER2,SFm&2&rDXHP&Ex&dxHP_equip,RE-dxAC_eq-pkgSEER-19.6-SEER2,,,,,,,,,,,,,,,,,,,,,,,,,,,,,,,,,,,,,,,
SWHC049-09 SEER Rated AC HP_SFm_1985/runs/CZ10/SFm&2&rDXHP&Ex&dxHP_equip/RE-dxHP_eq-pkgSEER-12.5-SEER2-6.4-HSPF2/instance-out.sql,CZ10,SFm,2,rDXHP,Ex,dxHP_equip,,RE-dxHP_eq-pkgSEER-12.5-SEER2-6.4-HSPF2,SFm&2&rDXHP&Ex&dxHP_equip,RE-dxHP_eq-pkgSEER-12.5-SEER2-6.4-HSPF2,,,,,,,,,,,,,,,,,,,,,,,,,,,,,,,,,,,,,,,
SWHC049-09 SEER Rated AC HP_SFm_1985/runs/CZ10/SFm&2&rDXHP&Ex&dxHP_equip/RE-dxHP_eq-pkgSEER-14.3-SEER2-7.5-HSPF2/instance-out.sql,CZ10,SFm,2,rDXHP,Ex,dxHP_equip,,RE-dxHP_eq-pkgSEER-14.3-SEER2-7.5-HSPF2,SFm&2&rDXHP&Ex&dxHP_equip,RE-dxHP_eq-pkgSEER-14.3-SEER2-7.5-HSPF2,,,,,,,,,,,,,,,,,,,,,,,,,,,,,,,,,,,,,,,
SWHC049-09 SEER Rated AC HP_SFm_1985/runs/CZ10/SFm&2&rDXHP&Ex&dxHP_equip/RE-dxHP_eq-pkgSEER-15.2-SEER2-7.7-HSPF2/instance-out.sql,CZ10,SFm,2,rDXHP,Ex,dxHP_equip,,RE-dxHP_eq-pkgSEER-15.2-SEER2-7.7-HSPF2,SFm&2&rDXHP&Ex&dxHP_equip,RE-dxHP_eq-pkgSEER-15.2-SEER2-7.7-HSPF2,,,,,,,,,,,,,,,,,,,,,,,,,,,,,,,,,,,,,,,
SWHC049-09 SEER Rated AC HP_SFm_1985/runs/CZ10/SFm&2&rDXHP&Ex&dxHP_equip/RE-dxHP_eq-pkgSEER-16.0-SEER2-8.0-HSPF2/instance-out.sql,CZ10,SFm,2,rDXHP,Ex,dxHP_equip,,RE-dxHP_eq-pkgSEER-16.0-SEER2-8.0-HSPF2,SFm&2&rDXHP&Ex&dxHP_equip,RE-dxHP_eq-pkgSEER-16.0-SEER2-8.0-HSPF2,,,,,,,,,,,,,,,,,,,,,,,,,,,,,,,,,,,,,,,
SWHC049-09 SEER Rated AC HP_SFm_1985/runs/CZ10/SFm&2&rDXHP&Ex&dxHP_equip/RE-dxHP_eq-pkgSEER-17.8-SEER2-8.1-HSPF2/instance-out.sql,CZ10,SFm,2,rDXHP,Ex,dxHP_equip,,RE-dxHP_eq-pkgSEER-17.8-SEER2-8.1-HSPF2,SFm&2&rDXHP&Ex&dxHP_equip,RE-dxHP_eq-pkgSEER-17.8-SEER2-8.1-HSPF2,,,,,,,,,,,,,,,,,,,,,,,,,,,,,,,,,,,,,,,
SWHC049-09 SEER Rated AC HP_SFm_1985/runs/CZ10/SFm&2&rDXHP&Ex&dxHP_equip/RE-dxHP_eq-pkgSEER-18.7-SEER2-8.5-HSPF2/instance-out.sql,CZ10,SFm,2,rDXHP,Ex,dxHP_equip,,RE-dxHP_eq-pkgSEER-18.7-SEER2-8.5-HSPF2,SFm&2&rDXHP&Ex&dxHP_equip,RE-dxHP_eq-pkgSEER-18.7-SEER2-8.5-HSPF2,,,,,,,,,,,,,,,,,,,,,,,,,,,,,,,,,,,,,,,
SWHC049-09 SEER Rated AC HP_SFm_1985/runs/CZ10/SFm&2&rDXHP&Ex&dxHP_equip/RE-dxHP_eq-pkgSEER-19.6-SEER2-8.9-HSPF2/instance-out.sql,CZ10,SFm,2,rDXHP,Ex,dxHP_equip,,RE-dxHP_eq-pkgSEER-19.6-SEER2-8.9-HSPF2,SFm&2&rDXHP&Ex&dxHP_equip,RE-dxHP_eq-pkgSEER-19.6-SEER2-8.9-HSPF2,,,,,,,,,,,,,,,,,,,,,,,,,,,,,,,,,,,,,,,
SWHC049-09 SEER Rated AC HP_SFm_1985/runs/CZ10/SFm&1&rDXHP&Ex&dxHP_equip/RE-dxAC_eq-pkgSEER-12.5-SEER2/instance-out.sql,CZ10,SFm,1,rDXHP,Ex,dxHP_equip,,RE-dxAC_eq-pkgSEER-12.5-SEER2,SFm&1&rDXHP&Ex&dxHP_equip,RE-dxAC_eq-pkgSEER-12.5-SEER2,,,,,,,,,,,,,,,,,,,,,,,,,,,,,,,,,,,,,,,
SWHC049-09 SEER Rated AC HP_SFm_1985/runs/CZ10/SFm&1&rDXHP&Ex&dxHP_equip/RE-dxAC_eq-pkgSEER-13.8-SEER2/instance-out.sql,CZ10,SFm,1,rDXHP,Ex,dxHP_equip,,RE-dxAC_eq-pkgSEER-13.8-SEER2,SFm&1&rDXHP&Ex&dxHP_equip,RE-dxAC_eq-pkgSEER-13.8-SEER2,,,,,,,,,,,,,,,,,,,,,,,,,,,,,,,,,,,,,,,
SWHC049-09 SEER Rated AC HP_SFm_1985/runs/CZ10/SFm&1&rDXHP&Ex&dxHP_equip/RE-dxAC_eq-pkgSEER-14.3-SEER2/instance-out.sql,CZ10,SFm,1,rDXHP,Ex,dxHP_equip,,RE-dxAC_eq-pkgSEER-14.3-SEER2,SFm&1&rDXHP&Ex&dxHP_equip,RE-dxAC_eq-pkgSEER-14.3-SEER2,,,,,,,,,,,,,,,,,,,,,,,,,,,,,,,,,,,,,,,
SWHC049-09 SEER Rated AC HP_SFm_1985/runs/CZ10/SFm&1&rDXHP&Ex&dxHP_equip/RE-dxAC_eq-pkgSEER-15.2-SEER2/instance-out.sql,CZ10,SFm,1,rDXHP,Ex,dxHP_equip,,RE-dxAC_eq-pkgSEER-15.2-SEER2,SFm&1&rDXHP&Ex&dxHP_equip,RE-dxAC_eq-pkgSEER-15.2-SEER2,,,,,,,,,,,,,,,,,,,,,,,,,,,,,,,,,,,,,,,
SWHC049-09 SEER Rated AC HP_SFm_1985/runs/CZ10/SFm&1&rDXHP&Ex&dxHP_equip/RE-dxAC_eq-pkgSEER-16.9-SEER2/instance-out.sql,CZ10,SFm,1,rDXHP,Ex,dxHP_equip,,RE-dxAC_eq-pkgSEER-16.9-SEER2,SFm&1&rDXHP&Ex&dxHP_equip,RE-dxAC_eq-pkgSEER-16.9-SEER2,,,,,,,,,,,,,,,,,,,,,,,,,,,,,,,,,,,,,,,
SWHC049-09 SEER Rated AC HP_SFm_1985/runs/CZ10/SFm&1&rDXHP&Ex&dxHP_equip/RE-dxAC_eq-pkgSEER-17.8-SEER2/instance-out.sql,CZ10,SFm,1,rDXHP,Ex,dxHP_equip,,RE-dxAC_eq-pkgSEER-17.8-SEER2,SFm&1&rDXHP&Ex&dxHP_equip,RE-dxAC_eq-pkgSEER-17.8-SEER2,,,,,,,,,,,,,,,,,,,,,,,,,,,,,,,,,,,,,,,
SWHC049-09 SEER Rated AC HP_SFm_1985/runs/CZ10/SFm&1&rDXHP&Ex&dxHP_equip/RE-dxAC_eq-pkgSEER-18.7-SEER2/instance-out.sql,CZ10,SFm,1,rDXHP,Ex,dxHP_equip,,RE-dxAC_eq-pkgSEER-18.7-SEER2,SFm&1&rDXHP&Ex&dxHP_equip,RE-dxAC_eq-pkgSEER-18.7-SEER2,,,,,,,,,,,,,,,,,,,,,,,,,,,,,,,,,,,,,,,
SWHC049-09 SEER Rated AC HP_SFm_1985/runs/CZ10/SFm&1&rDXHP&Ex&dxHP_equip/RE-dxAC_eq-pkgSEER-19.6-SEER2/instance-out.sql,CZ10,SFm,1,rDXHP,Ex,dxHP_equip,,RE-dxAC_eq-pkgSEER-19.6-SEER2,SFm&1&rDXHP&Ex&dxHP_equip,RE-dxAC_eq-pkgSEER-19.6-SEER2,,,,,,,,,,,,,,,,,,,,,,,,,,,,,,,,,,,,,,,
SWHC049-09 SEER Rated AC HP_SFm_1985/runs/CZ10/SFm&1&rDXHP&Ex&dxHP_equip/RE-dxHP_eq-pkgSEER-12.5-SEER2-6.4-HSPF2/instance-out.sql,CZ10,SFm,1,rDXHP,Ex,dxHP_equip,,RE-dxHP_eq-pkgSEER-12.5-SEER2-6.4-HSPF2,SFm&1&rDXHP&Ex&dxHP_equip,RE-dxHP_eq-pkgSEER-12.5-SEER2-6.4-HSPF2,,,,,,,,,,,,,,,,,,,,,,,,,,,,,,,,,,,,,,,
SWHC049-09 SEER Rated AC HP_SFm_1985/runs/CZ10/SFm&1&rDXHP&Ex&dxHP_equip/RE-dxHP_eq-pkgSEER-14.3-SEER2-7.5-HSPF2/instance-out.sql,CZ10,SFm,1,rDXHP,Ex,dxHP_equip,,RE-dxHP_eq-pkgSEER-14.3-SEER2-7.5-HSPF2,SFm&1&rDXHP&Ex&dxHP_equip,RE-dxHP_eq-pkgSEER-14.3-SEER2-7.5-HSPF2,,,,,,,,,,,,,,,,,,,,,,,,,,,,,,,,,,,,,,,
SWHC049-09 SEER Rated AC HP_SFm_1985/runs/CZ10/SFm&1&rDXHP&Ex&dxHP_equip/RE-dxHP_eq-pkgSEER-15.2-SEER2-7.7-HSPF2/instance-out.sql,CZ10,SFm,1,rDXHP,Ex,dxHP_equip,,RE-dxHP_eq-pkgSEER-15.2-SEER2-7.7-HSPF2,SFm&1&rDXHP&Ex&dxHP_equip,RE-dxHP_eq-pkgSEER-15.2-SEER2-7.7-HSPF2,,,,,,,,,,,,,,,,,,,,,,,,,,,,,,,,,,,,,,,
SWHC049-09 SEER Rated AC HP_SFm_1985/runs/CZ10/SFm&1&rDXHP&Ex&dxHP_equip/RE-dxHP_eq-pkgSEER-16.0-SEER2-8.0-HSPF2/instance-out.sql,CZ10,SFm,1,rDXHP,Ex,dxHP_equip,,RE-dxHP_eq-pkgSEER-16.0-SEER2-8.0-HSPF2,SFm&1&rDXHP&Ex&dxHP_equip,RE-dxHP_eq-pkgSEER-16.0-SEER2-8.0-HSPF2,,,,,,,,,,,,,,,,,,,,,,,,,,,,,,,,,,,,,,,
SWHC049-09 SEER Rated AC HP_SFm_1985/runs/CZ10/SFm&1&rDXHP&Ex&dxHP_equip/RE-dxHP_eq-pkgSEER-17.8-SEER2-8.1-HSPF2/instance-out.sql,CZ10,SFm,1,rDXHP,Ex,dxHP_equip,,RE-dxHP_eq-pkgSEER-17.8-SEER2-8.1-HSPF2,SFm&1&rDXHP&Ex&dxHP_equip,RE-dxHP_eq-pkgSEER-17.8-SEER2-8.1-HSPF2,,,,,,,,,,,,,,,,,,,,,,,,,,,,,,,,,,,,,,,
SWHC049-09 SEER Rated AC HP_SFm_1985/runs/CZ10/SFm&1&rDXHP&Ex&dxHP_equip/RE-dxHP_eq-pkgSEER-18.7-SEER2-8.5-HSPF2/instance-out.sql,CZ10,SFm,1,rDXHP,Ex,dxHP_equip,,RE-dxHP_eq-pkgSEER-18.7-SEER2-8.5-HSPF2,SFm&1&rDXHP&Ex&dxHP_equip,RE-dxHP_eq-pkgSEER-18.7-SEER2-8.5-HSPF2,,,,,,,,,,,,,,,,,,,,,,,,,,,,,,,,,,,,,,,
SWHC049-09 SEER Rated AC HP_SFm_1985/runs/CZ10/SFm&1&rDXHP&Ex&dxHP_equip/RE-dxHP_eq-pkgSEER-19.6-SEER2-8.9-HSPF2/instance-out.sql,CZ10,SFm,1,rDXHP,Ex,dxHP_equip,,RE-dxHP_eq-pkgSEER-19.6-SEER2-8.9-HSPF2,SFm&1&rDXHP&Ex&dxHP_equip,RE-dxHP_eq-pkgSEER-19.6-SEER2-8.9-HSPF2,,,,,,,,,,,,,,,,,,,,,,,,,,,,,,,,,,,,,,,
SWHC049-09 SEER Rated AC HP_SFm_1985/runs/CZ09/SFm&2&rDXHP&Ex&dxHP_equip/RE-dxAC_eq-pkgSEER-12.5-SEER2/instance-out.sql,CZ09,SFm,2,rDXHP,Ex,dxHP_equip,,RE-dxAC_eq-pkgSEER-12.5-SEER2,SFm&2&rDXHP&Ex&dxHP_equip,RE-dxAC_eq-pkgSEER-12.5-SEER2,,,,,,,,,,,,,,,,,,,,,,,,,,,,,,,,,,,,,,,
SWHC049-09 SEER Rated AC HP_SFm_1985/runs/CZ09/SFm&2&rDXHP&Ex&dxHP_equip/RE-dxAC_eq-pkgSEER-13.8-SEER2/instance-out.sql,CZ09,SFm,2,rDXHP,Ex,dxHP_equip,,RE-dxAC_eq-pkgSEER-13.8-SEER2,SFm&2&rDXHP&Ex&dxHP_equip,RE-dxAC_eq-pkgSEER-13.8-SEER2,,,,,,,,,,,,,,,,,,,,,,,,,,,,,,,,,,,,,,,
SWHC049-09 SEER Rated AC HP_SFm_1985/runs/CZ09/SFm&2&rDXHP&Ex&dxHP_equip/RE-dxAC_eq-pkgSEER-14.3-SEER2/instance-out.sql,CZ09,SFm,2,rDXHP,Ex,dxHP_equip,,RE-dxAC_eq-pkgSEER-14.3-SEER2,SFm&2&rDXHP&Ex&dxHP_equip,RE-dxAC_eq-pkgSEER-14.3-SEER2,,,,,,,,,,,,,,,,,,,,,,,,,,,,,,,,,,,,,,,
SWHC049-09 SEER Rated AC HP_SFm_1985/runs/CZ09/SFm&2&rDXHP&Ex&dxHP_equip/RE-dxAC_eq-pkgSEER-15.2-SEER2/instance-out.sql,CZ09,SFm,2,rDXHP,Ex,dxHP_equip,,RE-dxAC_eq-pkgSEER-15.2-SEER2,SFm&2&rDXHP&Ex&dxHP_equip,RE-dxAC_eq-pkgSEER-15.2-SEER2,,,,,,,,,,,,,,,,,,,,,,,,,,,,,,,,,,,,,,,
SWHC049-09 SEER Rated AC HP_SFm_1985/runs/CZ09/SFm&2&rDXHP&Ex&dxHP_equip/RE-dxAC_eq-pkgSEER-16.9-SEER2/instance-out.sql,CZ09,SFm,2,rDXHP,Ex,dxHP_equip,,RE-dxAC_eq-pkgSEER-16.9-SEER2,SFm&2&rDXHP&Ex&dxHP_equip,RE-dxAC_eq-pkgSEER-16.9-SEER2,,,,,,,,,,,,,,,,,,,,,,,,,,,,,,,,,,,,,,,
SWHC049-09 SEER Rated AC HP_SFm_1985/runs/CZ09/SFm&2&rDXHP&Ex&dxHP_equip/RE-dxAC_eq-pkgSEER-17.8-SEER2/instance-out.sql,CZ09,SFm,2,rDXHP,Ex,dxHP_equip,,RE-dxAC_eq-pkgSEER-17.8-SEER2,SFm&2&rDXHP&Ex&dxHP_equip,RE-dxAC_eq-pkgSEER-17.8-SEER2,,,,,,,,,,,,,,,,,,,,,,,,,,,,,,,,,,,,,,,
SWHC049-09 SEER Rated AC HP_SFm_1985/runs/CZ09/SFm&2&rDXHP&Ex&dxHP_equip/RE-dxAC_eq-pkgSEER-18.7-SEER2/instance-out.sql,CZ09,SFm,2,rDXHP,Ex,dxHP_equip,,RE-dxAC_eq-pkgSEER-18.7-SEER2,SFm&2&rDXHP&Ex&dxHP_equip,RE-dxAC_eq-pkgSEER-18.7-SEER2,,,,,,,,,,,,,,,,,,,,,,,,,,,,,,,,,,,,,,,
SWHC049-09 SEER Rated AC HP_SFm_1985/runs/CZ09/SFm&2&rDXHP&Ex&dxHP_equip/RE-dxAC_eq-pkgSEER-19.6-SEER2/instance-out.sql,CZ09,SFm,2,rDXHP,Ex,dxHP_equip,,RE-dxAC_eq-pkgSEER-19.6-SEER2,SFm&2&rDXHP&Ex&dxHP_equip,RE-dxAC_eq-pkgSEER-19.6-SEER2,,,,,,,,,,,,,,,,,,,,,,,,,,,,,,,,,,,,,,,
SWHC049-09 SEER Rated AC HP_SFm_1985/runs/CZ09/SFm&2&rDXHP&Ex&dxHP_equip/RE-dxHP_eq-pkgSEER-12.5-SEER2-6.4-HSPF2/instance-out.sql,CZ09,SFm,2,rDXHP,Ex,dxHP_equip,,RE-dxHP_eq-pkgSEER-12.5-SEER2-6.4-HSPF2,SFm&2&rDXHP&Ex&dxHP_equip,RE-dxHP_eq-pkgSEER-12.5-SEER2-6.4-HSPF2,,,,,,,,,,,,,,,,,,,,,,,,,,,,,,,,,,,,,,,
SWHC049-09 SEER Rated AC HP_SFm_1985/runs/CZ09/SFm&2&rDXHP&Ex&dxHP_equip/RE-dxHP_eq-pkgSEER-14.3-SEER2-7.5-HSPF2/instance-out.sql,CZ09,SFm,2,rDXHP,Ex,dxHP_equip,,RE-dxHP_eq-pkgSEER-14.3-SEER2-7.5-HSPF2,SFm&2&rDXHP&Ex&dxHP_equip,RE-dxHP_eq-pkgSEER-14.3-SEER2-7.5-HSPF2,,,,,,,,,,,,,,,,,,,,,,,,,,,,,,,,,,,,,,,
SWHC049-09 SEER Rated AC HP_SFm_1985/runs/CZ09/SFm&2&rDXHP&Ex&dxHP_equip/RE-dxHP_eq-pkgSEER-15.2-SEER2-7.7-HSPF2/instance-out.sql,CZ09,SFm,2,rDXHP,Ex,dxHP_equip,,RE-dxHP_eq-pkgSEER-15.2-SEER2-7.7-HSPF2,SFm&2&rDXHP&Ex&dxHP_equip,RE-dxHP_eq-pkgSEER-15.2-SEER2-7.7-HSPF2,,,,,,,,,,,,,,,,,,,,,,,,,,,,,,,,,,,,,,,
SWHC049-09 SEER Rated AC HP_SFm_1985/runs/CZ09/SFm&2&rDXHP&Ex&dxHP_equip/RE-dxHP_eq-pkgSEER-16.0-SEER2-8.0-HSPF2/instance-out.sql,CZ09,SFm,2,rDXHP,Ex,dxHP_equip,,RE-dxHP_eq-pkgSEER-16.0-SEER2-8.0-HSPF2,SFm&2&rDXHP&Ex&dxHP_equip,RE-dxHP_eq-pkgSEER-16.0-SEER2-8.0-HSPF2,,,,,,,,,,,,,,,,,,,,,,,,,,,,,,,,,,,,,,,
SWHC049-09 SEER Rated AC HP_SFm_1985/runs/CZ09/SFm&2&rDXHP&Ex&dxHP_equip/RE-dxHP_eq-pkgSEER-17.8-SEER2-8.1-HSPF2/instance-out.sql,CZ09,SFm,2,rDXHP,Ex,dxHP_equip,,RE-dxHP_eq-pkgSEER-17.8-SEER2-8.1-HSPF2,SFm&2&rDXHP&Ex&dxHP_equip,RE-dxHP_eq-pkgSEER-17.8-SEER2-8.1-HSPF2,,,,,,,,,,,,,,,,,,,,,,,,,,,,,,,,,,,,,,,
SWHC049-09 SEER Rated AC HP_SFm_1985/runs/CZ09/SFm&2&rDXHP&Ex&dxHP_equip/RE-dxHP_eq-pkgSEER-18.7-SEER2-8.5-HSPF2/instance-out.sql,CZ09,SFm,2,rDXHP,Ex,dxHP_equip,,RE-dxHP_eq-pkgSEER-18.7-SEER2-8.5-HSPF2,SFm&2&rDXHP&Ex&dxHP_equip,RE-dxHP_eq-pkgSEER-18.7-SEER2-8.5-HSPF2,,,,,,,,,,,,,,,,,,,,,,,,,,,,,,,,,,,,,,,
SWHC049-09 SEER Rated AC HP_SFm_1985/runs/CZ09/SFm&2&rDXHP&Ex&dxHP_equip/RE-dxHP_eq-pkgSEER-19.6-SEER2-8.9-HSPF2/instance-out.sql,CZ09,SFm,2,rDXHP,Ex,dxHP_equip,,RE-dxHP_eq-pkgSEER-19.6-SEER2-8.9-HSPF2,SFm&2&rDXHP&Ex&dxHP_equip,RE-dxHP_eq-pkgSEER-19.6-SEER2-8.9-HSPF2,,,,,,,,,,,,,,,,,,,,,,,,,,,,,,,,,,,,,,,
SWHC049-09 SEER Rated AC HP_SFm_1985/runs/CZ09/SFm&1&rDXHP&Ex&dxHP_equip/RE-dxAC_eq-pkgSEER-12.5-SEER2/instance-out.sql,CZ09,SFm,1,rDXHP,Ex,dxHP_equip,,RE-dxAC_eq-pkgSEER-12.5-SEER2,SFm&1&rDXHP&Ex&dxHP_equip,RE-dxAC_eq-pkgSEER-12.5-SEER2,,,,,,,,,,,,,,,,,,,,,,,,,,,,,,,,,,,,,,,
SWHC049-09 SEER Rated AC HP_SFm_1985/runs/CZ09/SFm&1&rDXHP&Ex&dxHP_equip/RE-dxAC_eq-pkgSEER-13.8-SEER2/instance-out.sql,CZ09,SFm,1,rDXHP,Ex,dxHP_equip,,RE-dxAC_eq-pkgSEER-13.8-SEER2,SFm&1&rDXHP&Ex&dxHP_equip,RE-dxAC_eq-pkgSEER-13.8-SEER2,,,,,,,,,,,,,,,,,,,,,,,,,,,,,,,,,,,,,,,
SWHC049-09 SEER Rated AC HP_SFm_1985/runs/CZ09/SFm&1&rDXHP&Ex&dxHP_equip/RE-dxAC_eq-pkgSEER-14.3-SEER2/instance-out.sql,CZ09,SFm,1,rDXHP,Ex,dxHP_equip,,RE-dxAC_eq-pkgSEER-14.3-SEER2,SFm&1&rDXHP&Ex&dxHP_equip,RE-dxAC_eq-pkgSEER-14.3-SEER2,,,,,,,,,,,,,,,,,,,,,,,,,,,,,,,,,,,,,,,
SWHC049-09 SEER Rated AC HP_SFm_1985/runs/CZ09/SFm&1&rDXHP&Ex&dxHP_equip/RE-dxAC_eq-pkgSEER-15.2-SEER2/instance-out.sql,CZ09,SFm,1,rDXHP,Ex,dxHP_equip,,RE-dxAC_eq-pkgSEER-15.2-SEER2,SFm&1&rDXHP&Ex&dxHP_equip,RE-dxAC_eq-pkgSEER-15.2-SEER2,,,,,,,,,,,,,,,,,,,,,,,,,,,,,,,,,,,,,,,
SWHC049-09 SEER Rated AC HP_SFm_1985/runs/CZ09/SFm&1&rDXHP&Ex&dxHP_equip/RE-dxAC_eq-pkgSEER-16.9-SEER2/instance-out.sql,CZ09,SFm,1,rDXHP,Ex,dxHP_equip,,RE-dxAC_eq-pkgSEER-16.9-SEER2,SFm&1&rDXHP&Ex&dxHP_equip,RE-dxAC_eq-pkgSEER-16.9-SEER2,,,,,,,,,,,,,,,,,,,,,,,,,,,,,,,,,,,,,,,
SWHC049-09 SEER Rated AC HP_SFm_1985/runs/CZ09/SFm&1&rDXHP&Ex&dxHP_equip/RE-dxAC_eq-pkgSEER-17.8-SEER2/instance-out.sql,CZ09,SFm,1,rDXHP,Ex,dxHP_equip,,RE-dxAC_eq-pkgSEER-17.8-SEER2,SFm&1&rDXHP&Ex&dxHP_equip,RE-dxAC_eq-pkgSEER-17.8-SEER2,,,,,,,,,,,,,,,,,,,,,,,,,,,,,,,,,,,,,,,
SWHC049-09 SEER Rated AC HP_SFm_1985/runs/CZ09/SFm&1&rDXHP&Ex&dxHP_equip/RE-dxAC_eq-pkgSEER-18.7-SEER2/instance-out.sql,CZ09,SFm,1,rDXHP,Ex,dxHP_equip,,RE-dxAC_eq-pkgSEER-18.7-SEER2,SFm&1&rDXHP&Ex&dxHP_equip,RE-dxAC_eq-pkgSEER-18.7-SEER2,,,,,,,,,,,,,,,,,,,,,,,,,,,,,,,,,,,,,,,
SWHC049-09 SEER Rated AC HP_SFm_1985/runs/CZ09/SFm&1&rDXHP&Ex&dxHP_equip/RE-dxAC_eq-pkgSEER-19.6-SEER2/instance-out.sql,CZ09,SFm,1,rDXHP,Ex,dxHP_equip,,RE-dxAC_eq-pkgSEER-19.6-SEER2,SFm&1&rDXHP&Ex&dxHP_equip,RE-dxAC_eq-pkgSEER-19.6-SEER2,,,,,,,,,,,,,,,,,,,,,,,,,,,,,,,,,,,,,,,
SWHC049-09 SEER Rated AC HP_SFm_1985/runs/CZ09/SFm&1&rDXHP&Ex&dxHP_equip/RE-dxHP_eq-pkgSEER-12.5-SEER2-6.4-HSPF2/instance-out.sql,CZ09,SFm,1,rDXHP,Ex,dxHP_equip,,RE-dxHP_eq-pkgSEER-12.5-SEER2-6.4-HSPF2,SFm&1&rDXHP&Ex&dxHP_equip,RE-dxHP_eq-pkgSEER-12.5-SEER2-6.4-HSPF2,,,,,,,,,,,,,,,,,,,,,,,,,,,,,,,,,,,,,,,
SWHC049-09 SEER Rated AC HP_SFm_1985/runs/CZ09/SFm&1&rDXHP&Ex&dxHP_equip/RE-dxHP_eq-pkgSEER-14.3-SEER2-7.5-HSPF2/instance-out.sql,CZ09,SFm,1,rDXHP,Ex,dxHP_equip,,RE-dxHP_eq-pkgSEER-14.3-SEER2-7.5-HSPF2,SFm&1&rDXHP&Ex&dxHP_equip,RE-dxHP_eq-pkgSEER-14.3-SEER2-7.5-HSPF2,,,,,,,,,,,,,,,,,,,,,,,,,,,,,,,,,,,,,,,
SWHC049-09 SEER Rated AC HP_SFm_1985/runs/CZ09/SFm&1&rDXHP&Ex&dxHP_equip/RE-dxHP_eq-pkgSEER-15.2-SEER2-7.7-HSPF2/instance-out.sql,CZ09,SFm,1,rDXHP,Ex,dxHP_equip,,RE-dxHP_eq-pkgSEER-15.2-SEER2-7.7-HSPF2,SFm&1&rDXHP&Ex&dxHP_equip,RE-dxHP_eq-pkgSEER-15.2-SEER2-7.7-HSPF2,,,,,,,,,,,,,,,,,,,,,,,,,,,,,,,,,,,,,,,
SWHC049-09 SEER Rated AC HP_SFm_1985/runs/CZ09/SFm&1&rDXHP&Ex&dxHP_equip/RE-dxHP_eq-pkgSEER-16.0-SEER2-8.0-HSPF2/instance-out.sql,CZ09,SFm,1,rDXHP,Ex,dxHP_equip,,RE-dxHP_eq-pkgSEER-16.0-SEER2-8.0-HSPF2,SFm&1&rDXHP&Ex&dxHP_equip,RE-dxHP_eq-pkgSEER-16.0-SEER2-8.0-HSPF2,,,,,,,,,,,,,,,,,,,,,,,,,,,,,,,,,,,,,,,
SWHC049-09 SEER Rated AC HP_SFm_1985/runs/CZ09/SFm&1&rDXHP&Ex&dxHP_equip/RE-dxHP_eq-pkgSEER-17.8-SEER2-8.1-HSPF2/instance-out.sql,CZ09,SFm,1,rDXHP,Ex,dxHP_equip,,RE-dxHP_eq-pkgSEER-17.8-SEER2-8.1-HSPF2,SFm&1&rDXHP&Ex&dxHP_equip,RE-dxHP_eq-pkgSEER-17.8-SEER2-8.1-HSPF2,,,,,,,,,,,,,,,,,,,,,,,,,,,,,,,,,,,,,,,
SWHC049-09 SEER Rated AC HP_SFm_1985/runs/CZ09/SFm&1&rDXHP&Ex&dxHP_equip/RE-dxHP_eq-pkgSEER-18.7-SEER2-8.5-HSPF2/instance-out.sql,CZ09,SFm,1,rDXHP,Ex,dxHP_equip,,RE-dxHP_eq-pkgSEER-18.7-SEER2-8.5-HSPF2,SFm&1&rDXHP&Ex&dxHP_equip,RE-dxHP_eq-pkgSEER-18.7-SEER2-8.5-HSPF2,,,,,,,,,,,,,,,,,,,,,,,,,,,,,,,,,,,,,,,
SWHC049-09 SEER Rated AC HP_SFm_1985/runs/CZ09/SFm&1&rDXHP&Ex&dxHP_equip/RE-dxHP_eq-pkgSEER-19.6-SEER2-8.9-HSPF2/instance-out.sql,CZ09,SFm,1,rDXHP,Ex,dxHP_equip,,RE-dxHP_eq-pkgSEER-19.6-SEER2-8.9-HSPF2,SFm&1&rDXHP&Ex&dxHP_equip,RE-dxHP_eq-pkgSEER-19.6-SEER2-8.9-HSPF2,,,,,,,,,,,,,,,,,,,,,,,,,,,,,,,,,,,,,,,
SWHC049-09 SEER Rated AC HP_SFm_1985/runs/CZ08/SFm&2&rDXHP&Ex&dxHP_equip/RE-dxAC_eq-pkgSEER-12.5-SEER2/instance-out.sql,CZ08,SFm,2,rDXHP,Ex,dxHP_equip,,RE-dxAC_eq-pkgSEER-12.5-SEER2,SFm&2&rDXHP&Ex&dxHP_equip,RE-dxAC_eq-pkgSEER-12.5-SEER2,,,,,,,,,,,,,,,,,,,,,,,,,,,,,,,,,,,,,,,
SWHC049-09 SEER Rated AC HP_SFm_1985/runs/CZ08/SFm&2&rDXHP&Ex&dxHP_equip/RE-dxAC_eq-pkgSEER-13.8-SEER2/instance-out.sql,CZ08,SFm,2,rDXHP,Ex,dxHP_equip,,RE-dxAC_eq-pkgSEER-13.8-SEER2,SFm&2&rDXHP&Ex&dxHP_equip,RE-dxAC_eq-pkgSEER-13.8-SEER2,,,,,,,,,,,,,,,,,,,,,,,,,,,,,,,,,,,,,,,
SWHC049-09 SEER Rated AC HP_SFm_1985/runs/CZ08/SFm&2&rDXHP&Ex&dxHP_equip/RE-dxAC_eq-pkgSEER-14.3-SEER2/instance-out.sql,CZ08,SFm,2,rDXHP,Ex,dxHP_equip,,RE-dxAC_eq-pkgSEER-14.3-SEER2,SFm&2&rDXHP&Ex&dxHP_equip,RE-dxAC_eq-pkgSEER-14.3-SEER2,,,,,,,,,,,,,,,,,,,,,,,,,,,,,,,,,,,,,,,
SWHC049-09 SEER Rated AC HP_SFm_1985/runs/CZ08/SFm&2&rDXHP&Ex&dxHP_equip/RE-dxAC_eq-pkgSEER-15.2-SEER2/instance-out.sql,CZ08,SFm,2,rDXHP,Ex,dxHP_equip,,RE-dxAC_eq-pkgSEER-15.2-SEER2,SFm&2&rDXHP&Ex&dxHP_equip,RE-dxAC_eq-pkgSEER-15.2-SEER2,,,,,,,,,,,,,,,,,,,,,,,,,,,,,,,,,,,,,,,
SWHC049-09 SEER Rated AC HP_SFm_1985/runs/CZ08/SFm&2&rDXHP&Ex&dxHP_equip/RE-dxAC_eq-pkgSEER-16.9-SEER2/instance-out.sql,CZ08,SFm,2,rDXHP,Ex,dxHP_equip,,RE-dxAC_eq-pkgSEER-16.9-SEER2,SFm&2&rDXHP&Ex&dxHP_equip,RE-dxAC_eq-pkgSEER-16.9-SEER2,,,,,,,,,,,,,,,,,,,,,,,,,,,,,,,,,,,,,,,
SWHC049-09 SEER Rated AC HP_SFm_1985/runs/CZ08/SFm&2&rDXHP&Ex&dxHP_equip/RE-dxAC_eq-pkgSEER-17.8-SEER2/instance-out.sql,CZ08,SFm,2,rDXHP,Ex,dxHP_equip,,RE-dxAC_eq-pkgSEER-17.8-SEER2,SFm&2&rDXHP&Ex&dxHP_equip,RE-dxAC_eq-pkgSEER-17.8-SEER2,,,,,,,,,,,,,,,,,,,,,,,,,,,,,,,,,,,,,,,
SWHC049-09 SEER Rated AC HP_SFm_1985/runs/CZ08/SFm&2&rDXHP&Ex&dxHP_equip/RE-dxAC_eq-pkgSEER-18.7-SEER2/instance-out.sql,CZ08,SFm,2,rDXHP,Ex,dxHP_equip,,RE-dxAC_eq-pkgSEER-18.7-SEER2,SFm&2&rDXHP&Ex&dxHP_equip,RE-dxAC_eq-pkgSEER-18.7-SEER2,,,,,,,,,,,,,,,,,,,,,,,,,,,,,,,,,,,,,,,
SWHC049-09 SEER Rated AC HP_SFm_1985/runs/CZ08/SFm&2&rDXHP&Ex&dxHP_equip/RE-dxAC_eq-pkgSEER-19.6-SEER2/instance-out.sql,CZ08,SFm,2,rDXHP,Ex,dxHP_equip,,RE-dxAC_eq-pkgSEER-19.6-SEER2,SFm&2&rDXHP&Ex&dxHP_equip,RE-dxAC_eq-pkgSEER-19.6-SEER2,,,,,,,,,,,,,,,,,,,,,,,,,,,,,,,,,,,,,,,
SWHC049-09 SEER Rated AC HP_SFm_1985/runs/CZ08/SFm&2&rDXHP&Ex&dxHP_equip/RE-dxHP_eq-pkgSEER-12.5-SEER2-6.4-HSPF2/instance-out.sql,CZ08,SFm,2,rDXHP,Ex,dxHP_equip,,RE-dxHP_eq-pkgSEER-12.5-SEER2-6.4-HSPF2,SFm&2&rDXHP&Ex&dxHP_equip,RE-dxHP_eq-pkgSEER-12.5-SEER2-6.4-HSPF2,,,,,,,,,,,,,,,,,,,,,,,,,,,,,,,,,,,,,,,
SWHC049-09 SEER Rated AC HP_SFm_1985/runs/CZ08/SFm&2&rDXHP&Ex&dxHP_equip/RE-dxHP_eq-pkgSEER-14.3-SEER2-7.5-HSPF2/instance-out.sql,CZ08,SFm,2,rDXHP,Ex,dxHP_equip,,RE-dxHP_eq-pkgSEER-14.3-SEER2-7.5-HSPF2,SFm&2&rDXHP&Ex&dxHP_equip,RE-dxHP_eq-pkgSEER-14.3-SEER2-7.5-HSPF2,,,,,,,,,,,,,,,,,,,,,,,,,,,,,,,,,,,,,,,
SWHC049-09 SEER Rated AC HP_SFm_1985/runs/CZ08/SFm&2&rDXHP&Ex&dxHP_equip/RE-dxHP_eq-pkgSEER-15.2-SEER2-7.7-HSPF2/instance-out.sql,CZ08,SFm,2,rDXHP,Ex,dxHP_equip,,RE-dxHP_eq-pkgSEER-15.2-SEER2-7.7-HSPF2,SFm&2&rDXHP&Ex&dxHP_equip,RE-dxHP_eq-pkgSEER-15.2-SEER2-7.7-HSPF2,,,,,,,,,,,,,,,,,,,,,,,,,,,,,,,,,,,,,,,
SWHC049-09 SEER Rated AC HP_SFm_1985/runs/CZ08/SFm&2&rDXHP&Ex&dxHP_equip/RE-dxHP_eq-pkgSEER-16.0-SEER2-8.0-HSPF2/instance-out.sql,CZ08,SFm,2,rDXHP,Ex,dxHP_equip,,RE-dxHP_eq-pkgSEER-16.0-SEER2-8.0-HSPF2,SFm&2&rDXHP&Ex&dxHP_equip,RE-dxHP_eq-pkgSEER-16.0-SEER2-8.0-HSPF2,,,,,,,,,,,,,,,,,,,,,,,,,,,,,,,,,,,,,,,
SWHC049-09 SEER Rated AC HP_SFm_1985/runs/CZ08/SFm&2&rDXHP&Ex&dxHP_equip/RE-dxHP_eq-pkgSEER-17.8-SEER2-8.1-HSPF2/instance-out.sql,CZ08,SFm,2,rDXHP,Ex,dxHP_equip,,RE-dxHP_eq-pkgSEER-17.8-SEER2-8.1-HSPF2,SFm&2&rDXHP&Ex&dxHP_equip,RE-dxHP_eq-pkgSEER-17.8-SEER2-8.1-HSPF2,,,,,,,,,,,,,,,,,,,,,,,,,,,,,,,,,,,,,,,
SWHC049-09 SEER Rated AC HP_SFm_1985/runs/CZ08/SFm&2&rDXHP&Ex&dxHP_equip/RE-dxHP_eq-pkgSEER-18.7-SEER2-8.5-HSPF2/instance-out.sql,CZ08,SFm,2,rDXHP,Ex,dxHP_equip,,RE-dxHP_eq-pkgSEER-18.7-SEER2-8.5-HSPF2,SFm&2&rDXHP&Ex&dxHP_equip,RE-dxHP_eq-pkgSEER-18.7-SEER2-8.5-HSPF2,,,,,,,,,,,,,,,,,,,,,,,,,,,,,,,,,,,,,,,
SWHC049-09 SEER Rated AC HP_SFm_1985/runs/CZ08/SFm&2&rDXHP&Ex&dxHP_equip/RE-dxHP_eq-pkgSEER-19.6-SEER2-8.9-HSPF2/instance-out.sql,CZ08,SFm,2,rDXHP,Ex,dxHP_equip,,RE-dxHP_eq-pkgSEER-19.6-SEER2-8.9-HSPF2,SFm&2&rDXHP&Ex&dxHP_equip,RE-dxHP_eq-pkgSEER-19.6-SEER2-8.9-HSPF2,,,,,,,,,,,,,,,,,,,,,,,,,,,,,,,,,,,,,,,
SWHC049-09 SEER Rated AC HP_SFm_1985/runs/CZ08/SFm&1&rDXHP&Ex&dxHP_equip/RE-dxAC_eq-pkgSEER-12.5-SEER2/instance-out.sql,CZ08,SFm,1,rDXHP,Ex,dxHP_equip,,RE-dxAC_eq-pkgSEER-12.5-SEER2,SFm&1&rDXHP&Ex&dxHP_equip,RE-dxAC_eq-pkgSEER-12.5-SEER2,,,,,,,,,,,,,,,,,,,,,,,,,,,,,,,,,,,,,,,
SWHC049-09 SEER Rated AC HP_SFm_1985/runs/CZ08/SFm&1&rDXHP&Ex&dxHP_equip/RE-dxAC_eq-pkgSEER-13.8-SEER2/instance-out.sql,CZ08,SFm,1,rDXHP,Ex,dxHP_equip,,RE-dxAC_eq-pkgSEER-13.8-SEER2,SFm&1&rDXHP&Ex&dxHP_equip,RE-dxAC_eq-pkgSEER-13.8-SEER2,,,,,,,,,,,,,,,,,,,,,,,,,,,,,,,,,,,,,,,
SWHC049-09 SEER Rated AC HP_SFm_1985/runs/CZ08/SFm&1&rDXHP&Ex&dxHP_equip/RE-dxAC_eq-pkgSEER-14.3-SEER2/instance-out.sql,CZ08,SFm,1,rDXHP,Ex,dxHP_equip,,RE-dxAC_eq-pkgSEER-14.3-SEER2,SFm&1&rDXHP&Ex&dxHP_equip,RE-dxAC_eq-pkgSEER-14.3-SEER2,,,,,,,,,,,,,,,,,,,,,,,,,,,,,,,,,,,,,,,
SWHC049-09 SEER Rated AC HP_SFm_1985/runs/CZ08/SFm&1&rDXHP&Ex&dxHP_equip/RE-dxAC_eq-pkgSEER-15.2-SEER2/instance-out.sql,CZ08,SFm,1,rDXHP,Ex,dxHP_equip,,RE-dxAC_eq-pkgSEER-15.2-SEER2,SFm&1&rDXHP&Ex&dxHP_equip,RE-dxAC_eq-pkgSEER-15.2-SEER2,,,,,,,,,,,,,,,,,,,,,,,,,,,,,,,,,,,,,,,
SWHC049-09 SEER Rated AC HP_SFm_1985/runs/CZ08/SFm&1&rDXHP&Ex&dxHP_equip/RE-dxAC_eq-pkgSEER-16.9-SEER2/instance-out.sql,CZ08,SFm,1,rDXHP,Ex,dxHP_equip,,RE-dxAC_eq-pkgSEER-16.9-SEER2,SFm&1&rDXHP&Ex&dxHP_equip,RE-dxAC_eq-pkgSEER-16.9-SEER2,,,,,,,,,,,,,,,,,,,,,,,,,,,,,,,,,,,,,,,
SWHC049-09 SEER Rated AC HP_SFm_1985/runs/CZ08/SFm&1&rDXHP&Ex&dxHP_equip/RE-dxAC_eq-pkgSEER-17.8-SEER2/instance-out.sql,CZ08,SFm,1,rDXHP,Ex,dxHP_equip,,RE-dxAC_eq-pkgSEER-17.8-SEER2,SFm&1&rDXHP&Ex&dxHP_equip,RE-dxAC_eq-pkgSEER-17.8-SEER2,,,,,,,,,,,,,,,,,,,,,,,,,,,,,,,,,,,,,,,
SWHC049-09 SEER Rated AC HP_SFm_1985/runs/CZ08/SFm&1&rDXHP&Ex&dxHP_equip/RE-dxAC_eq-pkgSEER-18.7-SEER2/instance-out.sql,CZ08,SFm,1,rDXHP,Ex,dxHP_equip,,RE-dxAC_eq-pkgSEER-18.7-SEER2,SFm&1&rDXHP&Ex&dxHP_equip,RE-dxAC_eq-pkgSEER-18.7-SEER2,,,,,,,,,,,,,,,,,,,,,,,,,,,,,,,,,,,,,,,
SWHC049-09 SEER Rated AC HP_SFm_1985/runs/CZ08/SFm&1&rDXHP&Ex&dxHP_equip/RE-dxAC_eq-pkgSEER-19.6-SEER2/instance-out.sql,CZ08,SFm,1,rDXHP,Ex,dxHP_equip,,RE-dxAC_eq-pkgSEER-19.6-SEER2,SFm&1&rDXHP&Ex&dxHP_equip,RE-dxAC_eq-pkgSEER-19.6-SEER2,,,,,,,,,,,,,,,,,,,,,,,,,,,,,,,,,,,,,,,
SWHC049-09 SEER Rated AC HP_SFm_1985/runs/CZ08/SFm&1&rDXHP&Ex&dxHP_equip/RE-dxHP_eq-pkgSEER-12.5-SEER2-6.4-HSPF2/instance-out.sql,CZ08,SFm,1,rDXHP,Ex,dxHP_equip,,RE-dxHP_eq-pkgSEER-12.5-SEER2-6.4-HSPF2,SFm&1&rDXHP&Ex&dxHP_equip,RE-dxHP_eq-pkgSEER-12.5-SEER2-6.4-HSPF2,,,,,,,,,,,,,,,,,,,,,,,,,,,,,,,,,,,,,,,
SWHC049-09 SEER Rated AC HP_SFm_1985/runs/CZ08/SFm&1&rDXHP&Ex&dxHP_equip/RE-dxHP_eq-pkgSEER-14.3-SEER2-7.5-HSPF2/instance-out.sql,CZ08,SFm,1,rDXHP,Ex,dxHP_equip,,RE-dxHP_eq-pkgSEER-14.3-SEER2-7.5-HSPF2,SFm&1&rDXHP&Ex&dxHP_equip,RE-dxHP_eq-pkgSEER-14.3-SEER2-7.5-HSPF2,,,,,,,,,,,,,,,,,,,,,,,,,,,,,,,,,,,,,,,
SWHC049-09 SEER Rated AC HP_SFm_1985/runs/CZ08/SFm&1&rDXHP&Ex&dxHP_equip/RE-dxHP_eq-pkgSEER-15.2-SEER2-7.7-HSPF2/instance-out.sql,CZ08,SFm,1,rDXHP,Ex,dxHP_equip,,RE-dxHP_eq-pkgSEER-15.2-SEER2-7.7-HSPF2,SFm&1&rDXHP&Ex&dxHP_equip,RE-dxHP_eq-pkgSEER-15.2-SEER2-7.7-HSPF2,,,,,,,,,,,,,,,,,,,,,,,,,,,,,,,,,,,,,,,
SWHC049-09 SEER Rated AC HP_SFm_1985/runs/CZ08/SFm&1&rDXHP&Ex&dxHP_equip/RE-dxHP_eq-pkgSEER-16.0-SEER2-8.0-HSPF2/instance-out.sql,CZ08,SFm,1,rDXHP,Ex,dxHP_equip,,RE-dxHP_eq-pkgSEER-16.0-SEER2-8.0-HSPF2,SFm&1&rDXHP&Ex&dxHP_equip,RE-dxHP_eq-pkgSEER-16.0-SEER2-8.0-HSPF2,,,,,,,,,,,,,,,,,,,,,,,,,,,,,,,,,,,,,,,
SWHC049-09 SEER Rated AC HP_SFm_1985/runs/CZ08/SFm&1&rDXHP&Ex&dxHP_equip/RE-dxHP_eq-pkgSEER-17.8-SEER2-8.1-HSPF2/instance-out.sql,CZ08,SFm,1,rDXHP,Ex,dxHP_equip,,RE-dxHP_eq-pkgSEER-17.8-SEER2-8.1-HSPF2,SFm&1&rDXHP&Ex&dxHP_equip,RE-dxHP_eq-pkgSEER-17.8-SEER2-8.1-HSPF2,,,,,,,,,,,,,,,,,,,,,,,,,,,,,,,,,,,,,,,
SWHC049-09 SEER Rated AC HP_SFm_1985/runs/CZ08/SFm&1&rDXHP&Ex&dxHP_equip/RE-dxHP_eq-pkgSEER-18.7-SEER2-8.5-HSPF2/instance-out.sql,CZ08,SFm,1,rDXHP,Ex,dxHP_equip,,RE-dxHP_eq-pkgSEER-18.7-SEER2-8.5-HSPF2,SFm&1&rDXHP&Ex&dxHP_equip,RE-dxHP_eq-pkgSEER-18.7-SEER2-8.5-HSPF2,,,,,,,,,,,,,,,,,,,,,,,,,,,,,,,,,,,,,,,
SWHC049-09 SEER Rated AC HP_SFm_1985/runs/CZ08/SFm&1&rDXHP&Ex&dxHP_equip/RE-dxHP_eq-pkgSEER-19.6-SEER2-8.9-HSPF2/instance-out.sql,CZ08,SFm,1,rDXHP,Ex,dxHP_equip,,RE-dxHP_eq-pkgSEER-19.6-SEER2-8.9-HSPF2,SFm&1&rDXHP&Ex&dxHP_equip,RE-dxHP_eq-pkgSEER-19.6-SEER2-8.9-HSPF2,,,,,,,,,,,,,,,,,,,,,,,,,,,,,,,,,,,,,,,
SWHC049-09 SEER Rated AC HP_SFm_1985/runs/CZ07/SFm&2&rDXHP&Ex&dxHP_equip/RE-dxAC_eq-pkgSEER-12.5-SEER2/instance-out.sql,CZ07,SFm,2,rDXHP,Ex,dxHP_equip,,RE-dxAC_eq-pkgSEER-12.5-SEER2,SFm&2&rDXHP&Ex&dxHP_equip,RE-dxAC_eq-pkgSEER-12.5-SEER2,,,,,,,,,,,,,,,,,,,,,,,,,,,,,,,,,,,,,,,
SWHC049-09 SEER Rated AC HP_SFm_1985/runs/CZ07/SFm&2&rDXHP&Ex&dxHP_equip/RE-dxAC_eq-pkgSEER-13.8-SEER2/instance-out.sql,CZ07,SFm,2,rDXHP,Ex,dxHP_equip,,RE-dxAC_eq-pkgSEER-13.8-SEER2,SFm&2&rDXHP&Ex&dxHP_equip,RE-dxAC_eq-pkgSEER-13.8-SEER2,,,,,,,,,,,,,,,,,,,,,,,,,,,,,,,,,,,,,,,
SWHC049-09 SEER Rated AC HP_SFm_1985/runs/CZ07/SFm&2&rDXHP&Ex&dxHP_equip/RE-dxAC_eq-pkgSEER-14.3-SEER2/instance-out.sql,CZ07,SFm,2,rDXHP,Ex,dxHP_equip,,RE-dxAC_eq-pkgSEER-14.3-SEER2,SFm&2&rDXHP&Ex&dxHP_equip,RE-dxAC_eq-pkgSEER-14.3-SEER2,,,,,,,,,,,,,,,,,,,,,,,,,,,,,,,,,,,,,,,
SWHC049-09 SEER Rated AC HP_SFm_1985/runs/CZ07/SFm&2&rDXHP&Ex&dxHP_equip/RE-dxAC_eq-pkgSEER-15.2-SEER2/instance-out.sql,CZ07,SFm,2,rDXHP,Ex,dxHP_equip,,RE-dxAC_eq-pkgSEER-15.2-SEER2,SFm&2&rDXHP&Ex&dxHP_equip,RE-dxAC_eq-pkgSEER-15.2-SEER2,,,,,,,,,,,,,,,,,,,,,,,,,,,,,,,,,,,,,,,
SWHC049-09 SEER Rated AC HP_SFm_1985/runs/CZ07/SFm&2&rDXHP&Ex&dxHP_equip/RE-dxAC_eq-pkgSEER-16.9-SEER2/instance-out.sql,CZ07,SFm,2,rDXHP,Ex,dxHP_equip,,RE-dxAC_eq-pkgSEER-16.9-SEER2,SFm&2&rDXHP&Ex&dxHP_equip,RE-dxAC_eq-pkgSEER-16.9-SEER2,,,,,,,,,,,,,,,,,,,,,,,,,,,,,,,,,,,,,,,
SWHC049-09 SEER Rated AC HP_SFm_1985/runs/CZ07/SFm&2&rDXHP&Ex&dxHP_equip/RE-dxAC_eq-pkgSEER-17.8-SEER2/instance-out.sql,CZ07,SFm,2,rDXHP,Ex,dxHP_equip,,RE-dxAC_eq-pkgSEER-17.8-SEER2,SFm&2&rDXHP&Ex&dxHP_equip,RE-dxAC_eq-pkgSEER-17.8-SEER2,,,,,,,,,,,,,,,,,,,,,,,,,,,,,,,,,,,,,,,
SWHC049-09 SEER Rated AC HP_SFm_1985/runs/CZ07/SFm&2&rDXHP&Ex&dxHP_equip/RE-dxAC_eq-pkgSEER-18.7-SEER2/instance-out.sql,CZ07,SFm,2,rDXHP,Ex,dxHP_equip,,RE-dxAC_eq-pkgSEER-18.7-SEER2,SFm&2&rDXHP&Ex&dxHP_equip,RE-dxAC_eq-pkgSEER-18.7-SEER2,,,,,,,,,,,,,,,,,,,,,,,,,,,,,,,,,,,,,,,
SWHC049-09 SEER Rated AC HP_SFm_1985/runs/CZ07/SFm&2&rDXHP&Ex&dxHP_equip/RE-dxAC_eq-pkgSEER-19.6-SEER2/instance-out.sql,CZ07,SFm,2,rDXHP,Ex,dxHP_equip,,RE-dxAC_eq-pkgSEER-19.6-SEER2,SFm&2&rDXHP&Ex&dxHP_equip,RE-dxAC_eq-pkgSEER-19.6-SEER2,,,,,,,,,,,,,,,,,,,,,,,,,,,,,,,,,,,,,,,
SWHC049-09 SEER Rated AC HP_SFm_1985/runs/CZ07/SFm&2&rDXHP&Ex&dxHP_equip/RE-dxHP_eq-pkgSEER-12.5-SEER2-6.4-HSPF2/instance-out.sql,CZ07,SFm,2,rDXHP,Ex,dxHP_equip,,RE-dxHP_eq-pkgSEER-12.5-SEER2-6.4-HSPF2,SFm&2&rDXHP&Ex&dxHP_equip,RE-dxHP_eq-pkgSEER-12.5-SEER2-6.4-HSPF2,,,,,,,,,,,,,,,,,,,,,,,,,,,,,,,,,,,,,,,
SWHC049-09 SEER Rated AC HP_SFm_1985/runs/CZ07/SFm&2&rDXHP&Ex&dxHP_equip/RE-dxHP_eq-pkgSEER-14.3-SEER2-7.5-HSPF2/instance-out.sql,CZ07,SFm,2,rDXHP,Ex,dxHP_equip,,RE-dxHP_eq-pkgSEER-14.3-SEER2-7.5-HSPF2,SFm&2&rDXHP&Ex&dxHP_equip,RE-dxHP_eq-pkgSEER-14.3-SEER2-7.5-HSPF2,,,,,,,,,,,,,,,,,,,,,,,,,,,,,,,,,,,,,,,
SWHC049-09 SEER Rated AC HP_SFm_1985/runs/CZ07/SFm&2&rDXHP&Ex&dxHP_equip/RE-dxHP_eq-pkgSEER-15.2-SEER2-7.7-HSPF2/instance-out.sql,CZ07,SFm,2,rDXHP,Ex,dxHP_equip,,RE-dxHP_eq-pkgSEER-15.2-SEER2-7.7-HSPF2,SFm&2&rDXHP&Ex&dxHP_equip,RE-dxHP_eq-pkgSEER-15.2-SEER2-7.7-HSPF2,,,,,,,,,,,,,,,,,,,,,,,,,,,,,,,,,,,,,,,
SWHC049-09 SEER Rated AC HP_SFm_1985/runs/CZ07/SFm&2&rDXHP&Ex&dxHP_equip/RE-dxHP_eq-pkgSEER-16.0-SEER2-8.0-HSPF2/instance-out.sql,CZ07,SFm,2,rDXHP,Ex,dxHP_equip,,RE-dxHP_eq-pkgSEER-16.0-SEER2-8.0-HSPF2,SFm&2&rDXHP&Ex&dxHP_equip,RE-dxHP_eq-pkgSEER-16.0-SEER2-8.0-HSPF2,,,,,,,,,,,,,,,,,,,,,,,,,,,,,,,,,,,,,,,
SWHC049-09 SEER Rated AC HP_SFm_1985/runs/CZ07/SFm&2&rDXHP&Ex&dxHP_equip/RE-dxHP_eq-pkgSEER-17.8-SEER2-8.1-HSPF2/instance-out.sql,CZ07,SFm,2,rDXHP,Ex,dxHP_equip,,RE-dxHP_eq-pkgSEER-17.8-SEER2-8.1-HSPF2,SFm&2&rDXHP&Ex&dxHP_equip,RE-dxHP_eq-pkgSEER-17.8-SEER2-8.1-HSPF2,,,,,,,,,,,,,,,,,,,,,,,,,,,,,,,,,,,,,,,
SWHC049-09 SEER Rated AC HP_SFm_1985/runs/CZ07/SFm&2&rDXHP&Ex&dxHP_equip/RE-dxHP_eq-pkgSEER-18.7-SEER2-8.5-HSPF2/instance-out.sql,CZ07,SFm,2,rDXHP,Ex,dxHP_equip,,RE-dxHP_eq-pkgSEER-18.7-SEER2-8.5-HSPF2,SFm&2&rDXHP&Ex&dxHP_equip,RE-dxHP_eq-pkgSEER-18.7-SEER2-8.5-HSPF2,,,,,,,,,,,,,,,,,,,,,,,,,,,,,,,,,,,,,,,
SWHC049-09 SEER Rated AC HP_SFm_1985/runs/CZ07/SFm&2&rDXHP&Ex&dxHP_equip/RE-dxHP_eq-pkgSEER-19.6-SEER2-8.9-HSPF2/instance-out.sql,CZ07,SFm,2,rDXHP,Ex,dxHP_equip,,RE-dxHP_eq-pkgSEER-19.6-SEER2-8.9-HSPF2,SFm&2&rDXHP&Ex&dxHP_equip,RE-dxHP_eq-pkgSEER-19.6-SEER2-8.9-HSPF2,,,,,,,,,,,,,,,,,,,,,,,,,,,,,,,,,,,,,,,
SWHC049-09 SEER Rated AC HP_SFm_1985/runs/CZ07/SFm&1&rDXHP&Ex&dxHP_equip/RE-dxAC_eq-pkgSEER-12.5-SEER2/instance-out.sql,CZ07,SFm,1,rDXHP,Ex,dxHP_equip,,RE-dxAC_eq-pkgSEER-12.5-SEER2,SFm&1&rDXHP&Ex&dxHP_equip,RE-dxAC_eq-pkgSEER-12.5-SEER2,,,,,,,,,,,,,,,,,,,,,,,,,,,,,,,,,,,,,,,
SWHC049-09 SEER Rated AC HP_SFm_1985/runs/CZ07/SFm&1&rDXHP&Ex&dxHP_equip/RE-dxAC_eq-pkgSEER-13.8-SEER2/instance-out.sql,CZ07,SFm,1,rDXHP,Ex,dxHP_equip,,RE-dxAC_eq-pkgSEER-13.8-SEER2,SFm&1&rDXHP&Ex&dxHP_equip,RE-dxAC_eq-pkgSEER-13.8-SEER2,,,,,,,,,,,,,,,,,,,,,,,,,,,,,,,,,,,,,,,
SWHC049-09 SEER Rated AC HP_SFm_1985/runs/CZ07/SFm&1&rDXHP&Ex&dxHP_equip/RE-dxAC_eq-pkgSEER-14.3-SEER2/instance-out.sql,CZ07,SFm,1,rDXHP,Ex,dxHP_equip,,RE-dxAC_eq-pkgSEER-14.3-SEER2,SFm&1&rDXHP&Ex&dxHP_equip,RE-dxAC_eq-pkgSEER-14.3-SEER2,,,,,,,,,,,,,,,,,,,,,,,,,,,,,,,,,,,,,,,
SWHC049-09 SEER Rated AC HP_SFm_1985/runs/CZ07/SFm&1&rDXHP&Ex&dxHP_equip/RE-dxAC_eq-pkgSEER-15.2-SEER2/instance-out.sql,CZ07,SFm,1,rDXHP,Ex,dxHP_equip,,RE-dxAC_eq-pkgSEER-15.2-SEER2,SFm&1&rDXHP&Ex&dxHP_equip,RE-dxAC_eq-pkgSEER-15.2-SEER2,,,,,,,,,,,,,,,,,,,,,,,,,,,,,,,,,,,,,,,
SWHC049-09 SEER Rated AC HP_SFm_1985/runs/CZ07/SFm&1&rDXHP&Ex&dxHP_equip/RE-dxAC_eq-pkgSEER-16.9-SEER2/instance-out.sql,CZ07,SFm,1,rDXHP,Ex,dxHP_equip,,RE-dxAC_eq-pkgSEER-16.9-SEER2,SFm&1&rDXHP&Ex&dxHP_equip,RE-dxAC_eq-pkgSEER-16.9-SEER2,,,,,,,,,,,,,,,,,,,,,,,,,,,,,,,,,,,,,,,
SWHC049-09 SEER Rated AC HP_SFm_1985/runs/CZ07/SFm&1&rDXHP&Ex&dxHP_equip/RE-dxAC_eq-pkgSEER-17.8-SEER2/instance-out.sql,CZ07,SFm,1,rDXHP,Ex,dxHP_equip,,RE-dxAC_eq-pkgSEER-17.8-SEER2,SFm&1&rDXHP&Ex&dxHP_equip,RE-dxAC_eq-pkgSEER-17.8-SEER2,,,,,,,,,,,,,,,,,,,,,,,,,,,,,,,,,,,,,,,
SWHC049-09 SEER Rated AC HP_SFm_1985/runs/CZ07/SFm&1&rDXHP&Ex&dxHP_equip/RE-dxAC_eq-pkgSEER-18.7-SEER2/instance-out.sql,CZ07,SFm,1,rDXHP,Ex,dxHP_equip,,RE-dxAC_eq-pkgSEER-18.7-SEER2,SFm&1&rDXHP&Ex&dxHP_equip,RE-dxAC_eq-pkgSEER-18.7-SEER2,,,,,,,,,,,,,,,,,,,,,,,,,,,,,,,,,,,,,,,
SWHC049-09 SEER Rated AC HP_SFm_1985/runs/CZ07/SFm&1&rDXHP&Ex&dxHP_equip/RE-dxAC_eq-pkgSEER-19.6-SEER2/instance-out.sql,CZ07,SFm,1,rDXHP,Ex,dxHP_equip,,RE-dxAC_eq-pkgSEER-19.6-SEER2,SFm&1&rDXHP&Ex&dxHP_equip,RE-dxAC_eq-pkgSEER-19.6-SEER2,,,,,,,,,,,,,,,,,,,,,,,,,,,,,,,,,,,,,,,
SWHC049-09 SEER Rated AC HP_SFm_1985/runs/CZ07/SFm&1&rDXHP&Ex&dxHP_equip/RE-dxHP_eq-pkgSEER-12.5-SEER2-6.4-HSPF2/instance-out.sql,CZ07,SFm,1,rDXHP,Ex,dxHP_equip,,RE-dxHP_eq-pkgSEER-12.5-SEER2-6.4-HSPF2,SFm&1&rDXHP&Ex&dxHP_equip,RE-dxHP_eq-pkgSEER-12.5-SEER2-6.4-HSPF2,,,,,,,,,,,,,,,,,,,,,,,,,,,,,,,,,,,,,,,
SWHC049-09 SEER Rated AC HP_SFm_1985/runs/CZ07/SFm&1&rDXHP&Ex&dxHP_equip/RE-dxHP_eq-pkgSEER-14.3-SEER2-7.5-HSPF2/instance-out.sql,CZ07,SFm,1,rDXHP,Ex,dxHP_equip,,RE-dxHP_eq-pkgSEER-14.3-SEER2-7.5-HSPF2,SFm&1&rDXHP&Ex&dxHP_equip,RE-dxHP_eq-pkgSEER-14.3-SEER2-7.5-HSPF2,,,,,,,,,,,,,,,,,,,,,,,,,,,,,,,,,,,,,,,
SWHC049-09 SEER Rated AC HP_SFm_1985/runs/CZ07/SFm&1&rDXHP&Ex&dxHP_equip/RE-dxHP_eq-pkgSEER-15.2-SEER2-7.7-HSPF2/instance-out.sql,CZ07,SFm,1,rDXHP,Ex,dxHP_equip,,RE-dxHP_eq-pkgSEER-15.2-SEER2-7.7-HSPF2,SFm&1&rDXHP&Ex&dxHP_equip,RE-dxHP_eq-pkgSEER-15.2-SEER2-7.7-HSPF2,,,,,,,,,,,,,,,,,,,,,,,,,,,,,,,,,,,,,,,
SWHC049-09 SEER Rated AC HP_SFm_1985/runs/CZ07/SFm&1&rDXHP&Ex&dxHP_equip/RE-dxHP_eq-pkgSEER-16.0-SEER2-8.0-HSPF2/instance-out.sql,CZ07,SFm,1,rDXHP,Ex,dxHP_equip,,RE-dxHP_eq-pkgSEER-16.0-SEER2-8.0-HSPF2,SFm&1&rDXHP&Ex&dxHP_equip,RE-dxHP_eq-pkgSEER-16.0-SEER2-8.0-HSPF2,,,,,,,,,,,,,,,,,,,,,,,,,,,,,,,,,,,,,,,
SWHC049-09 SEER Rated AC HP_SFm_1985/runs/CZ07/SFm&1&rDXHP&Ex&dxHP_equip/RE-dxHP_eq-pkgSEER-17.8-SEER2-8.1-HSPF2/instance-out.sql,CZ07,SFm,1,rDXHP,Ex,dxHP_equip,,RE-dxHP_eq-pkgSEER-17.8-SEER2-8.1-HSPF2,SFm&1&rDXHP&Ex&dxHP_equip,RE-dxHP_eq-pkgSEER-17.8-SEER2-8.1-HSPF2,,,,,,,,,,,,,,,,,,,,,,,,,,,,,,,,,,,,,,,
SWHC049-09 SEER Rated AC HP_SFm_1985/runs/CZ07/SFm&1&rDXHP&Ex&dxHP_equip/RE-dxHP_eq-pkgSEER-18.7-SEER2-8.5-HSPF2/instance-out.sql,CZ07,SFm,1,rDXHP,Ex,dxHP_equip,,RE-dxHP_eq-pkgSEER-18.7-SEER2-8.5-HSPF2,SFm&1&rDXHP&Ex&dxHP_equip,RE-dxHP_eq-pkgSEER-18.7-SEER2-8.5-HSPF2,,,,,,,,,,,,,,,,,,,,,,,,,,,,,,,,,,,,,,,
SWHC049-09 SEER Rated AC HP_SFm_1985/runs/CZ07/SFm&1&rDXHP&Ex&dxHP_equip/RE-dxHP_eq-pkgSEER-19.6-SEER2-8.9-HSPF2/instance-out.sql,CZ07,SFm,1,rDXHP,Ex,dxHP_equip,,RE-dxHP_eq-pkgSEER-19.6-SEER2-8.9-HSPF2,SFm&1&rDXHP&Ex&dxHP_equip,RE-dxHP_eq-pkgSEER-19.6-SEER2-8.9-HSPF2,,,,,,,,,,,,,,,,,,,,,,,,,,,,,,,,,,,,,,,
SWHC049-09 SEER Rated AC HP_SFm_1985/runs/CZ06/SFm&2&rDXHP&Ex&dxHP_equip/RE-dxAC_eq-pkgSEER-12.5-SEER2/instance-out.sql,CZ06,SFm,2,rDXHP,Ex,dxHP_equip,,RE-dxAC_eq-pkgSEER-12.5-SEER2,SFm&2&rDXHP&Ex&dxHP_equip,RE-dxAC_eq-pkgSEER-12.5-SEER2,,,,,,,,,,,,,,,,,,,,,,,,,,,,,,,,,,,,,,,
SWHC049-09 SEER Rated AC HP_SFm_1985/runs/CZ06/SFm&2&rDXHP&Ex&dxHP_equip/RE-dxAC_eq-pkgSEER-13.8-SEER2/instance-out.sql,CZ06,SFm,2,rDXHP,Ex,dxHP_equip,,RE-dxAC_eq-pkgSEER-13.8-SEER2,SFm&2&rDXHP&Ex&dxHP_equip,RE-dxAC_eq-pkgSEER-13.8-SEER2,,,,,,,,,,,,,,,,,,,,,,,,,,,,,,,,,,,,,,,
SWHC049-09 SEER Rated AC HP_SFm_1985/runs/CZ06/SFm&2&rDXHP&Ex&dxHP_equip/RE-dxAC_eq-pkgSEER-14.3-SEER2/instance-out.sql,CZ06,SFm,2,rDXHP,Ex,dxHP_equip,,RE-dxAC_eq-pkgSEER-14.3-SEER2,SFm&2&rDXHP&Ex&dxHP_equip,RE-dxAC_eq-pkgSEER-14.3-SEER2,,,,,,,,,,,,,,,,,,,,,,,,,,,,,,,,,,,,,,,
SWHC049-09 SEER Rated AC HP_SFm_1985/runs/CZ06/SFm&2&rDXHP&Ex&dxHP_equip/RE-dxAC_eq-pkgSEER-15.2-SEER2/instance-out.sql,CZ06,SFm,2,rDXHP,Ex,dxHP_equip,,RE-dxAC_eq-pkgSEER-15.2-SEER2,SFm&2&rDXHP&Ex&dxHP_equip,RE-dxAC_eq-pkgSEER-15.2-SEER2,,,,,,,,,,,,,,,,,,,,,,,,,,,,,,,,,,,,,,,
SWHC049-09 SEER Rated AC HP_SFm_1985/runs/CZ06/SFm&2&rDXHP&Ex&dxHP_equip/RE-dxAC_eq-pkgSEER-16.9-SEER2/instance-out.sql,CZ06,SFm,2,rDXHP,Ex,dxHP_equip,,RE-dxAC_eq-pkgSEER-16.9-SEER2,SFm&2&rDXHP&Ex&dxHP_equip,RE-dxAC_eq-pkgSEER-16.9-SEER2,,,,,,,,,,,,,,,,,,,,,,,,,,,,,,,,,,,,,,,
SWHC049-09 SEER Rated AC HP_SFm_1985/runs/CZ06/SFm&2&rDXHP&Ex&dxHP_equip/RE-dxAC_eq-pkgSEER-17.8-SEER2/instance-out.sql,CZ06,SFm,2,rDXHP,Ex,dxHP_equip,,RE-dxAC_eq-pkgSEER-17.8-SEER2,SFm&2&rDXHP&Ex&dxHP_equip,RE-dxAC_eq-pkgSEER-17.8-SEER2,,,,,,,,,,,,,,,,,,,,,,,,,,,,,,,,,,,,,,,
SWHC049-09 SEER Rated AC HP_SFm_1985/runs/CZ06/SFm&2&rDXHP&Ex&dxHP_equip/RE-dxAC_eq-pkgSEER-18.7-SEER2/instance-out.sql,CZ06,SFm,2,rDXHP,Ex,dxHP_equip,,RE-dxAC_eq-pkgSEER-18.7-SEER2,SFm&2&rDXHP&Ex&dxHP_equip,RE-dxAC_eq-pkgSEER-18.7-SEER2,,,,,,,,,,,,,,,,,,,,,,,,,,,,,,,,,,,,,,,
SWHC049-09 SEER Rated AC HP_SFm_1985/runs/CZ06/SFm&2&rDXHP&Ex&dxHP_equip/RE-dxAC_eq-pkgSEER-19.6-SEER2/instance-out.sql,CZ06,SFm,2,rDXHP,Ex,dxHP_equip,,RE-dxAC_eq-pkgSEER-19.6-SEER2,SFm&2&rDXHP&Ex&dxHP_equip,RE-dxAC_eq-pkgSEER-19.6-SEER2,,,,,,,,,,,,,,,,,,,,,,,,,,,,,,,,,,,,,,,
SWHC049-09 SEER Rated AC HP_SFm_1985/runs/CZ06/SFm&2&rDXHP&Ex&dxHP_equip/RE-dxHP_eq-pkgSEER-12.5-SEER2-6.4-HSPF2/instance-out.sql,CZ06,SFm,2,rDXHP,Ex,dxHP_equip,,RE-dxHP_eq-pkgSEER-12.5-SEER2-6.4-HSPF2,SFm&2&rDXHP&Ex&dxHP_equip,RE-dxHP_eq-pkgSEER-12.5-SEER2-6.4-HSPF2,,,,,,,,,,,,,,,,,,,,,,,,,,,,,,,,,,,,,,,
SWHC049-09 SEER Rated AC HP_SFm_1985/runs/CZ06/SFm&2&rDXHP&Ex&dxHP_equip/RE-dxHP_eq-pkgSEER-14.3-SEER2-7.5-HSPF2/instance-out.sql,CZ06,SFm,2,rDXHP,Ex,dxHP_equip,,RE-dxHP_eq-pkgSEER-14.3-SEER2-7.5-HSPF2,SFm&2&rDXHP&Ex&dxHP_equip,RE-dxHP_eq-pkgSEER-14.3-SEER2-7.5-HSPF2,,,,,,,,,,,,,,,,,,,,,,,,,,,,,,,,,,,,,,,
SWHC049-09 SEER Rated AC HP_SFm_1985/runs/CZ06/SFm&2&rDXHP&Ex&dxHP_equip/RE-dxHP_eq-pkgSEER-15.2-SEER2-7.7-HSPF2/instance-out.sql,CZ06,SFm,2,rDXHP,Ex,dxHP_equip,,RE-dxHP_eq-pkgSEER-15.2-SEER2-7.7-HSPF2,SFm&2&rDXHP&Ex&dxHP_equip,RE-dxHP_eq-pkgSEER-15.2-SEER2-7.7-HSPF2,,,,,,,,,,,,,,,,,,,,,,,,,,,,,,,,,,,,,,,
SWHC049-09 SEER Rated AC HP_SFm_1985/runs/CZ06/SFm&2&rDXHP&Ex&dxHP_equip/RE-dxHP_eq-pkgSEER-16.0-SEER2-8.0-HSPF2/instance-out.sql,CZ06,SFm,2,rDXHP,Ex,dxHP_equip,,RE-dxHP_eq-pkgSEER-16.0-SEER2-8.0-HSPF2,SFm&2&rDXHP&Ex&dxHP_equip,RE-dxHP_eq-pkgSEER-16.0-SEER2-8.0-HSPF2,,,,,,,,,,,,,,,,,,,,,,,,,,,,,,,,,,,,,,,
SWHC049-09 SEER Rated AC HP_SFm_1985/runs/CZ06/SFm&2&rDXHP&Ex&dxHP_equip/RE-dxHP_eq-pkgSEER-17.8-SEER2-8.1-HSPF2/instance-out.sql,CZ06,SFm,2,rDXHP,Ex,dxHP_equip,,RE-dxHP_eq-pkgSEER-17.8-SEER2-8.1-HSPF2,SFm&2&rDXHP&Ex&dxHP_equip,RE-dxHP_eq-pkgSEER-17.8-SEER2-8.1-HSPF2,,,,,,,,,,,,,,,,,,,,,,,,,,,,,,,,,,,,,,,
SWHC049-09 SEER Rated AC HP_SFm_1985/runs/CZ06/SFm&2&rDXHP&Ex&dxHP_equip/RE-dxHP_eq-pkgSEER-18.7-SEER2-8.5-HSPF2/instance-out.sql,CZ06,SFm,2,rDXHP,Ex,dxHP_equip,,RE-dxHP_eq-pkgSEER-18.7-SEER2-8.5-HSPF2,SFm&2&rDXHP&Ex&dxHP_equip,RE-dxHP_eq-pkgSEER-18.7-SEER2-8.5-HSPF2,,,,,,,,,,,,,,,,,,,,,,,,,,,,,,,,,,,,,,,
SWHC049-09 SEER Rated AC HP_SFm_1985/runs/CZ06/SFm&2&rDXHP&Ex&dxHP_equip/RE-dxHP_eq-pkgSEER-19.6-SEER2-8.9-HSPF2/instance-out.sql,CZ06,SFm,2,rDXHP,Ex,dxHP_equip,,RE-dxHP_eq-pkgSEER-19.6-SEER2-8.9-HSPF2,SFm&2&rDXHP&Ex&dxHP_equip,RE-dxHP_eq-pkgSEER-19.6-SEER2-8.9-HSPF2,,,,,,,,,,,,,,,,,,,,,,,,,,,,,,,,,,,,,,,
SWHC049-09 SEER Rated AC HP_SFm_1985/runs/CZ06/SFm&1&rDXHP&Ex&dxHP_equip/RE-dxAC_eq-pkgSEER-12.5-SEER2/instance-out.sql,CZ06,SFm,1,rDXHP,Ex,dxHP_equip,,RE-dxAC_eq-pkgSEER-12.5-SEER2,SFm&1&rDXHP&Ex&dxHP_equip,RE-dxAC_eq-pkgSEER-12.5-SEER2,,,,,,,,,,,,,,,,,,,,,,,,,,,,,,,,,,,,,,,
SWHC049-09 SEER Rated AC HP_SFm_1985/runs/CZ06/SFm&1&rDXHP&Ex&dxHP_equip/RE-dxAC_eq-pkgSEER-13.8-SEER2/instance-out.sql,CZ06,SFm,1,rDXHP,Ex,dxHP_equip,,RE-dxAC_eq-pkgSEER-13.8-SEER2,SFm&1&rDXHP&Ex&dxHP_equip,RE-dxAC_eq-pkgSEER-13.8-SEER2,,,,,,,,,,,,,,,,,,,,,,,,,,,,,,,,,,,,,,,
SWHC049-09 SEER Rated AC HP_SFm_1985/runs/CZ06/SFm&1&rDXHP&Ex&dxHP_equip/RE-dxAC_eq-pkgSEER-14.3-SEER2/instance-out.sql,CZ06,SFm,1,rDXHP,Ex,dxHP_equip,,RE-dxAC_eq-pkgSEER-14.3-SEER2,SFm&1&rDXHP&Ex&dxHP_equip,RE-dxAC_eq-pkgSEER-14.3-SEER2,,,,,,,,,,,,,,,,,,,,,,,,,,,,,,,,,,,,,,,
SWHC049-09 SEER Rated AC HP_SFm_1985/runs/CZ06/SFm&1&rDXHP&Ex&dxHP_equip/RE-dxAC_eq-pkgSEER-15.2-SEER2/instance-out.sql,CZ06,SFm,1,rDXHP,Ex,dxHP_equip,,RE-dxAC_eq-pkgSEER-15.2-SEER2,SFm&1&rDXHP&Ex&dxHP_equip,RE-dxAC_eq-pkgSEER-15.2-SEER2,,,,,,,,,,,,,,,,,,,,,,,,,,,,,,,,,,,,,,,
SWHC049-09 SEER Rated AC HP_SFm_1985/runs/CZ06/SFm&1&rDXHP&Ex&dxHP_equip/RE-dxAC_eq-pkgSEER-16.9-SEER2/instance-out.sql,CZ06,SFm,1,rDXHP,Ex,dxHP_equip,,RE-dxAC_eq-pkgSEER-16.9-SEER2,SFm&1&rDXHP&Ex&dxHP_equip,RE-dxAC_eq-pkgSEER-16.9-SEER2,,,,,,,,,,,,,,,,,,,,,,,,,,,,,,,,,,,,,,,
SWHC049-09 SEER Rated AC HP_SFm_1985/runs/CZ06/SFm&1&rDXHP&Ex&dxHP_equip/RE-dxAC_eq-pkgSEER-17.8-SEER2/instance-out.sql,CZ06,SFm,1,rDXHP,Ex,dxHP_equip,,RE-dxAC_eq-pkgSEER-17.8-SEER2,SFm&1&rDXHP&Ex&dxHP_equip,RE-dxAC_eq-pkgSEER-17.8-SEER2,,,,,,,,,,,,,,,,,,,,,,,,,,,,,,,,,,,,,,,
SWHC049-09 SEER Rated AC HP_SFm_1985/runs/CZ06/SFm&1&rDXHP&Ex&dxHP_equip/RE-dxAC_eq-pkgSEER-18.7-SEER2/instance-out.sql,CZ06,SFm,1,rDXHP,Ex,dxHP_equip,,RE-dxAC_eq-pkgSEER-18.7-SEER2,SFm&1&rDXHP&Ex&dxHP_equip,RE-dxAC_eq-pkgSEER-18.7-SEER2,,,,,,,,,,,,,,,,,,,,,,,,,,,,,,,,,,,,,,,
SWHC049-09 SEER Rated AC HP_SFm_1985/runs/CZ06/SFm&1&rDXHP&Ex&dxHP_equip/RE-dxAC_eq-pkgSEER-19.6-SEER2/instance-out.sql,CZ06,SFm,1,rDXHP,Ex,dxHP_equip,,RE-dxAC_eq-pkgSEER-19.6-SEER2,SFm&1&rDXHP&Ex&dxHP_equip,RE-dxAC_eq-pkgSEER-19.6-SEER2,,,,,,,,,,,,,,,,,,,,,,,,,,,,,,,,,,,,,,,
SWHC049-09 SEER Rated AC HP_SFm_1985/runs/CZ06/SFm&1&rDXHP&Ex&dxHP_equip/RE-dxHP_eq-pkgSEER-12.5-SEER2-6.4-HSPF2/instance-out.sql,CZ06,SFm,1,rDXHP,Ex,dxHP_equip,,RE-dxHP_eq-pkgSEER-12.5-SEER2-6.4-HSPF2,SFm&1&rDXHP&Ex&dxHP_equip,RE-dxHP_eq-pkgSEER-12.5-SEER2-6.4-HSPF2,,,,,,,,,,,,,,,,,,,,,,,,,,,,,,,,,,,,,,,
SWHC049-09 SEER Rated AC HP_SFm_1985/runs/CZ06/SFm&1&rDXHP&Ex&dxHP_equip/RE-dxHP_eq-pkgSEER-14.3-SEER2-7.5-HSPF2/instance-out.sql,CZ06,SFm,1,rDXHP,Ex,dxHP_equip,,RE-dxHP_eq-pkgSEER-14.3-SEER2-7.5-HSPF2,SFm&1&rDXHP&Ex&dxHP_equip,RE-dxHP_eq-pkgSEER-14.3-SEER2-7.5-HSPF2,,,,,,,,,,,,,,,,,,,,,,,,,,,,,,,,,,,,,,,
SWHC049-09 SEER Rated AC HP_SFm_1985/runs/CZ06/SFm&1&rDXHP&Ex&dxHP_equip/RE-dxHP_eq-pkgSEER-15.2-SEER2-7.7-HSPF2/instance-out.sql,CZ06,SFm,1,rDXHP,Ex,dxHP_equip,,RE-dxHP_eq-pkgSEER-15.2-SEER2-7.7-HSPF2,SFm&1&rDXHP&Ex&dxHP_equip,RE-dxHP_eq-pkgSEER-15.2-SEER2-7.7-HSPF2,,,,,,,,,,,,,,,,,,,,,,,,,,,,,,,,,,,,,,,
SWHC049-09 SEER Rated AC HP_SFm_1985/runs/CZ06/SFm&1&rDXHP&Ex&dxHP_equip/RE-dxHP_eq-pkgSEER-16.0-SEER2-8.0-HSPF2/instance-out.sql,CZ06,SFm,1,rDXHP,Ex,dxHP_equip,,RE-dxHP_eq-pkgSEER-16.0-SEER2-8.0-HSPF2,SFm&1&rDXHP&Ex&dxHP_equip,RE-dxHP_eq-pkgSEER-16.0-SEER2-8.0-HSPF2,,,,,,,,,,,,,,,,,,,,,,,,,,,,,,,,,,,,,,,
SWHC049-09 SEER Rated AC HP_SFm_1985/runs/CZ06/SFm&1&rDXHP&Ex&dxHP_equip/RE-dxHP_eq-pkgSEER-17.8-SEER2-8.1-HSPF2/instance-out.sql,CZ06,SFm,1,rDXHP,Ex,dxHP_equip,,RE-dxHP_eq-pkgSEER-17.8-SEER2-8.1-HSPF2,SFm&1&rDXHP&Ex&dxHP_equip,RE-dxHP_eq-pkgSEER-17.8-SEER2-8.1-HSPF2,,,,,,,,,,,,,,,,,,,,,,,,,,,,,,,,,,,,,,,
SWHC049-09 SEER Rated AC HP_SFm_1985/runs/CZ06/SFm&1&rDXHP&Ex&dxHP_equip/RE-dxHP_eq-pkgSEER-18.7-SEER2-8.5-HSPF2/instance-out.sql,CZ06,SFm,1,rDXHP,Ex,dxHP_equip,,RE-dxHP_eq-pkgSEER-18.7-SEER2-8.5-HSPF2,SFm&1&rDXHP&Ex&dxHP_equip,RE-dxHP_eq-pkgSEER-18.7-SEER2-8.5-HSPF2,,,,,,,,,,,,,,,,,,,,,,,,,,,,,,,,,,,,,,,
SWHC049-09 SEER Rated AC HP_SFm_1985/runs/CZ06/SFm&1&rDXHP&Ex&dxHP_equip/RE-dxHP_eq-pkgSEER-19.6-SEER2-8.9-HSPF2/instance-out.sql,CZ06,SFm,1,rDXHP,Ex,dxHP_equip,,RE-dxHP_eq-pkgSEER-19.6-SEER2-8.9-HSPF2,SFm&1&rDXHP&Ex&dxHP_equip,RE-dxHP_eq-pkgSEER-19.6-SEER2-8.9-HSPF2,,,,,,,,,,,,,,,,,,,,,,,,,,,,,,,,,,,,,,,
SWHC049-09 SEER Rated AC HP_SFm_1985/runs/CZ05/SFm&2&rDXHP&Ex&dxHP_equip/RE-dxAC_eq-pkgSEER-12.5-SEER2/instance-out.sql,CZ05,SFm,2,rDXHP,Ex,dxHP_equip,,RE-dxAC_eq-pkgSEER-12.5-SEER2,SFm&2&rDXHP&Ex&dxHP_equip,RE-dxAC_eq-pkgSEER-12.5-SEER2,,,,,,,,,,,,,,,,,,,,,,,,,,,,,,,,,,,,,,,
SWHC049-09 SEER Rated AC HP_SFm_1985/runs/CZ05/SFm&2&rDXHP&Ex&dxHP_equip/RE-dxAC_eq-pkgSEER-13.8-SEER2/instance-out.sql,CZ05,SFm,2,rDXHP,Ex,dxHP_equip,,RE-dxAC_eq-pkgSEER-13.8-SEER2,SFm&2&rDXHP&Ex&dxHP_equip,RE-dxAC_eq-pkgSEER-13.8-SEER2,,,,,,,,,,,,,,,,,,,,,,,,,,,,,,,,,,,,,,,
SWHC049-09 SEER Rated AC HP_SFm_1985/runs/CZ05/SFm&2&rDXHP&Ex&dxHP_equip/RE-dxAC_eq-pkgSEER-14.3-SEER2/instance-out.sql,CZ05,SFm,2,rDXHP,Ex,dxHP_equip,,RE-dxAC_eq-pkgSEER-14.3-SEER2,SFm&2&rDXHP&Ex&dxHP_equip,RE-dxAC_eq-pkgSEER-14.3-SEER2,,,,,,,,,,,,,,,,,,,,,,,,,,,,,,,,,,,,,,,
SWHC049-09 SEER Rated AC HP_SFm_1985/runs/CZ05/SFm&2&rDXHP&Ex&dxHP_equip/RE-dxAC_eq-pkgSEER-15.2-SEER2/instance-out.sql,CZ05,SFm,2,rDXHP,Ex,dxHP_equip,,RE-dxAC_eq-pkgSEER-15.2-SEER2,SFm&2&rDXHP&Ex&dxHP_equip,RE-dxAC_eq-pkgSEER-15.2-SEER2,,,,,,,,,,,,,,,,,,,,,,,,,,,,,,,,,,,,,,,
SWHC049-09 SEER Rated AC HP_SFm_1985/runs/CZ05/SFm&2&rDXHP&Ex&dxHP_equip/RE-dxAC_eq-pkgSEER-16.9-SEER2/instance-out.sql,CZ05,SFm,2,rDXHP,Ex,dxHP_equip,,RE-dxAC_eq-pkgSEER-16.9-SEER2,SFm&2&rDXHP&Ex&dxHP_equip,RE-dxAC_eq-pkgSEER-16.9-SEER2,,,,,,,,,,,,,,,,,,,,,,,,,,,,,,,,,,,,,,,
SWHC049-09 SEER Rated AC HP_SFm_1985/runs/CZ05/SFm&2&rDXHP&Ex&dxHP_equip/RE-dxAC_eq-pkgSEER-17.8-SEER2/instance-out.sql,CZ05,SFm,2,rDXHP,Ex,dxHP_equip,,RE-dxAC_eq-pkgSEER-17.8-SEER2,SFm&2&rDXHP&Ex&dxHP_equip,RE-dxAC_eq-pkgSEER-17.8-SEER2,,,,,,,,,,,,,,,,,,,,,,,,,,,,,,,,,,,,,,,
SWHC049-09 SEER Rated AC HP_SFm_1985/runs/CZ05/SFm&2&rDXHP&Ex&dxHP_equip/RE-dxAC_eq-pkgSEER-18.7-SEER2/instance-out.sql,CZ05,SFm,2,rDXHP,Ex,dxHP_equip,,RE-dxAC_eq-pkgSEER-18.7-SEER2,SFm&2&rDXHP&Ex&dxHP_equip,RE-dxAC_eq-pkgSEER-18.7-SEER2,,,,,,,,,,,,,,,,,,,,,,,,,,,,,,,,,,,,,,,
SWHC049-09 SEER Rated AC HP_SFm_1985/runs/CZ05/SFm&2&rDXHP&Ex&dxHP_equip/RE-dxAC_eq-pkgSEER-19.6-SEER2/instance-out.sql,CZ05,SFm,2,rDXHP,Ex,dxHP_equip,,RE-dxAC_eq-pkgSEER-19.6-SEER2,SFm&2&rDXHP&Ex&dxHP_equip,RE-dxAC_eq-pkgSEER-19.6-SEER2,,,,,,,,,,,,,,,,,,,,,,,,,,,,,,,,,,,,,,,
SWHC049-09 SEER Rated AC HP_SFm_1985/runs/CZ05/SFm&2&rDXHP&Ex&dxHP_equip/RE-dxHP_eq-pkgSEER-12.5-SEER2-6.4-HSPF2/instance-out.sql,CZ05,SFm,2,rDXHP,Ex,dxHP_equip,,RE-dxHP_eq-pkgSEER-12.5-SEER2-6.4-HSPF2,SFm&2&rDXHP&Ex&dxHP_equip,RE-dxHP_eq-pkgSEER-12.5-SEER2-6.4-HSPF2,,,,,,,,,,,,,,,,,,,,,,,,,,,,,,,,,,,,,,,
SWHC049-09 SEER Rated AC HP_SFm_1985/runs/CZ05/SFm&2&rDXHP&Ex&dxHP_equip/RE-dxHP_eq-pkgSEER-14.3-SEER2-7.5-HSPF2/instance-out.sql,CZ05,SFm,2,rDXHP,Ex,dxHP_equip,,RE-dxHP_eq-pkgSEER-14.3-SEER2-7.5-HSPF2,SFm&2&rDXHP&Ex&dxHP_equip,RE-dxHP_eq-pkgSEER-14.3-SEER2-7.5-HSPF2,,,,,,,,,,,,,,,,,,,,,,,,,,,,,,,,,,,,,,,
SWHC049-09 SEER Rated AC HP_SFm_1985/runs/CZ05/SFm&2&rDXHP&Ex&dxHP_equip/RE-dxHP_eq-pkgSEER-15.2-SEER2-7.7-HSPF2/instance-out.sql,CZ05,SFm,2,rDXHP,Ex,dxHP_equip,,RE-dxHP_eq-pkgSEER-15.2-SEER2-7.7-HSPF2,SFm&2&rDXHP&Ex&dxHP_equip,RE-dxHP_eq-pkgSEER-15.2-SEER2-7.7-HSPF2,,,,,,,,,,,,,,,,,,,,,,,,,,,,,,,,,,,,,,,
SWHC049-09 SEER Rated AC HP_SFm_1985/runs/CZ05/SFm&2&rDXHP&Ex&dxHP_equip/RE-dxHP_eq-pkgSEER-16.0-SEER2-8.0-HSPF2/instance-out.sql,CZ05,SFm,2,rDXHP,Ex,dxHP_equip,,RE-dxHP_eq-pkgSEER-16.0-SEER2-8.0-HSPF2,SFm&2&rDXHP&Ex&dxHP_equip,RE-dxHP_eq-pkgSEER-16.0-SEER2-8.0-HSPF2,,,,,,,,,,,,,,,,,,,,,,,,,,,,,,,,,,,,,,,
SWHC049-09 SEER Rated AC HP_SFm_1985/runs/CZ05/SFm&2&rDXHP&Ex&dxHP_equip/RE-dxHP_eq-pkgSEER-17.8-SEER2-8.1-HSPF2/instance-out.sql,CZ05,SFm,2,rDXHP,Ex,dxHP_equip,,RE-dxHP_eq-pkgSEER-17.8-SEER2-8.1-HSPF2,SFm&2&rDXHP&Ex&dxHP_equip,RE-dxHP_eq-pkgSEER-17.8-SEER2-8.1-HSPF2,,,,,,,,,,,,,,,,,,,,,,,,,,,,,,,,,,,,,,,
SWHC049-09 SEER Rated AC HP_SFm_1985/runs/CZ05/SFm&2&rDXHP&Ex&dxHP_equip/RE-dxHP_eq-pkgSEER-18.7-SEER2-8.5-HSPF2/instance-out.sql,CZ05,SFm,2,rDXHP,Ex,dxHP_equip,,RE-dxHP_eq-pkgSEER-18.7-SEER2-8.5-HSPF2,SFm&2&rDXHP&Ex&dxHP_equip,RE-dxHP_eq-pkgSEER-18.7-SEER2-8.5-HSPF2,,,,,,,,,,,,,,,,,,,,,,,,,,,,,,,,,,,,,,,
SWHC049-09 SEER Rated AC HP_SFm_1985/runs/CZ05/SFm&2&rDXHP&Ex&dxHP_equip/RE-dxHP_eq-pkgSEER-19.6-SEER2-8.9-HSPF2/instance-out.sql,CZ05,SFm,2,rDXHP,Ex,dxHP_equip,,RE-dxHP_eq-pkgSEER-19.6-SEER2-8.9-HSPF2,SFm&2&rDXHP&Ex&dxHP_equip,RE-dxHP_eq-pkgSEER-19.6-SEER2-8.9-HSPF2,,,,,,,,,,,,,,,,,,,,,,,,,,,,,,,,,,,,,,,
SWHC049-09 SEER Rated AC HP_SFm_1985/runs/CZ05/SFm&1&rDXHP&Ex&dxHP_equip/RE-dxAC_eq-pkgSEER-12.5-SEER2/instance-out.sql,CZ05,SFm,1,rDXHP,Ex,dxHP_equip,,RE-dxAC_eq-pkgSEER-12.5-SEER2,SFm&1&rDXHP&Ex&dxHP_equip,RE-dxAC_eq-pkgSEER-12.5-SEER2,,,,,,,,,,,,,,,,,,,,,,,,,,,,,,,,,,,,,,,
SWHC049-09 SEER Rated AC HP_SFm_1985/runs/CZ05/SFm&1&rDXHP&Ex&dxHP_equip/RE-dxAC_eq-pkgSEER-13.8-SEER2/instance-out.sql,CZ05,SFm,1,rDXHP,Ex,dxHP_equip,,RE-dxAC_eq-pkgSEER-13.8-SEER2,SFm&1&rDXHP&Ex&dxHP_equip,RE-dxAC_eq-pkgSEER-13.8-SEER2,,,,,,,,,,,,,,,,,,,,,,,,,,,,,,,,,,,,,,,
SWHC049-09 SEER Rated AC HP_SFm_1985/runs/CZ05/SFm&1&rDXHP&Ex&dxHP_equip/RE-dxAC_eq-pkgSEER-14.3-SEER2/instance-out.sql,CZ05,SFm,1,rDXHP,Ex,dxHP_equip,,RE-dxAC_eq-pkgSEER-14.3-SEER2,SFm&1&rDXHP&Ex&dxHP_equip,RE-dxAC_eq-pkgSEER-14.3-SEER2,,,,,,,,,,,,,,,,,,,,,,,,,,,,,,,,,,,,,,,
SWHC049-09 SEER Rated AC HP_SFm_1985/runs/CZ05/SFm&1&rDXHP&Ex&dxHP_equip/RE-dxAC_eq-pkgSEER-15.2-SEER2/instance-out.sql,CZ05,SFm,1,rDXHP,Ex,dxHP_equip,,RE-dxAC_eq-pkgSEER-15.2-SEER2,SFm&1&rDXHP&Ex&dxHP_equip,RE-dxAC_eq-pkgSEER-15.2-SEER2,,,,,,,,,,,,,,,,,,,,,,,,,,,,,,,,,,,,,,,
SWHC049-09 SEER Rated AC HP_SFm_1985/runs/CZ05/SFm&1&rDXHP&Ex&dxHP_equip/RE-dxAC_eq-pkgSEER-16.9-SEER2/instance-out.sql,CZ05,SFm,1,rDXHP,Ex,dxHP_equip,,RE-dxAC_eq-pkgSEER-16.9-SEER2,SFm&1&rDXHP&Ex&dxHP_equip,RE-dxAC_eq-pkgSEER-16.9-SEER2,,,,,,,,,,,,,,,,,,,,,,,,,,,,,,,,,,,,,,,
SWHC049-09 SEER Rated AC HP_SFm_1985/runs/CZ05/SFm&1&rDXHP&Ex&dxHP_equip/RE-dxAC_eq-pkgSEER-17.8-SEER2/instance-out.sql,CZ05,SFm,1,rDXHP,Ex,dxHP_equip,,RE-dxAC_eq-pkgSEER-17.8-SEER2,SFm&1&rDXHP&Ex&dxHP_equip,RE-dxAC_eq-pkgSEER-17.8-SEER2,,,,,,,,,,,,,,,,,,,,,,,,,,,,,,,,,,,,,,,
SWHC049-09 SEER Rated AC HP_SFm_1985/runs/CZ05/SFm&1&rDXHP&Ex&dxHP_equip/RE-dxAC_eq-pkgSEER-18.7-SEER2/instance-out.sql,CZ05,SFm,1,rDXHP,Ex,dxHP_equip,,RE-dxAC_eq-pkgSEER-18.7-SEER2,SFm&1&rDXHP&Ex&dxHP_equip,RE-dxAC_eq-pkgSEER-18.7-SEER2,,,,,,,,,,,,,,,,,,,,,,,,,,,,,,,,,,,,,,,
SWHC049-09 SEER Rated AC HP_SFm_1985/runs/CZ05/SFm&1&rDXHP&Ex&dxHP_equip/RE-dxAC_eq-pkgSEER-19.6-SEER2/instance-out.sql,CZ05,SFm,1,rDXHP,Ex,dxHP_equip,,RE-dxAC_eq-pkgSEER-19.6-SEER2,SFm&1&rDXHP&Ex&dxHP_equip,RE-dxAC_eq-pkgSEER-19.6-SEER2,,,,,,,,,,,,,,,,,,,,,,,,,,,,,,,,,,,,,,,
SWHC049-09 SEER Rated AC HP_SFm_1985/runs/CZ05/SFm&1&rDXHP&Ex&dxHP_equip/RE-dxHP_eq-pkgSEER-12.5-SEER2-6.4-HSPF2/instance-out.sql,CZ05,SFm,1,rDXHP,Ex,dxHP_equip,,RE-dxHP_eq-pkgSEER-12.5-SEER2-6.4-HSPF2,SFm&1&rDXHP&Ex&dxHP_equip,RE-dxHP_eq-pkgSEER-12.5-SEER2-6.4-HSPF2,,,,,,,,,,,,,,,,,,,,,,,,,,,,,,,,,,,,,,,
SWHC049-09 SEER Rated AC HP_SFm_1985/runs/CZ05/SFm&1&rDXHP&Ex&dxHP_equip/RE-dxHP_eq-pkgSEER-14.3-SEER2-7.5-HSPF2/instance-out.sql,CZ05,SFm,1,rDXHP,Ex,dxHP_equip,,RE-dxHP_eq-pkgSEER-14.3-SEER2-7.5-HSPF2,SFm&1&rDXHP&Ex&dxHP_equip,RE-dxHP_eq-pkgSEER-14.3-SEER2-7.5-HSPF2,,,,,,,,,,,,,,,,,,,,,,,,,,,,,,,,,,,,,,,
SWHC049-09 SEER Rated AC HP_SFm_1985/runs/CZ05/SFm&1&rDXHP&Ex&dxHP_equip/RE-dxHP_eq-pkgSEER-15.2-SEER2-7.7-HSPF2/instance-out.sql,CZ05,SFm,1,rDXHP,Ex,dxHP_equip,,RE-dxHP_eq-pkgSEER-15.2-SEER2-7.7-HSPF2,SFm&1&rDXHP&Ex&dxHP_equip,RE-dxHP_eq-pkgSEER-15.2-SEER2-7.7-HSPF2,,,,,,,,,,,,,,,,,,,,,,,,,,,,,,,,,,,,,,,
SWHC049-09 SEER Rated AC HP_SFm_1985/runs/CZ05/SFm&1&rDXHP&Ex&dxHP_equip/RE-dxHP_eq-pkgSEER-16.0-SEER2-8.0-HSPF2/instance-out.sql,CZ05,SFm,1,rDXHP,Ex,dxHP_equip,,RE-dxHP_eq-pkgSEER-16.0-SEER2-8.0-HSPF2,SFm&1&rDXHP&Ex&dxHP_equip,RE-dxHP_eq-pkgSEER-16.0-SEER2-8.0-HSPF2,,,,,,,,,,,,,,,,,,,,,,,,,,,,,,,,,,,,,,,
SWHC049-09 SEER Rated AC HP_SFm_1985/runs/CZ05/SFm&1&rDXHP&Ex&dxHP_equip/RE-dxHP_eq-pkgSEER-17.8-SEER2-8.1-HSPF2/instance-out.sql,CZ05,SFm,1,rDXHP,Ex,dxHP_equip,,RE-dxHP_eq-pkgSEER-17.8-SEER2-8.1-HSPF2,SFm&1&rDXHP&Ex&dxHP_equip,RE-dxHP_eq-pkgSEER-17.8-SEER2-8.1-HSPF2,,,,,,,,,,,,,,,,,,,,,,,,,,,,,,,,,,,,,,,
SWHC049-09 SEER Rated AC HP_SFm_1985/runs/CZ05/SFm&1&rDXHP&Ex&dxHP_equip/RE-dxHP_eq-pkgSEER-18.7-SEER2-8.5-HSPF2/instance-out.sql,CZ05,SFm,1,rDXHP,Ex,dxHP_equip,,RE-dxHP_eq-pkgSEER-18.7-SEER2-8.5-HSPF2,SFm&1&rDXHP&Ex&dxHP_equip,RE-dxHP_eq-pkgSEER-18.7-SEER2-8.5-HSPF2,,,,,,,,,,,,,,,,,,,,,,,,,,,,,,,,,,,,,,,
SWHC049-09 SEER Rated AC HP_SFm_1985/runs/CZ05/SFm&1&rDXHP&Ex&dxHP_equip/RE-dxHP_eq-pkgSEER-19.6-SEER2-8.9-HSPF2/instance-out.sql,CZ05,SFm,1,rDXHP,Ex,dxHP_equip,,RE-dxHP_eq-pkgSEER-19.6-SEER2-8.9-HSPF2,SFm&1&rDXHP&Ex&dxHP_equip,RE-dxHP_eq-pkgSEER-19.6-SEER2-8.9-HSPF2,,,,,,,,,,,,,,,,,,,,,,,,,,,,,,,,,,,,,,,
SWHC049-09 SEER Rated AC HP_SFm_1985/runs/CZ04/SFm&2&rDXHP&Ex&dxHP_equip/RE-dxAC_eq-pkgSEER-12.5-SEER2/instance-out.sql,CZ04,SFm,2,rDXHP,Ex,dxHP_equip,,RE-dxAC_eq-pkgSEER-12.5-SEER2,SFm&2&rDXHP&Ex&dxHP_equip,RE-dxAC_eq-pkgSEER-12.5-SEER2,,,,,,,,,,,,,,,,,,,,,,,,,,,,,,,,,,,,,,,
SWHC049-09 SEER Rated AC HP_SFm_1985/runs/CZ04/SFm&2&rDXHP&Ex&dxHP_equip/RE-dxAC_eq-pkgSEER-13.8-SEER2/instance-out.sql,CZ04,SFm,2,rDXHP,Ex,dxHP_equip,,RE-dxAC_eq-pkgSEER-13.8-SEER2,SFm&2&rDXHP&Ex&dxHP_equip,RE-dxAC_eq-pkgSEER-13.8-SEER2,,,,,,,,,,,,,,,,,,,,,,,,,,,,,,,,,,,,,,,
SWHC049-09 SEER Rated AC HP_SFm_1985/runs/CZ04/SFm&2&rDXHP&Ex&dxHP_equip/RE-dxAC_eq-pkgSEER-14.3-SEER2/instance-out.sql,CZ04,SFm,2,rDXHP,Ex,dxHP_equip,,RE-dxAC_eq-pkgSEER-14.3-SEER2,SFm&2&rDXHP&Ex&dxHP_equip,RE-dxAC_eq-pkgSEER-14.3-SEER2,,,,,,,,,,,,,,,,,,,,,,,,,,,,,,,,,,,,,,,
SWHC049-09 SEER Rated AC HP_SFm_1985/runs/CZ04/SFm&2&rDXHP&Ex&dxHP_equip/RE-dxAC_eq-pkgSEER-15.2-SEER2/instance-out.sql,CZ04,SFm,2,rDXHP,Ex,dxHP_equip,,RE-dxAC_eq-pkgSEER-15.2-SEER2,SFm&2&rDXHP&Ex&dxHP_equip,RE-dxAC_eq-pkgSEER-15.2-SEER2,,,,,,,,,,,,,,,,,,,,,,,,,,,,,,,,,,,,,,,
SWHC049-09 SEER Rated AC HP_SFm_1985/runs/CZ04/SFm&2&rDXHP&Ex&dxHP_equip/RE-dxAC_eq-pkgSEER-16.9-SEER2/instance-out.sql,CZ04,SFm,2,rDXHP,Ex,dxHP_equip,,RE-dxAC_eq-pkgSEER-16.9-SEER2,SFm&2&rDXHP&Ex&dxHP_equip,RE-dxAC_eq-pkgSEER-16.9-SEER2,,,,,,,,,,,,,,,,,,,,,,,,,,,,,,,,,,,,,,,
SWHC049-09 SEER Rated AC HP_SFm_1985/runs/CZ04/SFm&2&rDXHP&Ex&dxHP_equip/RE-dxAC_eq-pkgSEER-17.8-SEER2/instance-out.sql,CZ04,SFm,2,rDXHP,Ex,dxHP_equip,,RE-dxAC_eq-pkgSEER-17.8-SEER2,SFm&2&rDXHP&Ex&dxHP_equip,RE-dxAC_eq-pkgSEER-17.8-SEER2,,,,,,,,,,,,,,,,,,,,,,,,,,,,,,,,,,,,,,,
SWHC049-09 SEER Rated AC HP_SFm_1985/runs/CZ04/SFm&2&rDXHP&Ex&dxHP_equip/RE-dxAC_eq-pkgSEER-18.7-SEER2/instance-out.sql,CZ04,SFm,2,rDXHP,Ex,dxHP_equip,,RE-dxAC_eq-pkgSEER-18.7-SEER2,SFm&2&rDXHP&Ex&dxHP_equip,RE-dxAC_eq-pkgSEER-18.7-SEER2,,,,,,,,,,,,,,,,,,,,,,,,,,,,,,,,,,,,,,,
SWHC049-09 SEER Rated AC HP_SFm_1985/runs/CZ04/SFm&2&rDXHP&Ex&dxHP_equip/RE-dxAC_eq-pkgSEER-19.6-SEER2/instance-out.sql,CZ04,SFm,2,rDXHP,Ex,dxHP_equip,,RE-dxAC_eq-pkgSEER-19.6-SEER2,SFm&2&rDXHP&Ex&dxHP_equip,RE-dxAC_eq-pkgSEER-19.6-SEER2,,,,,,,,,,,,,,,,,,,,,,,,,,,,,,,,,,,,,,,
SWHC049-09 SEER Rated AC HP_SFm_1985/runs/CZ04/SFm&2&rDXHP&Ex&dxHP_equip/RE-dxHP_eq-pkgSEER-12.5-SEER2-6.4-HSPF2/instance-out.sql,CZ04,SFm,2,rDXHP,Ex,dxHP_equip,,RE-dxHP_eq-pkgSEER-12.5-SEER2-6.4-HSPF2,SFm&2&rDXHP&Ex&dxHP_equip,RE-dxHP_eq-pkgSEER-12.5-SEER2-6.4-HSPF2,,,,,,,,,,,,,,,,,,,,,,,,,,,,,,,,,,,,,,,
SWHC049-09 SEER Rated AC HP_SFm_1985/runs/CZ04/SFm&2&rDXHP&Ex&dxHP_equip/RE-dxHP_eq-pkgSEER-14.3-SEER2-7.5-HSPF2/instance-out.sql,CZ04,SFm,2,rDXHP,Ex,dxHP_equip,,RE-dxHP_eq-pkgSEER-14.3-SEER2-7.5-HSPF2,SFm&2&rDXHP&Ex&dxHP_equip,RE-dxHP_eq-pkgSEER-14.3-SEER2-7.5-HSPF2,,,,,,,,,,,,,,,,,,,,,,,,,,,,,,,,,,,,,,,
SWHC049-09 SEER Rated AC HP_SFm_1985/runs/CZ04/SFm&2&rDXHP&Ex&dxHP_equip/RE-dxHP_eq-pkgSEER-15.2-SEER2-7.7-HSPF2/instance-out.sql,CZ04,SFm,2,rDXHP,Ex,dxHP_equip,,RE-dxHP_eq-pkgSEER-15.2-SEER2-7.7-HSPF2,SFm&2&rDXHP&Ex&dxHP_equip,RE-dxHP_eq-pkgSEER-15.2-SEER2-7.7-HSPF2,,,,,,,,,,,,,,,,,,,,,,,,,,,,,,,,,,,,,,,
SWHC049-09 SEER Rated AC HP_SFm_1985/runs/CZ04/SFm&2&rDXHP&Ex&dxHP_equip/RE-dxHP_eq-pkgSEER-16.0-SEER2-8.0-HSPF2/instance-out.sql,CZ04,SFm,2,rDXHP,Ex,dxHP_equip,,RE-dxHP_eq-pkgSEER-16.0-SEER2-8.0-HSPF2,SFm&2&rDXHP&Ex&dxHP_equip,RE-dxHP_eq-pkgSEER-16.0-SEER2-8.0-HSPF2,,,,,,,,,,,,,,,,,,,,,,,,,,,,,,,,,,,,,,,
SWHC049-09 SEER Rated AC HP_SFm_1985/runs/CZ04/SFm&2&rDXHP&Ex&dxHP_equip/RE-dxHP_eq-pkgSEER-17.8-SEER2-8.1-HSPF2/instance-out.sql,CZ04,SFm,2,rDXHP,Ex,dxHP_equip,,RE-dxHP_eq-pkgSEER-17.8-SEER2-8.1-HSPF2,SFm&2&rDXHP&Ex&dxHP_equip,RE-dxHP_eq-pkgSEER-17.8-SEER2-8.1-HSPF2,,,,,,,,,,,,,,,,,,,,,,,,,,,,,,,,,,,,,,,
SWHC049-09 SEER Rated AC HP_SFm_1985/runs/CZ04/SFm&2&rDXHP&Ex&dxHP_equip/RE-dxHP_eq-pkgSEER-18.7-SEER2-8.5-HSPF2/instance-out.sql,CZ04,SFm,2,rDXHP,Ex,dxHP_equip,,RE-dxHP_eq-pkgSEER-18.7-SEER2-8.5-HSPF2,SFm&2&rDXHP&Ex&dxHP_equip,RE-dxHP_eq-pkgSEER-18.7-SEER2-8.5-HSPF2,,,,,,,,,,,,,,,,,,,,,,,,,,,,,,,,,,,,,,,
SWHC049-09 SEER Rated AC HP_SFm_1985/runs/CZ04/SFm&2&rDXHP&Ex&dxHP_equip/RE-dxHP_eq-pkgSEER-19.6-SEER2-8.9-HSPF2/instance-out.sql,CZ04,SFm,2,rDXHP,Ex,dxHP_equip,,RE-dxHP_eq-pkgSEER-19.6-SEER2-8.9-HSPF2,SFm&2&rDXHP&Ex&dxHP_equip,RE-dxHP_eq-pkgSEER-19.6-SEER2-8.9-HSPF2,,,,,,,,,,,,,,,,,,,,,,,,,,,,,,,,,,,,,,,
SWHC049-09 SEER Rated AC HP_SFm_1985/runs/CZ04/SFm&1&rDXHP&Ex&dxHP_equip/RE-dxAC_eq-pkgSEER-12.5-SEER2/instance-out.sql,CZ04,SFm,1,rDXHP,Ex,dxHP_equip,,RE-dxAC_eq-pkgSEER-12.5-SEER2,SFm&1&rDXHP&Ex&dxHP_equip,RE-dxAC_eq-pkgSEER-12.5-SEER2,,,,,,,,,,,,,,,,,,,,,,,,,,,,,,,,,,,,,,,
SWHC049-09 SEER Rated AC HP_SFm_1985/runs/CZ04/SFm&1&rDXHP&Ex&dxHP_equip/RE-dxAC_eq-pkgSEER-13.8-SEER2/instance-out.sql,CZ04,SFm,1,rDXHP,Ex,dxHP_equip,,RE-dxAC_eq-pkgSEER-13.8-SEER2,SFm&1&rDXHP&Ex&dxHP_equip,RE-dxAC_eq-pkgSEER-13.8-SEER2,,,,,,,,,,,,,,,,,,,,,,,,,,,,,,,,,,,,,,,
SWHC049-09 SEER Rated AC HP_SFm_1985/runs/CZ04/SFm&1&rDXHP&Ex&dxHP_equip/RE-dxAC_eq-pkgSEER-14.3-SEER2/instance-out.sql,CZ04,SFm,1,rDXHP,Ex,dxHP_equip,,RE-dxAC_eq-pkgSEER-14.3-SEER2,SFm&1&rDXHP&Ex&dxHP_equip,RE-dxAC_eq-pkgSEER-14.3-SEER2,,,,,,,,,,,,,,,,,,,,,,,,,,,,,,,,,,,,,,,
SWHC049-09 SEER Rated AC HP_SFm_1985/runs/CZ04/SFm&1&rDXHP&Ex&dxHP_equip/RE-dxAC_eq-pkgSEER-15.2-SEER2/instance-out.sql,CZ04,SFm,1,rDXHP,Ex,dxHP_equip,,RE-dxAC_eq-pkgSEER-15.2-SEER2,SFm&1&rDXHP&Ex&dxHP_equip,RE-dxAC_eq-pkgSEER-15.2-SEER2,,,,,,,,,,,,,,,,,,,,,,,,,,,,,,,,,,,,,,,
SWHC049-09 SEER Rated AC HP_SFm_1985/runs/CZ04/SFm&1&rDXHP&Ex&dxHP_equip/RE-dxAC_eq-pkgSEER-16.9-SEER2/instance-out.sql,CZ04,SFm,1,rDXHP,Ex,dxHP_equip,,RE-dxAC_eq-pkgSEER-16.9-SEER2,SFm&1&rDXHP&Ex&dxHP_equip,RE-dxAC_eq-pkgSEER-16.9-SEER2,,,,,,,,,,,,,,,,,,,,,,,,,,,,,,,,,,,,,,,
SWHC049-09 SEER Rated AC HP_SFm_1985/runs/CZ04/SFm&1&rDXHP&Ex&dxHP_equip/RE-dxAC_eq-pkgSEER-17.8-SEER2/instance-out.sql,CZ04,SFm,1,rDXHP,Ex,dxHP_equip,,RE-dxAC_eq-pkgSEER-17.8-SEER2,SFm&1&rDXHP&Ex&dxHP_equip,RE-dxAC_eq-pkgSEER-17.8-SEER2,,,,,,,,,,,,,,,,,,,,,,,,,,,,,,,,,,,,,,,
SWHC049-09 SEER Rated AC HP_SFm_1985/runs/CZ04/SFm&1&rDXHP&Ex&dxHP_equip/RE-dxAC_eq-pkgSEER-18.7-SEER2/instance-out.sql,CZ04,SFm,1,rDXHP,Ex,dxHP_equip,,RE-dxAC_eq-pkgSEER-18.7-SEER2,SFm&1&rDXHP&Ex&dxHP_equip,RE-dxAC_eq-pkgSEER-18.7-SEER2,,,,,,,,,,,,,,,,,,,,,,,,,,,,,,,,,,,,,,,
SWHC049-09 SEER Rated AC HP_SFm_1985/runs/CZ04/SFm&1&rDXHP&Ex&dxHP_equip/RE-dxAC_eq-pkgSEER-19.6-SEER2/instance-out.sql,CZ04,SFm,1,rDXHP,Ex,dxHP_equip,,RE-dxAC_eq-pkgSEER-19.6-SEER2,SFm&1&rDXHP&Ex&dxHP_equip,RE-dxAC_eq-pkgSEER-19.6-SEER2,,,,,,,,,,,,,,,,,,,,,,,,,,,,,,,,,,,,,,,
SWHC049-09 SEER Rated AC HP_SFm_1985/runs/CZ04/SFm&1&rDXHP&Ex&dxHP_equip/RE-dxHP_eq-pkgSEER-12.5-SEER2-6.4-HSPF2/instance-out.sql,CZ04,SFm,1,rDXHP,Ex,dxHP_equip,,RE-dxHP_eq-pkgSEER-12.5-SEER2-6.4-HSPF2,SFm&1&rDXHP&Ex&dxHP_equip,RE-dxHP_eq-pkgSEER-12.5-SEER2-6.4-HSPF2,,,,,,,,,,,,,,,,,,,,,,,,,,,,,,,,,,,,,,,
SWHC049-09 SEER Rated AC HP_SFm_1985/runs/CZ04/SFm&1&rDXHP&Ex&dxHP_equip/RE-dxHP_eq-pkgSEER-14.3-SEER2-7.5-HSPF2/instance-out.sql,CZ04,SFm,1,rDXHP,Ex,dxHP_equip,,RE-dxHP_eq-pkgSEER-14.3-SEER2-7.5-HSPF2,SFm&1&rDXHP&Ex&dxHP_equip,RE-dxHP_eq-pkgSEER-14.3-SEER2-7.5-HSPF2,,,,,,,,,,,,,,,,,,,,,,,,,,,,,,,,,,,,,,,
SWHC049-09 SEER Rated AC HP_SFm_1985/runs/CZ04/SFm&1&rDXHP&Ex&dxHP_equip/RE-dxHP_eq-pkgSEER-15.2-SEER2-7.7-HSPF2/instance-out.sql,CZ04,SFm,1,rDXHP,Ex,dxHP_equip,,RE-dxHP_eq-pkgSEER-15.2-SEER2-7.7-HSPF2,SFm&1&rDXHP&Ex&dxHP_equip,RE-dxHP_eq-pkgSEER-15.2-SEER2-7.7-HSPF2,,,,,,,,,,,,,,,,,,,,,,,,,,,,,,,,,,,,,,,
SWHC049-09 SEER Rated AC HP_SFm_1985/runs/CZ04/SFm&1&rDXHP&Ex&dxHP_equip/RE-dxHP_eq-pkgSEER-16.0-SEER2-8.0-HSPF2/instance-out.sql,CZ04,SFm,1,rDXHP,Ex,dxHP_equip,,RE-dxHP_eq-pkgSEER-16.0-SEER2-8.0-HSPF2,SFm&1&rDXHP&Ex&dxHP_equip,RE-dxHP_eq-pkgSEER-16.0-SEER2-8.0-HSPF2,,,,,,,,,,,,,,,,,,,,,,,,,,,,,,,,,,,,,,,
SWHC049-09 SEER Rated AC HP_SFm_1985/runs/CZ04/SFm&1&rDXHP&Ex&dxHP_equip/RE-dxHP_eq-pkgSEER-17.8-SEER2-8.1-HSPF2/instance-out.sql,CZ04,SFm,1,rDXHP,Ex,dxHP_equip,,RE-dxHP_eq-pkgSEER-17.8-SEER2-8.1-HSPF2,SFm&1&rDXHP&Ex&dxHP_equip,RE-dxHP_eq-pkgSEER-17.8-SEER2-8.1-HSPF2,,,,,,,,,,,,,,,,,,,,,,,,,,,,,,,,,,,,,,,
SWHC049-09 SEER Rated AC HP_SFm_1985/runs/CZ04/SFm&1&rDXHP&Ex&dxHP_equip/RE-dxHP_eq-pkgSEER-18.7-SEER2-8.5-HSPF2/instance-out.sql,CZ04,SFm,1,rDXHP,Ex,dxHP_equip,,RE-dxHP_eq-pkgSEER-18.7-SEER2-8.5-HSPF2,SFm&1&rDXHP&Ex&dxHP_equip,RE-dxHP_eq-pkgSEER-18.7-SEER2-8.5-HSPF2,,,,,,,,,,,,,,,,,,,,,,,,,,,,,,,,,,,,,,,
SWHC049-09 SEER Rated AC HP_SFm_1985/runs/CZ04/SFm&1&rDXHP&Ex&dxHP_equip/RE-dxHP_eq-pkgSEER-19.6-SEER2-8.9-HSPF2/instance-out.sql,CZ04,SFm,1,rDXHP,Ex,dxHP_equip,,RE-dxHP_eq-pkgSEER-19.6-SEER2-8.9-HSPF2,SFm&1&rDXHP&Ex&dxHP_equip,RE-dxHP_eq-pkgSEER-19.6-SEER2-8.9-HSPF2,,,,,,,,,,,,,,,,,,,,,,,,,,,,,,,,,,,,,,,
SWHC049-09 SEER Rated AC HP_SFm_1985/runs/CZ03/SFm&2&rDXHP&Ex&dxHP_equip/RE-dxAC_eq-pkgSEER-12.5-SEER2/instance-out.sql,CZ03,SFm,2,rDXHP,Ex,dxHP_equip,,RE-dxAC_eq-pkgSEER-12.5-SEER2,SFm&2&rDXHP&Ex&dxHP_equip,RE-dxAC_eq-pkgSEER-12.5-SEER2,,,,,,,,,,,,,,,,,,,,,,,,,,,,,,,,,,,,,,,
SWHC049-09 SEER Rated AC HP_SFm_1985/runs/CZ03/SFm&2&rDXHP&Ex&dxHP_equip/RE-dxAC_eq-pkgSEER-13.8-SEER2/instance-out.sql,CZ03,SFm,2,rDXHP,Ex,dxHP_equip,,RE-dxAC_eq-pkgSEER-13.8-SEER2,SFm&2&rDXHP&Ex&dxHP_equip,RE-dxAC_eq-pkgSEER-13.8-SEER2,,,,,,,,,,,,,,,,,,,,,,,,,,,,,,,,,,,,,,,
SWHC049-09 SEER Rated AC HP_SFm_1985/runs/CZ03/SFm&2&rDXHP&Ex&dxHP_equip/RE-dxAC_eq-pkgSEER-14.3-SEER2/instance-out.sql,CZ03,SFm,2,rDXHP,Ex,dxHP_equip,,RE-dxAC_eq-pkgSEER-14.3-SEER2,SFm&2&rDXHP&Ex&dxHP_equip,RE-dxAC_eq-pkgSEER-14.3-SEER2,,,,,,,,,,,,,,,,,,,,,,,,,,,,,,,,,,,,,,,
SWHC049-09 SEER Rated AC HP_SFm_1985/runs/CZ03/SFm&2&rDXHP&Ex&dxHP_equip/RE-dxAC_eq-pkgSEER-15.2-SEER2/instance-out.sql,CZ03,SFm,2,rDXHP,Ex,dxHP_equip,,RE-dxAC_eq-pkgSEER-15.2-SEER2,SFm&2&rDXHP&Ex&dxHP_equip,RE-dxAC_eq-pkgSEER-15.2-SEER2,,,,,,,,,,,,,,,,,,,,,,,,,,,,,,,,,,,,,,,
SWHC049-09 SEER Rated AC HP_SFm_1985/runs/CZ03/SFm&2&rDXHP&Ex&dxHP_equip/RE-dxAC_eq-pkgSEER-16.9-SEER2/instance-out.sql,CZ03,SFm,2,rDXHP,Ex,dxHP_equip,,RE-dxAC_eq-pkgSEER-16.9-SEER2,SFm&2&rDXHP&Ex&dxHP_equip,RE-dxAC_eq-pkgSEER-16.9-SEER2,,,,,,,,,,,,,,,,,,,,,,,,,,,,,,,,,,,,,,,
SWHC049-09 SEER Rated AC HP_SFm_1985/runs/CZ03/SFm&2&rDXHP&Ex&dxHP_equip/RE-dxAC_eq-pkgSEER-17.8-SEER2/instance-out.sql,CZ03,SFm,2,rDXHP,Ex,dxHP_equip,,RE-dxAC_eq-pkgSEER-17.8-SEER2,SFm&2&rDXHP&Ex&dxHP_equip,RE-dxAC_eq-pkgSEER-17.8-SEER2,,,,,,,,,,,,,,,,,,,,,,,,,,,,,,,,,,,,,,,
SWHC049-09 SEER Rated AC HP_SFm_1985/runs/CZ03/SFm&2&rDXHP&Ex&dxHP_equip/RE-dxAC_eq-pkgSEER-18.7-SEER2/instance-out.sql,CZ03,SFm,2,rDXHP,Ex,dxHP_equip,,RE-dxAC_eq-pkgSEER-18.7-SEER2,SFm&2&rDXHP&Ex&dxHP_equip,RE-dxAC_eq-pkgSEER-18.7-SEER2,,,,,,,,,,,,,,,,,,,,,,,,,,,,,,,,,,,,,,,
SWHC049-09 SEER Rated AC HP_SFm_1985/runs/CZ03/SFm&2&rDXHP&Ex&dxHP_equip/RE-dxAC_eq-pkgSEER-19.6-SEER2/instance-out.sql,CZ03,SFm,2,rDXHP,Ex,dxHP_equip,,RE-dxAC_eq-pkgSEER-19.6-SEER2,SFm&2&rDXHP&Ex&dxHP_equip,RE-dxAC_eq-pkgSEER-19.6-SEER2,,,,,,,,,,,,,,,,,,,,,,,,,,,,,,,,,,,,,,,
SWHC049-09 SEER Rated AC HP_SFm_1985/runs/CZ03/SFm&2&rDXHP&Ex&dxHP_equip/RE-dxHP_eq-pkgSEER-12.5-SEER2-6.4-HSPF2/instance-out.sql,CZ03,SFm,2,rDXHP,Ex,dxHP_equip,,RE-dxHP_eq-pkgSEER-12.5-SEER2-6.4-HSPF2,SFm&2&rDXHP&Ex&dxHP_equip,RE-dxHP_eq-pkgSEER-12.5-SEER2-6.4-HSPF2,,,,,,,,,,,,,,,,,,,,,,,,,,,,,,,,,,,,,,,
SWHC049-09 SEER Rated AC HP_SFm_1985/runs/CZ03/SFm&2&rDXHP&Ex&dxHP_equip/RE-dxHP_eq-pkgSEER-14.3-SEER2-7.5-HSPF2/instance-out.sql,CZ03,SFm,2,rDXHP,Ex,dxHP_equip,,RE-dxHP_eq-pkgSEER-14.3-SEER2-7.5-HSPF2,SFm&2&rDXHP&Ex&dxHP_equip,RE-dxHP_eq-pkgSEER-14.3-SEER2-7.5-HSPF2,,,,,,,,,,,,,,,,,,,,,,,,,,,,,,,,,,,,,,,
SWHC049-09 SEER Rated AC HP_SFm_1985/runs/CZ03/SFm&2&rDXHP&Ex&dxHP_equip/RE-dxHP_eq-pkgSEER-15.2-SEER2-7.7-HSPF2/instance-out.sql,CZ03,SFm,2,rDXHP,Ex,dxHP_equip,,RE-dxHP_eq-pkgSEER-15.2-SEER2-7.7-HSPF2,SFm&2&rDXHP&Ex&dxHP_equip,RE-dxHP_eq-pkgSEER-15.2-SEER2-7.7-HSPF2,,,,,,,,,,,,,,,,,,,,,,,,,,,,,,,,,,,,,,,
SWHC049-09 SEER Rated AC HP_SFm_1985/runs/CZ03/SFm&2&rDXHP&Ex&dxHP_equip/RE-dxHP_eq-pkgSEER-16.0-SEER2-8.0-HSPF2/instance-out.sql,CZ03,SFm,2,rDXHP,Ex,dxHP_equip,,RE-dxHP_eq-pkgSEER-16.0-SEER2-8.0-HSPF2,SFm&2&rDXHP&Ex&dxHP_equip,RE-dxHP_eq-pkgSEER-16.0-SEER2-8.0-HSPF2,,,,,,,,,,,,,,,,,,,,,,,,,,,,,,,,,,,,,,,
SWHC049-09 SEER Rated AC HP_SFm_1985/runs/CZ03/SFm&2&rDXHP&Ex&dxHP_equip/RE-dxHP_eq-pkgSEER-17.8-SEER2-8.1-HSPF2/instance-out.sql,CZ03,SFm,2,rDXHP,Ex,dxHP_equip,,RE-dxHP_eq-pkgSEER-17.8-SEER2-8.1-HSPF2,SFm&2&rDXHP&Ex&dxHP_equip,RE-dxHP_eq-pkgSEER-17.8-SEER2-8.1-HSPF2,,,,,,,,,,,,,,,,,,,,,,,,,,,,,,,,,,,,,,,
SWHC049-09 SEER Rated AC HP_SFm_1985/runs/CZ03/SFm&2&rDXHP&Ex&dxHP_equip/RE-dxHP_eq-pkgSEER-18.7-SEER2-8.5-HSPF2/instance-out.sql,CZ03,SFm,2,rDXHP,Ex,dxHP_equip,,RE-dxHP_eq-pkgSEER-18.7-SEER2-8.5-HSPF2,SFm&2&rDXHP&Ex&dxHP_equip,RE-dxHP_eq-pkgSEER-18.7-SEER2-8.5-HSPF2,,,,,,,,,,,,,,,,,,,,,,,,,,,,,,,,,,,,,,,
SWHC049-09 SEER Rated AC HP_SFm_1985/runs/CZ03/SFm&2&rDXHP&Ex&dxHP_equip/RE-dxHP_eq-pkgSEER-19.6-SEER2-8.9-HSPF2/instance-out.sql,CZ03,SFm,2,rDXHP,Ex,dxHP_equip,,RE-dxHP_eq-pkgSEER-19.6-SEER2-8.9-HSPF2,SFm&2&rDXHP&Ex&dxHP_equip,RE-dxHP_eq-pkgSEER-19.6-SEER2-8.9-HSPF2,,,,,,,,,,,,,,,,,,,,,,,,,,,,,,,,,,,,,,,
SWHC049-09 SEER Rated AC HP_SFm_1985/runs/CZ03/SFm&1&rDXHP&Ex&dxHP_equip/RE-dxAC_eq-pkgSEER-12.5-SEER2/instance-out.sql,CZ03,SFm,1,rDXHP,Ex,dxHP_equip,,RE-dxAC_eq-pkgSEER-12.5-SEER2,SFm&1&rDXHP&Ex&dxHP_equip,RE-dxAC_eq-pkgSEER-12.5-SEER2,,,,,,,,,,,,,,,,,,,,,,,,,,,,,,,,,,,,,,,
SWHC049-09 SEER Rated AC HP_SFm_1985/runs/CZ03/SFm&1&rDXHP&Ex&dxHP_equip/RE-dxAC_eq-pkgSEER-13.8-SEER2/instance-out.sql,CZ03,SFm,1,rDXHP,Ex,dxHP_equip,,RE-dxAC_eq-pkgSEER-13.8-SEER2,SFm&1&rDXHP&Ex&dxHP_equip,RE-dxAC_eq-pkgSEER-13.8-SEER2,,,,,,,,,,,,,,,,,,,,,,,,,,,,,,,,,,,,,,,
SWHC049-09 SEER Rated AC HP_SFm_1985/runs/CZ03/SFm&1&rDXHP&Ex&dxHP_equip/RE-dxAC_eq-pkgSEER-14.3-SEER2/instance-out.sql,CZ03,SFm,1,rDXHP,Ex,dxHP_equip,,RE-dxAC_eq-pkgSEER-14.3-SEER2,SFm&1&rDXHP&Ex&dxHP_equip,RE-dxAC_eq-pkgSEER-14.3-SEER2,,,,,,,,,,,,,,,,,,,,,,,,,,,,,,,,,,,,,,,
SWHC049-09 SEER Rated AC HP_SFm_1985/runs/CZ03/SFm&1&rDXHP&Ex&dxHP_equip/RE-dxAC_eq-pkgSEER-15.2-SEER2/instance-out.sql,CZ03,SFm,1,rDXHP,Ex,dxHP_equip,,RE-dxAC_eq-pkgSEER-15.2-SEER2,SFm&1&rDXHP&Ex&dxHP_equip,RE-dxAC_eq-pkgSEER-15.2-SEER2,,,,,,,,,,,,,,,,,,,,,,,,,,,,,,,,,,,,,,,
SWHC049-09 SEER Rated AC HP_SFm_1985/runs/CZ03/SFm&1&rDXHP&Ex&dxHP_equip/RE-dxAC_eq-pkgSEER-16.9-SEER2/instance-out.sql,CZ03,SFm,1,rDXHP,Ex,dxHP_equip,,RE-dxAC_eq-pkgSEER-16.9-SEER2,SFm&1&rDXHP&Ex&dxHP_equip,RE-dxAC_eq-pkgSEER-16.9-SEER2,,,,,,,,,,,,,,,,,,,,,,,,,,,,,,,,,,,,,,,
SWHC049-09 SEER Rated AC HP_SFm_1985/runs/CZ03/SFm&1&rDXHP&Ex&dxHP_equip/RE-dxAC_eq-pkgSEER-17.8-SEER2/instance-out.sql,CZ03,SFm,1,rDXHP,Ex,dxHP_equip,,RE-dxAC_eq-pkgSEER-17.8-SEER2,SFm&1&rDXHP&Ex&dxHP_equip,RE-dxAC_eq-pkgSEER-17.8-SEER2,,,,,,,,,,,,,,,,,,,,,,,,,,,,,,,,,,,,,,,
SWHC049-09 SEER Rated AC HP_SFm_1985/runs/CZ03/SFm&1&rDXHP&Ex&dxHP_equip/RE-dxAC_eq-pkgSEER-18.7-SEER2/instance-out.sql,CZ03,SFm,1,rDXHP,Ex,dxHP_equip,,RE-dxAC_eq-pkgSEER-18.7-SEER2,SFm&1&rDXHP&Ex&dxHP_equip,RE-dxAC_eq-pkgSEER-18.7-SEER2,,,,,,,,,,,,,,,,,,,,,,,,,,,,,,,,,,,,,,,
SWHC049-09 SEER Rated AC HP_SFm_1985/runs/CZ03/SFm&1&rDXHP&Ex&dxHP_equip/RE-dxAC_eq-pkgSEER-19.6-SEER2/instance-out.sql,CZ03,SFm,1,rDXHP,Ex,dxHP_equip,,RE-dxAC_eq-pkgSEER-19.6-SEER2,SFm&1&rDXHP&Ex&dxHP_equip,RE-dxAC_eq-pkgSEER-19.6-SEER2,,,,,,,,,,,,,,,,,,,,,,,,,,,,,,,,,,,,,,,
SWHC049-09 SEER Rated AC HP_SFm_1985/runs/CZ03/SFm&1&rDXHP&Ex&dxHP_equip/RE-dxHP_eq-pkgSEER-12.5-SEER2-6.4-HSPF2/instance-out.sql,CZ03,SFm,1,rDXHP,Ex,dxHP_equip,,RE-dxHP_eq-pkgSEER-12.5-SEER2-6.4-HSPF2,SFm&1&rDXHP&Ex&dxHP_equip,RE-dxHP_eq-pkgSEER-12.5-SEER2-6.4-HSPF2,,,,,,,,,,,,,,,,,,,,,,,,,,,,,,,,,,,,,,,
SWHC049-09 SEER Rated AC HP_SFm_1985/runs/CZ03/SFm&1&rDXHP&Ex&dxHP_equip/RE-dxHP_eq-pkgSEER-14.3-SEER2-7.5-HSPF2/instance-out.sql,CZ03,SFm,1,rDXHP,Ex,dxHP_equip,,RE-dxHP_eq-pkgSEER-14.3-SEER2-7.5-HSPF2,SFm&1&rDXHP&Ex&dxHP_equip,RE-dxHP_eq-pkgSEER-14.3-SEER2-7.5-HSPF2,,,,,,,,,,,,,,,,,,,,,,,,,,,,,,,,,,,,,,,
SWHC049-09 SEER Rated AC HP_SFm_1985/runs/CZ03/SFm&1&rDXHP&Ex&dxHP_equip/RE-dxHP_eq-pkgSEER-15.2-SEER2-7.7-HSPF2/instance-out.sql,CZ03,SFm,1,rDXHP,Ex,dxHP_equip,,RE-dxHP_eq-pkgSEER-15.2-SEER2-7.7-HSPF2,SFm&1&rDXHP&Ex&dxHP_equip,RE-dxHP_eq-pkgSEER-15.2-SEER2-7.7-HSPF2,,,,,,,,,,,,,,,,,,,,,,,,,,,,,,,,,,,,,,,
SWHC049-09 SEER Rated AC HP_SFm_1985/runs/CZ03/SFm&1&rDXHP&Ex&dxHP_equip/RE-dxHP_eq-pkgSEER-16.0-SEER2-8.0-HSPF2/instance-out.sql,CZ03,SFm,1,rDXHP,Ex,dxHP_equip,,RE-dxHP_eq-pkgSEER-16.0-SEER2-8.0-HSPF2,SFm&1&rDXHP&Ex&dxHP_equip,RE-dxHP_eq-pkgSEER-16.0-SEER2-8.0-HSPF2,,,,,,,,,,,,,,,,,,,,,,,,,,,,,,,,,,,,,,,
SWHC049-09 SEER Rated AC HP_SFm_1985/runs/CZ03/SFm&1&rDXHP&Ex&dxHP_equip/RE-dxHP_eq-pkgSEER-17.8-SEER2-8.1-HSPF2/instance-out.sql,CZ03,SFm,1,rDXHP,Ex,dxHP_equip,,RE-dxHP_eq-pkgSEER-17.8-SEER2-8.1-HSPF2,SFm&1&rDXHP&Ex&dxHP_equip,RE-dxHP_eq-pkgSEER-17.8-SEER2-8.1-HSPF2,,,,,,,,,,,,,,,,,,,,,,,,,,,,,,,,,,,,,,,
SWHC049-09 SEER Rated AC HP_SFm_1985/runs/CZ03/SFm&1&rDXHP&Ex&dxHP_equip/RE-dxHP_eq-pkgSEER-18.7-SEER2-8.5-HSPF2/instance-out.sql,CZ03,SFm,1,rDXHP,Ex,dxHP_equip,,RE-dxHP_eq-pkgSEER-18.7-SEER2-8.5-HSPF2,SFm&1&rDXHP&Ex&dxHP_equip,RE-dxHP_eq-pkgSEER-18.7-SEER2-8.5-HSPF2,,,,,,,,,,,,,,,,,,,,,,,,,,,,,,,,,,,,,,,
SWHC049-09 SEER Rated AC HP_SFm_1985/runs/CZ03/SFm&1&rDXHP&Ex&dxHP_equip/RE-dxHP_eq-pkgSEER-19.6-SEER2-8.9-HSPF2/instance-out.sql,CZ03,SFm,1,rDXHP,Ex,dxHP_equip,,RE-dxHP_eq-pkgSEER-19.6-SEER2-8.9-HSPF2,SFm&1&rDXHP&Ex&dxHP_equip,RE-dxHP_eq-pkgSEER-19.6-SEER2-8.9-HSPF2,,,,,,,,,,,,,,,,,,,,,,,,,,,,,,,,,,,,,,,
SWHC049-09 SEER Rated AC HP_SFm_1985/runs/CZ02/SFm&2&rDXHP&Ex&dxHP_equip/RE-dxAC_eq-pkgSEER-12.5-SEER2/instance-out.sql,CZ02,SFm,2,rDXHP,Ex,dxHP_equip,,RE-dxAC_eq-pkgSEER-12.5-SEER2,SFm&2&rDXHP&Ex&dxHP_equip,RE-dxAC_eq-pkgSEER-12.5-SEER2,,,,,,,,,,,,,,,,,,,,,,,,,,,,,,,,,,,,,,,
SWHC049-09 SEER Rated AC HP_SFm_1985/runs/CZ02/SFm&2&rDXHP&Ex&dxHP_equip/RE-dxAC_eq-pkgSEER-13.8-SEER2/instance-out.sql,CZ02,SFm,2,rDXHP,Ex,dxHP_equip,,RE-dxAC_eq-pkgSEER-13.8-SEER2,SFm&2&rDXHP&Ex&dxHP_equip,RE-dxAC_eq-pkgSEER-13.8-SEER2,,,,,,,,,,,,,,,,,,,,,,,,,,,,,,,,,,,,,,,
SWHC049-09 SEER Rated AC HP_SFm_1985/runs/CZ02/SFm&2&rDXHP&Ex&dxHP_equip/RE-dxAC_eq-pkgSEER-14.3-SEER2/instance-out.sql,CZ02,SFm,2,rDXHP,Ex,dxHP_equip,,RE-dxAC_eq-pkgSEER-14.3-SEER2,SFm&2&rDXHP&Ex&dxHP_equip,RE-dxAC_eq-pkgSEER-14.3-SEER2,,,,,,,,,,,,,,,,,,,,,,,,,,,,,,,,,,,,,,,
SWHC049-09 SEER Rated AC HP_SFm_1985/runs/CZ02/SFm&2&rDXHP&Ex&dxHP_equip/RE-dxAC_eq-pkgSEER-15.2-SEER2/instance-out.sql,CZ02,SFm,2,rDXHP,Ex,dxHP_equip,,RE-dxAC_eq-pkgSEER-15.2-SEER2,SFm&2&rDXHP&Ex&dxHP_equip,RE-dxAC_eq-pkgSEER-15.2-SEER2,,,,,,,,,,,,,,,,,,,,,,,,,,,,,,,,,,,,,,,
SWHC049-09 SEER Rated AC HP_SFm_1985/runs/CZ02/SFm&2&rDXHP&Ex&dxHP_equip/RE-dxAC_eq-pkgSEER-16.9-SEER2/instance-out.sql,CZ02,SFm,2,rDXHP,Ex,dxHP_equip,,RE-dxAC_eq-pkgSEER-16.9-SEER2,SFm&2&rDXHP&Ex&dxHP_equip,RE-dxAC_eq-pkgSEER-16.9-SEER2,,,,,,,,,,,,,,,,,,,,,,,,,,,,,,,,,,,,,,,
SWHC049-09 SEER Rated AC HP_SFm_1985/runs/CZ02/SFm&2&rDXHP&Ex&dxHP_equip/RE-dxAC_eq-pkgSEER-17.8-SEER2/instance-out.sql,CZ02,SFm,2,rDXHP,Ex,dxHP_equip,,RE-dxAC_eq-pkgSEER-17.8-SEER2,SFm&2&rDXHP&Ex&dxHP_equip,RE-dxAC_eq-pkgSEER-17.8-SEER2,,,,,,,,,,,,,,,,,,,,,,,,,,,,,,,,,,,,,,,
SWHC049-09 SEER Rated AC HP_SFm_1985/runs/CZ02/SFm&2&rDXHP&Ex&dxHP_equip/RE-dxAC_eq-pkgSEER-18.7-SEER2/instance-out.sql,CZ02,SFm,2,rDXHP,Ex,dxHP_equip,,RE-dxAC_eq-pkgSEER-18.7-SEER2,SFm&2&rDXHP&Ex&dxHP_equip,RE-dxAC_eq-pkgSEER-18.7-SEER2,,,,,,,,,,,,,,,,,,,,,,,,,,,,,,,,,,,,,,,
SWHC049-09 SEER Rated AC HP_SFm_1985/runs/CZ02/SFm&2&rDXHP&Ex&dxHP_equip/RE-dxAC_eq-pkgSEER-19.6-SEER2/instance-out.sql,CZ02,SFm,2,rDXHP,Ex,dxHP_equip,,RE-dxAC_eq-pkgSEER-19.6-SEER2,SFm&2&rDXHP&Ex&dxHP_equip,RE-dxAC_eq-pkgSEER-19.6-SEER2,,,,,,,,,,,,,,,,,,,,,,,,,,,,,,,,,,,,,,,
SWHC049-09 SEER Rated AC HP_SFm_1985/runs/CZ02/SFm&2&rDXHP&Ex&dxHP_equip/RE-dxHP_eq-pkgSEER-12.5-SEER2-6.4-HSPF2/instance-out.sql,CZ02,SFm,2,rDXHP,Ex,dxHP_equip,,RE-dxHP_eq-pkgSEER-12.5-SEER2-6.4-HSPF2,SFm&2&rDXHP&Ex&dxHP_equip,RE-dxHP_eq-pkgSEER-12.5-SEER2-6.4-HSPF2,,,,,,,,,,,,,,,,,,,,,,,,,,,,,,,,,,,,,,,
SWHC049-09 SEER Rated AC HP_SFm_1985/runs/CZ02/SFm&2&rDXHP&Ex&dxHP_equip/RE-dxHP_eq-pkgSEER-14.3-SEER2-7.5-HSPF2/instance-out.sql,CZ02,SFm,2,rDXHP,Ex,dxHP_equip,,RE-dxHP_eq-pkgSEER-14.3-SEER2-7.5-HSPF2,SFm&2&rDXHP&Ex&dxHP_equip,RE-dxHP_eq-pkgSEER-14.3-SEER2-7.5-HSPF2,,,,,,,,,,,,,,,,,,,,,,,,,,,,,,,,,,,,,,,
SWHC049-09 SEER Rated AC HP_SFm_1985/runs/CZ02/SFm&2&rDXHP&Ex&dxHP_equip/RE-dxHP_eq-pkgSEER-15.2-SEER2-7.7-HSPF2/instance-out.sql,CZ02,SFm,2,rDXHP,Ex,dxHP_equip,,RE-dxHP_eq-pkgSEER-15.2-SEER2-7.7-HSPF2,SFm&2&rDXHP&Ex&dxHP_equip,RE-dxHP_eq-pkgSEER-15.2-SEER2-7.7-HSPF2,,,,,,,,,,,,,,,,,,,,,,,,,,,,,,,,,,,,,,,
SWHC049-09 SEER Rated AC HP_SFm_1985/runs/CZ02/SFm&2&rDXHP&Ex&dxHP_equip/RE-dxHP_eq-pkgSEER-16.0-SEER2-8.0-HSPF2/instance-out.sql,CZ02,SFm,2,rDXHP,Ex,dxHP_equip,,RE-dxHP_eq-pkgSEER-16.0-SEER2-8.0-HSPF2,SFm&2&rDXHP&Ex&dxHP_equip,RE-dxHP_eq-pkgSEER-16.0-SEER2-8.0-HSPF2,,,,,,,,,,,,,,,,,,,,,,,,,,,,,,,,,,,,,,,
SWHC049-09 SEER Rated AC HP_SFm_1985/runs/CZ02/SFm&2&rDXHP&Ex&dxHP_equip/RE-dxHP_eq-pkgSEER-17.8-SEER2-8.1-HSPF2/instance-out.sql,CZ02,SFm,2,rDXHP,Ex,dxHP_equip,,RE-dxHP_eq-pkgSEER-17.8-SEER2-8.1-HSPF2,SFm&2&rDXHP&Ex&dxHP_equip,RE-dxHP_eq-pkgSEER-17.8-SEER2-8.1-HSPF2,,,,,,,,,,,,,,,,,,,,,,,,,,,,,,,,,,,,,,,
SWHC049-09 SEER Rated AC HP_SFm_1985/runs/CZ02/SFm&2&rDXHP&Ex&dxHP_equip/RE-dxHP_eq-pkgSEER-18.7-SEER2-8.5-HSPF2/instance-out.sql,CZ02,SFm,2,rDXHP,Ex,dxHP_equip,,RE-dxHP_eq-pkgSEER-18.7-SEER2-8.5-HSPF2,SFm&2&rDXHP&Ex&dxHP_equip,RE-dxHP_eq-pkgSEER-18.7-SEER2-8.5-HSPF2,,,,,,,,,,,,,,,,,,,,,,,,,,,,,,,,,,,,,,,
SWHC049-09 SEER Rated AC HP_SFm_1985/runs/CZ02/SFm&2&rDXHP&Ex&dxHP_equip/RE-dxHP_eq-pkgSEER-19.6-SEER2-8.9-HSPF2/instance-out.sql,CZ02,SFm,2,rDXHP,Ex,dxHP_equip,,RE-dxHP_eq-pkgSEER-19.6-SEER2-8.9-HSPF2,SFm&2&rDXHP&Ex&dxHP_equip,RE-dxHP_eq-pkgSEER-19.6-SEER2-8.9-HSPF2,,,,,,,,,,,,,,,,,,,,,,,,,,,,,,,,,,,,,,,
SWHC049-09 SEER Rated AC HP_SFm_1985/runs/CZ02/SFm&1&rDXHP&Ex&dxHP_equip/RE-dxAC_eq-pkgSEER-12.5-SEER2/instance-out.sql,CZ02,SFm,1,rDXHP,Ex,dxHP_equip,,RE-dxAC_eq-pkgSEER-12.5-SEER2,SFm&1&rDXHP&Ex&dxHP_equip,RE-dxAC_eq-pkgSEER-12.5-SEER2,,,,,,,,,,,,,,,,,,,,,,,,,,,,,,,,,,,,,,,
SWHC049-09 SEER Rated AC HP_SFm_1985/runs/CZ02/SFm&1&rDXHP&Ex&dxHP_equip/RE-dxAC_eq-pkgSEER-13.8-SEER2/instance-out.sql,CZ02,SFm,1,rDXHP,Ex,dxHP_equip,,RE-dxAC_eq-pkgSEER-13.8-SEER2,SFm&1&rDXHP&Ex&dxHP_equip,RE-dxAC_eq-pkgSEER-13.8-SEER2,,,,,,,,,,,,,,,,,,,,,,,,,,,,,,,,,,,,,,,
SWHC049-09 SEER Rated AC HP_SFm_1985/runs/CZ02/SFm&1&rDXHP&Ex&dxHP_equip/RE-dxAC_eq-pkgSEER-14.3-SEER2/instance-out.sql,CZ02,SFm,1,rDXHP,Ex,dxHP_equip,,RE-dxAC_eq-pkgSEER-14.3-SEER2,SFm&1&rDXHP&Ex&dxHP_equip,RE-dxAC_eq-pkgSEER-14.3-SEER2,,,,,,,,,,,,,,,,,,,,,,,,,,,,,,,,,,,,,,,
SWHC049-09 SEER Rated AC HP_SFm_1985/runs/CZ02/SFm&1&rDXHP&Ex&dxHP_equip/RE-dxAC_eq-pkgSEER-15.2-SEER2/instance-out.sql,CZ02,SFm,1,rDXHP,Ex,dxHP_equip,,RE-dxAC_eq-pkgSEER-15.2-SEER2,SFm&1&rDXHP&Ex&dxHP_equip,RE-dxAC_eq-pkgSEER-15.2-SEER2,,,,,,,,,,,,,,,,,,,,,,,,,,,,,,,,,,,,,,,
SWHC049-09 SEER Rated AC HP_SFm_1985/runs/CZ02/SFm&1&rDXHP&Ex&dxHP_equip/RE-dxAC_eq-pkgSEER-16.9-SEER2/instance-out.sql,CZ02,SFm,1,rDXHP,Ex,dxHP_equip,,RE-dxAC_eq-pkgSEER-16.9-SEER2,SFm&1&rDXHP&Ex&dxHP_equip,RE-dxAC_eq-pkgSEER-16.9-SEER2,,,,,,,,,,,,,,,,,,,,,,,,,,,,,,,,,,,,,,,
SWHC049-09 SEER Rated AC HP_SFm_1985/runs/CZ02/SFm&1&rDXHP&Ex&dxHP_equip/RE-dxAC_eq-pkgSEER-17.8-SEER2/instance-out.sql,CZ02,SFm,1,rDXHP,Ex,dxHP_equip,,RE-dxAC_eq-pkgSEER-17.8-SEER2,SFm&1&rDXHP&Ex&dxHP_equip,RE-dxAC_eq-pkgSEER-17.8-SEER2,,,,,,,,,,,,,,,,,,,,,,,,,,,,,,,,,,,,,,,
SWHC049-09 SEER Rated AC HP_SFm_1985/runs/CZ02/SFm&1&rDXHP&Ex&dxHP_equip/RE-dxAC_eq-pkgSEER-18.7-SEER2/instance-out.sql,CZ02,SFm,1,rDXHP,Ex,dxHP_equip,,RE-dxAC_eq-pkgSEER-18.7-SEER2,SFm&1&rDXHP&Ex&dxHP_equip,RE-dxAC_eq-pkgSEER-18.7-SEER2,,,,,,,,,,,,,,,,,,,,,,,,,,,,,,,,,,,,,,,
SWHC049-09 SEER Rated AC HP_SFm_1985/runs/CZ02/SFm&1&rDXHP&Ex&dxHP_equip/RE-dxAC_eq-pkgSEER-19.6-SEER2/instance-out.sql,CZ02,SFm,1,rDXHP,Ex,dxHP_equip,,RE-dxAC_eq-pkgSEER-19.6-SEER2,SFm&1&rDXHP&Ex&dxHP_equip,RE-dxAC_eq-pkgSEER-19.6-SEER2,,,,,,,,,,,,,,,,,,,,,,,,,,,,,,,,,,,,,,,
SWHC049-09 SEER Rated AC HP_SFm_1985/runs/CZ02/SFm&1&rDXHP&Ex&dxHP_equip/RE-dxHP_eq-pkgSEER-12.5-SEER2-6.4-HSPF2/instance-out.sql,CZ02,SFm,1,rDXHP,Ex,dxHP_equip,,RE-dxHP_eq-pkgSEER-12.5-SEER2-6.4-HSPF2,SFm&1&rDXHP&Ex&dxHP_equip,RE-dxHP_eq-pkgSEER-12.5-SEER2-6.4-HSPF2,,,,,,,,,,,,,,,,,,,,,,,,,,,,,,,,,,,,,,,
SWHC049-09 SEER Rated AC HP_SFm_1985/runs/CZ02/SFm&1&rDXHP&Ex&dxHP_equip/RE-dxHP_eq-pkgSEER-14.3-SEER2-7.5-HSPF2/instance-out.sql,CZ02,SFm,1,rDXHP,Ex,dxHP_equip,,RE-dxHP_eq-pkgSEER-14.3-SEER2-7.5-HSPF2,SFm&1&rDXHP&Ex&dxHP_equip,RE-dxHP_eq-pkgSEER-14.3-SEER2-7.5-HSPF2,,,,,,,,,,,,,,,,,,,,,,,,,,,,,,,,,,,,,,,
SWHC049-09 SEER Rated AC HP_SFm_1985/runs/CZ02/SFm&1&rDXHP&Ex&dxHP_equip/RE-dxHP_eq-pkgSEER-15.2-SEER2-7.7-HSPF2/instance-out.sql,CZ02,SFm,1,rDXHP,Ex,dxHP_equip,,RE-dxHP_eq-pkgSEER-15.2-SEER2-7.7-HSPF2,SFm&1&rDXHP&Ex&dxHP_equip,RE-dxHP_eq-pkgSEER-15.2-SEER2-7.7-HSPF2,,,,,,,,,,,,,,,,,,,,,,,,,,,,,,,,,,,,,,,
SWHC049-09 SEER Rated AC HP_SFm_1985/runs/CZ02/SFm&1&rDXHP&Ex&dxHP_equip/RE-dxHP_eq-pkgSEER-16.0-SEER2-8.0-HSPF2/instance-out.sql,CZ02,SFm,1,rDXHP,Ex,dxHP_equip,,RE-dxHP_eq-pkgSEER-16.0-SEER2-8.0-HSPF2,SFm&1&rDXHP&Ex&dxHP_equip,RE-dxHP_eq-pkgSEER-16.0-SEER2-8.0-HSPF2,,,,,,,,,,,,,,,,,,,,,,,,,,,,,,,,,,,,,,,
SWHC049-09 SEER Rated AC HP_SFm_1985/runs/CZ02/SFm&1&rDXHP&Ex&dxHP_equip/RE-dxHP_eq-pkgSEER-17.8-SEER2-8.1-HSPF2/instance-out.sql,CZ02,SFm,1,rDXHP,Ex,dxHP_equip,,RE-dxHP_eq-pkgSEER-17.8-SEER2-8.1-HSPF2,SFm&1&rDXHP&Ex&dxHP_equip,RE-dxHP_eq-pkgSEER-17.8-SEER2-8.1-HSPF2,,,,,,,,,,,,,,,,,,,,,,,,,,,,,,,,,,,,,,,
SWHC049-09 SEER Rated AC HP_SFm_1985/runs/CZ02/SFm&1&rDXHP&Ex&dxHP_equip/RE-dxHP_eq-pkgSEER-18.7-SEER2-8.5-HSPF2/instance-out.sql,CZ02,SFm,1,rDXHP,Ex,dxHP_equip,,RE-dxHP_eq-pkgSEER-18.7-SEER2-8.5-HSPF2,SFm&1&rDXHP&Ex&dxHP_equip,RE-dxHP_eq-pkgSEER-18.7-SEER2-8.5-HSPF2,,,,,,,,,,,,,,,,,,,,,,,,,,,,,,,,,,,,,,,
SWHC049-09 SEER Rated AC HP_SFm_1985/runs/CZ02/SFm&1&rDXHP&Ex&dxHP_equip/RE-dxHP_eq-pkgSEER-19.6-SEER2-8.9-HSPF2/instance-out.sql,CZ02,SFm,1,rDXHP,Ex,dxHP_equip,,RE-dxHP_eq-pkgSEER-19.6-SEER2-8.9-HSPF2,SFm&1&rDXHP&Ex&dxHP_equip,RE-dxHP_eq-pkgSEER-19.6-SEER2-8.9-HSPF2,,,,,,,,,,,,,,,,,,,,,,,,,,,,,,,,,,,,,,,
SWHC049-09 SEER Rated AC HP_SFm_1985/runs/CZ01/SFm&2&rDXHP&Ex&dxHP_equip/RE-dxAC_eq-pkgSEER-12.5-SEER2/instance-out.sql,CZ01,SFm,2,rDXHP,Ex,dxHP_equip,,RE-dxAC_eq-pkgSEER-12.5-SEER2,SFm&2&rDXHP&Ex&dxHP_equip,RE-dxAC_eq-pkgSEER-12.5-SEER2,,,,,,,,,,,,,,,,,,,,,,,,,,,,,,,,,,,,,,,
SWHC049-09 SEER Rated AC HP_SFm_1985/runs/CZ01/SFm&2&rDXHP&Ex&dxHP_equip/RE-dxAC_eq-pkgSEER-13.8-SEER2/instance-out.sql,CZ01,SFm,2,rDXHP,Ex,dxHP_equip,,RE-dxAC_eq-pkgSEER-13.8-SEER2,SFm&2&rDXHP&Ex&dxHP_equip,RE-dxAC_eq-pkgSEER-13.8-SEER2,,,,,,,,,,,,,,,,,,,,,,,,,,,,,,,,,,,,,,,
SWHC049-09 SEER Rated AC HP_SFm_1985/runs/CZ01/SFm&2&rDXHP&Ex&dxHP_equip/RE-dxAC_eq-pkgSEER-14.3-SEER2/instance-out.sql,CZ01,SFm,2,rDXHP,Ex,dxHP_equip,,RE-dxAC_eq-pkgSEER-14.3-SEER2,SFm&2&rDXHP&Ex&dxHP_equip,RE-dxAC_eq-pkgSEER-14.3-SEER2,,,,,,,,,,,,,,,,,,,,,,,,,,,,,,,,,,,,,,,
SWHC049-09 SEER Rated AC HP_SFm_1985/runs/CZ01/SFm&2&rDXHP&Ex&dxHP_equip/RE-dxAC_eq-pkgSEER-15.2-SEER2/instance-out.sql,CZ01,SFm,2,rDXHP,Ex,dxHP_equip,,RE-dxAC_eq-pkgSEER-15.2-SEER2,SFm&2&rDXHP&Ex&dxHP_equip,RE-dxAC_eq-pkgSEER-15.2-SEER2,,,,,,,,,,,,,,,,,,,,,,,,,,,,,,,,,,,,,,,
SWHC049-09 SEER Rated AC HP_SFm_1985/runs/CZ01/SFm&2&rDXHP&Ex&dxHP_equip/RE-dxAC_eq-pkgSEER-16.9-SEER2/instance-out.sql,CZ01,SFm,2,rDXHP,Ex,dxHP_equip,,RE-dxAC_eq-pkgSEER-16.9-SEER2,SFm&2&rDXHP&Ex&dxHP_equip,RE-dxAC_eq-pkgSEER-16.9-SEER2,,,,,,,,,,,,,,,,,,,,,,,,,,,,,,,,,,,,,,,
SWHC049-09 SEER Rated AC HP_SFm_1985/runs/CZ01/SFm&2&rDXHP&Ex&dxHP_equip/RE-dxAC_eq-pkgSEER-17.8-SEER2/instance-out.sql,CZ01,SFm,2,rDXHP,Ex,dxHP_equip,,RE-dxAC_eq-pkgSEER-17.8-SEER2,SFm&2&rDXHP&Ex&dxHP_equip,RE-dxAC_eq-pkgSEER-17.8-SEER2,,,,,,,,,,,,,,,,,,,,,,,,,,,,,,,,,,,,,,,
SWHC049-09 SEER Rated AC HP_SFm_1985/runs/CZ01/SFm&2&rDXHP&Ex&dxHP_equip/RE-dxAC_eq-pkgSEER-18.7-SEER2/instance-out.sql,CZ01,SFm,2,rDXHP,Ex,dxHP_equip,,RE-dxAC_eq-pkgSEER-18.7-SEER2,SFm&2&rDXHP&Ex&dxHP_equip,RE-dxAC_eq-pkgSEER-18.7-SEER2,,,,,,,,,,,,,,,,,,,,,,,,,,,,,,,,,,,,,,,
SWHC049-09 SEER Rated AC HP_SFm_1985/runs/CZ01/SFm&2&rDXHP&Ex&dxHP_equip/RE-dxAC_eq-pkgSEER-19.6-SEER2/instance-out.sql,CZ01,SFm,2,rDXHP,Ex,dxHP_equip,,RE-dxAC_eq-pkgSEER-19.6-SEER2,SFm&2&rDXHP&Ex&dxHP_equip,RE-dxAC_eq-pkgSEER-19.6-SEER2,,,,,,,,,,,,,,,,,,,,,,,,,,,,,,,,,,,,,,,
SWHC049-09 SEER Rated AC HP_SFm_1985/runs/CZ01/SFm&2&rDXHP&Ex&dxHP_equip/RE-dxHP_eq-pkgSEER-12.5-SEER2-6.4-HSPF2/instance-out.sql,CZ01,SFm,2,rDXHP,Ex,dxHP_equip,,RE-dxHP_eq-pkgSEER-12.5-SEER2-6.4-HSPF2,SFm&2&rDXHP&Ex&dxHP_equip,RE-dxHP_eq-pkgSEER-12.5-SEER2-6.4-HSPF2,,,,,,,,,,,,,,,,,,,,,,,,,,,,,,,,,,,,,,,
SWHC049-09 SEER Rated AC HP_SFm_1985/runs/CZ01/SFm&2&rDXHP&Ex&dxHP_equip/RE-dxHP_eq-pkgSEER-14.3-SEER2-7.5-HSPF2/instance-out.sql,CZ01,SFm,2,rDXHP,Ex,dxHP_equip,,RE-dxHP_eq-pkgSEER-14.3-SEER2-7.5-HSPF2,SFm&2&rDXHP&Ex&dxHP_equip,RE-dxHP_eq-pkgSEER-14.3-SEER2-7.5-HSPF2,,,,,,,,,,,,,,,,,,,,,,,,,,,,,,,,,,,,,,,
SWHC049-09 SEER Rated AC HP_SFm_1985/runs/CZ01/SFm&2&rDXHP&Ex&dxHP_equip/RE-dxHP_eq-pkgSEER-15.2-SEER2-7.7-HSPF2/instance-out.sql,CZ01,SFm,2,rDXHP,Ex,dxHP_equip,,RE-dxHP_eq-pkgSEER-15.2-SEER2-7.7-HSPF2,SFm&2&rDXHP&Ex&dxHP_equip,RE-dxHP_eq-pkgSEER-15.2-SEER2-7.7-HSPF2,,,,,,,,,,,,,,,,,,,,,,,,,,,,,,,,,,,,,,,
SWHC049-09 SEER Rated AC HP_SFm_1985/runs/CZ01/SFm&2&rDXHP&Ex&dxHP_equip/RE-dxHP_eq-pkgSEER-16.0-SEER2-8.0-HSPF2/instance-out.sql,CZ01,SFm,2,rDXHP,Ex,dxHP_equip,,RE-dxHP_eq-pkgSEER-16.0-SEER2-8.0-HSPF2,SFm&2&rDXHP&Ex&dxHP_equip,RE-dxHP_eq-pkgSEER-16.0-SEER2-8.0-HSPF2,,,,,,,,,,,,,,,,,,,,,,,,,,,,,,,,,,,,,,,
SWHC049-09 SEER Rated AC HP_SFm_1985/runs/CZ01/SFm&2&rDXHP&Ex&dxHP_equip/RE-dxHP_eq-pkgSEER-17.8-SEER2-8.1-HSPF2/instance-out.sql,CZ01,SFm,2,rDXHP,Ex,dxHP_equip,,RE-dxHP_eq-pkgSEER-17.8-SEER2-8.1-HSPF2,SFm&2&rDXHP&Ex&dxHP_equip,RE-dxHP_eq-pkgSEER-17.8-SEER2-8.1-HSPF2,,,,,,,,,,,,,,,,,,,,,,,,,,,,,,,,,,,,,,,
SWHC049-09 SEER Rated AC HP_SFm_1985/runs/CZ01/SFm&2&rDXHP&Ex&dxHP_equip/RE-dxHP_eq-pkgSEER-18.7-SEER2-8.5-HSPF2/instance-out.sql,CZ01,SFm,2,rDXHP,Ex,dxHP_equip,,RE-dxHP_eq-pkgSEER-18.7-SEER2-8.5-HSPF2,SFm&2&rDXHP&Ex&dxHP_equip,RE-dxHP_eq-pkgSEER-18.7-SEER2-8.5-HSPF2,,,,,,,,,,,,,,,,,,,,,,,,,,,,,,,,,,,,,,,
SWHC049-09 SEER Rated AC HP_SFm_1985/runs/CZ01/SFm&2&rDXHP&Ex&dxHP_equip/RE-dxHP_eq-pkgSEER-19.6-SEER2-8.9-HSPF2/instance-out.sql,CZ01,SFm,2,rDXHP,Ex,dxHP_equip,,RE-dxHP_eq-pkgSEER-19.6-SEER2-8.9-HSPF2,SFm&2&rDXHP&Ex&dxHP_equip,RE-dxHP_eq-pkgSEER-19.6-SEER2-8.9-HSPF2,,,,,,,,,,,,,,,,,,,,,,,,,,,,,,,,,,,,,,,
SWHC049-09 SEER Rated AC HP_SFm_1985/runs/CZ01/SFm&1&rDXHP&Ex&dxHP_equip/RE-dxAC_eq-pkgSEER-12.5-SEER2/instance-out.sql,CZ01,SFm,1,rDXHP,Ex,dxHP_equip,,RE-dxAC_eq-pkgSEER-12.5-SEER2,SFm&1&rDXHP&Ex&dxHP_equip,RE-dxAC_eq-pkgSEER-12.5-SEER2,,,,,,,,,,,,,,,,,,,,,,,,,,,,,,,,,,,,,,,
SWHC049-09 SEER Rated AC HP_SFm_1985/runs/CZ01/SFm&1&rDXHP&Ex&dxHP_equip/RE-dxAC_eq-pkgSEER-13.8-SEER2/instance-out.sql,CZ01,SFm,1,rDXHP,Ex,dxHP_equip,,RE-dxAC_eq-pkgSEER-13.8-SEER2,SFm&1&rDXHP&Ex&dxHP_equip,RE-dxAC_eq-pkgSEER-13.8-SEER2,,,,,,,,,,,,,,,,,,,,,,,,,,,,,,,,,,,,,,,
SWHC049-09 SEER Rated AC HP_SFm_1985/runs/CZ01/SFm&1&rDXHP&Ex&dxHP_equip/RE-dxAC_eq-pkgSEER-14.3-SEER2/instance-out.sql,CZ01,SFm,1,rDXHP,Ex,dxHP_equip,,RE-dxAC_eq-pkgSEER-14.3-SEER2,SFm&1&rDXHP&Ex&dxHP_equip,RE-dxAC_eq-pkgSEER-14.3-SEER2,,,,,,,,,,,,,,,,,,,,,,,,,,,,,,,,,,,,,,,
SWHC049-09 SEER Rated AC HP_SFm_1985/runs/CZ01/SFm&1&rDXHP&Ex&dxHP_equip/RE-dxAC_eq-pkgSEER-15.2-SEER2/instance-out.sql,CZ01,SFm,1,rDXHP,Ex,dxHP_equip,,RE-dxAC_eq-pkgSEER-15.2-SEER2,SFm&1&rDXHP&Ex&dxHP_equip,RE-dxAC_eq-pkgSEER-15.2-SEER2,,,,,,,,,,,,,,,,,,,,,,,,,,,,,,,,,,,,,,,
SWHC049-09 SEER Rated AC HP_SFm_1985/runs/CZ01/SFm&1&rDXHP&Ex&dxHP_equip/RE-dxAC_eq-pkgSEER-16.9-SEER2/instance-out.sql,CZ01,SFm,1,rDXHP,Ex,dxHP_equip,,RE-dxAC_eq-pkgSEER-16.9-SEER2,SFm&1&rDXHP&Ex&dxHP_equip,RE-dxAC_eq-pkgSEER-16.9-SEER2,,,,,,,,,,,,,,,,,,,,,,,,,,,,,,,,,,,,,,,
SWHC049-09 SEER Rated AC HP_SFm_1985/runs/CZ01/SFm&1&rDXHP&Ex&dxHP_equip/RE-dxAC_eq-pkgSEER-17.8-SEER2/instance-out.sql,CZ01,SFm,1,rDXHP,Ex,dxHP_equip,,RE-dxAC_eq-pkgSEER-17.8-SEER2,SFm&1&rDXHP&Ex&dxHP_equip,RE-dxAC_eq-pkgSEER-17.8-SEER2,,,,,,,,,,,,,,,,,,,,,,,,,,,,,,,,,,,,,,,
SWHC049-09 SEER Rated AC HP_SFm_1985/runs/CZ01/SFm&1&rDXHP&Ex&dxHP_equip/RE-dxAC_eq-pkgSEER-18.7-SEER2/instance-out.sql,CZ01,SFm,1,rDXHP,Ex,dxHP_equip,,RE-dxAC_eq-pkgSEER-18.7-SEER2,SFm&1&rDXHP&Ex&dxHP_equip,RE-dxAC_eq-pkgSEER-18.7-SEER2,,,,,,,,,,,,,,,,,,,,,,,,,,,,,,,,,,,,,,,
SWHC049-09 SEER Rated AC HP_SFm_1985/runs/CZ01/SFm&1&rDXHP&Ex&dxHP_equip/RE-dxAC_eq-pkgSEER-19.6-SEER2/instance-out.sql,CZ01,SFm,1,rDXHP,Ex,dxHP_equip,,RE-dxAC_eq-pkgSEER-19.6-SEER2,SFm&1&rDXHP&Ex&dxHP_equip,RE-dxAC_eq-pkgSEER-19.6-SEER2,,,,,,,,,,,,,,,,,,,,,,,,,,,,,,,,,,,,,,,
SWHC049-09 SEER Rated AC HP_SFm_1985/runs/CZ01/SFm&1&rDXHP&Ex&dxHP_equip/RE-dxHP_eq-pkgSEER-12.5-SEER2-6.4-HSPF2/instance-out.sql,CZ01,SFm,1,rDXHP,Ex,dxHP_equip,,RE-dxHP_eq-pkgSEER-12.5-SEER2-6.4-HSPF2,SFm&1&rDXHP&Ex&dxHP_equip,RE-dxHP_eq-pkgSEER-12.5-SEER2-6.4-HSPF2,,,,,,,,,,,,,,,,,,,,,,,,,,,,,,,,,,,,,,,
SWHC049-09 SEER Rated AC HP_SFm_1985/runs/CZ01/SFm&1&rDXHP&Ex&dxHP_equip/RE-dxHP_eq-pkgSEER-14.3-SEER2-7.5-HSPF2/instance-out.sql,CZ01,SFm,1,rDXHP,Ex,dxHP_equip,,RE-dxHP_eq-pkgSEER-14.3-SEER2-7.5-HSPF2,SFm&1&rDXHP&Ex&dxHP_equip,RE-dxHP_eq-pkgSEER-14.3-SEER2-7.5-HSPF2,,,,,,,,,,,,,,,,,,,,,,,,,,,,,,,,,,,,,,,
SWHC049-09 SEER Rated AC HP_SFm_1985/runs/CZ01/SFm&1&rDXHP&Ex&dxHP_equip/RE-dxHP_eq-pkgSEER-15.2-SEER2-7.7-HSPF2/instance-out.sql,CZ01,SFm,1,rDXHP,Ex,dxHP_equip,,RE-dxHP_eq-pkgSEER-15.2-SEER2-7.7-HSPF2,SFm&1&rDXHP&Ex&dxHP_equip,RE-dxHP_eq-pkgSEER-15.2-SEER2-7.7-HSPF2,,,,,,,,,,,,,,,,,,,,,,,,,,,,,,,,,,,,,,,
SWHC049-09 SEER Rated AC HP_SFm_1985/runs/CZ01/SFm&1&rDXHP&Ex&dxHP_equip/RE-dxHP_eq-pkgSEER-16.0-SEER2-8.0-HSPF2/instance-out.sql,CZ01,SFm,1,rDXHP,Ex,dxHP_equip,,RE-dxHP_eq-pkgSEER-16.0-SEER2-8.0-HSPF2,SFm&1&rDXHP&Ex&dxHP_equip,RE-dxHP_eq-pkgSEER-16.0-SEER2-8.0-HSPF2,,,,,,,,,,,,,,,,,,,,,,,,,,,,,,,,,,,,,,,
SWHC049-09 SEER Rated AC HP_SFm_1985/runs/CZ01/SFm&1&rDXHP&Ex&dxHP_equip/RE-dxHP_eq-pkgSEER-17.8-SEER2-8.1-HSPF2/instance-out.sql,CZ01,SFm,1,rDXHP,Ex,dxHP_equip,,RE-dxHP_eq-pkgSEER-17.8-SEER2-8.1-HSPF2,SFm&1&rDXHP&Ex&dxHP_equip,RE-dxHP_eq-pkgSEER-17.8-SEER2-8.1-HSPF2,,,,,,,,,,,,,,,,,,,,,,,,,,,,,,,,,,,,,,,
SWHC049-09 SEER Rated AC HP_SFm_1985/runs/CZ01/SFm&1&rDXHP&Ex&dxHP_equip/RE-dxHP_eq-pkgSEER-18.7-SEER2-8.5-HSPF2/instance-out.sql,CZ01,SFm,1,rDXHP,Ex,dxHP_equip,,RE-dxHP_eq-pkgSEER-18.7-SEER2-8.5-HSPF2,SFm&1&rDXHP&Ex&dxHP_equip,RE-dxHP_eq-pkgSEER-18.7-SEER2-8.5-HSPF2,,,,,,,,,,,,,,,,,,,,,,,,,,,,,,,,,,,,,,,
SWHC049-09 SEER Rated AC HP_SFm_1985/runs/CZ01/SFm&1&rDXHP&Ex&dxHP_equip/RE-dxHP_eq-pkgSEER-19.6-SEER2-8.9-HSPF2/instance-out.sql,CZ01,SFm,1,rDXHP,Ex,dxHP_equip,,RE-dxHP_eq-pkgSEER-19.6-SEER2-8.9-HSPF2,SFm&1&rDXHP&Ex&dxHP_equip,RE-dxHP_eq-pkgSEER-19.6-SEER2-8.9-HSPF2,,,,,,,,,,,,,,,,,,,,,,,,,,,,,,,,,,,,,,,
SWHC049-09 SEER Rated AC HP_SFm_1975/runs/CZ09/SFm&2&rDXHP&Ex&dxHP_equip/RE-dxAC_eq-pkgSEER-12.5-SEER2/instance-out.sql,CZ09,SFm,2,rDXHP,Ex,dxHP_equip,,RE-dxAC_eq-pkgSEER-12.5-SEER2,SFm&2&rDXHP&Ex&dxHP_equip,RE-dxAC_eq-pkgSEER-12.5-SEER2,,,,,,,,,,,,,,,,,,,,,,,,,,,,,,,,,,,,,,,
SWHC049-09 SEER Rated AC HP_SFm_1975/runs/CZ09/SFm&2&rDXHP&Ex&dxHP_equip/RE-dxAC_eq-pkgSEER-13.8-SEER2/instance-out.sql,CZ09,SFm,2,rDXHP,Ex,dxHP_equip,,RE-dxAC_eq-pkgSEER-13.8-SEER2,SFm&2&rDXHP&Ex&dxHP_equip,RE-dxAC_eq-pkgSEER-13.8-SEER2,,,,,,,,,,,,,,,,,,,,,,,,,,,,,,,,,,,,,,,
SWHC049-09 SEER Rated AC HP_SFm_1975/runs/CZ09/SFm&2&rDXHP&Ex&dxHP_equip/RE-dxAC_eq-pkgSEER-14.3-SEER2/instance-out.sql,CZ09,SFm,2,rDXHP,Ex,dxHP_equip,,RE-dxAC_eq-pkgSEER-14.3-SEER2,SFm&2&rDXHP&Ex&dxHP_equip,RE-dxAC_eq-pkgSEER-14.3-SEER2,,,,,,,,,,,,,,,,,,,,,,,,,,,,,,,,,,,,,,,
SWHC049-09 SEER Rated AC HP_SFm_1975/runs/CZ09/SFm&2&rDXHP&Ex&dxHP_equip/RE-dxAC_eq-pkgSEER-15.2-SEER2/instance-out.sql,CZ09,SFm,2,rDXHP,Ex,dxHP_equip,,RE-dxAC_eq-pkgSEER-15.2-SEER2,SFm&2&rDXHP&Ex&dxHP_equip,RE-dxAC_eq-pkgSEER-15.2-SEER2,,,,,,,,,,,,,,,,,,,,,,,,,,,,,,,,,,,,,,,
SWHC049-09 SEER Rated AC HP_SFm_1975/runs/CZ09/SFm&2&rDXHP&Ex&dxHP_equip/RE-dxAC_eq-pkgSEER-16.9-SEER2/instance-out.sql,CZ09,SFm,2,rDXHP,Ex,dxHP_equip,,RE-dxAC_eq-pkgSEER-16.9-SEER2,SFm&2&rDXHP&Ex&dxHP_equip,RE-dxAC_eq-pkgSEER-16.9-SEER2,,,,,,,,,,,,,,,,,,,,,,,,,,,,,,,,,,,,,,,
SWHC049-09 SEER Rated AC HP_SFm_1975/runs/CZ09/SFm&2&rDXHP&Ex&dxHP_equip/RE-dxAC_eq-pkgSEER-17.8-SEER2/instance-out.sql,CZ09,SFm,2,rDXHP,Ex,dxHP_equip,,RE-dxAC_eq-pkgSEER-17.8-SEER2,SFm&2&rDXHP&Ex&dxHP_equip,RE-dxAC_eq-pkgSEER-17.8-SEER2,,,,,,,,,,,,,,,,,,,,,,,,,,,,,,,,,,,,,,,
SWHC049-09 SEER Rated AC HP_SFm_1975/runs/CZ09/SFm&2&rDXHP&Ex&dxHP_equip/RE-dxAC_eq-pkgSEER-18.7-SEER2/instance-out.sql,CZ09,SFm,2,rDXHP,Ex,dxHP_equip,,RE-dxAC_eq-pkgSEER-18.7-SEER2,SFm&2&rDXHP&Ex&dxHP_equip,RE-dxAC_eq-pkgSEER-18.7-SEER2,,,,,,,,,,,,,,,,,,,,,,,,,,,,,,,,,,,,,,,
SWHC049-09 SEER Rated AC HP_SFm_1975/runs/CZ09/SFm&2&rDXHP&Ex&dxHP_equip/RE-dxAC_eq-pkgSEER-19.6-SEER2/instance-out.sql,CZ09,SFm,2,rDXHP,Ex,dxHP_equip,,RE-dxAC_eq-pkgSEER-19.6-SEER2,SFm&2&rDXHP&Ex&dxHP_equip,RE-dxAC_eq-pkgSEER-19.6-SEER2,,,,,,,,,,,,,,,,,,,,,,,,,,,,,,,,,,,,,,,
SWHC049-09 SEER Rated AC HP_SFm_1975/runs/CZ09/SFm&2&rDXHP&Ex&dxHP_equip/RE-dxHP_eq-pkgSEER-12.5-SEER2-6.4-HSPF2/instance-out.sql,CZ09,SFm,2,rDXHP,Ex,dxHP_equip,,RE-dxHP_eq-pkgSEER-12.5-SEER2-6.4-HSPF2,SFm&2&rDXHP&Ex&dxHP_equip,RE-dxHP_eq-pkgSEER-12.5-SEER2-6.4-HSPF2,,,,,,,,,,,,,,,,,,,,,,,,,,,,,,,,,,,,,,,
SWHC049-09 SEER Rated AC HP_SFm_1975/runs/CZ09/SFm&2&rDXHP&Ex&dxHP_equip/RE-dxHP_eq-pkgSEER-14.3-SEER2-7.5-HSPF2/instance-out.sql,CZ09,SFm,2,rDXHP,Ex,dxHP_equip,,RE-dxHP_eq-pkgSEER-14.3-SEER2-7.5-HSPF2,SFm&2&rDXHP&Ex&dxHP_equip,RE-dxHP_eq-pkgSEER-14.3-SEER2-7.5-HSPF2,,,,,,,,,,,,,,,,,,,,,,,,,,,,,,,,,,,,,,,
SWHC049-09 SEER Rated AC HP_SFm_1975/runs/CZ09/SFm&2&rDXHP&Ex&dxHP_equip/RE-dxHP_eq-pkgSEER-15.2-SEER2-7.7-HSPF2/instance-out.sql,CZ09,SFm,2,rDXHP,Ex,dxHP_equip,,RE-dxHP_eq-pkgSEER-15.2-SEER2-7.7-HSPF2,SFm&2&rDXHP&Ex&dxHP_equip,RE-dxHP_eq-pkgSEER-15.2-SEER2-7.7-HSPF2,,,,,,,,,,,,,,,,,,,,,,,,,,,,,,,,,,,,,,,
SWHC049-09 SEER Rated AC HP_SFm_1975/runs/CZ09/SFm&2&rDXHP&Ex&dxHP_equip/RE-dxHP_eq-pkgSEER-16.0-SEER2-8.0-HSPF2/instance-out.sql,CZ09,SFm,2,rDXHP,Ex,dxHP_equip,,RE-dxHP_eq-pkgSEER-16.0-SEER2-8.0-HSPF2,SFm&2&rDXHP&Ex&dxHP_equip,RE-dxHP_eq-pkgSEER-16.0-SEER2-8.0-HSPF2,,,,,,,,,,,,,,,,,,,,,,,,,,,,,,,,,,,,,,,
SWHC049-09 SEER Rated AC HP_SFm_1975/runs/CZ09/SFm&2&rDXHP&Ex&dxHP_equip/RE-dxHP_eq-pkgSEER-17.8-SEER2-8.1-HSPF2/instance-out.sql,CZ09,SFm,2,rDXHP,Ex,dxHP_equip,,RE-dxHP_eq-pkgSEER-17.8-SEER2-8.1-HSPF2,SFm&2&rDXHP&Ex&dxHP_equip,RE-dxHP_eq-pkgSEER-17.8-SEER2-8.1-HSPF2,,,,,,,,,,,,,,,,,,,,,,,,,,,,,,,,,,,,,,,
SWHC049-09 SEER Rated AC HP_SFm_1975/runs/CZ09/SFm&2&rDXHP&Ex&dxHP_equip/RE-dxHP_eq-pkgSEER-18.7-SEER2-8.5-HSPF2/instance-out.sql,CZ09,SFm,2,rDXHP,Ex,dxHP_equip,,RE-dxHP_eq-pkgSEER-18.7-SEER2-8.5-HSPF2,SFm&2&rDXHP&Ex&dxHP_equip,RE-dxHP_eq-pkgSEER-18.7-SEER2-8.5-HSPF2,,,,,,,,,,,,,,,,,,,,,,,,,,,,,,,,,,,,,,,
SWHC049-09 SEER Rated AC HP_SFm_1975/runs/CZ09/SFm&2&rDXHP&Ex&dxHP_equip/RE-dxHP_eq-pkgSEER-19.6-SEER2-8.9-HSPF2/instance-out.sql,CZ09,SFm,2,rDXHP,Ex,dxHP_equip,,RE-dxHP_eq-pkgSEER-19.6-SEER2-8.9-HSPF2,SFm&2&rDXHP&Ex&dxHP_equip,RE-dxHP_eq-pkgSEER-19.6-SEER2-8.9-HSPF2,,,,,,,,,,,,,,,,,,,,,,,,,,,,,,,,,,,,,,,
SWHC049-09 SEER Rated AC HP_SFm_1975/runs/CZ09/SFm&1&rDXHP&Ex&dxHP_equip/RE-dxAC_eq-pkgSEER-12.5-SEER2/instance-out.sql,CZ09,SFm,1,rDXHP,Ex,dxHP_equip,,RE-dxAC_eq-pkgSEER-12.5-SEER2,SFm&1&rDXHP&Ex&dxHP_equip,RE-dxAC_eq-pkgSEER-12.5-SEER2,,,,,,,,,,,,,,,,,,,,,,,,,,,,,,,,,,,,,,,
SWHC049-09 SEER Rated AC HP_SFm_1975/runs/CZ09/SFm&1&rDXHP&Ex&dxHP_equip/RE-dxAC_eq-pkgSEER-13.8-SEER2/instance-out.sql,CZ09,SFm,1,rDXHP,Ex,dxHP_equip,,RE-dxAC_eq-pkgSEER-13.8-SEER2,SFm&1&rDXHP&Ex&dxHP_equip,RE-dxAC_eq-pkgSEER-13.8-SEER2,,,,,,,,,,,,,,,,,,,,,,,,,,,,,,,,,,,,,,,
SWHC049-09 SEER Rated AC HP_SFm_1975/runs/CZ09/SFm&1&rDXHP&Ex&dxHP_equip/RE-dxAC_eq-pkgSEER-14.3-SEER2/instance-out.sql,CZ09,SFm,1,rDXHP,Ex,dxHP_equip,,RE-dxAC_eq-pkgSEER-14.3-SEER2,SFm&1&rDXHP&Ex&dxHP_equip,RE-dxAC_eq-pkgSEER-14.3-SEER2,,,,,,,,,,,,,,,,,,,,,,,,,,,,,,,,,,,,,,,
SWHC049-09 SEER Rated AC HP_SFm_1975/runs/CZ09/SFm&1&rDXHP&Ex&dxHP_equip/RE-dxAC_eq-pkgSEER-15.2-SEER2/instance-out.sql,CZ09,SFm,1,rDXHP,Ex,dxHP_equip,,RE-dxAC_eq-pkgSEER-15.2-SEER2,SFm&1&rDXHP&Ex&dxHP_equip,RE-dxAC_eq-pkgSEER-15.2-SEER2,,,,,,,,,,,,,,,,,,,,,,,,,,,,,,,,,,,,,,,
SWHC049-09 SEER Rated AC HP_SFm_1975/runs/CZ09/SFm&1&rDXHP&Ex&dxHP_equip/RE-dxAC_eq-pkgSEER-16.9-SEER2/instance-out.sql,CZ09,SFm,1,rDXHP,Ex,dxHP_equip,,RE-dxAC_eq-pkgSEER-16.9-SEER2,SFm&1&rDXHP&Ex&dxHP_equip,RE-dxAC_eq-pkgSEER-16.9-SEER2,,,,,,,,,,,,,,,,,,,,,,,,,,,,,,,,,,,,,,,
SWHC049-09 SEER Rated AC HP_SFm_1975/runs/CZ09/SFm&1&rDXHP&Ex&dxHP_equip/RE-dxAC_eq-pkgSEER-17.8-SEER2/instance-out.sql,CZ09,SFm,1,rDXHP,Ex,dxHP_equip,,RE-dxAC_eq-pkgSEER-17.8-SEER2,SFm&1&rDXHP&Ex&dxHP_equip,RE-dxAC_eq-pkgSEER-17.8-SEER2,,,,,,,,,,,,,,,,,,,,,,,,,,,,,,,,,,,,,,,
SWHC049-09 SEER Rated AC HP_SFm_1975/runs/CZ09/SFm&1&rDXHP&Ex&dxHP_equip/RE-dxAC_eq-pkgSEER-18.7-SEER2/instance-out.sql,CZ09,SFm,1,rDXHP,Ex,dxHP_equip,,RE-dxAC_eq-pkgSEER-18.7-SEER2,SFm&1&rDXHP&Ex&dxHP_equip,RE-dxAC_eq-pkgSEER-18.7-SEER2,,,,,,,,,,,,,,,,,,,,,,,,,,,,,,,,,,,,,,,
SWHC049-09 SEER Rated AC HP_SFm_1975/runs/CZ09/SFm&1&rDXHP&Ex&dxHP_equip/RE-dxAC_eq-pkgSEER-19.6-SEER2/instance-out.sql,CZ09,SFm,1,rDXHP,Ex,dxHP_equip,,RE-dxAC_eq-pkgSEER-19.6-SEER2,SFm&1&rDXHP&Ex&dxHP_equip,RE-dxAC_eq-pkgSEER-19.6-SEER2,,,,,,,,,,,,,,,,,,,,,,,,,,,,,,,,,,,,,,,
SWHC049-09 SEER Rated AC HP_SFm_1975/runs/CZ09/SFm&1&rDXHP&Ex&dxHP_equip/RE-dxHP_eq-pkgSEER-12.5-SEER2-6.4-HSPF2/instance-out.sql,CZ09,SFm,1,rDXHP,Ex,dxHP_equip,,RE-dxHP_eq-pkgSEER-12.5-SEER2-6.4-HSPF2,SFm&1&rDXHP&Ex&dxHP_equip,RE-dxHP_eq-pkgSEER-12.5-SEER2-6.4-HSPF2,,,,,,,,,,,,,,,,,,,,,,,,,,,,,,,,,,,,,,,
SWHC049-09 SEER Rated AC HP_SFm_1975/runs/CZ09/SFm&1&rDXHP&Ex&dxHP_equip/RE-dxHP_eq-pkgSEER-14.3-SEER2-7.5-HSPF2/instance-out.sql,CZ09,SFm,1,rDXHP,Ex,dxHP_equip,,RE-dxHP_eq-pkgSEER-14.3-SEER2-7.5-HSPF2,SFm&1&rDXHP&Ex&dxHP_equip,RE-dxHP_eq-pkgSEER-14.3-SEER2-7.5-HSPF2,,,,,,,,,,,,,,,,,,,,,,,,,,,,,,,,,,,,,,,
SWHC049-09 SEER Rated AC HP_SFm_1975/runs/CZ09/SFm&1&rDXHP&Ex&dxHP_equip/RE-dxHP_eq-pkgSEER-15.2-SEER2-7.7-HSPF2/instance-out.sql,CZ09,SFm,1,rDXHP,Ex,dxHP_equip,,RE-dxHP_eq-pkgSEER-15.2-SEER2-7.7-HSPF2,SFm&1&rDXHP&Ex&dxHP_equip,RE-dxHP_eq-pkgSEER-15.2-SEER2-7.7-HSPF2,,,,,,,,,,,,,,,,,,,,,,,,,,,,,,,,,,,,,,,
SWHC049-09 SEER Rated AC HP_SFm_1975/runs/CZ09/SFm&1&rDXHP&Ex&dxHP_equip/RE-dxHP_eq-pkgSEER-16.0-SEER2-8.0-HSPF2/instance-out.sql,CZ09,SFm,1,rDXHP,Ex,dxHP_equip,,RE-dxHP_eq-pkgSEER-16.0-SEER2-8.0-HSPF2,SFm&1&rDXHP&Ex&dxHP_equip,RE-dxHP_eq-pkgSEER-16.0-SEER2-8.0-HSPF2,,,,,,,,,,,,,,,,,,,,,,,,,,,,,,,,,,,,,,,
SWHC049-09 SEER Rated AC HP_SFm_1975/runs/CZ09/SFm&1&rDXHP&Ex&dxHP_equip/RE-dxHP_eq-pkgSEER-17.8-SEER2-8.1-HSPF2/instance-out.sql,CZ09,SFm,1,rDXHP,Ex,dxHP_equip,,RE-dxHP_eq-pkgSEER-17.8-SEER2-8.1-HSPF2,SFm&1&rDXHP&Ex&dxHP_equip,RE-dxHP_eq-pkgSEER-17.8-SEER2-8.1-HSPF2,,,,,,,,,,,,,,,,,,,,,,,,,,,,,,,,,,,,,,,
SWHC049-09 SEER Rated AC HP_SFm_1975/runs/CZ09/SFm&1&rDXHP&Ex&dxHP_equip/RE-dxHP_eq-pkgSEER-18.7-SEER2-8.5-HSPF2/instance-out.sql,CZ09,SFm,1,rDXHP,Ex,dxHP_equip,,RE-dxHP_eq-pkgSEER-18.7-SEER2-8.5-HSPF2,SFm&1&rDXHP&Ex&dxHP_equip,RE-dxHP_eq-pkgSEER-18.7-SEER2-8.5-HSPF2,,,,,,,,,,,,,,,,,,,,,,,,,,,,,,,,,,,,,,,
SWHC049-09 SEER Rated AC HP_SFm_1975/runs/CZ09/SFm&1&rDXHP&Ex&dxHP_equip/RE-dxHP_eq-pkgSEER-19.6-SEER2-8.9-HSPF2/instance-out.sql,CZ09,SFm,1,rDXHP,Ex,dxHP_equip,,RE-dxHP_eq-pkgSEER-19.6-SEER2-8.9-HSPF2,SFm&1&rDXHP&Ex&dxHP_equip,RE-dxHP_eq-pkgSEER-19.6-SEER2-8.9-HSPF2,,,,,,,,,,,,,,,,,,,,,,,,,,,,,,,,,,,,,,,
SWHC049-09 SEER Rated AC HP_SFm_1975/runs/CZ08/SFm&2&rDXHP&Ex&dxHP_equip/RE-dxAC_eq-pkgSEER-12.5-SEER2/instance-out.sql,CZ08,SFm,2,rDXHP,Ex,dxHP_equip,,RE-dxAC_eq-pkgSEER-12.5-SEER2,SFm&2&rDXHP&Ex&dxHP_equip,RE-dxAC_eq-pkgSEER-12.5-SEER2,,,,,,,,,,,,,,,,,,,,,,,,,,,,,,,,,,,,,,,
SWHC049-09 SEER Rated AC HP_SFm_1975/runs/CZ08/SFm&2&rDXHP&Ex&dxHP_equip/RE-dxAC_eq-pkgSEER-13.8-SEER2/instance-out.sql,CZ08,SFm,2,rDXHP,Ex,dxHP_equip,,RE-dxAC_eq-pkgSEER-13.8-SEER2,SFm&2&rDXHP&Ex&dxHP_equip,RE-dxAC_eq-pkgSEER-13.8-SEER2,,,,,,,,,,,,,,,,,,,,,,,,,,,,,,,,,,,,,,,
SWHC049-09 SEER Rated AC HP_SFm_1975/runs/CZ08/SFm&2&rDXHP&Ex&dxHP_equip/RE-dxAC_eq-pkgSEER-14.3-SEER2/instance-out.sql,CZ08,SFm,2,rDXHP,Ex,dxHP_equip,,RE-dxAC_eq-pkgSEER-14.3-SEER2,SFm&2&rDXHP&Ex&dxHP_equip,RE-dxAC_eq-pkgSEER-14.3-SEER2,,,,,,,,,,,,,,,,,,,,,,,,,,,,,,,,,,,,,,,
SWHC049-09 SEER Rated AC HP_SFm_1975/runs/CZ08/SFm&2&rDXHP&Ex&dxHP_equip/RE-dxAC_eq-pkgSEER-15.2-SEER2/instance-out.sql,CZ08,SFm,2,rDXHP,Ex,dxHP_equip,,RE-dxAC_eq-pkgSEER-15.2-SEER2,SFm&2&rDXHP&Ex&dxHP_equip,RE-dxAC_eq-pkgSEER-15.2-SEER2,,,,,,,,,,,,,,,,,,,,,,,,,,,,,,,,,,,,,,,
SWHC049-09 SEER Rated AC HP_SFm_1975/runs/CZ08/SFm&2&rDXHP&Ex&dxHP_equip/RE-dxAC_eq-pkgSEER-16.9-SEER2/instance-out.sql,CZ08,SFm,2,rDXHP,Ex,dxHP_equip,,RE-dxAC_eq-pkgSEER-16.9-SEER2,SFm&2&rDXHP&Ex&dxHP_equip,RE-dxAC_eq-pkgSEER-16.9-SEER2,,,,,,,,,,,,,,,,,,,,,,,,,,,,,,,,,,,,,,,
SWHC049-09 SEER Rated AC HP_SFm_1975/runs/CZ08/SFm&2&rDXHP&Ex&dxHP_equip/RE-dxAC_eq-pkgSEER-17.8-SEER2/instance-out.sql,CZ08,SFm,2,rDXHP,Ex,dxHP_equip,,RE-dxAC_eq-pkgSEER-17.8-SEER2,SFm&2&rDXHP&Ex&dxHP_equip,RE-dxAC_eq-pkgSEER-17.8-SEER2,,,,,,,,,,,,,,,,,,,,,,,,,,,,,,,,,,,,,,,
SWHC049-09 SEER Rated AC HP_SFm_1975/runs/CZ08/SFm&2&rDXHP&Ex&dxHP_equip/RE-dxAC_eq-pkgSEER-18.7-SEER2/instance-out.sql,CZ08,SFm,2,rDXHP,Ex,dxHP_equip,,RE-dxAC_eq-pkgSEER-18.7-SEER2,SFm&2&rDXHP&Ex&dxHP_equip,RE-dxAC_eq-pkgSEER-18.7-SEER2,,,,,,,,,,,,,,,,,,,,,,,,,,,,,,,,,,,,,,,
SWHC049-09 SEER Rated AC HP_SFm_1975/runs/CZ08/SFm&2&rDXHP&Ex&dxHP_equip/RE-dxAC_eq-pkgSEER-19.6-SEER2/instance-out.sql,CZ08,SFm,2,rDXHP,Ex,dxHP_equip,,RE-dxAC_eq-pkgSEER-19.6-SEER2,SFm&2&rDXHP&Ex&dxHP_equip,RE-dxAC_eq-pkgSEER-19.6-SEER2,,,,,,,,,,,,,,,,,,,,,,,,,,,,,,,,,,,,,,,
SWHC049-09 SEER Rated AC HP_SFm_1975/runs/CZ08/SFm&2&rDXHP&Ex&dxHP_equip/RE-dxHP_eq-pkgSEER-12.5-SEER2-6.4-HSPF2/instance-out.sql,CZ08,SFm,2,rDXHP,Ex,dxHP_equip,,RE-dxHP_eq-pkgSEER-12.5-SEER2-6.4-HSPF2,SFm&2&rDXHP&Ex&dxHP_equip,RE-dxHP_eq-pkgSEER-12.5-SEER2-6.4-HSPF2,,,,,,,,,,,,,,,,,,,,,,,,,,,,,,,,,,,,,,,
SWHC049-09 SEER Rated AC HP_SFm_1975/runs/CZ08/SFm&2&rDXHP&Ex&dxHP_equip/RE-dxHP_eq-pkgSEER-14.3-SEER2-7.5-HSPF2/instance-out.sql,CZ08,SFm,2,rDXHP,Ex,dxHP_equip,,RE-dxHP_eq-pkgSEER-14.3-SEER2-7.5-HSPF2,SFm&2&rDXHP&Ex&dxHP_equip,RE-dxHP_eq-pkgSEER-14.3-SEER2-7.5-HSPF2,,,,,,,,,,,,,,,,,,,,,,,,,,,,,,,,,,,,,,,
SWHC049-09 SEER Rated AC HP_SFm_1975/runs/CZ08/SFm&2&rDXHP&Ex&dxHP_equip/RE-dxHP_eq-pkgSEER-15.2-SEER2-7.7-HSPF2/instance-out.sql,CZ08,SFm,2,rDXHP,Ex,dxHP_equip,,RE-dxHP_eq-pkgSEER-15.2-SEER2-7.7-HSPF2,SFm&2&rDXHP&Ex&dxHP_equip,RE-dxHP_eq-pkgSEER-15.2-SEER2-7.7-HSPF2,,,,,,,,,,,,,,,,,,,,,,,,,,,,,,,,,,,,,,,
SWHC049-09 SEER Rated AC HP_SFm_1975/runs/CZ08/SFm&2&rDXHP&Ex&dxHP_equip/RE-dxHP_eq-pkgSEER-16.0-SEER2-8.0-HSPF2/instance-out.sql,CZ08,SFm,2,rDXHP,Ex,dxHP_equip,,RE-dxHP_eq-pkgSEER-16.0-SEER2-8.0-HSPF2,SFm&2&rDXHP&Ex&dxHP_equip,RE-dxHP_eq-pkgSEER-16.0-SEER2-8.0-HSPF2,,,,,,,,,,,,,,,,,,,,,,,,,,,,,,,,,,,,,,,
SWHC049-09 SEER Rated AC HP_SFm_1975/runs/CZ08/SFm&2&rDXHP&Ex&dxHP_equip/RE-dxHP_eq-pkgSEER-17.8-SEER2-8.1-HSPF2/instance-out.sql,CZ08,SFm,2,rDXHP,Ex,dxHP_equip,,RE-dxHP_eq-pkgSEER-17.8-SEER2-8.1-HSPF2,SFm&2&rDXHP&Ex&dxHP_equip,RE-dxHP_eq-pkgSEER-17.8-SEER2-8.1-HSPF2,,,,,,,,,,,,,,,,,,,,,,,,,,,,,,,,,,,,,,,
SWHC049-09 SEER Rated AC HP_SFm_1975/runs/CZ08/SFm&2&rDXHP&Ex&dxHP_equip/RE-dxHP_eq-pkgSEER-18.7-SEER2-8.5-HSPF2/instance-out.sql,CZ08,SFm,2,rDXHP,Ex,dxHP_equip,,RE-dxHP_eq-pkgSEER-18.7-SEER2-8.5-HSPF2,SFm&2&rDXHP&Ex&dxHP_equip,RE-dxHP_eq-pkgSEER-18.7-SEER2-8.5-HSPF2,,,,,,,,,,,,,,,,,,,,,,,,,,,,,,,,,,,,,,,
SWHC049-09 SEER Rated AC HP_SFm_1975/runs/CZ08/SFm&2&rDXHP&Ex&dxHP_equip/RE-dxHP_eq-pkgSEER-19.6-SEER2-8.9-HSPF2/instance-out.sql,CZ08,SFm,2,rDXHP,Ex,dxHP_equip,,RE-dxHP_eq-pkgSEER-19.6-SEER2-8.9-HSPF2,SFm&2&rDXHP&Ex&dxHP_equip,RE-dxHP_eq-pkgSEER-19.6-SEER2-8.9-HSPF2,,,,,,,,,,,,,,,,,,,,,,,,,,,,,,,,,,,,,,,
SWHC049-09 SEER Rated AC HP_SFm_1975/runs/CZ08/SFm&1&rDXHP&Ex&dxHP_equip/RE-dxAC_eq-pkgSEER-12.5-SEER2/instance-out.sql,CZ08,SFm,1,rDXHP,Ex,dxHP_equip,,RE-dxAC_eq-pkgSEER-12.5-SEER2,SFm&1&rDXHP&Ex&dxHP_equip,RE-dxAC_eq-pkgSEER-12.5-SEER2,,,,,,,,,,,,,,,,,,,,,,,,,,,,,,,,,,,,,,,
SWHC049-09 SEER Rated AC HP_SFm_1975/runs/CZ08/SFm&1&rDXHP&Ex&dxHP_equip/RE-dxAC_eq-pkgSEER-13.8-SEER2/instance-out.sql,CZ08,SFm,1,rDXHP,Ex,dxHP_equip,,RE-dxAC_eq-pkgSEER-13.8-SEER2,SFm&1&rDXHP&Ex&dxHP_equip,RE-dxAC_eq-pkgSEER-13.8-SEER2,,,,,,,,,,,,,,,,,,,,,,,,,,,,,,,,,,,,,,,
SWHC049-09 SEER Rated AC HP_SFm_1975/runs/CZ08/SFm&1&rDXHP&Ex&dxHP_equip/RE-dxAC_eq-pkgSEER-14.3-SEER2/instance-out.sql,CZ08,SFm,1,rDXHP,Ex,dxHP_equip,,RE-dxAC_eq-pkgSEER-14.3-SEER2,SFm&1&rDXHP&Ex&dxHP_equip,RE-dxAC_eq-pkgSEER-14.3-SEER2,,,,,,,,,,,,,,,,,,,,,,,,,,,,,,,,,,,,,,,
SWHC049-09 SEER Rated AC HP_SFm_1975/runs/CZ08/SFm&1&rDXHP&Ex&dxHP_equip/RE-dxAC_eq-pkgSEER-15.2-SEER2/instance-out.sql,CZ08,SFm,1,rDXHP,Ex,dxHP_equip,,RE-dxAC_eq-pkgSEER-15.2-SEER2,SFm&1&rDXHP&Ex&dxHP_equip,RE-dxAC_eq-pkgSEER-15.2-SEER2,,,,,,,,,,,,,,,,,,,,,,,,,,,,,,,,,,,,,,,
SWHC049-09 SEER Rated AC HP_SFm_1975/runs/CZ08/SFm&1&rDXHP&Ex&dxHP_equip/RE-dxAC_eq-pkgSEER-16.9-SEER2/instance-out.sql,CZ08,SFm,1,rDXHP,Ex,dxHP_equip,,RE-dxAC_eq-pkgSEER-16.9-SEER2,SFm&1&rDXHP&Ex&dxHP_equip,RE-dxAC_eq-pkgSEER-16.9-SEER2,,,,,,,,,,,,,,,,,,,,,,,,,,,,,,,,,,,,,,,
SWHC049-09 SEER Rated AC HP_SFm_1975/runs/CZ08/SFm&1&rDXHP&Ex&dxHP_equip/RE-dxAC_eq-pkgSEER-17.8-SEER2/instance-out.sql,CZ08,SFm,1,rDXHP,Ex,dxHP_equip,,RE-dxAC_eq-pkgSEER-17.8-SEER2,SFm&1&rDXHP&Ex&dxHP_equip,RE-dxAC_eq-pkgSEER-17.8-SEER2,,,,,,,,,,,,,,,,,,,,,,,,,,,,,,,,,,,,,,,
SWHC049-09 SEER Rated AC HP_SFm_1975/runs/CZ08/SFm&1&rDXHP&Ex&dxHP_equip/RE-dxAC_eq-pkgSEER-18.7-SEER2/instance-out.sql,CZ08,SFm,1,rDXHP,Ex,dxHP_equip,,RE-dxAC_eq-pkgSEER-18.7-SEER2,SFm&1&rDXHP&Ex&dxHP_equip,RE-dxAC_eq-pkgSEER-18.7-SEER2,,,,,,,,,,,,,,,,,,,,,,,,,,,,,,,,,,,,,,,
SWHC049-09 SEER Rated AC HP_SFm_1975/runs/CZ08/SFm&1&rDXHP&Ex&dxHP_equip/RE-dxAC_eq-pkgSEER-19.6-SEER2/instance-out.sql,CZ08,SFm,1,rDXHP,Ex,dxHP_equip,,RE-dxAC_eq-pkgSEER-19.6-SEER2,SFm&1&rDXHP&Ex&dxHP_equip,RE-dxAC_eq-pkgSEER-19.6-SEER2,,,,,,,,,,,,,,,,,,,,,,,,,,,,,,,,,,,,,,,
SWHC049-09 SEER Rated AC HP_SFm_1975/runs/CZ08/SFm&1&rDXHP&Ex&dxHP_equip/RE-dxHP_eq-pkgSEER-12.5-SEER2-6.4-HSPF2/instance-out.sql,CZ08,SFm,1,rDXHP,Ex,dxHP_equip,,RE-dxHP_eq-pkgSEER-12.5-SEER2-6.4-HSPF2,SFm&1&rDXHP&Ex&dxHP_equip,RE-dxHP_eq-pkgSEER-12.5-SEER2-6.4-HSPF2,,,,,,,,,,,,,,,,,,,,,,,,,,,,,,,,,,,,,,,
SWHC049-09 SEER Rated AC HP_SFm_1975/runs/CZ08/SFm&1&rDXHP&Ex&dxHP_equip/RE-dxHP_eq-pkgSEER-14.3-SEER2-7.5-HSPF2/instance-out.sql,CZ08,SFm,1,rDXHP,Ex,dxHP_equip,,RE-dxHP_eq-pkgSEER-14.3-SEER2-7.5-HSPF2,SFm&1&rDXHP&Ex&dxHP_equip,RE-dxHP_eq-pkgSEER-14.3-SEER2-7.5-HSPF2,,,,,,,,,,,,,,,,,,,,,,,,,,,,,,,,,,,,,,,
SWHC049-09 SEER Rated AC HP_SFm_1975/runs/CZ08/SFm&1&rDXHP&Ex&dxHP_equip/RE-dxHP_eq-pkgSEER-15.2-SEER2-7.7-HSPF2/instance-out.sql,CZ08,SFm,1,rDXHP,Ex,dxHP_equip,,RE-dxHP_eq-pkgSEER-15.2-SEER2-7.7-HSPF2,SFm&1&rDXHP&Ex&dxHP_equip,RE-dxHP_eq-pkgSEER-15.2-SEER2-7.7-HSPF2,,,,,,,,,,,,,,,,,,,,,,,,,,,,,,,,,,,,,,,
SWHC049-09 SEER Rated AC HP_SFm_1975/runs/CZ08/SFm&1&rDXHP&Ex&dxHP_equip/RE-dxHP_eq-pkgSEER-16.0-SEER2-8.0-HSPF2/instance-out.sql,CZ08,SFm,1,rDXHP,Ex,dxHP_equip,,RE-dxHP_eq-pkgSEER-16.0-SEER2-8.0-HSPF2,SFm&1&rDXHP&Ex&dxHP_equip,RE-dxHP_eq-pkgSEER-16.0-SEER2-8.0-HSPF2,,,,,,,,,,,,,,,,,,,,,,,,,,,,,,,,,,,,,,,
SWHC049-09 SEER Rated AC HP_SFm_1975/runs/CZ08/SFm&1&rDXHP&Ex&dxHP_equip/RE-dxHP_eq-pkgSEER-17.8-SEER2-8.1-HSPF2/instance-out.sql,CZ08,SFm,1,rDXHP,Ex,dxHP_equip,,RE-dxHP_eq-pkgSEER-17.8-SEER2-8.1-HSPF2,SFm&1&rDXHP&Ex&dxHP_equip,RE-dxHP_eq-pkgSEER-17.8-SEER2-8.1-HSPF2,,,,,,,,,,,,,,,,,,,,,,,,,,,,,,,,,,,,,,,
SWHC049-09 SEER Rated AC HP_SFm_1975/runs/CZ08/SFm&1&rDXHP&Ex&dxHP_equip/RE-dxHP_eq-pkgSEER-18.7-SEER2-8.5-HSPF2/instance-out.sql,CZ08,SFm,1,rDXHP,Ex,dxHP_equip,,RE-dxHP_eq-pkgSEER-18.7-SEER2-8.5-HSPF2,SFm&1&rDXHP&Ex&dxHP_equip,RE-dxHP_eq-pkgSEER-18.7-SEER2-8.5-HSPF2,,,,,,,,,,,,,,,,,,,,,,,,,,,,,,,,,,,,,,,
SWHC049-09 SEER Rated AC HP_SFm_1975/runs/CZ08/SFm&1&rDXHP&Ex&dxHP_equip/RE-dxHP_eq-pkgSEER-19.6-SEER2-8.9-HSPF2/instance-out.sql,CZ08,SFm,1,rDXHP,Ex,dxHP_equip,,RE-dxHP_eq-pkgSEER-19.6-SEER2-8.9-HSPF2,SFm&1&rDXHP&Ex&dxHP_equip,RE-dxHP_eq-pkgSEER-19.6-SEER2-8.9-HSPF2,,,,,,,,,,,,,,,,,,,,,,,,,,,,,,,,,,,,,,,
SWHC049-09 SEER Rated AC HP_SFm_1975/runs/CZ07/SFm&2&rDXHP&Ex&dxHP_equip/RE-dxAC_eq-pkgSEER-12.5-SEER2/instance-out.sql,CZ07,SFm,2,rDXHP,Ex,dxHP_equip,,RE-dxAC_eq-pkgSEER-12.5-SEER2,SFm&2&rDXHP&Ex&dxHP_equip,RE-dxAC_eq-pkgSEER-12.5-SEER2,,,,,,,,,,,,,,,,,,,,,,,,,,,,,,,,,,,,,,,
SWHC049-09 SEER Rated AC HP_SFm_1975/runs/CZ07/SFm&2&rDXHP&Ex&dxHP_equip/RE-dxAC_eq-pkgSEER-13.8-SEER2/instance-out.sql,CZ07,SFm,2,rDXHP,Ex,dxHP_equip,,RE-dxAC_eq-pkgSEER-13.8-SEER2,SFm&2&rDXHP&Ex&dxHP_equip,RE-dxAC_eq-pkgSEER-13.8-SEER2,,,,,,,,,,,,,,,,,,,,,,,,,,,,,,,,,,,,,,,
SWHC049-09 SEER Rated AC HP_SFm_1975/runs/CZ07/SFm&2&rDXHP&Ex&dxHP_equip/RE-dxAC_eq-pkgSEER-14.3-SEER2/instance-out.sql,CZ07,SFm,2,rDXHP,Ex,dxHP_equip,,RE-dxAC_eq-pkgSEER-14.3-SEER2,SFm&2&rDXHP&Ex&dxHP_equip,RE-dxAC_eq-pkgSEER-14.3-SEER2,,,,,,,,,,,,,,,,,,,,,,,,,,,,,,,,,,,,,,,
SWHC049-09 SEER Rated AC HP_SFm_1975/runs/CZ07/SFm&2&rDXHP&Ex&dxHP_equip/RE-dxAC_eq-pkgSEER-15.2-SEER2/instance-out.sql,CZ07,SFm,2,rDXHP,Ex,dxHP_equip,,RE-dxAC_eq-pkgSEER-15.2-SEER2,SFm&2&rDXHP&Ex&dxHP_equip,RE-dxAC_eq-pkgSEER-15.2-SEER2,,,,,,,,,,,,,,,,,,,,,,,,,,,,,,,,,,,,,,,
SWHC049-09 SEER Rated AC HP_SFm_1975/runs/CZ07/SFm&2&rDXHP&Ex&dxHP_equip/RE-dxAC_eq-pkgSEER-16.9-SEER2/instance-out.sql,CZ07,SFm,2,rDXHP,Ex,dxHP_equip,,RE-dxAC_eq-pkgSEER-16.9-SEER2,SFm&2&rDXHP&Ex&dxHP_equip,RE-dxAC_eq-pkgSEER-16.9-SEER2,,,,,,,,,,,,,,,,,,,,,,,,,,,,,,,,,,,,,,,
SWHC049-09 SEER Rated AC HP_SFm_1975/runs/CZ07/SFm&2&rDXHP&Ex&dxHP_equip/RE-dxAC_eq-pkgSEER-17.8-SEER2/instance-out.sql,CZ07,SFm,2,rDXHP,Ex,dxHP_equip,,RE-dxAC_eq-pkgSEER-17.8-SEER2,SFm&2&rDXHP&Ex&dxHP_equip,RE-dxAC_eq-pkgSEER-17.8-SEER2,,,,,,,,,,,,,,,,,,,,,,,,,,,,,,,,,,,,,,,
SWHC049-09 SEER Rated AC HP_SFm_1975/runs/CZ07/SFm&2&rDXHP&Ex&dxHP_equip/RE-dxAC_eq-pkgSEER-18.7-SEER2/instance-out.sql,CZ07,SFm,2,rDXHP,Ex,dxHP_equip,,RE-dxAC_eq-pkgSEER-18.7-SEER2,SFm&2&rDXHP&Ex&dxHP_equip,RE-dxAC_eq-pkgSEER-18.7-SEER2,,,,,,,,,,,,,,,,,,,,,,,,,,,,,,,,,,,,,,,
SWHC049-09 SEER Rated AC HP_SFm_1975/runs/CZ07/SFm&2&rDXHP&Ex&dxHP_equip/RE-dxAC_eq-pkgSEER-19.6-SEER2/instance-out.sql,CZ07,SFm,2,rDXHP,Ex,dxHP_equip,,RE-dxAC_eq-pkgSEER-19.6-SEER2,SFm&2&rDXHP&Ex&dxHP_equip,RE-dxAC_eq-pkgSEER-19.6-SEER2,,,,,,,,,,,,,,,,,,,,,,,,,,,,,,,,,,,,,,,
SWHC049-09 SEER Rated AC HP_SFm_1975/runs/CZ07/SFm&2&rDXHP&Ex&dxHP_equip/RE-dxHP_eq-pkgSEER-12.5-SEER2-6.4-HSPF2/instance-out.sql,CZ07,SFm,2,rDXHP,Ex,dxHP_equip,,RE-dxHP_eq-pkgSEER-12.5-SEER2-6.4-HSPF2,SFm&2&rDXHP&Ex&dxHP_equip,RE-dxHP_eq-pkgSEER-12.5-SEER2-6.4-HSPF2,,,,,,,,,,,,,,,,,,,,,,,,,,,,,,,,,,,,,,,
SWHC049-09 SEER Rated AC HP_SFm_1975/runs/CZ07/SFm&2&rDXHP&Ex&dxHP_equip/RE-dxHP_eq-pkgSEER-14.3-SEER2-7.5-HSPF2/instance-out.sql,CZ07,SFm,2,rDXHP,Ex,dxHP_equip,,RE-dxHP_eq-pkgSEER-14.3-SEER2-7.5-HSPF2,SFm&2&rDXHP&Ex&dxHP_equip,RE-dxHP_eq-pkgSEER-14.3-SEER2-7.5-HSPF2,,,,,,,,,,,,,,,,,,,,,,,,,,,,,,,,,,,,,,,
SWHC049-09 SEER Rated AC HP_SFm_1975/runs/CZ07/SFm&2&rDXHP&Ex&dxHP_equip/RE-dxHP_eq-pkgSEER-15.2-SEER2-7.7-HSPF2/instance-out.sql,CZ07,SFm,2,rDXHP,Ex,dxHP_equip,,RE-dxHP_eq-pkgSEER-15.2-SEER2-7.7-HSPF2,SFm&2&rDXHP&Ex&dxHP_equip,RE-dxHP_eq-pkgSEER-15.2-SEER2-7.7-HSPF2,,,,,,,,,,,,,,,,,,,,,,,,,,,,,,,,,,,,,,,
SWHC049-09 SEER Rated AC HP_SFm_1975/runs/CZ07/SFm&2&rDXHP&Ex&dxHP_equip/RE-dxHP_eq-pkgSEER-16.0-SEER2-8.0-HSPF2/instance-out.sql,CZ07,SFm,2,rDXHP,Ex,dxHP_equip,,RE-dxHP_eq-pkgSEER-16.0-SEER2-8.0-HSPF2,SFm&2&rDXHP&Ex&dxHP_equip,RE-dxHP_eq-pkgSEER-16.0-SEER2-8.0-HSPF2,,,,,,,,,,,,,,,,,,,,,,,,,,,,,,,,,,,,,,,
SWHC049-09 SEER Rated AC HP_SFm_1975/runs/CZ07/SFm&2&rDXHP&Ex&dxHP_equip/RE-dxHP_eq-pkgSEER-17.8-SEER2-8.1-HSPF2/instance-out.sql,CZ07,SFm,2,rDXHP,Ex,dxHP_equip,,RE-dxHP_eq-pkgSEER-17.8-SEER2-8.1-HSPF2,SFm&2&rDXHP&Ex&dxHP_equip,RE-dxHP_eq-pkgSEER-17.8-SEER2-8.1-HSPF2,,,,,,,,,,,,,,,,,,,,,,,,,,,,,,,,,,,,,,,
SWHC049-09 SEER Rated AC HP_SFm_1975/runs/CZ07/SFm&2&rDXHP&Ex&dxHP_equip/RE-dxHP_eq-pkgSEER-18.7-SEER2-8.5-HSPF2/instance-out.sql,CZ07,SFm,2,rDXHP,Ex,dxHP_equip,,RE-dxHP_eq-pkgSEER-18.7-SEER2-8.5-HSPF2,SFm&2&rDXHP&Ex&dxHP_equip,RE-dxHP_eq-pkgSEER-18.7-SEER2-8.5-HSPF2,,,,,,,,,,,,,,,,,,,,,,,,,,,,,,,,,,,,,,,
SWHC049-09 SEER Rated AC HP_SFm_1975/runs/CZ07/SFm&2&rDXHP&Ex&dxHP_equip/RE-dxHP_eq-pkgSEER-19.6-SEER2-8.9-HSPF2/instance-out.sql,CZ07,SFm,2,rDXHP,Ex,dxHP_equip,,RE-dxHP_eq-pkgSEER-19.6-SEER2-8.9-HSPF2,SFm&2&rDXHP&Ex&dxHP_equip,RE-dxHP_eq-pkgSEER-19.6-SEER2-8.9-HSPF2,,,,,,,,,,,,,,,,,,,,,,,,,,,,,,,,,,,,,,,
SWHC049-09 SEER Rated AC HP_SFm_1975/runs/CZ07/SFm&1&rDXHP&Ex&dxHP_equip/RE-dxAC_eq-pkgSEER-12.5-SEER2/instance-out.sql,CZ07,SFm,1,rDXHP,Ex,dxHP_equip,,RE-dxAC_eq-pkgSEER-12.5-SEER2,SFm&1&rDXHP&Ex&dxHP_equip,RE-dxAC_eq-pkgSEER-12.5-SEER2,,,,,,,,,,,,,,,,,,,,,,,,,,,,,,,,,,,,,,,
SWHC049-09 SEER Rated AC HP_SFm_1975/runs/CZ07/SFm&1&rDXHP&Ex&dxHP_equip/RE-dxAC_eq-pkgSEER-13.8-SEER2/instance-out.sql,CZ07,SFm,1,rDXHP,Ex,dxHP_equip,,RE-dxAC_eq-pkgSEER-13.8-SEER2,SFm&1&rDXHP&Ex&dxHP_equip,RE-dxAC_eq-pkgSEER-13.8-SEER2,,,,,,,,,,,,,,,,,,,,,,,,,,,,,,,,,,,,,,,
SWHC049-09 SEER Rated AC HP_SFm_1975/runs/CZ07/SFm&1&rDXHP&Ex&dxHP_equip/RE-dxAC_eq-pkgSEER-14.3-SEER2/instance-out.sql,CZ07,SFm,1,rDXHP,Ex,dxHP_equip,,RE-dxAC_eq-pkgSEER-14.3-SEER2,SFm&1&rDXHP&Ex&dxHP_equip,RE-dxAC_eq-pkgSEER-14.3-SEER2,,,,,,,,,,,,,,,,,,,,,,,,,,,,,,,,,,,,,,,
SWHC049-09 SEER Rated AC HP_SFm_1975/runs/CZ07/SFm&1&rDXHP&Ex&dxHP_equip/RE-dxAC_eq-pkgSEER-15.2-SEER2/instance-out.sql,CZ07,SFm,1,rDXHP,Ex,dxHP_equip,,RE-dxAC_eq-pkgSEER-15.2-SEER2,SFm&1&rDXHP&Ex&dxHP_equip,RE-dxAC_eq-pkgSEER-15.2-SEER2,,,,,,,,,,,,,,,,,,,,,,,,,,,,,,,,,,,,,,,
SWHC049-09 SEER Rated AC HP_SFm_1975/runs/CZ07/SFm&1&rDXHP&Ex&dxHP_equip/RE-dxAC_eq-pkgSEER-16.9-SEER2/instance-out.sql,CZ07,SFm,1,rDXHP,Ex,dxHP_equip,,RE-dxAC_eq-pkgSEER-16.9-SEER2,SFm&1&rDXHP&Ex&dxHP_equip,RE-dxAC_eq-pkgSEER-16.9-SEER2,,,,,,,,,,,,,,,,,,,,,,,,,,,,,,,,,,,,,,,
SWHC049-09 SEER Rated AC HP_SFm_1975/runs/CZ07/SFm&1&rDXHP&Ex&dxHP_equip/RE-dxAC_eq-pkgSEER-17.8-SEER2/instance-out.sql,CZ07,SFm,1,rDXHP,Ex,dxHP_equip,,RE-dxAC_eq-pkgSEER-17.8-SEER2,SFm&1&rDXHP&Ex&dxHP_equip,RE-dxAC_eq-pkgSEER-17.8-SEER2,,,,,,,,,,,,,,,,,,,,,,,,,,,,,,,,,,,,,,,
SWHC049-09 SEER Rated AC HP_SFm_1975/runs/CZ07/SFm&1&rDXHP&Ex&dxHP_equip/RE-dxAC_eq-pkgSEER-18.7-SEER2/instance-out.sql,CZ07,SFm,1,rDXHP,Ex,dxHP_equip,,RE-dxAC_eq-pkgSEER-18.7-SEER2,SFm&1&rDXHP&Ex&dxHP_equip,RE-dxAC_eq-pkgSEER-18.7-SEER2,,,,,,,,,,,,,,,,,,,,,,,,,,,,,,,,,,,,,,,
SWHC049-09 SEER Rated AC HP_SFm_1975/runs/CZ07/SFm&1&rDXHP&Ex&dxHP_equip/RE-dxAC_eq-pkgSEER-19.6-SEER2/instance-out.sql,CZ07,SFm,1,rDXHP,Ex,dxHP_equip,,RE-dxAC_eq-pkgSEER-19.6-SEER2,SFm&1&rDXHP&Ex&dxHP_equip,RE-dxAC_eq-pkgSEER-19.6-SEER2,,,,,,,,,,,,,,,,,,,,,,,,,,,,,,,,,,,,,,,
SWHC049-09 SEER Rated AC HP_SFm_1975/runs/CZ07/SFm&1&rDXHP&Ex&dxHP_equip/RE-dxHP_eq-pkgSEER-12.5-SEER2-6.4-HSPF2/instance-out.sql,CZ07,SFm,1,rDXHP,Ex,dxHP_equip,,RE-dxHP_eq-pkgSEER-12.5-SEER2-6.4-HSPF2,SFm&1&rDXHP&Ex&dxHP_equip,RE-dxHP_eq-pkgSEER-12.5-SEER2-6.4-HSPF2,,,,,,,,,,,,,,,,,,,,,,,,,,,,,,,,,,,,,,,
SWHC049-09 SEER Rated AC HP_SFm_1975/runs/CZ07/SFm&1&rDXHP&Ex&dxHP_equip/RE-dxHP_eq-pkgSEER-14.3-SEER2-7.5-HSPF2/instance-out.sql,CZ07,SFm,1,rDXHP,Ex,dxHP_equip,,RE-dxHP_eq-pkgSEER-14.3-SEER2-7.5-HSPF2,SFm&1&rDXHP&Ex&dxHP_equip,RE-dxHP_eq-pkgSEER-14.3-SEER2-7.5-HSPF2,,,,,,,,,,,,,,,,,,,,,,,,,,,,,,,,,,,,,,,
SWHC049-09 SEER Rated AC HP_SFm_1975/runs/CZ07/SFm&1&rDXHP&Ex&dxHP_equip/RE-dxHP_eq-pkgSEER-15.2-SEER2-7.7-HSPF2/instance-out.sql,CZ07,SFm,1,rDXHP,Ex,dxHP_equip,,RE-dxHP_eq-pkgSEER-15.2-SEER2-7.7-HSPF2,SFm&1&rDXHP&Ex&dxHP_equip,RE-dxHP_eq-pkgSEER-15.2-SEER2-7.7-HSPF2,,,,,,,,,,,,,,,,,,,,,,,,,,,,,,,,,,,,,,,
SWHC049-09 SEER Rated AC HP_SFm_1975/runs/CZ07/SFm&1&rDXHP&Ex&dxHP_equip/RE-dxHP_eq-pkgSEER-16.0-SEER2-8.0-HSPF2/instance-out.sql,CZ07,SFm,1,rDXHP,Ex,dxHP_equip,,RE-dxHP_eq-pkgSEER-16.0-SEER2-8.0-HSPF2,SFm&1&rDXHP&Ex&dxHP_equip,RE-dxHP_eq-pkgSEER-16.0-SEER2-8.0-HSPF2,,,,,,,,,,,,,,,,,,,,,,,,,,,,,,,,,,,,,,,
SWHC049-09 SEER Rated AC HP_SFm_1975/runs/CZ07/SFm&1&rDXHP&Ex&dxHP_equip/RE-dxHP_eq-pkgSEER-17.8-SEER2-8.1-HSPF2/instance-out.sql,CZ07,SFm,1,rDXHP,Ex,dxHP_equip,,RE-dxHP_eq-pkgSEER-17.8-SEER2-8.1-HSPF2,SFm&1&rDXHP&Ex&dxHP_equip,RE-dxHP_eq-pkgSEER-17.8-SEER2-8.1-HSPF2,,,,,,,,,,,,,,,,,,,,,,,,,,,,,,,,,,,,,,,
SWHC049-09 SEER Rated AC HP_SFm_1975/runs/CZ07/SFm&1&rDXHP&Ex&dxHP_equip/RE-dxHP_eq-pkgSEER-18.7-SEER2-8.5-HSPF2/instance-out.sql,CZ07,SFm,1,rDXHP,Ex,dxHP_equip,,RE-dxHP_eq-pkgSEER-18.7-SEER2-8.5-HSPF2,SFm&1&rDXHP&Ex&dxHP_equip,RE-dxHP_eq-pkgSEER-18.7-SEER2-8.5-HSPF2,,,,,,,,,,,,,,,,,,,,,,,,,,,,,,,,,,,,,,,
SWHC049-09 SEER Rated AC HP_SFm_1975/runs/CZ07/SFm&1&rDXHP&Ex&dxHP_equip/RE-dxHP_eq-pkgSEER-19.6-SEER2-8.9-HSPF2/instance-out.sql,CZ07,SFm,1,rDXHP,Ex,dxHP_equip,,RE-dxHP_eq-pkgSEER-19.6-SEER2-8.9-HSPF2,SFm&1&rDXHP&Ex&dxHP_equip,RE-dxHP_eq-pkgSEER-19.6-SEER2-8.9-HSPF2,,,,,,,,,,,,,,,,,,,,,,,,,,,,,,,,,,,,,,,
SWHC049-09 SEER Rated AC HP_SFm_1975/runs/CZ06/SFm&2&rDXHP&Ex&dxHP_equip/RE-dxAC_eq-pkgSEER-12.5-SEER2/instance-out.sql,CZ06,SFm,2,rDXHP,Ex,dxHP_equip,,RE-dxAC_eq-pkgSEER-12.5-SEER2,SFm&2&rDXHP&Ex&dxHP_equip,RE-dxAC_eq-pkgSEER-12.5-SEER2,,,,,,,,,,,,,,,,,,,,,,,,,,,,,,,,,,,,,,,
SWHC049-09 SEER Rated AC HP_SFm_1975/runs/CZ06/SFm&2&rDXHP&Ex&dxHP_equip/RE-dxAC_eq-pkgSEER-13.8-SEER2/instance-out.sql,CZ06,SFm,2,rDXHP,Ex,dxHP_equip,,RE-dxAC_eq-pkgSEER-13.8-SEER2,SFm&2&rDXHP&Ex&dxHP_equip,RE-dxAC_eq-pkgSEER-13.8-SEER2,,,,,,,,,,,,,,,,,,,,,,,,,,,,,,,,,,,,,,,
SWHC049-09 SEER Rated AC HP_SFm_1975/runs/CZ06/SFm&2&rDXHP&Ex&dxHP_equip/RE-dxAC_eq-pkgSEER-14.3-SEER2/instance-out.sql,CZ06,SFm,2,rDXHP,Ex,dxHP_equip,,RE-dxAC_eq-pkgSEER-14.3-SEER2,SFm&2&rDXHP&Ex&dxHP_equip,RE-dxAC_eq-pkgSEER-14.3-SEER2,,,,,,,,,,,,,,,,,,,,,,,,,,,,,,,,,,,,,,,
SWHC049-09 SEER Rated AC HP_SFm_1975/runs/CZ06/SFm&2&rDXHP&Ex&dxHP_equip/RE-dxAC_eq-pkgSEER-15.2-SEER2/instance-out.sql,CZ06,SFm,2,rDXHP,Ex,dxHP_equip,,RE-dxAC_eq-pkgSEER-15.2-SEER2,SFm&2&rDXHP&Ex&dxHP_equip,RE-dxAC_eq-pkgSEER-15.2-SEER2,,,,,,,,,,,,,,,,,,,,,,,,,,,,,,,,,,,,,,,
SWHC049-09 SEER Rated AC HP_SFm_1975/runs/CZ06/SFm&2&rDXHP&Ex&dxHP_equip/RE-dxAC_eq-pkgSEER-16.9-SEER2/instance-out.sql,CZ06,SFm,2,rDXHP,Ex,dxHP_equip,,RE-dxAC_eq-pkgSEER-16.9-SEER2,SFm&2&rDXHP&Ex&dxHP_equip,RE-dxAC_eq-pkgSEER-16.9-SEER2,,,,,,,,,,,,,,,,,,,,,,,,,,,,,,,,,,,,,,,
SWHC049-09 SEER Rated AC HP_SFm_1975/runs/CZ06/SFm&2&rDXHP&Ex&dxHP_equip/RE-dxAC_eq-pkgSEER-17.8-SEER2/instance-out.sql,CZ06,SFm,2,rDXHP,Ex,dxHP_equip,,RE-dxAC_eq-pkgSEER-17.8-SEER2,SFm&2&rDXHP&Ex&dxHP_equip,RE-dxAC_eq-pkgSEER-17.8-SEER2,,,,,,,,,,,,,,,,,,,,,,,,,,,,,,,,,,,,,,,
SWHC049-09 SEER Rated AC HP_SFm_1975/runs/CZ06/SFm&2&rDXHP&Ex&dxHP_equip/RE-dxAC_eq-pkgSEER-18.7-SEER2/instance-out.sql,CZ06,SFm,2,rDXHP,Ex,dxHP_equip,,RE-dxAC_eq-pkgSEER-18.7-SEER2,SFm&2&rDXHP&Ex&dxHP_equip,RE-dxAC_eq-pkgSEER-18.7-SEER2,,,,,,,,,,,,,,,,,,,,,,,,,,,,,,,,,,,,,,,
SWHC049-09 SEER Rated AC HP_SFm_1975/runs/CZ06/SFm&2&rDXHP&Ex&dxHP_equip/RE-dxAC_eq-pkgSEER-19.6-SEER2/instance-out.sql,CZ06,SFm,2,rDXHP,Ex,dxHP_equip,,RE-dxAC_eq-pkgSEER-19.6-SEER2,SFm&2&rDXHP&Ex&dxHP_equip,RE-dxAC_eq-pkgSEER-19.6-SEER2,,,,,,,,,,,,,,,,,,,,,,,,,,,,,,,,,,,,,,,
SWHC049-09 SEER Rated AC HP_SFm_1975/runs/CZ06/SFm&2&rDXHP&Ex&dxHP_equip/RE-dxHP_eq-pkgSEER-12.5-SEER2-6.4-HSPF2/instance-out.sql,CZ06,SFm,2,rDXHP,Ex,dxHP_equip,,RE-dxHP_eq-pkgSEER-12.5-SEER2-6.4-HSPF2,SFm&2&rDXHP&Ex&dxHP_equip,RE-dxHP_eq-pkgSEER-12.5-SEER2-6.4-HSPF2,,,,,,,,,,,,,,,,,,,,,,,,,,,,,,,,,,,,,,,
SWHC049-09 SEER Rated AC HP_SFm_1975/runs/CZ06/SFm&2&rDXHP&Ex&dxHP_equip/RE-dxHP_eq-pkgSEER-14.3-SEER2-7.5-HSPF2/instance-out.sql,CZ06,SFm,2,rDXHP,Ex,dxHP_equip,,RE-dxHP_eq-pkgSEER-14.3-SEER2-7.5-HSPF2,SFm&2&rDXHP&Ex&dxHP_equip,RE-dxHP_eq-pkgSEER-14.3-SEER2-7.5-HSPF2,,,,,,,,,,,,,,,,,,,,,,,,,,,,,,,,,,,,,,,
SWHC049-09 SEER Rated AC HP_SFm_1975/runs/CZ06/SFm&2&rDXHP&Ex&dxHP_equip/RE-dxHP_eq-pkgSEER-15.2-SEER2-7.7-HSPF2/instance-out.sql,CZ06,SFm,2,rDXHP,Ex,dxHP_equip,,RE-dxHP_eq-pkgSEER-15.2-SEER2-7.7-HSPF2,SFm&2&rDXHP&Ex&dxHP_equip,RE-dxHP_eq-pkgSEER-15.2-SEER2-7.7-HSPF2,,,,,,,,,,,,,,,,,,,,,,,,,,,,,,,,,,,,,,,
SWHC049-09 SEER Rated AC HP_SFm_1975/runs/CZ06/SFm&2&rDXHP&Ex&dxHP_equip/RE-dxHP_eq-pkgSEER-16.0-SEER2-8.0-HSPF2/instance-out.sql,CZ06,SFm,2,rDXHP,Ex,dxHP_equip,,RE-dxHP_eq-pkgSEER-16.0-SEER2-8.0-HSPF2,SFm&2&rDXHP&Ex&dxHP_equip,RE-dxHP_eq-pkgSEER-16.0-SEER2-8.0-HSPF2,,,,,,,,,,,,,,,,,,,,,,,,,,,,,,,,,,,,,,,
SWHC049-09 SEER Rated AC HP_SFm_1975/runs/CZ06/SFm&2&rDXHP&Ex&dxHP_equip/RE-dxHP_eq-pkgSEER-17.8-SEER2-8.1-HSPF2/instance-out.sql,CZ06,SFm,2,rDXHP,Ex,dxHP_equip,,RE-dxHP_eq-pkgSEER-17.8-SEER2-8.1-HSPF2,SFm&2&rDXHP&Ex&dxHP_equip,RE-dxHP_eq-pkgSEER-17.8-SEER2-8.1-HSPF2,,,,,,,,,,,,,,,,,,,,,,,,,,,,,,,,,,,,,,,
SWHC049-09 SEER Rated AC HP_SFm_1975/runs/CZ06/SFm&2&rDXHP&Ex&dxHP_equip/RE-dxHP_eq-pkgSEER-18.7-SEER2-8.5-HSPF2/instance-out.sql,CZ06,SFm,2,rDXHP,Ex,dxHP_equip,,RE-dxHP_eq-pkgSEER-18.7-SEER2-8.5-HSPF2,SFm&2&rDXHP&Ex&dxHP_equip,RE-dxHP_eq-pkgSEER-18.7-SEER2-8.5-HSPF2,,,,,,,,,,,,,,,,,,,,,,,,,,,,,,,,,,,,,,,
SWHC049-09 SEER Rated AC HP_SFm_1975/runs/CZ06/SFm&2&rDXHP&Ex&dxHP_equip/RE-dxHP_eq-pkgSEER-19.6-SEER2-8.9-HSPF2/instance-out.sql,CZ06,SFm,2,rDXHP,Ex,dxHP_equip,,RE-dxHP_eq-pkgSEER-19.6-SEER2-8.9-HSPF2,SFm&2&rDXHP&Ex&dxHP_equip,RE-dxHP_eq-pkgSEER-19.6-SEER2-8.9-HSPF2,,,,,,,,,,,,,,,,,,,,,,,,,,,,,,,,,,,,,,,
SWHC049-09 SEER Rated AC HP_SFm_1975/runs/CZ06/SFm&1&rDXHP&Ex&dxHP_equip/RE-dxAC_eq-pkgSEER-12.5-SEER2/instance-out.sql,CZ06,SFm,1,rDXHP,Ex,dxHP_equip,,RE-dxAC_eq-pkgSEER-12.5-SEER2,SFm&1&rDXHP&Ex&dxHP_equip,RE-dxAC_eq-pkgSEER-12.5-SEER2,,,,,,,,,,,,,,,,,,,,,,,,,,,,,,,,,,,,,,,
SWHC049-09 SEER Rated AC HP_SFm_1975/runs/CZ06/SFm&1&rDXHP&Ex&dxHP_equip/RE-dxAC_eq-pkgSEER-13.8-SEER2/instance-out.sql,CZ06,SFm,1,rDXHP,Ex,dxHP_equip,,RE-dxAC_eq-pkgSEER-13.8-SEER2,SFm&1&rDXHP&Ex&dxHP_equip,RE-dxAC_eq-pkgSEER-13.8-SEER2,,,,,,,,,,,,,,,,,,,,,,,,,,,,,,,,,,,,,,,
SWHC049-09 SEER Rated AC HP_SFm_1975/runs/CZ06/SFm&1&rDXHP&Ex&dxHP_equip/RE-dxAC_eq-pkgSEER-14.3-SEER2/instance-out.sql,CZ06,SFm,1,rDXHP,Ex,dxHP_equip,,RE-dxAC_eq-pkgSEER-14.3-SEER2,SFm&1&rDXHP&Ex&dxHP_equip,RE-dxAC_eq-pkgSEER-14.3-SEER2,,,,,,,,,,,,,,,,,,,,,,,,,,,,,,,,,,,,,,,
SWHC049-09 SEER Rated AC HP_SFm_1975/runs/CZ06/SFm&1&rDXHP&Ex&dxHP_equip/RE-dxAC_eq-pkgSEER-15.2-SEER2/instance-out.sql,CZ06,SFm,1,rDXHP,Ex,dxHP_equip,,RE-dxAC_eq-pkgSEER-15.2-SEER2,SFm&1&rDXHP&Ex&dxHP_equip,RE-dxAC_eq-pkgSEER-15.2-SEER2,,,,,,,,,,,,,,,,,,,,,,,,,,,,,,,,,,,,,,,
SWHC049-09 SEER Rated AC HP_SFm_1975/runs/CZ06/SFm&1&rDXHP&Ex&dxHP_equip/RE-dxAC_eq-pkgSEER-16.9-SEER2/instance-out.sql,CZ06,SFm,1,rDXHP,Ex,dxHP_equip,,RE-dxAC_eq-pkgSEER-16.9-SEER2,SFm&1&rDXHP&Ex&dxHP_equip,RE-dxAC_eq-pkgSEER-16.9-SEER2,,,,,,,,,,,,,,,,,,,,,,,,,,,,,,,,,,,,,,,
SWHC049-09 SEER Rated AC HP_SFm_1975/runs/CZ06/SFm&1&rDXHP&Ex&dxHP_equip/RE-dxAC_eq-pkgSEER-17.8-SEER2/instance-out.sql,CZ06,SFm,1,rDXHP,Ex,dxHP_equip,,RE-dxAC_eq-pkgSEER-17.8-SEER2,SFm&1&rDXHP&Ex&dxHP_equip,RE-dxAC_eq-pkgSEER-17.8-SEER2,,,,,,,,,,,,,,,,,,,,,,,,,,,,,,,,,,,,,,,
SWHC049-09 SEER Rated AC HP_SFm_1975/runs/CZ06/SFm&1&rDXHP&Ex&dxHP_equip/RE-dxAC_eq-pkgSEER-18.7-SEER2/instance-out.sql,CZ06,SFm,1,rDXHP,Ex,dxHP_equip,,RE-dxAC_eq-pkgSEER-18.7-SEER2,SFm&1&rDXHP&Ex&dxHP_equip,RE-dxAC_eq-pkgSEER-18.7-SEER2,,,,,,,,,,,,,,,,,,,,,,,,,,,,,,,,,,,,,,,
SWHC049-09 SEER Rated AC HP_SFm_1975/runs/CZ06/SFm&1&rDXHP&Ex&dxHP_equip/RE-dxAC_eq-pkgSEER-19.6-SEER2/instance-out.sql,CZ06,SFm,1,rDXHP,Ex,dxHP_equip,,RE-dxAC_eq-pkgSEER-19.6-SEER2,SFm&1&rDXHP&Ex&dxHP_equip,RE-dxAC_eq-pkgSEER-19.6-SEER2,,,,,,,,,,,,,,,,,,,,,,,,,,,,,,,,,,,,,,,
SWHC049-09 SEER Rated AC HP_SFm_1975/runs/CZ06/SFm&1&rDXHP&Ex&dxHP_equip/RE-dxHP_eq-pkgSEER-12.5-SEER2-6.4-HSPF2/instance-out.sql,CZ06,SFm,1,rDXHP,Ex,dxHP_equip,,RE-dxHP_eq-pkgSEER-12.5-SEER2-6.4-HSPF2,SFm&1&rDXHP&Ex&dxHP_equip,RE-dxHP_eq-pkgSEER-12.5-SEER2-6.4-HSPF2,,,,,,,,,,,,,,,,,,,,,,,,,,,,,,,,,,,,,,,
SWHC049-09 SEER Rated AC HP_SFm_1975/runs/CZ06/SFm&1&rDXHP&Ex&dxHP_equip/RE-dxHP_eq-pkgSEER-14.3-SEER2-7.5-HSPF2/instance-out.sql,CZ06,SFm,1,rDXHP,Ex,dxHP_equip,,RE-dxHP_eq-pkgSEER-14.3-SEER2-7.5-HSPF2,SFm&1&rDXHP&Ex&dxHP_equip,RE-dxHP_eq-pkgSEER-14.3-SEER2-7.5-HSPF2,,,,,,,,,,,,,,,,,,,,,,,,,,,,,,,,,,,,,,,
SWHC049-09 SEER Rated AC HP_SFm_1975/runs/CZ06/SFm&1&rDXHP&Ex&dxHP_equip/RE-dxHP_eq-pkgSEER-15.2-SEER2-7.7-HSPF2/instance-out.sql,CZ06,SFm,1,rDXHP,Ex,dxHP_equip,,RE-dxHP_eq-pkgSEER-15.2-SEER2-7.7-HSPF2,SFm&1&rDXHP&Ex&dxHP_equip,RE-dxHP_eq-pkgSEER-15.2-SEER2-7.7-HSPF2,,,,,,,,,,,,,,,,,,,,,,,,,,,,,,,,,,,,,,,
SWHC049-09 SEER Rated AC HP_SFm_1975/runs/CZ06/SFm&1&rDXHP&Ex&dxHP_equip/RE-dxHP_eq-pkgSEER-16.0-SEER2-8.0-HSPF2/instance-out.sql,CZ06,SFm,1,rDXHP,Ex,dxHP_equip,,RE-dxHP_eq-pkgSEER-16.0-SEER2-8.0-HSPF2,SFm&1&rDXHP&Ex&dxHP_equip,RE-dxHP_eq-pkgSEER-16.0-SEER2-8.0-HSPF2,,,,,,,,,,,,,,,,,,,,,,,,,,,,,,,,,,,,,,,
SWHC049-09 SEER Rated AC HP_SFm_1975/runs/CZ06/SFm&1&rDXHP&Ex&dxHP_equip/RE-dxHP_eq-pkgSEER-17.8-SEER2-8.1-HSPF2/instance-out.sql,CZ06,SFm,1,rDXHP,Ex,dxHP_equip,,RE-dxHP_eq-pkgSEER-17.8-SEER2-8.1-HSPF2,SFm&1&rDXHP&Ex&dxHP_equip,RE-dxHP_eq-pkgSEER-17.8-SEER2-8.1-HSPF2,,,,,,,,,,,,,,,,,,,,,,,,,,,,,,,,,,,,,,,
SWHC049-09 SEER Rated AC HP_SFm_1975/runs/CZ06/SFm&1&rDXHP&Ex&dxHP_equip/RE-dxHP_eq-pkgSEER-18.7-SEER2-8.5-HSPF2/instance-out.sql,CZ06,SFm,1,rDXHP,Ex,dxHP_equip,,RE-dxHP_eq-pkgSEER-18.7-SEER2-8.5-HSPF2,SFm&1&rDXHP&Ex&dxHP_equip,RE-dxHP_eq-pkgSEER-18.7-SEER2-8.5-HSPF2,,,,,,,,,,,,,,,,,,,,,,,,,,,,,,,,,,,,,,,
SWHC049-09 SEER Rated AC HP_SFm_1975/runs/CZ06/SFm&1&rDXHP&Ex&dxHP_equip/RE-dxHP_eq-pkgSEER-19.6-SEER2-8.9-HSPF2/instance-out.sql,CZ06,SFm,1,rDXHP,Ex,dxHP_equip,,RE-dxHP_eq-pkgSEER-19.6-SEER2-8.9-HSPF2,SFm&1&rDXHP&Ex&dxHP_equip,RE-dxHP_eq-pkgSEER-19.6-SEER2-8.9-HSPF2,,,,,,,,,,,,,,,,,,,,,,,,,,,,,,,,,,,,,,,
SWHC049-09 SEER Rated AC HP_SFm_1975/runs/CZ05/SFm&2&rDXHP&Ex&dxHP_equip/RE-dxAC_eq-pkgSEER-12.5-SEER2/instance-out.sql,CZ05,SFm,2,rDXHP,Ex,dxHP_equip,,RE-dxAC_eq-pkgSEER-12.5-SEER2,SFm&2&rDXHP&Ex&dxHP_equip,RE-dxAC_eq-pkgSEER-12.5-SEER2,,,,,,,,,,,,,,,,,,,,,,,,,,,,,,,,,,,,,,,
SWHC049-09 SEER Rated AC HP_SFm_1975/runs/CZ05/SFm&2&rDXHP&Ex&dxHP_equip/RE-dxAC_eq-pkgSEER-13.8-SEER2/instance-out.sql,CZ05,SFm,2,rDXHP,Ex,dxHP_equip,,RE-dxAC_eq-pkgSEER-13.8-SEER2,SFm&2&rDXHP&Ex&dxHP_equip,RE-dxAC_eq-pkgSEER-13.8-SEER2,,,,,,,,,,,,,,,,,,,,,,,,,,,,,,,,,,,,,,,
SWHC049-09 SEER Rated AC HP_SFm_1975/runs/CZ05/SFm&2&rDXHP&Ex&dxHP_equip/RE-dxAC_eq-pkgSEER-14.3-SEER2/instance-out.sql,CZ05,SFm,2,rDXHP,Ex,dxHP_equip,,RE-dxAC_eq-pkgSEER-14.3-SEER2,SFm&2&rDXHP&Ex&dxHP_equip,RE-dxAC_eq-pkgSEER-14.3-SEER2,,,,,,,,,,,,,,,,,,,,,,,,,,,,,,,,,,,,,,,
SWHC049-09 SEER Rated AC HP_SFm_1975/runs/CZ05/SFm&2&rDXHP&Ex&dxHP_equip/RE-dxAC_eq-pkgSEER-15.2-SEER2/instance-out.sql,CZ05,SFm,2,rDXHP,Ex,dxHP_equip,,RE-dxAC_eq-pkgSEER-15.2-SEER2,SFm&2&rDXHP&Ex&dxHP_equip,RE-dxAC_eq-pkgSEER-15.2-SEER2,,,,,,,,,,,,,,,,,,,,,,,,,,,,,,,,,,,,,,,
SWHC049-09 SEER Rated AC HP_SFm_1975/runs/CZ05/SFm&2&rDXHP&Ex&dxHP_equip/RE-dxAC_eq-pkgSEER-16.9-SEER2/instance-out.sql,CZ05,SFm,2,rDXHP,Ex,dxHP_equip,,RE-dxAC_eq-pkgSEER-16.9-SEER2,SFm&2&rDXHP&Ex&dxHP_equip,RE-dxAC_eq-pkgSEER-16.9-SEER2,,,,,,,,,,,,,,,,,,,,,,,,,,,,,,,,,,,,,,,
SWHC049-09 SEER Rated AC HP_SFm_1975/runs/CZ05/SFm&2&rDXHP&Ex&dxHP_equip/RE-dxAC_eq-pkgSEER-17.8-SEER2/instance-out.sql,CZ05,SFm,2,rDXHP,Ex,dxHP_equip,,RE-dxAC_eq-pkgSEER-17.8-SEER2,SFm&2&rDXHP&Ex&dxHP_equip,RE-dxAC_eq-pkgSEER-17.8-SEER2,,,,,,,,,,,,,,,,,,,,,,,,,,,,,,,,,,,,,,,
SWHC049-09 SEER Rated AC HP_SFm_1975/runs/CZ05/SFm&2&rDXHP&Ex&dxHP_equip/RE-dxAC_eq-pkgSEER-18.7-SEER2/instance-out.sql,CZ05,SFm,2,rDXHP,Ex,dxHP_equip,,RE-dxAC_eq-pkgSEER-18.7-SEER2,SFm&2&rDXHP&Ex&dxHP_equip,RE-dxAC_eq-pkgSEER-18.7-SEER2,,,,,,,,,,,,,,,,,,,,,,,,,,,,,,,,,,,,,,,
SWHC049-09 SEER Rated AC HP_SFm_1975/runs/CZ05/SFm&2&rDXHP&Ex&dxHP_equip/RE-dxAC_eq-pkgSEER-19.6-SEER2/instance-out.sql,CZ05,SFm,2,rDXHP,Ex,dxHP_equip,,RE-dxAC_eq-pkgSEER-19.6-SEER2,SFm&2&rDXHP&Ex&dxHP_equip,RE-dxAC_eq-pkgSEER-19.6-SEER2,,,,,,,,,,,,,,,,,,,,,,,,,,,,,,,,,,,,,,,
SWHC049-09 SEER Rated AC HP_SFm_1975/runs/CZ05/SFm&2&rDXHP&Ex&dxHP_equip/RE-dxHP_eq-pkgSEER-12.5-SEER2-6.4-HSPF2/instance-out.sql,CZ05,SFm,2,rDXHP,Ex,dxHP_equip,,RE-dxHP_eq-pkgSEER-12.5-SEER2-6.4-HSPF2,SFm&2&rDXHP&Ex&dxHP_equip,RE-dxHP_eq-pkgSEER-12.5-SEER2-6.4-HSPF2,,,,,,,,,,,,,,,,,,,,,,,,,,,,,,,,,,,,,,,
SWHC049-09 SEER Rated AC HP_SFm_1975/runs/CZ05/SFm&2&rDXHP&Ex&dxHP_equip/RE-dxHP_eq-pkgSEER-14.3-SEER2-7.5-HSPF2/instance-out.sql,CZ05,SFm,2,rDXHP,Ex,dxHP_equip,,RE-dxHP_eq-pkgSEER-14.3-SEER2-7.5-HSPF2,SFm&2&rDXHP&Ex&dxHP_equip,RE-dxHP_eq-pkgSEER-14.3-SEER2-7.5-HSPF2,,,,,,,,,,,,,,,,,,,,,,,,,,,,,,,,,,,,,,,
SWHC049-09 SEER Rated AC HP_SFm_1975/runs/CZ05/SFm&2&rDXHP&Ex&dxHP_equip/RE-dxHP_eq-pkgSEER-15.2-SEER2-7.7-HSPF2/instance-out.sql,CZ05,SFm,2,rDXHP,Ex,dxHP_equip,,RE-dxHP_eq-pkgSEER-15.2-SEER2-7.7-HSPF2,SFm&2&rDXHP&Ex&dxHP_equip,RE-dxHP_eq-pkgSEER-15.2-SEER2-7.7-HSPF2,,,,,,,,,,,,,,,,,,,,,,,,,,,,,,,,,,,,,,,
SWHC049-09 SEER Rated AC HP_SFm_1975/runs/CZ05/SFm&2&rDXHP&Ex&dxHP_equip/RE-dxHP_eq-pkgSEER-16.0-SEER2-8.0-HSPF2/instance-out.sql,CZ05,SFm,2,rDXHP,Ex,dxHP_equip,,RE-dxHP_eq-pkgSEER-16.0-SEER2-8.0-HSPF2,SFm&2&rDXHP&Ex&dxHP_equip,RE-dxHP_eq-pkgSEER-16.0-SEER2-8.0-HSPF2,,,,,,,,,,,,,,,,,,,,,,,,,,,,,,,,,,,,,,,
SWHC049-09 SEER Rated AC HP_SFm_1975/runs/CZ05/SFm&2&rDXHP&Ex&dxHP_equip/RE-dxHP_eq-pkgSEER-17.8-SEER2-8.1-HSPF2/instance-out.sql,CZ05,SFm,2,rDXHP,Ex,dxHP_equip,,RE-dxHP_eq-pkgSEER-17.8-SEER2-8.1-HSPF2,SFm&2&rDXHP&Ex&dxHP_equip,RE-dxHP_eq-pkgSEER-17.8-SEER2-8.1-HSPF2,,,,,,,,,,,,,,,,,,,,,,,,,,,,,,,,,,,,,,,
SWHC049-09 SEER Rated AC HP_SFm_1975/runs/CZ05/SFm&2&rDXHP&Ex&dxHP_equip/RE-dxHP_eq-pkgSEER-18.7-SEER2-8.5-HSPF2/instance-out.sql,CZ05,SFm,2,rDXHP,Ex,dxHP_equip,,RE-dxHP_eq-pkgSEER-18.7-SEER2-8.5-HSPF2,SFm&2&rDXHP&Ex&dxHP_equip,RE-dxHP_eq-pkgSEER-18.7-SEER2-8.5-HSPF2,,,,,,,,,,,,,,,,,,,,,,,,,,,,,,,,,,,,,,,
SWHC049-09 SEER Rated AC HP_SFm_1975/runs/CZ05/SFm&2&rDXHP&Ex&dxHP_equip/RE-dxHP_eq-pkgSEER-19.6-SEER2-8.9-HSPF2/instance-out.sql,CZ05,SFm,2,rDXHP,Ex,dxHP_equip,,RE-dxHP_eq-pkgSEER-19.6-SEER2-8.9-HSPF2,SFm&2&rDXHP&Ex&dxHP_equip,RE-dxHP_eq-pkgSEER-19.6-SEER2-8.9-HSPF2,,,,,,,,,,,,,,,,,,,,,,,,,,,,,,,,,,,,,,,
SWHC049-09 SEER Rated AC HP_SFm_1975/runs/CZ05/SFm&1&rDXHP&Ex&dxHP_equip/RE-dxAC_eq-pkgSEER-12.5-SEER2/instance-out.sql,CZ05,SFm,1,rDXHP,Ex,dxHP_equip,,RE-dxAC_eq-pkgSEER-12.5-SEER2,SFm&1&rDXHP&Ex&dxHP_equip,RE-dxAC_eq-pkgSEER-12.5-SEER2,,,,,,,,,,,,,,,,,,,,,,,,,,,,,,,,,,,,,,,
SWHC049-09 SEER Rated AC HP_SFm_1975/runs/CZ05/SFm&1&rDXHP&Ex&dxHP_equip/RE-dxAC_eq-pkgSEER-13.8-SEER2/instance-out.sql,CZ05,SFm,1,rDXHP,Ex,dxHP_equip,,RE-dxAC_eq-pkgSEER-13.8-SEER2,SFm&1&rDXHP&Ex&dxHP_equip,RE-dxAC_eq-pkgSEER-13.8-SEER2,,,,,,,,,,,,,,,,,,,,,,,,,,,,,,,,,,,,,,,
SWHC049-09 SEER Rated AC HP_SFm_1975/runs/CZ05/SFm&1&rDXHP&Ex&dxHP_equip/RE-dxAC_eq-pkgSEER-14.3-SEER2/instance-out.sql,CZ05,SFm,1,rDXHP,Ex,dxHP_equip,,RE-dxAC_eq-pkgSEER-14.3-SEER2,SFm&1&rDXHP&Ex&dxHP_equip,RE-dxAC_eq-pkgSEER-14.3-SEER2,,,,,,,,,,,,,,,,,,,,,,,,,,,,,,,,,,,,,,,
SWHC049-09 SEER Rated AC HP_SFm_1975/runs/CZ05/SFm&1&rDXHP&Ex&dxHP_equip/RE-dxAC_eq-pkgSEER-15.2-SEER2/instance-out.sql,CZ05,SFm,1,rDXHP,Ex,dxHP_equip,,RE-dxAC_eq-pkgSEER-15.2-SEER2,SFm&1&rDXHP&Ex&dxHP_equip,RE-dxAC_eq-pkgSEER-15.2-SEER2,,,,,,,,,,,,,,,,,,,,,,,,,,,,,,,,,,,,,,,
SWHC049-09 SEER Rated AC HP_SFm_1975/runs/CZ05/SFm&1&rDXHP&Ex&dxHP_equip/RE-dxAC_eq-pkgSEER-16.9-SEER2/instance-out.sql,CZ05,SFm,1,rDXHP,Ex,dxHP_equip,,RE-dxAC_eq-pkgSEER-16.9-SEER2,SFm&1&rDXHP&Ex&dxHP_equip,RE-dxAC_eq-pkgSEER-16.9-SEER2,,,,,,,,,,,,,,,,,,,,,,,,,,,,,,,,,,,,,,,
SWHC049-09 SEER Rated AC HP_SFm_1975/runs/CZ05/SFm&1&rDXHP&Ex&dxHP_equip/RE-dxAC_eq-pkgSEER-17.8-SEER2/instance-out.sql,CZ05,SFm,1,rDXHP,Ex,dxHP_equip,,RE-dxAC_eq-pkgSEER-17.8-SEER2,SFm&1&rDXHP&Ex&dxHP_equip,RE-dxAC_eq-pkgSEER-17.8-SEER2,,,,,,,,,,,,,,,,,,,,,,,,,,,,,,,,,,,,,,,
SWHC049-09 SEER Rated AC HP_SFm_1975/runs/CZ05/SFm&1&rDXHP&Ex&dxHP_equip/RE-dxAC_eq-pkgSEER-18.7-SEER2/instance-out.sql,CZ05,SFm,1,rDXHP,Ex,dxHP_equip,,RE-dxAC_eq-pkgSEER-18.7-SEER2,SFm&1&rDXHP&Ex&dxHP_equip,RE-dxAC_eq-pkgSEER-18.7-SEER2,,,,,,,,,,,,,,,,,,,,,,,,,,,,,,,,,,,,,,,
SWHC049-09 SEER Rated AC HP_SFm_1975/runs/CZ05/SFm&1&rDXHP&Ex&dxHP_equip/RE-dxAC_eq-pkgSEER-19.6-SEER2/instance-out.sql,CZ05,SFm,1,rDXHP,Ex,dxHP_equip,,RE-dxAC_eq-pkgSEER-19.6-SEER2,SFm&1&rDXHP&Ex&dxHP_equip,RE-dxAC_eq-pkgSEER-19.6-SEER2,,,,,,,,,,,,,,,,,,,,,,,,,,,,,,,,,,,,,,,
SWHC049-09 SEER Rated AC HP_SFm_1975/runs/CZ05/SFm&1&rDXHP&Ex&dxHP_equip/RE-dxHP_eq-pkgSEER-12.5-SEER2-6.4-HSPF2/instance-out.sql,CZ05,SFm,1,rDXHP,Ex,dxHP_equip,,RE-dxHP_eq-pkgSEER-12.5-SEER2-6.4-HSPF2,SFm&1&rDXHP&Ex&dxHP_equip,RE-dxHP_eq-pkgSEER-12.5-SEER2-6.4-HSPF2,,,,,,,,,,,,,,,,,,,,,,,,,,,,,,,,,,,,,,,
SWHC049-09 SEER Rated AC HP_SFm_1975/runs/CZ05/SFm&1&rDXHP&Ex&dxHP_equip/RE-dxHP_eq-pkgSEER-14.3-SEER2-7.5-HSPF2/instance-out.sql,CZ05,SFm,1,rDXHP,Ex,dxHP_equip,,RE-dxHP_eq-pkgSEER-14.3-SEER2-7.5-HSPF2,SFm&1&rDXHP&Ex&dxHP_equip,RE-dxHP_eq-pkgSEER-14.3-SEER2-7.5-HSPF2,,,,,,,,,,,,,,,,,,,,,,,,,,,,,,,,,,,,,,,
SWHC049-09 SEER Rated AC HP_SFm_1975/runs/CZ05/SFm&1&rDXHP&Ex&dxHP_equip/RE-dxHP_eq-pkgSEER-15.2-SEER2-7.7-HSPF2/instance-out.sql,CZ05,SFm,1,rDXHP,Ex,dxHP_equip,,RE-dxHP_eq-pkgSEER-15.2-SEER2-7.7-HSPF2,SFm&1&rDXHP&Ex&dxHP_equip,RE-dxHP_eq-pkgSEER-15.2-SEER2-7.7-HSPF2,,,,,,,,,,,,,,,,,,,,,,,,,,,,,,,,,,,,,,,
SWHC049-09 SEER Rated AC HP_SFm_1975/runs/CZ05/SFm&1&rDXHP&Ex&dxHP_equip/RE-dxHP_eq-pkgSEER-16.0-SEER2-8.0-HSPF2/instance-out.sql,CZ05,SFm,1,rDXHP,Ex,dxHP_equip,,RE-dxHP_eq-pkgSEER-16.0-SEER2-8.0-HSPF2,SFm&1&rDXHP&Ex&dxHP_equip,RE-dxHP_eq-pkgSEER-16.0-SEER2-8.0-HSPF2,,,,,,,,,,,,,,,,,,,,,,,,,,,,,,,,,,,,,,,
SWHC049-09 SEER Rated AC HP_SFm_1975/runs/CZ05/SFm&1&rDXHP&Ex&dxHP_equip/RE-dxHP_eq-pkgSEER-17.8-SEER2-8.1-HSPF2/instance-out.sql,CZ05,SFm,1,rDXHP,Ex,dxHP_equip,,RE-dxHP_eq-pkgSEER-17.8-SEER2-8.1-HSPF2,SFm&1&rDXHP&Ex&dxHP_equip,RE-dxHP_eq-pkgSEER-17.8-SEER2-8.1-HSPF2,,,,,,,,,,,,,,,,,,,,,,,,,,,,,,,,,,,,,,,
SWHC049-09 SEER Rated AC HP_SFm_1975/runs/CZ05/SFm&1&rDXHP&Ex&dxHP_equip/RE-dxHP_eq-pkgSEER-18.7-SEER2-8.5-HSPF2/instance-out.sql,CZ05,SFm,1,rDXHP,Ex,dxHP_equip,,RE-dxHP_eq-pkgSEER-18.7-SEER2-8.5-HSPF2,SFm&1&rDXHP&Ex&dxHP_equip,RE-dxHP_eq-pkgSEER-18.7-SEER2-8.5-HSPF2,,,,,,,,,,,,,,,,,,,,,,,,,,,,,,,,,,,,,,,
SWHC049-09 SEER Rated AC HP_SFm_1975/runs/CZ05/SFm&1&rDXHP&Ex&dxHP_equip/RE-dxHP_eq-pkgSEER-19.6-SEER2-8.9-HSPF2/instance-out.sql,CZ05,SFm,1,rDXHP,Ex,dxHP_equip,,RE-dxHP_eq-pkgSEER-19.6-SEER2-8.9-HSPF2,SFm&1&rDXHP&Ex&dxHP_equip,RE-dxHP_eq-pkgSEER-19.6-SEER2-8.9-HSPF2,,,,,,,,,,,,,,,,,,,,,,,,,,,,,,,,,,,,,,,
SWHC049-09 SEER Rated AC HP_SFm_1975/runs/CZ04/SFm&2&rDXHP&Ex&dxHP_equip/RE-dxAC_eq-pkgSEER-12.5-SEER2/instance-out.sql,CZ04,SFm,2,rDXHP,Ex,dxHP_equip,,RE-dxAC_eq-pkgSEER-12.5-SEER2,SFm&2&rDXHP&Ex&dxHP_equip,RE-dxAC_eq-pkgSEER-12.5-SEER2,,,,,,,,,,,,,,,,,,,,,,,,,,,,,,,,,,,,,,,
SWHC049-09 SEER Rated AC HP_SFm_1975/runs/CZ04/SFm&2&rDXHP&Ex&dxHP_equip/RE-dxAC_eq-pkgSEER-13.8-SEER2/instance-out.sql,CZ04,SFm,2,rDXHP,Ex,dxHP_equip,,RE-dxAC_eq-pkgSEER-13.8-SEER2,SFm&2&rDXHP&Ex&dxHP_equip,RE-dxAC_eq-pkgSEER-13.8-SEER2,,,,,,,,,,,,,,,,,,,,,,,,,,,,,,,,,,,,,,,
SWHC049-09 SEER Rated AC HP_SFm_1975/runs/CZ04/SFm&2&rDXHP&Ex&dxHP_equip/RE-dxAC_eq-pkgSEER-14.3-SEER2/instance-out.sql,CZ04,SFm,2,rDXHP,Ex,dxHP_equip,,RE-dxAC_eq-pkgSEER-14.3-SEER2,SFm&2&rDXHP&Ex&dxHP_equip,RE-dxAC_eq-pkgSEER-14.3-SEER2,,,,,,,,,,,,,,,,,,,,,,,,,,,,,,,,,,,,,,,
SWHC049-09 SEER Rated AC HP_SFm_1975/runs/CZ04/SFm&2&rDXHP&Ex&dxHP_equip/RE-dxAC_eq-pkgSEER-15.2-SEER2/instance-out.sql,CZ04,SFm,2,rDXHP,Ex,dxHP_equip,,RE-dxAC_eq-pkgSEER-15.2-SEER2,SFm&2&rDXHP&Ex&dxHP_equip,RE-dxAC_eq-pkgSEER-15.2-SEER2,,,,,,,,,,,,,,,,,,,,,,,,,,,,,,,,,,,,,,,
SWHC049-09 SEER Rated AC HP_SFm_1975/runs/CZ04/SFm&2&rDXHP&Ex&dxHP_equip/RE-dxAC_eq-pkgSEER-16.9-SEER2/instance-out.sql,CZ04,SFm,2,rDXHP,Ex,dxHP_equip,,RE-dxAC_eq-pkgSEER-16.9-SEER2,SFm&2&rDXHP&Ex&dxHP_equip,RE-dxAC_eq-pkgSEER-16.9-SEER2,,,,,,,,,,,,,,,,,,,,,,,,,,,,,,,,,,,,,,,
SWHC049-09 SEER Rated AC HP_SFm_1975/runs/CZ04/SFm&2&rDXHP&Ex&dxHP_equip/RE-dxAC_eq-pkgSEER-17.8-SEER2/instance-out.sql,CZ04,SFm,2,rDXHP,Ex,dxHP_equip,,RE-dxAC_eq-pkgSEER-17.8-SEER2,SFm&2&rDXHP&Ex&dxHP_equip,RE-dxAC_eq-pkgSEER-17.8-SEER2,,,,,,,,,,,,,,,,,,,,,,,,,,,,,,,,,,,,,,,
SWHC049-09 SEER Rated AC HP_SFm_1975/runs/CZ04/SFm&2&rDXHP&Ex&dxHP_equip/RE-dxAC_eq-pkgSEER-18.7-SEER2/instance-out.sql,CZ04,SFm,2,rDXHP,Ex,dxHP_equip,,RE-dxAC_eq-pkgSEER-18.7-SEER2,SFm&2&rDXHP&Ex&dxHP_equip,RE-dxAC_eq-pkgSEER-18.7-SEER2,,,,,,,,,,,,,,,,,,,,,,,,,,,,,,,,,,,,,,,
SWHC049-09 SEER Rated AC HP_SFm_1975/runs/CZ04/SFm&2&rDXHP&Ex&dxHP_equip/RE-dxAC_eq-pkgSEER-19.6-SEER2/instance-out.sql,CZ04,SFm,2,rDXHP,Ex,dxHP_equip,,RE-dxAC_eq-pkgSEER-19.6-SEER2,SFm&2&rDXHP&Ex&dxHP_equip,RE-dxAC_eq-pkgSEER-19.6-SEER2,,,,,,,,,,,,,,,,,,,,,,,,,,,,,,,,,,,,,,,
SWHC049-09 SEER Rated AC HP_SFm_1975/runs/CZ04/SFm&2&rDXHP&Ex&dxHP_equip/RE-dxHP_eq-pkgSEER-12.5-SEER2-6.4-HSPF2/instance-out.sql,CZ04,SFm,2,rDXHP,Ex,dxHP_equip,,RE-dxHP_eq-pkgSEER-12.5-SEER2-6.4-HSPF2,SFm&2&rDXHP&Ex&dxHP_equip,RE-dxHP_eq-pkgSEER-12.5-SEER2-6.4-HSPF2,,,,,,,,,,,,,,,,,,,,,,,,,,,,,,,,,,,,,,,
SWHC049-09 SEER Rated AC HP_SFm_1975/runs/CZ04/SFm&2&rDXHP&Ex&dxHP_equip/RE-dxHP_eq-pkgSEER-14.3-SEER2-7.5-HSPF2/instance-out.sql,CZ04,SFm,2,rDXHP,Ex,dxHP_equip,,RE-dxHP_eq-pkgSEER-14.3-SEER2-7.5-HSPF2,SFm&2&rDXHP&Ex&dxHP_equip,RE-dxHP_eq-pkgSEER-14.3-SEER2-7.5-HSPF2,,,,,,,,,,,,,,,,,,,,,,,,,,,,,,,,,,,,,,,
SWHC049-09 SEER Rated AC HP_SFm_1975/runs/CZ04/SFm&2&rDXHP&Ex&dxHP_equip/RE-dxHP_eq-pkgSEER-15.2-SEER2-7.7-HSPF2/instance-out.sql,CZ04,SFm,2,rDXHP,Ex,dxHP_equip,,RE-dxHP_eq-pkgSEER-15.2-SEER2-7.7-HSPF2,SFm&2&rDXHP&Ex&dxHP_equip,RE-dxHP_eq-pkgSEER-15.2-SEER2-7.7-HSPF2,,,,,,,,,,,,,,,,,,,,,,,,,,,,,,,,,,,,,,,
SWHC049-09 SEER Rated AC HP_SFm_1975/runs/CZ04/SFm&2&rDXHP&Ex&dxHP_equip/RE-dxHP_eq-pkgSEER-16.0-SEER2-8.0-HSPF2/instance-out.sql,CZ04,SFm,2,rDXHP,Ex,dxHP_equip,,RE-dxHP_eq-pkgSEER-16.0-SEER2-8.0-HSPF2,SFm&2&rDXHP&Ex&dxHP_equip,RE-dxHP_eq-pkgSEER-16.0-SEER2-8.0-HSPF2,,,,,,,,,,,,,,,,,,,,,,,,,,,,,,,,,,,,,,,
SWHC049-09 SEER Rated AC HP_SFm_1975/runs/CZ04/SFm&2&rDXHP&Ex&dxHP_equip/RE-dxHP_eq-pkgSEER-17.8-SEER2-8.1-HSPF2/instance-out.sql,CZ04,SFm,2,rDXHP,Ex,dxHP_equip,,RE-dxHP_eq-pkgSEER-17.8-SEER2-8.1-HSPF2,SFm&2&rDXHP&Ex&dxHP_equip,RE-dxHP_eq-pkgSEER-17.8-SEER2-8.1-HSPF2,,,,,,,,,,,,,,,,,,,,,,,,,,,,,,,,,,,,,,,
SWHC049-09 SEER Rated AC HP_SFm_1975/runs/CZ04/SFm&2&rDXHP&Ex&dxHP_equip/RE-dxHP_eq-pkgSEER-18.7-SEER2-8.5-HSPF2/instance-out.sql,CZ04,SFm,2,rDXHP,Ex,dxHP_equip,,RE-dxHP_eq-pkgSEER-18.7-SEER2-8.5-HSPF2,SFm&2&rDXHP&Ex&dxHP_equip,RE-dxHP_eq-pkgSEER-18.7-SEER2-8.5-HSPF2,,,,,,,,,,,,,,,,,,,,,,,,,,,,,,,,,,,,,,,
SWHC049-09 SEER Rated AC HP_SFm_1975/runs/CZ04/SFm&2&rDXHP&Ex&dxHP_equip/RE-dxHP_eq-pkgSEER-19.6-SEER2-8.9-HSPF2/instance-out.sql,CZ04,SFm,2,rDXHP,Ex,dxHP_equip,,RE-dxHP_eq-pkgSEER-19.6-SEER2-8.9-HSPF2,SFm&2&rDXHP&Ex&dxHP_equip,RE-dxHP_eq-pkgSEER-19.6-SEER2-8.9-HSPF2,,,,,,,,,,,,,,,,,,,,,,,,,,,,,,,,,,,,,,,
SWHC049-09 SEER Rated AC HP_SFm_1975/runs/CZ04/SFm&1&rDXHP&Ex&dxHP_equip/RE-dxAC_eq-pkgSEER-12.5-SEER2/instance-out.sql,CZ04,SFm,1,rDXHP,Ex,dxHP_equip,,RE-dxAC_eq-pkgSEER-12.5-SEER2,SFm&1&rDXHP&Ex&dxHP_equip,RE-dxAC_eq-pkgSEER-12.5-SEER2,,,,,,,,,,,,,,,,,,,,,,,,,,,,,,,,,,,,,,,
SWHC049-09 SEER Rated AC HP_SFm_1975/runs/CZ04/SFm&1&rDXHP&Ex&dxHP_equip/RE-dxAC_eq-pkgSEER-13.8-SEER2/instance-out.sql,CZ04,SFm,1,rDXHP,Ex,dxHP_equip,,RE-dxAC_eq-pkgSEER-13.8-SEER2,SFm&1&rDXHP&Ex&dxHP_equip,RE-dxAC_eq-pkgSEER-13.8-SEER2,,,,,,,,,,,,,,,,,,,,,,,,,,,,,,,,,,,,,,,
SWHC049-09 SEER Rated AC HP_SFm_1975/runs/CZ04/SFm&1&rDXHP&Ex&dxHP_equip/RE-dxAC_eq-pkgSEER-14.3-SEER2/instance-out.sql,CZ04,SFm,1,rDXHP,Ex,dxHP_equip,,RE-dxAC_eq-pkgSEER-14.3-SEER2,SFm&1&rDXHP&Ex&dxHP_equip,RE-dxAC_eq-pkgSEER-14.3-SEER2,,,,,,,,,,,,,,,,,,,,,,,,,,,,,,,,,,,,,,,
SWHC049-09 SEER Rated AC HP_SFm_1975/runs/CZ04/SFm&1&rDXHP&Ex&dxHP_equip/RE-dxAC_eq-pkgSEER-15.2-SEER2/instance-out.sql,CZ04,SFm,1,rDXHP,Ex,dxHP_equip,,RE-dxAC_eq-pkgSEER-15.2-SEER2,SFm&1&rDXHP&Ex&dxHP_equip,RE-dxAC_eq-pkgSEER-15.2-SEER2,,,,,,,,,,,,,,,,,,,,,,,,,,,,,,,,,,,,,,,
SWHC049-09 SEER Rated AC HP_SFm_1975/runs/CZ04/SFm&1&rDXHP&Ex&dxHP_equip/RE-dxAC_eq-pkgSEER-16.9-SEER2/instance-out.sql,CZ04,SFm,1,rDXHP,Ex,dxHP_equip,,RE-dxAC_eq-pkgSEER-16.9-SEER2,SFm&1&rDXHP&Ex&dxHP_equip,RE-dxAC_eq-pkgSEER-16.9-SEER2,,,,,,,,,,,,,,,,,,,,,,,,,,,,,,,,,,,,,,,
SWHC049-09 SEER Rated AC HP_SFm_1975/runs/CZ04/SFm&1&rDXHP&Ex&dxHP_equip/RE-dxAC_eq-pkgSEER-17.8-SEER2/instance-out.sql,CZ04,SFm,1,rDXHP,Ex,dxHP_equip,,RE-dxAC_eq-pkgSEER-17.8-SEER2,SFm&1&rDXHP&Ex&dxHP_equip,RE-dxAC_eq-pkgSEER-17.8-SEER2,,,,,,,,,,,,,,,,,,,,,,,,,,,,,,,,,,,,,,,
SWHC049-09 SEER Rated AC HP_SFm_1975/runs/CZ04/SFm&1&rDXHP&Ex&dxHP_equip/RE-dxAC_eq-pkgSEER-18.7-SEER2/instance-out.sql,CZ04,SFm,1,rDXHP,Ex,dxHP_equip,,RE-dxAC_eq-pkgSEER-18.7-SEER2,SFm&1&rDXHP&Ex&dxHP_equip,RE-dxAC_eq-pkgSEER-18.7-SEER2,,,,,,,,,,,,,,,,,,,,,,,,,,,,,,,,,,,,,,,
SWHC049-09 SEER Rated AC HP_SFm_1975/runs/CZ04/SFm&1&rDXHP&Ex&dxHP_equip/RE-dxAC_eq-pkgSEER-19.6-SEER2/instance-out.sql,CZ04,SFm,1,rDXHP,Ex,dxHP_equip,,RE-dxAC_eq-pkgSEER-19.6-SEER2,SFm&1&rDXHP&Ex&dxHP_equip,RE-dxAC_eq-pkgSEER-19.6-SEER2,,,,,,,,,,,,,,,,,,,,,,,,,,,,,,,,,,,,,,,
SWHC049-09 SEER Rated AC HP_SFm_1975/runs/CZ04/SFm&1&rDXHP&Ex&dxHP_equip/RE-dxHP_eq-pkgSEER-12.5-SEER2-6.4-HSPF2/instance-out.sql,CZ04,SFm,1,rDXHP,Ex,dxHP_equip,,RE-dxHP_eq-pkgSEER-12.5-SEER2-6.4-HSPF2,SFm&1&rDXHP&Ex&dxHP_equip,RE-dxHP_eq-pkgSEER-12.5-SEER2-6.4-HSPF2,,,,,,,,,,,,,,,,,,,,,,,,,,,,,,,,,,,,,,,
SWHC049-09 SEER Rated AC HP_SFm_1975/runs/CZ04/SFm&1&rDXHP&Ex&dxHP_equip/RE-dxHP_eq-pkgSEER-14.3-SEER2-7.5-HSPF2/instance-out.sql,CZ04,SFm,1,rDXHP,Ex,dxHP_equip,,RE-dxHP_eq-pkgSEER-14.3-SEER2-7.5-HSPF2,SFm&1&rDXHP&Ex&dxHP_equip,RE-dxHP_eq-pkgSEER-14.3-SEER2-7.5-HSPF2,,,,,,,,,,,,,,,,,,,,,,,,,,,,,,,,,,,,,,,
SWHC049-09 SEER Rated AC HP_SFm_1975/runs/CZ04/SFm&1&rDXHP&Ex&dxHP_equip/RE-dxHP_eq-pkgSEER-15.2-SEER2-7.7-HSPF2/instance-out.sql,CZ04,SFm,1,rDXHP,Ex,dxHP_equip,,RE-dxHP_eq-pkgSEER-15.2-SEER2-7.7-HSPF2,SFm&1&rDXHP&Ex&dxHP_equip,RE-dxHP_eq-pkgSEER-15.2-SEER2-7.7-HSPF2,,,,,,,,,,,,,,,,,,,,,,,,,,,,,,,,,,,,,,,
SWHC049-09 SEER Rated AC HP_SFm_1975/runs/CZ04/SFm&1&rDXHP&Ex&dxHP_equip/RE-dxHP_eq-pkgSEER-16.0-SEER2-8.0-HSPF2/instance-out.sql,CZ04,SFm,1,rDXHP,Ex,dxHP_equip,,RE-dxHP_eq-pkgSEER-16.0-SEER2-8.0-HSPF2,SFm&1&rDXHP&Ex&dxHP_equip,RE-dxHP_eq-pkgSEER-16.0-SEER2-8.0-HSPF2,,,,,,,,,,,,,,,,,,,,,,,,,,,,,,,,,,,,,,,
SWHC049-09 SEER Rated AC HP_SFm_1975/runs/CZ04/SFm&1&rDXHP&Ex&dxHP_equip/RE-dxHP_eq-pkgSEER-17.8-SEER2-8.1-HSPF2/instance-out.sql,CZ04,SFm,1,rDXHP,Ex,dxHP_equip,,RE-dxHP_eq-pkgSEER-17.8-SEER2-8.1-HSPF2,SFm&1&rDXHP&Ex&dxHP_equip,RE-dxHP_eq-pkgSEER-17.8-SEER2-8.1-HSPF2,,,,,,,,,,,,,,,,,,,,,,,,,,,,,,,,,,,,,,,
SWHC049-09 SEER Rated AC HP_SFm_1975/runs/CZ04/SFm&1&rDXHP&Ex&dxHP_equip/RE-dxHP_eq-pkgSEER-18.7-SEER2-8.5-HSPF2/instance-out.sql,CZ04,SFm,1,rDXHP,Ex,dxHP_equip,,RE-dxHP_eq-pkgSEER-18.7-SEER2-8.5-HSPF2,SFm&1&rDXHP&Ex&dxHP_equip,RE-dxHP_eq-pkgSEER-18.7-SEER2-8.5-HSPF2,,,,,,,,,,,,,,,,,,,,,,,,,,,,,,,,,,,,,,,
SWHC049-09 SEER Rated AC HP_SFm_1975/runs/CZ04/SFm&1&rDXHP&Ex&dxHP_equip/RE-dxHP_eq-pkgSEER-19.6-SEER2-8.9-HSPF2/instance-out.sql,CZ04,SFm,1,rDXHP,Ex,dxHP_equip,,RE-dxHP_eq-pkgSEER-19.6-SEER2-8.9-HSPF2,SFm&1&rDXHP&Ex&dxHP_equip,RE-dxHP_eq-pkgSEER-19.6-SEER2-8.9-HSPF2,,,,,,,,,,,,,,,,,,,,,,,,,,,,,,,,,,,,,,,
SWHC049-09 SEER Rated AC HP_SFm_1975/runs/CZ03/SFm&2&rDXHP&Ex&dxHP_equip/RE-dxAC_eq-pkgSEER-12.5-SEER2/instance-out.sql,CZ03,SFm,2,rDXHP,Ex,dxHP_equip,,RE-dxAC_eq-pkgSEER-12.5-SEER2,SFm&2&rDXHP&Ex&dxHP_equip,RE-dxAC_eq-pkgSEER-12.5-SEER2,,,,,,,,,,,,,,,,,,,,,,,,,,,,,,,,,,,,,,,
SWHC049-09 SEER Rated AC HP_SFm_1975/runs/CZ03/SFm&2&rDXHP&Ex&dxHP_equip/RE-dxAC_eq-pkgSEER-13.8-SEER2/instance-out.sql,CZ03,SFm,2,rDXHP,Ex,dxHP_equip,,RE-dxAC_eq-pkgSEER-13.8-SEER2,SFm&2&rDXHP&Ex&dxHP_equip,RE-dxAC_eq-pkgSEER-13.8-SEER2,,,,,,,,,,,,,,,,,,,,,,,,,,,,,,,,,,,,,,,
SWHC049-09 SEER Rated AC HP_SFm_1975/runs/CZ03/SFm&2&rDXHP&Ex&dxHP_equip/RE-dxAC_eq-pkgSEER-14.3-SEER2/instance-out.sql,CZ03,SFm,2,rDXHP,Ex,dxHP_equip,,RE-dxAC_eq-pkgSEER-14.3-SEER2,SFm&2&rDXHP&Ex&dxHP_equip,RE-dxAC_eq-pkgSEER-14.3-SEER2,,,,,,,,,,,,,,,,,,,,,,,,,,,,,,,,,,,,,,,
SWHC049-09 SEER Rated AC HP_SFm_1975/runs/CZ03/SFm&2&rDXHP&Ex&dxHP_equip/RE-dxAC_eq-pkgSEER-15.2-SEER2/instance-out.sql,CZ03,SFm,2,rDXHP,Ex,dxHP_equip,,RE-dxAC_eq-pkgSEER-15.2-SEER2,SFm&2&rDXHP&Ex&dxHP_equip,RE-dxAC_eq-pkgSEER-15.2-SEER2,,,,,,,,,,,,,,,,,,,,,,,,,,,,,,,,,,,,,,,
SWHC049-09 SEER Rated AC HP_SFm_1975/runs/CZ03/SFm&2&rDXHP&Ex&dxHP_equip/RE-dxAC_eq-pkgSEER-16.9-SEER2/instance-out.sql,CZ03,SFm,2,rDXHP,Ex,dxHP_equip,,RE-dxAC_eq-pkgSEER-16.9-SEER2,SFm&2&rDXHP&Ex&dxHP_equip,RE-dxAC_eq-pkgSEER-16.9-SEER2,,,,,,,,,,,,,,,,,,,,,,,,,,,,,,,,,,,,,,,
SWHC049-09 SEER Rated AC HP_SFm_1975/runs/CZ03/SFm&2&rDXHP&Ex&dxHP_equip/RE-dxAC_eq-pkgSEER-17.8-SEER2/instance-out.sql,CZ03,SFm,2,rDXHP,Ex,dxHP_equip,,RE-dxAC_eq-pkgSEER-17.8-SEER2,SFm&2&rDXHP&Ex&dxHP_equip,RE-dxAC_eq-pkgSEER-17.8-SEER2,,,,,,,,,,,,,,,,,,,,,,,,,,,,,,,,,,,,,,,
SWHC049-09 SEER Rated AC HP_SFm_1975/runs/CZ03/SFm&2&rDXHP&Ex&dxHP_equip/RE-dxAC_eq-pkgSEER-18.7-SEER2/instance-out.sql,CZ03,SFm,2,rDXHP,Ex,dxHP_equip,,RE-dxAC_eq-pkgSEER-18.7-SEER2,SFm&2&rDXHP&Ex&dxHP_equip,RE-dxAC_eq-pkgSEER-18.7-SEER2,,,,,,,,,,,,,,,,,,,,,,,,,,,,,,,,,,,,,,,
SWHC049-09 SEER Rated AC HP_SFm_1975/runs/CZ03/SFm&2&rDXHP&Ex&dxHP_equip/RE-dxAC_eq-pkgSEER-19.6-SEER2/instance-out.sql,CZ03,SFm,2,rDXHP,Ex,dxHP_equip,,RE-dxAC_eq-pkgSEER-19.6-SEER2,SFm&2&rDXHP&Ex&dxHP_equip,RE-dxAC_eq-pkgSEER-19.6-SEER2,,,,,,,,,,,,,,,,,,,,,,,,,,,,,,,,,,,,,,,
SWHC049-09 SEER Rated AC HP_SFm_1975/runs/CZ03/SFm&2&rDXHP&Ex&dxHP_equip/RE-dxHP_eq-pkgSEER-12.5-SEER2-6.4-HSPF2/instance-out.sql,CZ03,SFm,2,rDXHP,Ex,dxHP_equip,,RE-dxHP_eq-pkgSEER-12.5-SEER2-6.4-HSPF2,SFm&2&rDXHP&Ex&dxHP_equip,RE-dxHP_eq-pkgSEER-12.5-SEER2-6.4-HSPF2,,,,,,,,,,,,,,,,,,,,,,,,,,,,,,,,,,,,,,,
SWHC049-09 SEER Rated AC HP_SFm_1975/runs/CZ03/SFm&2&rDXHP&Ex&dxHP_equip/RE-dxHP_eq-pkgSEER-14.3-SEER2-7.5-HSPF2/instance-out.sql,CZ03,SFm,2,rDXHP,Ex,dxHP_equip,,RE-dxHP_eq-pkgSEER-14.3-SEER2-7.5-HSPF2,SFm&2&rDXHP&Ex&dxHP_equip,RE-dxHP_eq-pkgSEER-14.3-SEER2-7.5-HSPF2,,,,,,,,,,,,,,,,,,,,,,,,,,,,,,,,,,,,,,,
SWHC049-09 SEER Rated AC HP_SFm_1975/runs/CZ03/SFm&2&rDXHP&Ex&dxHP_equip/RE-dxHP_eq-pkgSEER-15.2-SEER2-7.7-HSPF2/instance-out.sql,CZ03,SFm,2,rDXHP,Ex,dxHP_equip,,RE-dxHP_eq-pkgSEER-15.2-SEER2-7.7-HSPF2,SFm&2&rDXHP&Ex&dxHP_equip,RE-dxHP_eq-pkgSEER-15.2-SEER2-7.7-HSPF2,,,,,,,,,,,,,,,,,,,,,,,,,,,,,,,,,,,,,,,
SWHC049-09 SEER Rated AC HP_SFm_1975/runs/CZ03/SFm&2&rDXHP&Ex&dxHP_equip/RE-dxHP_eq-pkgSEER-16.0-SEER2-8.0-HSPF2/instance-out.sql,CZ03,SFm,2,rDXHP,Ex,dxHP_equip,,RE-dxHP_eq-pkgSEER-16.0-SEER2-8.0-HSPF2,SFm&2&rDXHP&Ex&dxHP_equip,RE-dxHP_eq-pkgSEER-16.0-SEER2-8.0-HSPF2,,,,,,,,,,,,,,,,,,,,,,,,,,,,,,,,,,,,,,,
SWHC049-09 SEER Rated AC HP_SFm_1975/runs/CZ03/SFm&2&rDXHP&Ex&dxHP_equip/RE-dxHP_eq-pkgSEER-17.8-SEER2-8.1-HSPF2/instance-out.sql,CZ03,SFm,2,rDXHP,Ex,dxHP_equip,,RE-dxHP_eq-pkgSEER-17.8-SEER2-8.1-HSPF2,SFm&2&rDXHP&Ex&dxHP_equip,RE-dxHP_eq-pkgSEER-17.8-SEER2-8.1-HSPF2,,,,,,,,,,,,,,,,,,,,,,,,,,,,,,,,,,,,,,,
SWHC049-09 SEER Rated AC HP_SFm_1975/runs/CZ03/SFm&2&rDXHP&Ex&dxHP_equip/RE-dxHP_eq-pkgSEER-18.7-SEER2-8.5-HSPF2/instance-out.sql,CZ03,SFm,2,rDXHP,Ex,dxHP_equip,,RE-dxHP_eq-pkgSEER-18.7-SEER2-8.5-HSPF2,SFm&2&rDXHP&Ex&dxHP_equip,RE-dxHP_eq-pkgSEER-18.7-SEER2-8.5-HSPF2,,,,,,,,,,,,,,,,,,,,,,,,,,,,,,,,,,,,,,,
SWHC049-09 SEER Rated AC HP_SFm_1975/runs/CZ03/SFm&2&rDXHP&Ex&dxHP_equip/RE-dxHP_eq-pkgSEER-19.6-SEER2-8.9-HSPF2/instance-out.sql,CZ03,SFm,2,rDXHP,Ex,dxHP_equip,,RE-dxHP_eq-pkgSEER-19.6-SEER2-8.9-HSPF2,SFm&2&rDXHP&Ex&dxHP_equip,RE-dxHP_eq-pkgSEER-19.6-SEER2-8.9-HSPF2,,,,,,,,,,,,,,,,,,,,,,,,,,,,,,,,,,,,,,,
SWHC049-09 SEER Rated AC HP_SFm_1975/runs/CZ03/SFm&1&rDXHP&Ex&dxHP_equip/RE-dxAC_eq-pkgSEER-12.5-SEER2/instance-out.sql,CZ03,SFm,1,rDXHP,Ex,dxHP_equip,,RE-dxAC_eq-pkgSEER-12.5-SEER2,SFm&1&rDXHP&Ex&dxHP_equip,RE-dxAC_eq-pkgSEER-12.5-SEER2,,,,,,,,,,,,,,,,,,,,,,,,,,,,,,,,,,,,,,,
SWHC049-09 SEER Rated AC HP_SFm_1975/runs/CZ03/SFm&1&rDXHP&Ex&dxHP_equip/RE-dxAC_eq-pkgSEER-13.8-SEER2/instance-out.sql,CZ03,SFm,1,rDXHP,Ex,dxHP_equip,,RE-dxAC_eq-pkgSEER-13.8-SEER2,SFm&1&rDXHP&Ex&dxHP_equip,RE-dxAC_eq-pkgSEER-13.8-SEER2,,,,,,,,,,,,,,,,,,,,,,,,,,,,,,,,,,,,,,,
SWHC049-09 SEER Rated AC HP_SFm_1975/runs/CZ03/SFm&1&rDXHP&Ex&dxHP_equip/RE-dxAC_eq-pkgSEER-14.3-SEER2/instance-out.sql,CZ03,SFm,1,rDXHP,Ex,dxHP_equip,,RE-dxAC_eq-pkgSEER-14.3-SEER2,SFm&1&rDXHP&Ex&dxHP_equip,RE-dxAC_eq-pkgSEER-14.3-SEER2,,,,,,,,,,,,,,,,,,,,,,,,,,,,,,,,,,,,,,,
SWHC049-09 SEER Rated AC HP_SFm_1975/runs/CZ03/SFm&1&rDXHP&Ex&dxHP_equip/RE-dxAC_eq-pkgSEER-15.2-SEER2/instance-out.sql,CZ03,SFm,1,rDXHP,Ex,dxHP_equip,,RE-dxAC_eq-pkgSEER-15.2-SEER2,SFm&1&rDXHP&Ex&dxHP_equip,RE-dxAC_eq-pkgSEER-15.2-SEER2,,,,,,,,,,,,,,,,,,,,,,,,,,,,,,,,,,,,,,,
SWHC049-09 SEER Rated AC HP_SFm_1975/runs/CZ03/SFm&1&rDXHP&Ex&dxHP_equip/RE-dxAC_eq-pkgSEER-16.9-SEER2/instance-out.sql,CZ03,SFm,1,rDXHP,Ex,dxHP_equip,,RE-dxAC_eq-pkgSEER-16.9-SEER2,SFm&1&rDXHP&Ex&dxHP_equip,RE-dxAC_eq-pkgSEER-16.9-SEER2,,,,,,,,,,,,,,,,,,,,,,,,,,,,,,,,,,,,,,,
SWHC049-09 SEER Rated AC HP_SFm_1975/runs/CZ03/SFm&1&rDXHP&Ex&dxHP_equip/RE-dxAC_eq-pkgSEER-17.8-SEER2/instance-out.sql,CZ03,SFm,1,rDXHP,Ex,dxHP_equip,,RE-dxAC_eq-pkgSEER-17.8-SEER2,SFm&1&rDXHP&Ex&dxHP_equip,RE-dxAC_eq-pkgSEER-17.8-SEER2,,,,,,,,,,,,,,,,,,,,,,,,,,,,,,,,,,,,,,,
SWHC049-09 SEER Rated AC HP_SFm_1975/runs/CZ03/SFm&1&rDXHP&Ex&dxHP_equip/RE-dxAC_eq-pkgSEER-18.7-SEER2/instance-out.sql,CZ03,SFm,1,rDXHP,Ex,dxHP_equip,,RE-dxAC_eq-pkgSEER-18.7-SEER2,SFm&1&rDXHP&Ex&dxHP_equip,RE-dxAC_eq-pkgSEER-18.7-SEER2,,,,,,,,,,,,,,,,,,,,,,,,,,,,,,,,,,,,,,,
SWHC049-09 SEER Rated AC HP_SFm_1975/runs/CZ03/SFm&1&rDXHP&Ex&dxHP_equip/RE-dxAC_eq-pkgSEER-19.6-SEER2/instance-out.sql,CZ03,SFm,1,rDXHP,Ex,dxHP_equip,,RE-dxAC_eq-pkgSEER-19.6-SEER2,SFm&1&rDXHP&Ex&dxHP_equip,RE-dxAC_eq-pkgSEER-19.6-SEER2,,,,,,,,,,,,,,,,,,,,,,,,,,,,,,,,,,,,,,,
SWHC049-09 SEER Rated AC HP_SFm_1975/runs/CZ03/SFm&1&rDXHP&Ex&dxHP_equip/RE-dxHP_eq-pkgSEER-12.5-SEER2-6.4-HSPF2/instance-out.sql,CZ03,SFm,1,rDXHP,Ex,dxHP_equip,,RE-dxHP_eq-pkgSEER-12.5-SEER2-6.4-HSPF2,SFm&1&rDXHP&Ex&dxHP_equip,RE-dxHP_eq-pkgSEER-12.5-SEER2-6.4-HSPF2,,,,,,,,,,,,,,,,,,,,,,,,,,,,,,,,,,,,,,,
SWHC049-09 SEER Rated AC HP_SFm_1975/runs/CZ03/SFm&1&rDXHP&Ex&dxHP_equip/RE-dxHP_eq-pkgSEER-14.3-SEER2-7.5-HSPF2/instance-out.sql,CZ03,SFm,1,rDXHP,Ex,dxHP_equip,,RE-dxHP_eq-pkgSEER-14.3-SEER2-7.5-HSPF2,SFm&1&rDXHP&Ex&dxHP_equip,RE-dxHP_eq-pkgSEER-14.3-SEER2-7.5-HSPF2,,,,,,,,,,,,,,,,,,,,,,,,,,,,,,,,,,,,,,,
SWHC049-09 SEER Rated AC HP_SFm_1975/runs/CZ03/SFm&1&rDXHP&Ex&dxHP_equip/RE-dxHP_eq-pkgSEER-15.2-SEER2-7.7-HSPF2/instance-out.sql,CZ03,SFm,1,rDXHP,Ex,dxHP_equip,,RE-dxHP_eq-pkgSEER-15.2-SEER2-7.7-HSPF2,SFm&1&rDXHP&Ex&dxHP_equip,RE-dxHP_eq-pkgSEER-15.2-SEER2-7.7-HSPF2,,,,,,,,,,,,,,,,,,,,,,,,,,,,,,,,,,,,,,,
SWHC049-09 SEER Rated AC HP_SFm_1975/runs/CZ03/SFm&1&rDXHP&Ex&dxHP_equip/RE-dxHP_eq-pkgSEER-16.0-SEER2-8.0-HSPF2/instance-out.sql,CZ03,SFm,1,rDXHP,Ex,dxHP_equip,,RE-dxHP_eq-pkgSEER-16.0-SEER2-8.0-HSPF2,SFm&1&rDXHP&Ex&dxHP_equip,RE-dxHP_eq-pkgSEER-16.0-SEER2-8.0-HSPF2,,,,,,,,,,,,,,,,,,,,,,,,,,,,,,,,,,,,,,,
SWHC049-09 SEER Rated AC HP_SFm_1975/runs/CZ03/SFm&1&rDXHP&Ex&dxHP_equip/RE-dxHP_eq-pkgSEER-17.8-SEER2-8.1-HSPF2/instance-out.sql,CZ03,SFm,1,rDXHP,Ex,dxHP_equip,,RE-dxHP_eq-pkgSEER-17.8-SEER2-8.1-HSPF2,SFm&1&rDXHP&Ex&dxHP_equip,RE-dxHP_eq-pkgSEER-17.8-SEER2-8.1-HSPF2,,,,,,,,,,,,,,,,,,,,,,,,,,,,,,,,,,,,,,,
SWHC049-09 SEER Rated AC HP_SFm_1975/runs/CZ03/SFm&1&rDXHP&Ex&dxHP_equip/RE-dxHP_eq-pkgSEER-18.7-SEER2-8.5-HSPF2/instance-out.sql,CZ03,SFm,1,rDXHP,Ex,dxHP_equip,,RE-dxHP_eq-pkgSEER-18.7-SEER2-8.5-HSPF2,SFm&1&rDXHP&Ex&dxHP_equip,RE-dxHP_eq-pkgSEER-18.7-SEER2-8.5-HSPF2,,,,,,,,,,,,,,,,,,,,,,,,,,,,,,,,,,,,,,,
SWHC049-09 SEER Rated AC HP_SFm_1975/runs/CZ03/SFm&1&rDXHP&Ex&dxHP_equip/RE-dxHP_eq-pkgSEER-19.6-SEER2-8.9-HSPF2/instance-out.sql,CZ03,SFm,1,rDXHP,Ex,dxHP_equip,,RE-dxHP_eq-pkgSEER-19.6-SEER2-8.9-HSPF2,SFm&1&rDXHP&Ex&dxHP_equip,RE-dxHP_eq-pkgSEER-19.6-SEER2-8.9-HSPF2,,,,,,,,,,,,,,,,,,,,,,,,,,,,,,,,,,,,,,,
SWHC049-09 SEER Rated AC HP_SFm_1975/runs/CZ02/SFm&2&rDXHP&Ex&dxHP_equip/RE-dxAC_eq-pkgSEER-12.5-SEER2/instance-out.sql,CZ02,SFm,2,rDXHP,Ex,dxHP_equip,,RE-dxAC_eq-pkgSEER-12.5-SEER2,SFm&2&rDXHP&Ex&dxHP_equip,RE-dxAC_eq-pkgSEER-12.5-SEER2,,,,,,,,,,,,,,,,,,,,,,,,,,,,,,,,,,,,,,,
SWHC049-09 SEER Rated AC HP_SFm_1975/runs/CZ02/SFm&2&rDXHP&Ex&dxHP_equip/RE-dxAC_eq-pkgSEER-13.8-SEER2/instance-out.sql,CZ02,SFm,2,rDXHP,Ex,dxHP_equip,,RE-dxAC_eq-pkgSEER-13.8-SEER2,SFm&2&rDXHP&Ex&dxHP_equip,RE-dxAC_eq-pkgSEER-13.8-SEER2,,,,,,,,,,,,,,,,,,,,,,,,,,,,,,,,,,,,,,,
SWHC049-09 SEER Rated AC HP_SFm_1975/runs/CZ02/SFm&2&rDXHP&Ex&dxHP_equip/RE-dxAC_eq-pkgSEER-14.3-SEER2/instance-out.sql,CZ02,SFm,2,rDXHP,Ex,dxHP_equip,,RE-dxAC_eq-pkgSEER-14.3-SEER2,SFm&2&rDXHP&Ex&dxHP_equip,RE-dxAC_eq-pkgSEER-14.3-SEER2,,,,,,,,,,,,,,,,,,,,,,,,,,,,,,,,,,,,,,,
SWHC049-09 SEER Rated AC HP_SFm_1975/runs/CZ02/SFm&2&rDXHP&Ex&dxHP_equip/RE-dxAC_eq-pkgSEER-15.2-SEER2/instance-out.sql,CZ02,SFm,2,rDXHP,Ex,dxHP_equip,,RE-dxAC_eq-pkgSEER-15.2-SEER2,SFm&2&rDXHP&Ex&dxHP_equip,RE-dxAC_eq-pkgSEER-15.2-SEER2,,,,,,,,,,,,,,,,,,,,,,,,,,,,,,,,,,,,,,,
SWHC049-09 SEER Rated AC HP_SFm_1975/runs/CZ02/SFm&2&rDXHP&Ex&dxHP_equip/RE-dxAC_eq-pkgSEER-16.9-SEER2/instance-out.sql,CZ02,SFm,2,rDXHP,Ex,dxHP_equip,,RE-dxAC_eq-pkgSEER-16.9-SEER2,SFm&2&rDXHP&Ex&dxHP_equip,RE-dxAC_eq-pkgSEER-16.9-SEER2,,,,,,,,,,,,,,,,,,,,,,,,,,,,,,,,,,,,,,,
SWHC049-09 SEER Rated AC HP_SFm_1975/runs/CZ02/SFm&2&rDXHP&Ex&dxHP_equip/RE-dxAC_eq-pkgSEER-17.8-SEER2/instance-out.sql,CZ02,SFm,2,rDXHP,Ex,dxHP_equip,,RE-dxAC_eq-pkgSEER-17.8-SEER2,SFm&2&rDXHP&Ex&dxHP_equip,RE-dxAC_eq-pkgSEER-17.8-SEER2,,,,,,,,,,,,,,,,,,,,,,,,,,,,,,,,,,,,,,,
SWHC049-09 SEER Rated AC HP_SFm_1975/runs/CZ02/SFm&2&rDXHP&Ex&dxHP_equip/RE-dxAC_eq-pkgSEER-18.7-SEER2/instance-out.sql,CZ02,SFm,2,rDXHP,Ex,dxHP_equip,,RE-dxAC_eq-pkgSEER-18.7-SEER2,SFm&2&rDXHP&Ex&dxHP_equip,RE-dxAC_eq-pkgSEER-18.7-SEER2,,,,,,,,,,,,,,,,,,,,,,,,,,,,,,,,,,,,,,,
SWHC049-09 SEER Rated AC HP_SFm_1975/runs/CZ02/SFm&2&rDXHP&Ex&dxHP_equip/RE-dxAC_eq-pkgSEER-19.6-SEER2/instance-out.sql,CZ02,SFm,2,rDXHP,Ex,dxHP_equip,,RE-dxAC_eq-pkgSEER-19.6-SEER2,SFm&2&rDXHP&Ex&dxHP_equip,RE-dxAC_eq-pkgSEER-19.6-SEER2,,,,,,,,,,,,,,,,,,,,,,,,,,,,,,,,,,,,,,,
SWHC049-09 SEER Rated AC HP_SFm_1975/runs/CZ02/SFm&2&rDXHP&Ex&dxHP_equip/RE-dxHP_eq-pkgSEER-12.5-SEER2-6.4-HSPF2/instance-out.sql,CZ02,SFm,2,rDXHP,Ex,dxHP_equip,,RE-dxHP_eq-pkgSEER-12.5-SEER2-6.4-HSPF2,SFm&2&rDXHP&Ex&dxHP_equip,RE-dxHP_eq-pkgSEER-12.5-SEER2-6.4-HSPF2,,,,,,,,,,,,,,,,,,,,,,,,,,,,,,,,,,,,,,,
SWHC049-09 SEER Rated AC HP_SFm_1975/runs/CZ02/SFm&2&rDXHP&Ex&dxHP_equip/RE-dxHP_eq-pkgSEER-14.3-SEER2-7.5-HSPF2/instance-out.sql,CZ02,SFm,2,rDXHP,Ex,dxHP_equip,,RE-dxHP_eq-pkgSEER-14.3-SEER2-7.5-HSPF2,SFm&2&rDXHP&Ex&dxHP_equip,RE-dxHP_eq-pkgSEER-14.3-SEER2-7.5-HSPF2,,,,,,,,,,,,,,,,,,,,,,,,,,,,,,,,,,,,,,,
SWHC049-09 SEER Rated AC HP_SFm_1975/runs/CZ02/SFm&2&rDXHP&Ex&dxHP_equip/RE-dxHP_eq-pkgSEER-15.2-SEER2-7.7-HSPF2/instance-out.sql,CZ02,SFm,2,rDXHP,Ex,dxHP_equip,,RE-dxHP_eq-pkgSEER-15.2-SEER2-7.7-HSPF2,SFm&2&rDXHP&Ex&dxHP_equip,RE-dxHP_eq-pkgSEER-15.2-SEER2-7.7-HSPF2,,,,,,,,,,,,,,,,,,,,,,,,,,,,,,,,,,,,,,,
SWHC049-09 SEER Rated AC HP_SFm_1975/runs/CZ02/SFm&2&rDXHP&Ex&dxHP_equip/RE-dxHP_eq-pkgSEER-16.0-SEER2-8.0-HSPF2/instance-out.sql,CZ02,SFm,2,rDXHP,Ex,dxHP_equip,,RE-dxHP_eq-pkgSEER-16.0-SEER2-8.0-HSPF2,SFm&2&rDXHP&Ex&dxHP_equip,RE-dxHP_eq-pkgSEER-16.0-SEER2-8.0-HSPF2,,,,,,,,,,,,,,,,,,,,,,,,,,,,,,,,,,,,,,,
SWHC049-09 SEER Rated AC HP_SFm_1975/runs/CZ02/SFm&2&rDXHP&Ex&dxHP_equip/RE-dxHP_eq-pkgSEER-17.8-SEER2-8.1-HSPF2/instance-out.sql,CZ02,SFm,2,rDXHP,Ex,dxHP_equip,,RE-dxHP_eq-pkgSEER-17.8-SEER2-8.1-HSPF2,SFm&2&rDXHP&Ex&dxHP_equip,RE-dxHP_eq-pkgSEER-17.8-SEER2-8.1-HSPF2,,,,,,,,,,,,,,,,,,,,,,,,,,,,,,,,,,,,,,,
SWHC049-09 SEER Rated AC HP_SFm_1975/runs/CZ02/SFm&2&rDXHP&Ex&dxHP_equip/RE-dxHP_eq-pkgSEER-18.7-SEER2-8.5-HSPF2/instance-out.sql,CZ02,SFm,2,rDXHP,Ex,dxHP_equip,,RE-dxHP_eq-pkgSEER-18.7-SEER2-8.5-HSPF2,SFm&2&rDXHP&Ex&dxHP_equip,RE-dxHP_eq-pkgSEER-18.7-SEER2-8.5-HSPF2,,,,,,,,,,,,,,,,,,,,,,,,,,,,,,,,,,,,,,,
SWHC049-09 SEER Rated AC HP_SFm_1975/runs/CZ02/SFm&2&rDXHP&Ex&dxHP_equip/RE-dxHP_eq-pkgSEER-19.6-SEER2-8.9-HSPF2/instance-out.sql,CZ02,SFm,2,rDXHP,Ex,dxHP_equip,,RE-dxHP_eq-pkgSEER-19.6-SEER2-8.9-HSPF2,SFm&2&rDXHP&Ex&dxHP_equip,RE-dxHP_eq-pkgSEER-19.6-SEER2-8.9-HSPF2,,,,,,,,,,,,,,,,,,,,,,,,,,,,,,,,,,,,,,,
SWHC049-09 SEER Rated AC HP_SFm_1975/runs/CZ02/SFm&1&rDXHP&Ex&dxHP_equip/RE-dxAC_eq-pkgSEER-12.5-SEER2/instance-out.sql,CZ02,SFm,1,rDXHP,Ex,dxHP_equip,,RE-dxAC_eq-pkgSEER-12.5-SEER2,SFm&1&rDXHP&Ex&dxHP_equip,RE-dxAC_eq-pkgSEER-12.5-SEER2,,,,,,,,,,,,,,,,,,,,,,,,,,,,,,,,,,,,,,,
SWHC049-09 SEER Rated AC HP_SFm_1975/runs/CZ02/SFm&1&rDXHP&Ex&dxHP_equip/RE-dxAC_eq-pkgSEER-13.8-SEER2/instance-out.sql,CZ02,SFm,1,rDXHP,Ex,dxHP_equip,,RE-dxAC_eq-pkgSEER-13.8-SEER2,SFm&1&rDXHP&Ex&dxHP_equip,RE-dxAC_eq-pkgSEER-13.8-SEER2,,,,,,,,,,,,,,,,,,,,,,,,,,,,,,,,,,,,,,,
SWHC049-09 SEER Rated AC HP_SFm_1975/runs/CZ02/SFm&1&rDXHP&Ex&dxHP_equip/RE-dxAC_eq-pkgSEER-14.3-SEER2/instance-out.sql,CZ02,SFm,1,rDXHP,Ex,dxHP_equip,,RE-dxAC_eq-pkgSEER-14.3-SEER2,SFm&1&rDXHP&Ex&dxHP_equip,RE-dxAC_eq-pkgSEER-14.3-SEER2,,,,,,,,,,,,,,,,,,,,,,,,,,,,,,,,,,,,,,,
SWHC049-09 SEER Rated AC HP_SFm_1975/runs/CZ02/SFm&1&rDXHP&Ex&dxHP_equip/RE-dxAC_eq-pkgSEER-15.2-SEER2/instance-out.sql,CZ02,SFm,1,rDXHP,Ex,dxHP_equip,,RE-dxAC_eq-pkgSEER-15.2-SEER2,SFm&1&rDXHP&Ex&dxHP_equip,RE-dxAC_eq-pkgSEER-15.2-SEER2,,,,,,,,,,,,,,,,,,,,,,,,,,,,,,,,,,,,,,,
SWHC049-09 SEER Rated AC HP_SFm_1975/runs/CZ02/SFm&1&rDXHP&Ex&dxHP_equip/RE-dxAC_eq-pkgSEER-16.9-SEER2/instance-out.sql,CZ02,SFm,1,rDXHP,Ex,dxHP_equip,,RE-dxAC_eq-pkgSEER-16.9-SEER2,SFm&1&rDXHP&Ex&dxHP_equip,RE-dxAC_eq-pkgSEER-16.9-SEER2,,,,,,,,,,,,,,,,,,,,,,,,,,,,,,,,,,,,,,,
SWHC049-09 SEER Rated AC HP_SFm_1975/runs/CZ02/SFm&1&rDXHP&Ex&dxHP_equip/RE-dxAC_eq-pkgSEER-17.8-SEER2/instance-out.sql,CZ02,SFm,1,rDXHP,Ex,dxHP_equip,,RE-dxAC_eq-pkgSEER-17.8-SEER2,SFm&1&rDXHP&Ex&dxHP_equip,RE-dxAC_eq-pkgSEER-17.8-SEER2,,,,,,,,,,,,,,,,,,,,,,,,,,,,,,,,,,,,,,,
SWHC049-09 SEER Rated AC HP_SFm_1975/runs/CZ02/SFm&1&rDXHP&Ex&dxHP_equip/RE-dxAC_eq-pkgSEER-18.7-SEER2/instance-out.sql,CZ02,SFm,1,rDXHP,Ex,dxHP_equip,,RE-dxAC_eq-pkgSEER-18.7-SEER2,SFm&1&rDXHP&Ex&dxHP_equip,RE-dxAC_eq-pkgSEER-18.7-SEER2,,,,,,,,,,,,,,,,,,,,,,,,,,,,,,,,,,,,,,,
SWHC049-09 SEER Rated AC HP_SFm_1975/runs/CZ02/SFm&1&rDXHP&Ex&dxHP_equip/RE-dxAC_eq-pkgSEER-19.6-SEER2/instance-out.sql,CZ02,SFm,1,rDXHP,Ex,dxHP_equip,,RE-dxAC_eq-pkgSEER-19.6-SEER2,SFm&1&rDXHP&Ex&dxHP_equip,RE-dxAC_eq-pkgSEER-19.6-SEER2,,,,,,,,,,,,,,,,,,,,,,,,,,,,,,,,,,,,,,,
SWHC049-09 SEER Rated AC HP_SFm_1975/runs/CZ02/SFm&1&rDXHP&Ex&dxHP_equip/RE-dxHP_eq-pkgSEER-12.5-SEER2-6.4-HSPF2/instance-out.sql,CZ02,SFm,1,rDXHP,Ex,dxHP_equip,,RE-dxHP_eq-pkgSEER-12.5-SEER2-6.4-HSPF2,SFm&1&rDXHP&Ex&dxHP_equip,RE-dxHP_eq-pkgSEER-12.5-SEER2-6.4-HSPF2,,,,,,,,,,,,,,,,,,,,,,,,,,,,,,,,,,,,,,,
SWHC049-09 SEER Rated AC HP_SFm_1975/runs/CZ02/SFm&1&rDXHP&Ex&dxHP_equip/RE-dxHP_eq-pkgSEER-14.3-SEER2-7.5-HSPF2/instance-out.sql,CZ02,SFm,1,rDXHP,Ex,dxHP_equip,,RE-dxHP_eq-pkgSEER-14.3-SEER2-7.5-HSPF2,SFm&1&rDXHP&Ex&dxHP_equip,RE-dxHP_eq-pkgSEER-14.3-SEER2-7.5-HSPF2,,,,,,,,,,,,,,,,,,,,,,,,,,,,,,,,,,,,,,,
SWHC049-09 SEER Rated AC HP_SFm_1975/runs/CZ02/SFm&1&rDXHP&Ex&dxHP_equip/RE-dxHP_eq-pkgSEER-15.2-SEER2-7.7-HSPF2/instance-out.sql,CZ02,SFm,1,rDXHP,Ex,dxHP_equip,,RE-dxHP_eq-pkgSEER-15.2-SEER2-7.7-HSPF2,SFm&1&rDXHP&Ex&dxHP_equip,RE-dxHP_eq-pkgSEER-15.2-SEER2-7.7-HSPF2,,,,,,,,,,,,,,,,,,,,,,,,,,,,,,,,,,,,,,,
SWHC049-09 SEER Rated AC HP_SFm_1975/runs/CZ02/SFm&1&rDXHP&Ex&dxHP_equip/RE-dxHP_eq-pkgSEER-16.0-SEER2-8.0-HSPF2/instance-out.sql,CZ02,SFm,1,rDXHP,Ex,dxHP_equip,,RE-dxHP_eq-pkgSEER-16.0-SEER2-8.0-HSPF2,SFm&1&rDXHP&Ex&dxHP_equip,RE-dxHP_eq-pkgSEER-16.0-SEER2-8.0-HSPF2,,,,,,,,,,,,,,,,,,,,,,,,,,,,,,,,,,,,,,,
SWHC049-09 SEER Rated AC HP_SFm_1975/runs/CZ02/SFm&1&rDXHP&Ex&dxHP_equip/RE-dxHP_eq-pkgSEER-17.8-SEER2-8.1-HSPF2/instance-out.sql,CZ02,SFm,1,rDXHP,Ex,dxHP_equip,,RE-dxHP_eq-pkgSEER-17.8-SEER2-8.1-HSPF2,SFm&1&rDXHP&Ex&dxHP_equip,RE-dxHP_eq-pkgSEER-17.8-SEER2-8.1-HSPF2,,,,,,,,,,,,,,,,,,,,,,,,,,,,,,,,,,,,,,,
SWHC049-09 SEER Rated AC HP_SFm_1975/runs/CZ02/SFm&1&rDXHP&Ex&dxHP_equip/RE-dxHP_eq-pkgSEER-18.7-SEER2-8.5-HSPF2/instance-out.sql,CZ02,SFm,1,rDXHP,Ex,dxHP_equip,,RE-dxHP_eq-pkgSEER-18.7-SEER2-8.5-HSPF2,SFm&1&rDXHP&Ex&dxHP_equip,RE-dxHP_eq-pkgSEER-18.7-SEER2-8.5-HSPF2,,,,,,,,,,,,,,,,,,,,,,,,,,,,,,,,,,,,,,,
SWHC049-09 SEER Rated AC HP_SFm_1975/runs/CZ02/SFm&1&rDXHP&Ex&dxHP_equip/RE-dxHP_eq-pkgSEER-19.6-SEER2-8.9-HSPF2/instance-out.sql,CZ02,SFm,1,rDXHP,Ex,dxHP_equip,,RE-dxHP_eq-pkgSEER-19.6-SEER2-8.9-HSPF2,SFm&1&rDXHP&Ex&dxHP_equip,RE-dxHP_eq-pkgSEER-19.6-SEER2-8.9-HSPF2,,,,,,,,,,,,,,,,,,,,,,,,,,,,,,,,,,,,,,,
SWHC049-09 SEER Rated AC HP_SFm_1975/runs/CZ01/SFm&2&rDXHP&Ex&dxHP_equip/RE-dxAC_eq-pkgSEER-12.5-SEER2/instance-out.sql,CZ01,SFm,2,rDXHP,Ex,dxHP_equip,,RE-dxAC_eq-pkgSEER-12.5-SEER2,SFm&2&rDXHP&Ex&dxHP_equip,RE-dxAC_eq-pkgSEER-12.5-SEER2,,,,,,,,,,,,,,,,,,,,,,,,,,,,,,,,,,,,,,,
SWHC049-09 SEER Rated AC HP_SFm_1975/runs/CZ01/SFm&2&rDXHP&Ex&dxHP_equip/RE-dxAC_eq-pkgSEER-13.8-SEER2/instance-out.sql,CZ01,SFm,2,rDXHP,Ex,dxHP_equip,,RE-dxAC_eq-pkgSEER-13.8-SEER2,SFm&2&rDXHP&Ex&dxHP_equip,RE-dxAC_eq-pkgSEER-13.8-SEER2,,,,,,,,,,,,,,,,,,,,,,,,,,,,,,,,,,,,,,,
SWHC049-09 SEER Rated AC HP_SFm_1975/runs/CZ01/SFm&2&rDXHP&Ex&dxHP_equip/RE-dxAC_eq-pkgSEER-14.3-SEER2/instance-out.sql,CZ01,SFm,2,rDXHP,Ex,dxHP_equip,,RE-dxAC_eq-pkgSEER-14.3-SEER2,SFm&2&rDXHP&Ex&dxHP_equip,RE-dxAC_eq-pkgSEER-14.3-SEER2,,,,,,,,,,,,,,,,,,,,,,,,,,,,,,,,,,,,,,,
SWHC049-09 SEER Rated AC HP_SFm_1975/runs/CZ01/SFm&2&rDXHP&Ex&dxHP_equip/RE-dxAC_eq-pkgSEER-15.2-SEER2/instance-out.sql,CZ01,SFm,2,rDXHP,Ex,dxHP_equip,,RE-dxAC_eq-pkgSEER-15.2-SEER2,SFm&2&rDXHP&Ex&dxHP_equip,RE-dxAC_eq-pkgSEER-15.2-SEER2,,,,,,,,,,,,,,,,,,,,,,,,,,,,,,,,,,,,,,,
SWHC049-09 SEER Rated AC HP_SFm_1975/runs/CZ01/SFm&2&rDXHP&Ex&dxHP_equip/RE-dxAC_eq-pkgSEER-16.9-SEER2/instance-out.sql,CZ01,SFm,2,rDXHP,Ex,dxHP_equip,,RE-dxAC_eq-pkgSEER-16.9-SEER2,SFm&2&rDXHP&Ex&dxHP_equip,RE-dxAC_eq-pkgSEER-16.9-SEER2,,,,,,,,,,,,,,,,,,,,,,,,,,,,,,,,,,,,,,,
SWHC049-09 SEER Rated AC HP_SFm_1975/runs/CZ01/SFm&2&rDXHP&Ex&dxHP_equip/RE-dxAC_eq-pkgSEER-17.8-SEER2/instance-out.sql,CZ01,SFm,2,rDXHP,Ex,dxHP_equip,,RE-dxAC_eq-pkgSEER-17.8-SEER2,SFm&2&rDXHP&Ex&dxHP_equip,RE-dxAC_eq-pkgSEER-17.8-SEER2,,,,,,,,,,,,,,,,,,,,,,,,,,,,,,,,,,,,,,,
SWHC049-09 SEER Rated AC HP_SFm_1975/runs/CZ01/SFm&2&rDXHP&Ex&dxHP_equip/RE-dxAC_eq-pkgSEER-18.7-SEER2/instance-out.sql,CZ01,SFm,2,rDXHP,Ex,dxHP_equip,,RE-dxAC_eq-pkgSEER-18.7-SEER2,SFm&2&rDXHP&Ex&dxHP_equip,RE-dxAC_eq-pkgSEER-18.7-SEER2,,,,,,,,,,,,,,,,,,,,,,,,,,,,,,,,,,,,,,,
SWHC049-09 SEER Rated AC HP_SFm_1975/runs/CZ01/SFm&2&rDXHP&Ex&dxHP_equip/RE-dxAC_eq-pkgSEER-19.6-SEER2/instance-out.sql,CZ01,SFm,2,rDXHP,Ex,dxHP_equip,,RE-dxAC_eq-pkgSEER-19.6-SEER2,SFm&2&rDXHP&Ex&dxHP_equip,RE-dxAC_eq-pkgSEER-19.6-SEER2,,,,,,,,,,,,,,,,,,,,,,,,,,,,,,,,,,,,,,,
SWHC049-09 SEER Rated AC HP_SFm_1975/runs/CZ01/SFm&2&rDXHP&Ex&dxHP_equip/RE-dxHP_eq-pkgSEER-12.5-SEER2-6.4-HSPF2/instance-out.sql,CZ01,SFm,2,rDXHP,Ex,dxHP_equip,,RE-dxHP_eq-pkgSEER-12.5-SEER2-6.4-HSPF2,SFm&2&rDXHP&Ex&dxHP_equip,RE-dxHP_eq-pkgSEER-12.5-SEER2-6.4-HSPF2,,,,,,,,,,,,,,,,,,,,,,,,,,,,,,,,,,,,,,,
SWHC049-09 SEER Rated AC HP_SFm_1975/runs/CZ01/SFm&2&rDXHP&Ex&dxHP_equip/RE-dxHP_eq-pkgSEER-14.3-SEER2-7.5-HSPF2/instance-out.sql,CZ01,SFm,2,rDXHP,Ex,dxHP_equip,,RE-dxHP_eq-pkgSEER-14.3-SEER2-7.5-HSPF2,SFm&2&rDXHP&Ex&dxHP_equip,RE-dxHP_eq-pkgSEER-14.3-SEER2-7.5-HSPF2,,,,,,,,,,,,,,,,,,,,,,,,,,,,,,,,,,,,,,,
SWHC049-09 SEER Rated AC HP_SFm_1975/runs/CZ01/SFm&2&rDXHP&Ex&dxHP_equip/RE-dxHP_eq-pkgSEER-15.2-SEER2-7.7-HSPF2/instance-out.sql,CZ01,SFm,2,rDXHP,Ex,dxHP_equip,,RE-dxHP_eq-pkgSEER-15.2-SEER2-7.7-HSPF2,SFm&2&rDXHP&Ex&dxHP_equip,RE-dxHP_eq-pkgSEER-15.2-SEER2-7.7-HSPF2,,,,,,,,,,,,,,,,,,,,,,,,,,,,,,,,,,,,,,,
SWHC049-09 SEER Rated AC HP_SFm_1975/runs/CZ01/SFm&2&rDXHP&Ex&dxHP_equip/RE-dxHP_eq-pkgSEER-16.0-SEER2-8.0-HSPF2/instance-out.sql,CZ01,SFm,2,rDXHP,Ex,dxHP_equip,,RE-dxHP_eq-pkgSEER-16.0-SEER2-8.0-HSPF2,SFm&2&rDXHP&Ex&dxHP_equip,RE-dxHP_eq-pkgSEER-16.0-SEER2-8.0-HSPF2,,,,,,,,,,,,,,,,,,,,,,,,,,,,,,,,,,,,,,,
SWHC049-09 SEER Rated AC HP_SFm_1975/runs/CZ01/SFm&2&rDXHP&Ex&dxHP_equip/RE-dxHP_eq-pkgSEER-17.8-SEER2-8.1-HSPF2/instance-out.sql,CZ01,SFm,2,rDXHP,Ex,dxHP_equip,,RE-dxHP_eq-pkgSEER-17.8-SEER2-8.1-HSPF2,SFm&2&rDXHP&Ex&dxHP_equip,RE-dxHP_eq-pkgSEER-17.8-SEER2-8.1-HSPF2,,,,,,,,,,,,,,,,,,,,,,,,,,,,,,,,,,,,,,,
SWHC049-09 SEER Rated AC HP_SFm_1975/runs/CZ01/SFm&2&rDXHP&Ex&dxHP_equip/RE-dxHP_eq-pkgSEER-18.7-SEER2-8.5-HSPF2/instance-out.sql,CZ01,SFm,2,rDXHP,Ex,dxHP_equip,,RE-dxHP_eq-pkgSEER-18.7-SEER2-8.5-HSPF2,SFm&2&rDXHP&Ex&dxHP_equip,RE-dxHP_eq-pkgSEER-18.7-SEER2-8.5-HSPF2,,,,,,,,,,,,,,,,,,,,,,,,,,,,,,,,,,,,,,,
SWHC049-09 SEER Rated AC HP_SFm_1975/runs/CZ01/SFm&2&rDXHP&Ex&dxHP_equip/RE-dxHP_eq-pkgSEER-19.6-SEER2-8.9-HSPF2/instance-out.sql,CZ01,SFm,2,rDXHP,Ex,dxHP_equip,,RE-dxHP_eq-pkgSEER-19.6-SEER2-8.9-HSPF2,SFm&2&rDXHP&Ex&dxHP_equip,RE-dxHP_eq-pkgSEER-19.6-SEER2-8.9-HSPF2,,,,,,,,,,,,,,,,,,,,,,,,,,,,,,,,,,,,,,,
SWHC049-09 SEER Rated AC HP_SFm_1975/runs/CZ01/SFm&1&rDXHP&Ex&dxHP_equip/RE-dxAC_eq-pkgSEER-12.5-SEER2/instance-out.sql,CZ01,SFm,1,rDXHP,Ex,dxHP_equip,,RE-dxAC_eq-pkgSEER-12.5-SEER2,SFm&1&rDXHP&Ex&dxHP_equip,RE-dxAC_eq-pkgSEER-12.5-SEER2,,,,,,,,,,,,,,,,,,,,,,,,,,,,,,,,,,,,,,,
SWHC049-09 SEER Rated AC HP_SFm_1975/runs/CZ01/SFm&1&rDXHP&Ex&dxHP_equip/RE-dxAC_eq-pkgSEER-13.8-SEER2/instance-out.sql,CZ01,SFm,1,rDXHP,Ex,dxHP_equip,,RE-dxAC_eq-pkgSEER-13.8-SEER2,SFm&1&rDXHP&Ex&dxHP_equip,RE-dxAC_eq-pkgSEER-13.8-SEER2,,,,,,,,,,,,,,,,,,,,,,,,,,,,,,,,,,,,,,,
SWHC049-09 SEER Rated AC HP_SFm_1975/runs/CZ01/SFm&1&rDXHP&Ex&dxHP_equip/RE-dxAC_eq-pkgSEER-14.3-SEER2/instance-out.sql,CZ01,SFm,1,rDXHP,Ex,dxHP_equip,,RE-dxAC_eq-pkgSEER-14.3-SEER2,SFm&1&rDXHP&Ex&dxHP_equip,RE-dxAC_eq-pkgSEER-14.3-SEER2,,,,,,,,,,,,,,,,,,,,,,,,,,,,,,,,,,,,,,,
SWHC049-09 SEER Rated AC HP_SFm_1975/runs/CZ01/SFm&1&rDXHP&Ex&dxHP_equip/RE-dxAC_eq-pkgSEER-15.2-SEER2/instance-out.sql,CZ01,SFm,1,rDXHP,Ex,dxHP_equip,,RE-dxAC_eq-pkgSEER-15.2-SEER2,SFm&1&rDXHP&Ex&dxHP_equip,RE-dxAC_eq-pkgSEER-15.2-SEER2,,,,,,,,,,,,,,,,,,,,,,,,,,,,,,,,,,,,,,,
SWHC049-09 SEER Rated AC HP_SFm_1975/runs/CZ01/SFm&1&rDXHP&Ex&dxHP_equip/RE-dxAC_eq-pkgSEER-16.9-SEER2/instance-out.sql,CZ01,SFm,1,rDXHP,Ex,dxHP_equip,,RE-dxAC_eq-pkgSEER-16.9-SEER2,SFm&1&rDXHP&Ex&dxHP_equip,RE-dxAC_eq-pkgSEER-16.9-SEER2,,,,,,,,,,,,,,,,,,,,,,,,,,,,,,,,,,,,,,,
SWHC049-09 SEER Rated AC HP_SFm_1975/runs/CZ01/SFm&1&rDXHP&Ex&dxHP_equip/RE-dxAC_eq-pkgSEER-17.8-SEER2/instance-out.sql,CZ01,SFm,1,rDXHP,Ex,dxHP_equip,,RE-dxAC_eq-pkgSEER-17.8-SEER2,SFm&1&rDXHP&Ex&dxHP_equip,RE-dxAC_eq-pkgSEER-17.8-SEER2,,,,,,,,,,,,,,,,,,,,,,,,,,,,,,,,,,,,,,,
SWHC049-09 SEER Rated AC HP_SFm_1975/runs/CZ01/SFm&1&rDXHP&Ex&dxHP_equip/RE-dxAC_eq-pkgSEER-18.7-SEER2/instance-out.sql,CZ01,SFm,1,rDXHP,Ex,dxHP_equip,,RE-dxAC_eq-pkgSEER-18.7-SEER2,SFm&1&rDXHP&Ex&dxHP_equip,RE-dxAC_eq-pkgSEER-18.7-SEER2,,,,,,,,,,,,,,,,,,,,,,,,,,,,,,,,,,,,,,,
SWHC049-09 SEER Rated AC HP_SFm_1975/runs/CZ01/SFm&1&rDXHP&Ex&dxHP_equip/RE-dxAC_eq-pkgSEER-19.6-SEER2/instance-out.sql,CZ01,SFm,1,rDXHP,Ex,dxHP_equip,,RE-dxAC_eq-pkgSEER-19.6-SEER2,SFm&1&rDXHP&Ex&dxHP_equip,RE-dxAC_eq-pkgSEER-19.6-SEER2,,,,,,,,,,,,,,,,,,,,,,,,,,,,,,,,,,,,,,,
SWHC049-09 SEER Rated AC HP_SFm_1975/runs/CZ01/SFm&1&rDXHP&Ex&dxHP_equip/RE-dxHP_eq-pkgSEER-12.5-SEER2-6.4-HSPF2/instance-out.sql,CZ01,SFm,1,rDXHP,Ex,dxHP_equip,,RE-dxHP_eq-pkgSEER-12.5-SEER2-6.4-HSPF2,SFm&1&rDXHP&Ex&dxHP_equip,RE-dxHP_eq-pkgSEER-12.5-SEER2-6.4-HSPF2,,,,,,,,,,,,,,,,,,,,,,,,,,,,,,,,,,,,,,,
SWHC049-09 SEER Rated AC HP_SFm_1975/runs/CZ01/SFm&1&rDXHP&Ex&dxHP_equip/RE-dxHP_eq-pkgSEER-14.3-SEER2-7.5-HSPF2/instance-out.sql,CZ01,SFm,1,rDXHP,Ex,dxHP_equip,,RE-dxHP_eq-pkgSEER-14.3-SEER2-7.5-HSPF2,SFm&1&rDXHP&Ex&dxHP_equip,RE-dxHP_eq-pkgSEER-14.3-SEER2-7.5-HSPF2,,,,,,,,,,,,,,,,,,,,,,,,,,,,,,,,,,,,,,,
SWHC049-09 SEER Rated AC HP_SFm_1975/runs/CZ01/SFm&1&rDXHP&Ex&dxHP_equip/RE-dxHP_eq-pkgSEER-15.2-SEER2-7.7-HSPF2/instance-out.sql,CZ01,SFm,1,rDXHP,Ex,dxHP_equip,,RE-dxHP_eq-pkgSEER-15.2-SEER2-7.7-HSPF2,SFm&1&rDXHP&Ex&dxHP_equip,RE-dxHP_eq-pkgSEER-15.2-SEER2-7.7-HSPF2,,,,,,,,,,,,,,,,,,,,,,,,,,,,,,,,,,,,,,,
SWHC049-09 SEER Rated AC HP_SFm_1975/runs/CZ01/SFm&1&rDXHP&Ex&dxHP_equip/RE-dxHP_eq-pkgSEER-16.0-SEER2-8.0-HSPF2/instance-out.sql,CZ01,SFm,1,rDXHP,Ex,dxHP_equip,,RE-dxHP_eq-pkgSEER-16.0-SEER2-8.0-HSPF2,SFm&1&rDXHP&Ex&dxHP_equip,RE-dxHP_eq-pkgSEER-16.0-SEER2-8.0-HSPF2,,,,,,,,,,,,,,,,,,,,,,,,,,,,,,,,,,,,,,,
SWHC049-09 SEER Rated AC HP_SFm_1975/runs/CZ01/SFm&1&rDXHP&Ex&dxHP_equip/RE-dxHP_eq-pkgSEER-17.8-SEER2-8.1-HSPF2/instance-out.sql,CZ01,SFm,1,rDXHP,Ex,dxHP_equip,,RE-dxHP_eq-pkgSEER-17.8-SEER2-8.1-HSPF2,SFm&1&rDXHP&Ex&dxHP_equip,RE-dxHP_eq-pkgSEER-17.8-SEER2-8.1-HSPF2,,,,,,,,,,,,,,,,,,,,,,,,,,,,,,,,,,,,,,,
SWHC049-09 SEER Rated AC HP_SFm_1975/runs/CZ01/SFm&1&rDXHP&Ex&dxHP_equip/RE-dxHP_eq-pkgSEER-18.7-SEER2-8.5-HSPF2/instance-out.sql,CZ01,SFm,1,rDXHP,Ex,dxHP_equip,,RE-dxHP_eq-pkgSEER-18.7-SEER2-8.5-HSPF2,SFm&1&rDXHP&Ex&dxHP_equip,RE-dxHP_eq-pkgSEER-18.7-SEER2-8.5-HSPF2,,,,,,,,,,,,,,,,,,,,,,,,,,,,,,,,,,,,,,,
SWHC049-09 SEER Rated AC HP_SFm_1975/runs/CZ01/SFm&1&rDXHP&Ex&dxHP_equip/RE-dxHP_eq-pkgSEER-19.6-SEER2-8.9-HSPF2/instance-out.sql,CZ01,SFm,1,rDXHP,Ex,dxHP_equip,,RE-dxHP_eq-pkgSEER-19.6-SEER2-8.9-HSPF2,SFm&1&rDXHP&Ex&dxHP_equip,RE-dxHP_eq-pkgSEER-19.6-SEER2-8.9-HSPF2,,,,,,,,,,,,,,,,,,,,,,,,,,,,,,,,,,,,,,,
SWHC049-09 SEER Rated AC HP_MFm_New/runs/CZ16/MFm&0&rDXHP&New&dxHP_equip/RE-dxAC_eq-pkgSEER-12.5-SEER2/instance-out.sql,CZ16,MFm,0,rDXHP,New,dxHP_equip,,RE-dxAC_eq-pkgSEER-12.5-SEER2,MFm&0&rDXHP&New&dxHP_equip,RE-dxAC_eq-pkgSEER-12.5-SEER2,,,,,,,,,,,,,,,,,,,,,,,,,,,,,,,,,,,,,,,
SWHC049-09 SEER Rated AC HP_MFm_New/runs/CZ16/MFm&0&rDXHP&New&dxHP_equip/RE-dxAC_eq-pkgSEER-13.8-SEER2/instance-out.sql,CZ16,MFm,0,rDXHP,New,dxHP_equip,,RE-dxAC_eq-pkgSEER-13.8-SEER2,MFm&0&rDXHP&New&dxHP_equip,RE-dxAC_eq-pkgSEER-13.8-SEER2,,,,,,,,,,,,,,,,,,,,,,,,,,,,,,,,,,,,,,,
SWHC049-09 SEER Rated AC HP_MFm_New/runs/CZ16/MFm&0&rDXHP&New&dxHP_equip/RE-dxAC_eq-pkgSEER-14.3-SEER2/instance-out.sql,CZ16,MFm,0,rDXHP,New,dxHP_equip,,RE-dxAC_eq-pkgSEER-14.3-SEER2,MFm&0&rDXHP&New&dxHP_equip,RE-dxAC_eq-pkgSEER-14.3-SEER2,,,,,,,,,,,,,,,,,,,,,,,,,,,,,,,,,,,,,,,
SWHC049-09 SEER Rated AC HP_MFm_New/runs/CZ16/MFm&0&rDXHP&New&dxHP_equip/RE-dxAC_eq-pkgSEER-15.2-SEER2/instance-out.sql,CZ16,MFm,0,rDXHP,New,dxHP_equip,,RE-dxAC_eq-pkgSEER-15.2-SEER2,MFm&0&rDXHP&New&dxHP_equip,RE-dxAC_eq-pkgSEER-15.2-SEER2,,,,,,,,,,,,,,,,,,,,,,,,,,,,,,,,,,,,,,,
SWHC049-09 SEER Rated AC HP_MFm_New/runs/CZ16/MFm&0&rDXHP&New&dxHP_equip/RE-dxAC_eq-pkgSEER-16.9-SEER2/instance-out.sql,CZ16,MFm,0,rDXHP,New,dxHP_equip,,RE-dxAC_eq-pkgSEER-16.9-SEER2,MFm&0&rDXHP&New&dxHP_equip,RE-dxAC_eq-pkgSEER-16.9-SEER2,,,,,,,,,,,,,,,,,,,,,,,,,,,,,,,,,,,,,,,
SWHC049-09 SEER Rated AC HP_MFm_New/runs/CZ16/MFm&0&rDXHP&New&dxHP_equip/RE-dxAC_eq-pkgSEER-17.8-SEER2/instance-out.sql,CZ16,MFm,0,rDXHP,New,dxHP_equip,,RE-dxAC_eq-pkgSEER-17.8-SEER2,MFm&0&rDXHP&New&dxHP_equip,RE-dxAC_eq-pkgSEER-17.8-SEER2,,,,,,,,,,,,,,,,,,,,,,,,,,,,,,,,,,,,,,,
SWHC049-09 SEER Rated AC HP_MFm_New/runs/CZ16/MFm&0&rDXHP&New&dxHP_equip/RE-dxAC_eq-pkgSEER-18.7-SEER2/instance-out.sql,CZ16,MFm,0,rDXHP,New,dxHP_equip,,RE-dxAC_eq-pkgSEER-18.7-SEER2,MFm&0&rDXHP&New&dxHP_equip,RE-dxAC_eq-pkgSEER-18.7-SEER2,,,,,,,,,,,,,,,,,,,,,,,,,,,,,,,,,,,,,,,
SWHC049-09 SEER Rated AC HP_MFm_New/runs/CZ16/MFm&0&rDXHP&New&dxHP_equip/RE-dxAC_eq-pkgSEER-19.6-SEER2/instance-out.sql,CZ16,MFm,0,rDXHP,New,dxHP_equip,,RE-dxAC_eq-pkgSEER-19.6-SEER2,MFm&0&rDXHP&New&dxHP_equip,RE-dxAC_eq-pkgSEER-19.6-SEER2,,,,,,,,,,,,,,,,,,,,,,,,,,,,,,,,,,,,,,,
SWHC049-09 SEER Rated AC HP_MFm_New/runs/CZ16/MFm&0&rDXHP&New&dxHP_equip/RE-dxHP_eq-pkgSEER-12.5-SEER2-6.4-HSPF2/instance-out.sql,CZ16,MFm,0,rDXHP,New,dxHP_equip,,RE-dxHP_eq-pkgSEER-12.5-SEER2-6.4-HSPF2,MFm&0&rDXHP&New&dxHP_equip,RE-dxHP_eq-pkgSEER-12.5-SEER2-6.4-HSPF2,,,,,,,,,,,,,,,,,,,,,,,,,,,,,,,,,,,,,,,
SWHC049-09 SEER Rated AC HP_MFm_New/runs/CZ16/MFm&0&rDXHP&New&dxHP_equip/RE-dxHP_eq-pkgSEER-14.3-SEER2-7.5-HSPF2/instance-out.sql,CZ16,MFm,0,rDXHP,New,dxHP_equip,,RE-dxHP_eq-pkgSEER-14.3-SEER2-7.5-HSPF2,MFm&0&rDXHP&New&dxHP_equip,RE-dxHP_eq-pkgSEER-14.3-SEER2-7.5-HSPF2,,,,,,,,,,,,,,,,,,,,,,,,,,,,,,,,,,,,,,,
SWHC049-09 SEER Rated AC HP_MFm_New/runs/CZ16/MFm&0&rDXHP&New&dxHP_equip/RE-dxHP_eq-pkgSEER-15.2-SEER2-7.7-HSPF2/instance-out.sql,CZ16,MFm,0,rDXHP,New,dxHP_equip,,RE-dxHP_eq-pkgSEER-15.2-SEER2-7.7-HSPF2,MFm&0&rDXHP&New&dxHP_equip,RE-dxHP_eq-pkgSEER-15.2-SEER2-7.7-HSPF2,,,,,,,,,,,,,,,,,,,,,,,,,,,,,,,,,,,,,,,
SWHC049-09 SEER Rated AC HP_MFm_New/runs/CZ16/MFm&0&rDXHP&New&dxHP_equip/RE-dxHP_eq-pkgSEER-16.0-SEER2-8.0-HSPF2/instance-out.sql,CZ16,MFm,0,rDXHP,New,dxHP_equip,,RE-dxHP_eq-pkgSEER-16.0-SEER2-8.0-HSPF2,MFm&0&rDXHP&New&dxHP_equip,RE-dxHP_eq-pkgSEER-16.0-SEER2-8.0-HSPF2,,,,,,,,,,,,,,,,,,,,,,,,,,,,,,,,,,,,,,,
SWHC049-09 SEER Rated AC HP_MFm_New/runs/CZ16/MFm&0&rDXHP&New&dxHP_equip/RE-dxHP_eq-pkgSEER-17.8-SEER2-8.1-HSPF2/instance-out.sql,CZ16,MFm,0,rDXHP,New,dxHP_equip,,RE-dxHP_eq-pkgSEER-17.8-SEER2-8.1-HSPF2,MFm&0&rDXHP&New&dxHP_equip,RE-dxHP_eq-pkgSEER-17.8-SEER2-8.1-HSPF2,,,,,,,,,,,,,,,,,,,,,,,,,,,,,,,,,,,,,,,
SWHC049-09 SEER Rated AC HP_MFm_New/runs/CZ16/MFm&0&rDXHP&New&dxHP_equip/RE-dxHP_eq-pkgSEER-18.7-SEER2-8.5-HSPF2/instance-out.sql,CZ16,MFm,0,rDXHP,New,dxHP_equip,,RE-dxHP_eq-pkgSEER-18.7-SEER2-8.5-HSPF2,MFm&0&rDXHP&New&dxHP_equip,RE-dxHP_eq-pkgSEER-18.7-SEER2-8.5-HSPF2,,,,,,,,,,,,,,,,,,,,,,,,,,,,,,,,,,,,,,,
SWHC049-09 SEER Rated AC HP_MFm_New/runs/CZ16/MFm&0&rDXHP&New&dxHP_equip/RE-dxHP_eq-pkgSEER-19.6-SEER2-8.9-HSPF2/instance-out.sql,CZ16,MFm,0,rDXHP,New,dxHP_equip,,RE-dxHP_eq-pkgSEER-19.6-SEER2-8.9-HSPF2,MFm&0&rDXHP&New&dxHP_equip,RE-dxHP_eq-pkgSEER-19.6-SEER2-8.9-HSPF2,,,,,,,,,,,,,,,,,,,,,,,,,,,,,,,,,,,,,,,
SWHC049-09 SEER Rated AC HP_MFm_New/runs/CZ15/MFm&0&rDXHP&New&dxHP_equip/RE-dxAC_eq-pkgSEER-12.5-SEER2/instance-out.sql,CZ15,MFm,0,rDXHP,New,dxHP_equip,,RE-dxAC_eq-pkgSEER-12.5-SEER2,MFm&0&rDXHP&New&dxHP_equip,RE-dxAC_eq-pkgSEER-12.5-SEER2,,,,,,,,,,,,,,,,,,,,,,,,,,,,,,,,,,,,,,,
SWHC049-09 SEER Rated AC HP_MFm_New/runs/CZ15/MFm&0&rDXHP&New&dxHP_equip/RE-dxAC_eq-pkgSEER-13.8-SEER2/instance-out.sql,CZ15,MFm,0,rDXHP,New,dxHP_equip,,RE-dxAC_eq-pkgSEER-13.8-SEER2,MFm&0&rDXHP&New&dxHP_equip,RE-dxAC_eq-pkgSEER-13.8-SEER2,,,,,,,,,,,,,,,,,,,,,,,,,,,,,,,,,,,,,,,
SWHC049-09 SEER Rated AC HP_MFm_New/runs/CZ15/MFm&0&rDXHP&New&dxHP_equip/RE-dxAC_eq-pkgSEER-14.3-SEER2/instance-out.sql,CZ15,MFm,0,rDXHP,New,dxHP_equip,,RE-dxAC_eq-pkgSEER-14.3-SEER2,MFm&0&rDXHP&New&dxHP_equip,RE-dxAC_eq-pkgSEER-14.3-SEER2,,,,,,,,,,,,,,,,,,,,,,,,,,,,,,,,,,,,,,,
SWHC049-09 SEER Rated AC HP_MFm_New/runs/CZ15/MFm&0&rDXHP&New&dxHP_equip/RE-dxAC_eq-pkgSEER-15.2-SEER2/instance-out.sql,CZ15,MFm,0,rDXHP,New,dxHP_equip,,RE-dxAC_eq-pkgSEER-15.2-SEER2,MFm&0&rDXHP&New&dxHP_equip,RE-dxAC_eq-pkgSEER-15.2-SEER2,,,,,,,,,,,,,,,,,,,,,,,,,,,,,,,,,,,,,,,
SWHC049-09 SEER Rated AC HP_MFm_New/runs/CZ15/MFm&0&rDXHP&New&dxHP_equip/RE-dxAC_eq-pkgSEER-16.9-SEER2/instance-out.sql,CZ15,MFm,0,rDXHP,New,dxHP_equip,,RE-dxAC_eq-pkgSEER-16.9-SEER2,MFm&0&rDXHP&New&dxHP_equip,RE-dxAC_eq-pkgSEER-16.9-SEER2,,,,,,,,,,,,,,,,,,,,,,,,,,,,,,,,,,,,,,,
SWHC049-09 SEER Rated AC HP_MFm_New/runs/CZ15/MFm&0&rDXHP&New&dxHP_equip/RE-dxAC_eq-pkgSEER-17.8-SEER2/instance-out.sql,CZ15,MFm,0,rDXHP,New,dxHP_equip,,RE-dxAC_eq-pkgSEER-17.8-SEER2,MFm&0&rDXHP&New&dxHP_equip,RE-dxAC_eq-pkgSEER-17.8-SEER2,,,,,,,,,,,,,,,,,,,,,,,,,,,,,,,,,,,,,,,
SWHC049-09 SEER Rated AC HP_MFm_New/runs/CZ15/MFm&0&rDXHP&New&dxHP_equip/RE-dxAC_eq-pkgSEER-18.7-SEER2/instance-out.sql,CZ15,MFm,0,rDXHP,New,dxHP_equip,,RE-dxAC_eq-pkgSEER-18.7-SEER2,MFm&0&rDXHP&New&dxHP_equip,RE-dxAC_eq-pkgSEER-18.7-SEER2,,,,,,,,,,,,,,,,,,,,,,,,,,,,,,,,,,,,,,,
SWHC049-09 SEER Rated AC HP_MFm_New/runs/CZ15/MFm&0&rDXHP&New&dxHP_equip/RE-dxAC_eq-pkgSEER-19.6-SEER2/instance-out.sql,CZ15,MFm,0,rDXHP,New,dxHP_equip,,RE-dxAC_eq-pkgSEER-19.6-SEER2,MFm&0&rDXHP&New&dxHP_equip,RE-dxAC_eq-pkgSEER-19.6-SEER2,,,,,,,,,,,,,,,,,,,,,,,,,,,,,,,,,,,,,,,
SWHC049-09 SEER Rated AC HP_MFm_New/runs/CZ15/MFm&0&rDXHP&New&dxHP_equip/RE-dxHP_eq-pkgSEER-12.5-SEER2-6.4-HSPF2/instance-out.sql,CZ15,MFm,0,rDXHP,New,dxHP_equip,,RE-dxHP_eq-pkgSEER-12.5-SEER2-6.4-HSPF2,MFm&0&rDXHP&New&dxHP_equip,RE-dxHP_eq-pkgSEER-12.5-SEER2-6.4-HSPF2,,,,,,,,,,,,,,,,,,,,,,,,,,,,,,,,,,,,,,,
SWHC049-09 SEER Rated AC HP_MFm_New/runs/CZ15/MFm&0&rDXHP&New&dxHP_equip/RE-dxHP_eq-pkgSEER-14.3-SEER2-7.5-HSPF2/instance-out.sql,CZ15,MFm,0,rDXHP,New,dxHP_equip,,RE-dxHP_eq-pkgSEER-14.3-SEER2-7.5-HSPF2,MFm&0&rDXHP&New&dxHP_equip,RE-dxHP_eq-pkgSEER-14.3-SEER2-7.5-HSPF2,,,,,,,,,,,,,,,,,,,,,,,,,,,,,,,,,,,,,,,
SWHC049-09 SEER Rated AC HP_MFm_New/runs/CZ15/MFm&0&rDXHP&New&dxHP_equip/RE-dxHP_eq-pkgSEER-15.2-SEER2-7.7-HSPF2/instance-out.sql,CZ15,MFm,0,rDXHP,New,dxHP_equip,,RE-dxHP_eq-pkgSEER-15.2-SEER2-7.7-HSPF2,MFm&0&rDXHP&New&dxHP_equip,RE-dxHP_eq-pkgSEER-15.2-SEER2-7.7-HSPF2,,,,,,,,,,,,,,,,,,,,,,,,,,,,,,,,,,,,,,,
SWHC049-09 SEER Rated AC HP_MFm_New/runs/CZ15/MFm&0&rDXHP&New&dxHP_equip/RE-dxHP_eq-pkgSEER-16.0-SEER2-8.0-HSPF2/instance-out.sql,CZ15,MFm,0,rDXHP,New,dxHP_equip,,RE-dxHP_eq-pkgSEER-16.0-SEER2-8.0-HSPF2,MFm&0&rDXHP&New&dxHP_equip,RE-dxHP_eq-pkgSEER-16.0-SEER2-8.0-HSPF2,,,,,,,,,,,,,,,,,,,,,,,,,,,,,,,,,,,,,,,
SWHC049-09 SEER Rated AC HP_MFm_New/runs/CZ15/MFm&0&rDXHP&New&dxHP_equip/RE-dxHP_eq-pkgSEER-17.8-SEER2-8.1-HSPF2/instance-out.sql,CZ15,MFm,0,rDXHP,New,dxHP_equip,,RE-dxHP_eq-pkgSEER-17.8-SEER2-8.1-HSPF2,MFm&0&rDXHP&New&dxHP_equip,RE-dxHP_eq-pkgSEER-17.8-SEER2-8.1-HSPF2,,,,,,,,,,,,,,,,,,,,,,,,,,,,,,,,,,,,,,,
SWHC049-09 SEER Rated AC HP_MFm_New/runs/CZ15/MFm&0&rDXHP&New&dxHP_equip/RE-dxHP_eq-pkgSEER-18.7-SEER2-8.5-HSPF2/instance-out.sql,CZ15,MFm,0,rDXHP,New,dxHP_equip,,RE-dxHP_eq-pkgSEER-18.7-SEER2-8.5-HSPF2,MFm&0&rDXHP&New&dxHP_equip,RE-dxHP_eq-pkgSEER-18.7-SEER2-8.5-HSPF2,,,,,,,,,,,,,,,,,,,,,,,,,,,,,,,,,,,,,,,
SWHC049-09 SEER Rated AC HP_MFm_New/runs/CZ15/MFm&0&rDXHP&New&dxHP_equip/RE-dxHP_eq-pkgSEER-19.6-SEER2-8.9-HSPF2/instance-out.sql,CZ15,MFm,0,rDXHP,New,dxHP_equip,,RE-dxHP_eq-pkgSEER-19.6-SEER2-8.9-HSPF2,MFm&0&rDXHP&New&dxHP_equip,RE-dxHP_eq-pkgSEER-19.6-SEER2-8.9-HSPF2,,,,,,,,,,,,,,,,,,,,,,,,,,,,,,,,,,,,,,,
SWHC049-09 SEER Rated AC HP_MFm_New/runs/CZ14/MFm&0&rDXHP&New&dxHP_equip/RE-dxAC_eq-pkgSEER-12.5-SEER2/instance-out.sql,CZ14,MFm,0,rDXHP,New,dxHP_equip,,RE-dxAC_eq-pkgSEER-12.5-SEER2,MFm&0&rDXHP&New&dxHP_equip,RE-dxAC_eq-pkgSEER-12.5-SEER2,,,,,,,,,,,,,,,,,,,,,,,,,,,,,,,,,,,,,,,
SWHC049-09 SEER Rated AC HP_MFm_New/runs/CZ14/MFm&0&rDXHP&New&dxHP_equip/RE-dxAC_eq-pkgSEER-13.8-SEER2/instance-out.sql,CZ14,MFm,0,rDXHP,New,dxHP_equip,,RE-dxAC_eq-pkgSEER-13.8-SEER2,MFm&0&rDXHP&New&dxHP_equip,RE-dxAC_eq-pkgSEER-13.8-SEER2,,,,,,,,,,,,,,,,,,,,,,,,,,,,,,,,,,,,,,,
SWHC049-09 SEER Rated AC HP_MFm_New/runs/CZ14/MFm&0&rDXHP&New&dxHP_equip/RE-dxAC_eq-pkgSEER-14.3-SEER2/instance-out.sql,CZ14,MFm,0,rDXHP,New,dxHP_equip,,RE-dxAC_eq-pkgSEER-14.3-SEER2,MFm&0&rDXHP&New&dxHP_equip,RE-dxAC_eq-pkgSEER-14.3-SEER2,,,,,,,,,,,,,,,,,,,,,,,,,,,,,,,,,,,,,,,
SWHC049-09 SEER Rated AC HP_MFm_New/runs/CZ14/MFm&0&rDXHP&New&dxHP_equip/RE-dxAC_eq-pkgSEER-15.2-SEER2/instance-out.sql,CZ14,MFm,0,rDXHP,New,dxHP_equip,,RE-dxAC_eq-pkgSEER-15.2-SEER2,MFm&0&rDXHP&New&dxHP_equip,RE-dxAC_eq-pkgSEER-15.2-SEER2,,,,,,,,,,,,,,,,,,,,,,,,,,,,,,,,,,,,,,,
SWHC049-09 SEER Rated AC HP_MFm_New/runs/CZ14/MFm&0&rDXHP&New&dxHP_equip/RE-dxAC_eq-pkgSEER-16.9-SEER2/instance-out.sql,CZ14,MFm,0,rDXHP,New,dxHP_equip,,RE-dxAC_eq-pkgSEER-16.9-SEER2,MFm&0&rDXHP&New&dxHP_equip,RE-dxAC_eq-pkgSEER-16.9-SEER2,,,,,,,,,,,,,,,,,,,,,,,,,,,,,,,,,,,,,,,
SWHC049-09 SEER Rated AC HP_MFm_New/runs/CZ14/MFm&0&rDXHP&New&dxHP_equip/RE-dxAC_eq-pkgSEER-17.8-SEER2/instance-out.sql,CZ14,MFm,0,rDXHP,New,dxHP_equip,,RE-dxAC_eq-pkgSEER-17.8-SEER2,MFm&0&rDXHP&New&dxHP_equip,RE-dxAC_eq-pkgSEER-17.8-SEER2,,,,,,,,,,,,,,,,,,,,,,,,,,,,,,,,,,,,,,,
SWHC049-09 SEER Rated AC HP_MFm_New/runs/CZ14/MFm&0&rDXHP&New&dxHP_equip/RE-dxAC_eq-pkgSEER-18.7-SEER2/instance-out.sql,CZ14,MFm,0,rDXHP,New,dxHP_equip,,RE-dxAC_eq-pkgSEER-18.7-SEER2,MFm&0&rDXHP&New&dxHP_equip,RE-dxAC_eq-pkgSEER-18.7-SEER2,,,,,,,,,,,,,,,,,,,,,,,,,,,,,,,,,,,,,,,
SWHC049-09 SEER Rated AC HP_MFm_New/runs/CZ14/MFm&0&rDXHP&New&dxHP_equip/RE-dxAC_eq-pkgSEER-19.6-SEER2/instance-out.sql,CZ14,MFm,0,rDXHP,New,dxHP_equip,,RE-dxAC_eq-pkgSEER-19.6-SEER2,MFm&0&rDXHP&New&dxHP_equip,RE-dxAC_eq-pkgSEER-19.6-SEER2,,,,,,,,,,,,,,,,,,,,,,,,,,,,,,,,,,,,,,,
SWHC049-09 SEER Rated AC HP_MFm_New/runs/CZ14/MFm&0&rDXHP&New&dxHP_equip/RE-dxHP_eq-pkgSEER-12.5-SEER2-6.4-HSPF2/instance-out.sql,CZ14,MFm,0,rDXHP,New,dxHP_equip,,RE-dxHP_eq-pkgSEER-12.5-SEER2-6.4-HSPF2,MFm&0&rDXHP&New&dxHP_equip,RE-dxHP_eq-pkgSEER-12.5-SEER2-6.4-HSPF2,,,,,,,,,,,,,,,,,,,,,,,,,,,,,,,,,,,,,,,
SWHC049-09 SEER Rated AC HP_MFm_New/runs/CZ14/MFm&0&rDXHP&New&dxHP_equip/RE-dxHP_eq-pkgSEER-14.3-SEER2-7.5-HSPF2/instance-out.sql,CZ14,MFm,0,rDXHP,New,dxHP_equip,,RE-dxHP_eq-pkgSEER-14.3-SEER2-7.5-HSPF2,MFm&0&rDXHP&New&dxHP_equip,RE-dxHP_eq-pkgSEER-14.3-SEER2-7.5-HSPF2,,,,,,,,,,,,,,,,,,,,,,,,,,,,,,,,,,,,,,,
SWHC049-09 SEER Rated AC HP_MFm_New/runs/CZ14/MFm&0&rDXHP&New&dxHP_equip/RE-dxHP_eq-pkgSEER-15.2-SEER2-7.7-HSPF2/instance-out.sql,CZ14,MFm,0,rDXHP,New,dxHP_equip,,RE-dxHP_eq-pkgSEER-15.2-SEER2-7.7-HSPF2,MFm&0&rDXHP&New&dxHP_equip,RE-dxHP_eq-pkgSEER-15.2-SEER2-7.7-HSPF2,,,,,,,,,,,,,,,,,,,,,,,,,,,,,,,,,,,,,,,
SWHC049-09 SEER Rated AC HP_MFm_New/runs/CZ14/MFm&0&rDXHP&New&dxHP_equip/RE-dxHP_eq-pkgSEER-16.0-SEER2-8.0-HSPF2/instance-out.sql,CZ14,MFm,0,rDXHP,New,dxHP_equip,,RE-dxHP_eq-pkgSEER-16.0-SEER2-8.0-HSPF2,MFm&0&rDXHP&New&dxHP_equip,RE-dxHP_eq-pkgSEER-16.0-SEER2-8.0-HSPF2,,,,,,,,,,,,,,,,,,,,,,,,,,,,,,,,,,,,,,,
SWHC049-09 SEER Rated AC HP_MFm_New/runs/CZ14/MFm&0&rDXHP&New&dxHP_equip/RE-dxHP_eq-pkgSEER-17.8-SEER2-8.1-HSPF2/instance-out.sql,CZ14,MFm,0,rDXHP,New,dxHP_equip,,RE-dxHP_eq-pkgSEER-17.8-SEER2-8.1-HSPF2,MFm&0&rDXHP&New&dxHP_equip,RE-dxHP_eq-pkgSEER-17.8-SEER2-8.1-HSPF2,,,,,,,,,,,,,,,,,,,,,,,,,,,,,,,,,,,,,,,
SWHC049-09 SEER Rated AC HP_MFm_New/runs/CZ14/MFm&0&rDXHP&New&dxHP_equip/RE-dxHP_eq-pkgSEER-18.7-SEER2-8.5-HSPF2/instance-out.sql,CZ14,MFm,0,rDXHP,New,dxHP_equip,,RE-dxHP_eq-pkgSEER-18.7-SEER2-8.5-HSPF2,MFm&0&rDXHP&New&dxHP_equip,RE-dxHP_eq-pkgSEER-18.7-SEER2-8.5-HSPF2,,,,,,,,,,,,,,,,,,,,,,,,,,,,,,,,,,,,,,,
SWHC049-09 SEER Rated AC HP_MFm_New/runs/CZ14/MFm&0&rDXHP&New&dxHP_equip/RE-dxHP_eq-pkgSEER-19.6-SEER2-8.9-HSPF2/instance-out.sql,CZ14,MFm,0,rDXHP,New,dxHP_equip,,RE-dxHP_eq-pkgSEER-19.6-SEER2-8.9-HSPF2,MFm&0&rDXHP&New&dxHP_equip,RE-dxHP_eq-pkgSEER-19.6-SEER2-8.9-HSPF2,,,,,,,,,,,,,,,,,,,,,,,,,,,,,,,,,,,,,,,
SWHC049-09 SEER Rated AC HP_MFm_New/runs/CZ13/MFm&0&rDXHP&New&dxHP_equip/RE-dxAC_eq-pkgSEER-12.5-SEER2/instance-out.sql,CZ13,MFm,0,rDXHP,New,dxHP_equip,,RE-dxAC_eq-pkgSEER-12.5-SEER2,MFm&0&rDXHP&New&dxHP_equip,RE-dxAC_eq-pkgSEER-12.5-SEER2,,,,,,,,,,,,,,,,,,,,,,,,,,,,,,,,,,,,,,,
SWHC049-09 SEER Rated AC HP_MFm_New/runs/CZ13/MFm&0&rDXHP&New&dxHP_equip/RE-dxAC_eq-pkgSEER-13.8-SEER2/instance-out.sql,CZ13,MFm,0,rDXHP,New,dxHP_equip,,RE-dxAC_eq-pkgSEER-13.8-SEER2,MFm&0&rDXHP&New&dxHP_equip,RE-dxAC_eq-pkgSEER-13.8-SEER2,,,,,,,,,,,,,,,,,,,,,,,,,,,,,,,,,,,,,,,
SWHC049-09 SEER Rated AC HP_MFm_New/runs/CZ13/MFm&0&rDXHP&New&dxHP_equip/RE-dxAC_eq-pkgSEER-14.3-SEER2/instance-out.sql,CZ13,MFm,0,rDXHP,New,dxHP_equip,,RE-dxAC_eq-pkgSEER-14.3-SEER2,MFm&0&rDXHP&New&dxHP_equip,RE-dxAC_eq-pkgSEER-14.3-SEER2,,,,,,,,,,,,,,,,,,,,,,,,,,,,,,,,,,,,,,,
SWHC049-09 SEER Rated AC HP_MFm_New/runs/CZ13/MFm&0&rDXHP&New&dxHP_equip/RE-dxAC_eq-pkgSEER-15.2-SEER2/instance-out.sql,CZ13,MFm,0,rDXHP,New,dxHP_equip,,RE-dxAC_eq-pkgSEER-15.2-SEER2,MFm&0&rDXHP&New&dxHP_equip,RE-dxAC_eq-pkgSEER-15.2-SEER2,,,,,,,,,,,,,,,,,,,,,,,,,,,,,,,,,,,,,,,
SWHC049-09 SEER Rated AC HP_MFm_New/runs/CZ13/MFm&0&rDXHP&New&dxHP_equip/RE-dxAC_eq-pkgSEER-16.9-SEER2/instance-out.sql,CZ13,MFm,0,rDXHP,New,dxHP_equip,,RE-dxAC_eq-pkgSEER-16.9-SEER2,MFm&0&rDXHP&New&dxHP_equip,RE-dxAC_eq-pkgSEER-16.9-SEER2,,,,,,,,,,,,,,,,,,,,,,,,,,,,,,,,,,,,,,,
SWHC049-09 SEER Rated AC HP_MFm_New/runs/CZ13/MFm&0&rDXHP&New&dxHP_equip/RE-dxAC_eq-pkgSEER-17.8-SEER2/instance-out.sql,CZ13,MFm,0,rDXHP,New,dxHP_equip,,RE-dxAC_eq-pkgSEER-17.8-SEER2,MFm&0&rDXHP&New&dxHP_equip,RE-dxAC_eq-pkgSEER-17.8-SEER2,,,,,,,,,,,,,,,,,,,,,,,,,,,,,,,,,,,,,,,
SWHC049-09 SEER Rated AC HP_MFm_New/runs/CZ13/MFm&0&rDXHP&New&dxHP_equip/RE-dxAC_eq-pkgSEER-18.7-SEER2/instance-out.sql,CZ13,MFm,0,rDXHP,New,dxHP_equip,,RE-dxAC_eq-pkgSEER-18.7-SEER2,MFm&0&rDXHP&New&dxHP_equip,RE-dxAC_eq-pkgSEER-18.7-SEER2,,,,,,,,,,,,,,,,,,,,,,,,,,,,,,,,,,,,,,,
SWHC049-09 SEER Rated AC HP_MFm_New/runs/CZ13/MFm&0&rDXHP&New&dxHP_equip/RE-dxAC_eq-pkgSEER-19.6-SEER2/instance-out.sql,CZ13,MFm,0,rDXHP,New,dxHP_equip,,RE-dxAC_eq-pkgSEER-19.6-SEER2,MFm&0&rDXHP&New&dxHP_equip,RE-dxAC_eq-pkgSEER-19.6-SEER2,,,,,,,,,,,,,,,,,,,,,,,,,,,,,,,,,,,,,,,
SWHC049-09 SEER Rated AC HP_MFm_New/runs/CZ13/MFm&0&rDXHP&New&dxHP_equip/RE-dxHP_eq-pkgSEER-12.5-SEER2-6.4-HSPF2/instance-out.sql,CZ13,MFm,0,rDXHP,New,dxHP_equip,,RE-dxHP_eq-pkgSEER-12.5-SEER2-6.4-HSPF2,MFm&0&rDXHP&New&dxHP_equip,RE-dxHP_eq-pkgSEER-12.5-SEER2-6.4-HSPF2,,,,,,,,,,,,,,,,,,,,,,,,,,,,,,,,,,,,,,,
SWHC049-09 SEER Rated AC HP_MFm_New/runs/CZ13/MFm&0&rDXHP&New&dxHP_equip/RE-dxHP_eq-pkgSEER-14.3-SEER2-7.5-HSPF2/instance-out.sql,CZ13,MFm,0,rDXHP,New,dxHP_equip,,RE-dxHP_eq-pkgSEER-14.3-SEER2-7.5-HSPF2,MFm&0&rDXHP&New&dxHP_equip,RE-dxHP_eq-pkgSEER-14.3-SEER2-7.5-HSPF2,,,,,,,,,,,,,,,,,,,,,,,,,,,,,,,,,,,,,,,
SWHC049-09 SEER Rated AC HP_MFm_New/runs/CZ13/MFm&0&rDXHP&New&dxHP_equip/RE-dxHP_eq-pkgSEER-15.2-SEER2-7.7-HSPF2/instance-out.sql,CZ13,MFm,0,rDXHP,New,dxHP_equip,,RE-dxHP_eq-pkgSEER-15.2-SEER2-7.7-HSPF2,MFm&0&rDXHP&New&dxHP_equip,RE-dxHP_eq-pkgSEER-15.2-SEER2-7.7-HSPF2,,,,,,,,,,,,,,,,,,,,,,,,,,,,,,,,,,,,,,,
SWHC049-09 SEER Rated AC HP_MFm_New/runs/CZ13/MFm&0&rDXHP&New&dxHP_equip/RE-dxHP_eq-pkgSEER-16.0-SEER2-8.0-HSPF2/instance-out.sql,CZ13,MFm,0,rDXHP,New,dxHP_equip,,RE-dxHP_eq-pkgSEER-16.0-SEER2-8.0-HSPF2,MFm&0&rDXHP&New&dxHP_equip,RE-dxHP_eq-pkgSEER-16.0-SEER2-8.0-HSPF2,,,,,,,,,,,,,,,,,,,,,,,,,,,,,,,,,,,,,,,
SWHC049-09 SEER Rated AC HP_MFm_New/runs/CZ13/MFm&0&rDXHP&New&dxHP_equip/RE-dxHP_eq-pkgSEER-17.8-SEER2-8.1-HSPF2/instance-out.sql,CZ13,MFm,0,rDXHP,New,dxHP_equip,,RE-dxHP_eq-pkgSEER-17.8-SEER2-8.1-HSPF2,MFm&0&rDXHP&New&dxHP_equip,RE-dxHP_eq-pkgSEER-17.8-SEER2-8.1-HSPF2,,,,,,,,,,,,,,,,,,,,,,,,,,,,,,,,,,,,,,,
SWHC049-09 SEER Rated AC HP_MFm_New/runs/CZ13/MFm&0&rDXHP&New&dxHP_equip/RE-dxHP_eq-pkgSEER-18.7-SEER2-8.5-HSPF2/instance-out.sql,CZ13,MFm,0,rDXHP,New,dxHP_equip,,RE-dxHP_eq-pkgSEER-18.7-SEER2-8.5-HSPF2,MFm&0&rDXHP&New&dxHP_equip,RE-dxHP_eq-pkgSEER-18.7-SEER2-8.5-HSPF2,,,,,,,,,,,,,,,,,,,,,,,,,,,,,,,,,,,,,,,
SWHC049-09 SEER Rated AC HP_MFm_New/runs/CZ13/MFm&0&rDXHP&New&dxHP_equip/RE-dxHP_eq-pkgSEER-19.6-SEER2-8.9-HSPF2/instance-out.sql,CZ13,MFm,0,rDXHP,New,dxHP_equip,,RE-dxHP_eq-pkgSEER-19.6-SEER2-8.9-HSPF2,MFm&0&rDXHP&New&dxHP_equip,RE-dxHP_eq-pkgSEER-19.6-SEER2-8.9-HSPF2,,,,,,,,,,,,,,,,,,,,,,,,,,,,,,,,,,,,,,,
SWHC049-09 SEER Rated AC HP_MFm_New/runs/CZ12/MFm&0&rDXHP&New&dxHP_equip/RE-dxAC_eq-pkgSEER-12.5-SEER2/instance-out.sql,CZ12,MFm,0,rDXHP,New,dxHP_equip,,RE-dxAC_eq-pkgSEER-12.5-SEER2,MFm&0&rDXHP&New&dxHP_equip,RE-dxAC_eq-pkgSEER-12.5-SEER2,,,,,,,,,,,,,,,,,,,,,,,,,,,,,,,,,,,,,,,
SWHC049-09 SEER Rated AC HP_MFm_New/runs/CZ12/MFm&0&rDXHP&New&dxHP_equip/RE-dxAC_eq-pkgSEER-13.8-SEER2/instance-out.sql,CZ12,MFm,0,rDXHP,New,dxHP_equip,,RE-dxAC_eq-pkgSEER-13.8-SEER2,MFm&0&rDXHP&New&dxHP_equip,RE-dxAC_eq-pkgSEER-13.8-SEER2,,,,,,,,,,,,,,,,,,,,,,,,,,,,,,,,,,,,,,,
SWHC049-09 SEER Rated AC HP_MFm_New/runs/CZ12/MFm&0&rDXHP&New&dxHP_equip/RE-dxAC_eq-pkgSEER-14.3-SEER2/instance-out.sql,CZ12,MFm,0,rDXHP,New,dxHP_equip,,RE-dxAC_eq-pkgSEER-14.3-SEER2,MFm&0&rDXHP&New&dxHP_equip,RE-dxAC_eq-pkgSEER-14.3-SEER2,,,,,,,,,,,,,,,,,,,,,,,,,,,,,,,,,,,,,,,
SWHC049-09 SEER Rated AC HP_MFm_New/runs/CZ12/MFm&0&rDXHP&New&dxHP_equip/RE-dxAC_eq-pkgSEER-15.2-SEER2/instance-out.sql,CZ12,MFm,0,rDXHP,New,dxHP_equip,,RE-dxAC_eq-pkgSEER-15.2-SEER2,MFm&0&rDXHP&New&dxHP_equip,RE-dxAC_eq-pkgSEER-15.2-SEER2,,,,,,,,,,,,,,,,,,,,,,,,,,,,,,,,,,,,,,,
SWHC049-09 SEER Rated AC HP_MFm_New/runs/CZ12/MFm&0&rDXHP&New&dxHP_equip/RE-dxAC_eq-pkgSEER-16.9-SEER2/instance-out.sql,CZ12,MFm,0,rDXHP,New,dxHP_equip,,RE-dxAC_eq-pkgSEER-16.9-SEER2,MFm&0&rDXHP&New&dxHP_equip,RE-dxAC_eq-pkgSEER-16.9-SEER2,,,,,,,,,,,,,,,,,,,,,,,,,,,,,,,,,,,,,,,
SWHC049-09 SEER Rated AC HP_MFm_New/runs/CZ12/MFm&0&rDXHP&New&dxHP_equip/RE-dxAC_eq-pkgSEER-17.8-SEER2/instance-out.sql,CZ12,MFm,0,rDXHP,New,dxHP_equip,,RE-dxAC_eq-pkgSEER-17.8-SEER2,MFm&0&rDXHP&New&dxHP_equip,RE-dxAC_eq-pkgSEER-17.8-SEER2,,,,,,,,,,,,,,,,,,,,,,,,,,,,,,,,,,,,,,,
SWHC049-09 SEER Rated AC HP_MFm_New/runs/CZ12/MFm&0&rDXHP&New&dxHP_equip/RE-dxAC_eq-pkgSEER-18.7-SEER2/instance-out.sql,CZ12,MFm,0,rDXHP,New,dxHP_equip,,RE-dxAC_eq-pkgSEER-18.7-SEER2,MFm&0&rDXHP&New&dxHP_equip,RE-dxAC_eq-pkgSEER-18.7-SEER2,,,,,,,,,,,,,,,,,,,,,,,,,,,,,,,,,,,,,,,
SWHC049-09 SEER Rated AC HP_MFm_New/runs/CZ12/MFm&0&rDXHP&New&dxHP_equip/RE-dxAC_eq-pkgSEER-19.6-SEER2/instance-out.sql,CZ12,MFm,0,rDXHP,New,dxHP_equip,,RE-dxAC_eq-pkgSEER-19.6-SEER2,MFm&0&rDXHP&New&dxHP_equip,RE-dxAC_eq-pkgSEER-19.6-SEER2,,,,,,,,,,,,,,,,,,,,,,,,,,,,,,,,,,,,,,,
SWHC049-09 SEER Rated AC HP_MFm_New/runs/CZ12/MFm&0&rDXHP&New&dxHP_equip/RE-dxHP_eq-pkgSEER-12.5-SEER2-6.4-HSPF2/instance-out.sql,CZ12,MFm,0,rDXHP,New,dxHP_equip,,RE-dxHP_eq-pkgSEER-12.5-SEER2-6.4-HSPF2,MFm&0&rDXHP&New&dxHP_equip,RE-dxHP_eq-pkgSEER-12.5-SEER2-6.4-HSPF2,,,,,,,,,,,,,,,,,,,,,,,,,,,,,,,,,,,,,,,
SWHC049-09 SEER Rated AC HP_MFm_New/runs/CZ12/MFm&0&rDXHP&New&dxHP_equip/RE-dxHP_eq-pkgSEER-14.3-SEER2-7.5-HSPF2/instance-out.sql,CZ12,MFm,0,rDXHP,New,dxHP_equip,,RE-dxHP_eq-pkgSEER-14.3-SEER2-7.5-HSPF2,MFm&0&rDXHP&New&dxHP_equip,RE-dxHP_eq-pkgSEER-14.3-SEER2-7.5-HSPF2,,,,,,,,,,,,,,,,,,,,,,,,,,,,,,,,,,,,,,,
SWHC049-09 SEER Rated AC HP_MFm_New/runs/CZ12/MFm&0&rDXHP&New&dxHP_equip/RE-dxHP_eq-pkgSEER-15.2-SEER2-7.7-HSPF2/instance-out.sql,CZ12,MFm,0,rDXHP,New,dxHP_equip,,RE-dxHP_eq-pkgSEER-15.2-SEER2-7.7-HSPF2,MFm&0&rDXHP&New&dxHP_equip,RE-dxHP_eq-pkgSEER-15.2-SEER2-7.7-HSPF2,,,,,,,,,,,,,,,,,,,,,,,,,,,,,,,,,,,,,,,
SWHC049-09 SEER Rated AC HP_MFm_New/runs/CZ12/MFm&0&rDXHP&New&dxHP_equip/RE-dxHP_eq-pkgSEER-16.0-SEER2-8.0-HSPF2/instance-out.sql,CZ12,MFm,0,rDXHP,New,dxHP_equip,,RE-dxHP_eq-pkgSEER-16.0-SEER2-8.0-HSPF2,MFm&0&rDXHP&New&dxHP_equip,RE-dxHP_eq-pkgSEER-16.0-SEER2-8.0-HSPF2,,,,,,,,,,,,,,,,,,,,,,,,,,,,,,,,,,,,,,,
SWHC049-09 SEER Rated AC HP_MFm_New/runs/CZ12/MFm&0&rDXHP&New&dxHP_equip/RE-dxHP_eq-pkgSEER-17.8-SEER2-8.1-HSPF2/instance-out.sql,CZ12,MFm,0,rDXHP,New,dxHP_equip,,RE-dxHP_eq-pkgSEER-17.8-SEER2-8.1-HSPF2,MFm&0&rDXHP&New&dxHP_equip,RE-dxHP_eq-pkgSEER-17.8-SEER2-8.1-HSPF2,,,,,,,,,,,,,,,,,,,,,,,,,,,,,,,,,,,,,,,
SWHC049-09 SEER Rated AC HP_MFm_New/runs/CZ12/MFm&0&rDXHP&New&dxHP_equip/RE-dxHP_eq-pkgSEER-18.7-SEER2-8.5-HSPF2/instance-out.sql,CZ12,MFm,0,rDXHP,New,dxHP_equip,,RE-dxHP_eq-pkgSEER-18.7-SEER2-8.5-HSPF2,MFm&0&rDXHP&New&dxHP_equip,RE-dxHP_eq-pkgSEER-18.7-SEER2-8.5-HSPF2,,,,,,,,,,,,,,,,,,,,,,,,,,,,,,,,,,,,,,,
SWHC049-09 SEER Rated AC HP_MFm_New/runs/CZ12/MFm&0&rDXHP&New&dxHP_equip/RE-dxHP_eq-pkgSEER-19.6-SEER2-8.9-HSPF2/instance-out.sql,CZ12,MFm,0,rDXHP,New,dxHP_equip,,RE-dxHP_eq-pkgSEER-19.6-SEER2-8.9-HSPF2,MFm&0&rDXHP&New&dxHP_equip,RE-dxHP_eq-pkgSEER-19.6-SEER2-8.9-HSPF2,,,,,,,,,,,,,,,,,,,,,,,,,,,,,,,,,,,,,,,
SWHC049-09 SEER Rated AC HP_MFm_New/runs/CZ11/MFm&0&rDXHP&New&dxHP_equip/RE-dxAC_eq-pkgSEER-12.5-SEER2/instance-out.sql,CZ11,MFm,0,rDXHP,New,dxHP_equip,,RE-dxAC_eq-pkgSEER-12.5-SEER2,MFm&0&rDXHP&New&dxHP_equip,RE-dxAC_eq-pkgSEER-12.5-SEER2,,,,,,,,,,,,,,,,,,,,,,,,,,,,,,,,,,,,,,,
SWHC049-09 SEER Rated AC HP_MFm_New/runs/CZ11/MFm&0&rDXHP&New&dxHP_equip/RE-dxAC_eq-pkgSEER-13.8-SEER2/instance-out.sql,CZ11,MFm,0,rDXHP,New,dxHP_equip,,RE-dxAC_eq-pkgSEER-13.8-SEER2,MFm&0&rDXHP&New&dxHP_equip,RE-dxAC_eq-pkgSEER-13.8-SEER2,,,,,,,,,,,,,,,,,,,,,,,,,,,,,,,,,,,,,,,
SWHC049-09 SEER Rated AC HP_MFm_New/runs/CZ11/MFm&0&rDXHP&New&dxHP_equip/RE-dxAC_eq-pkgSEER-14.3-SEER2/instance-out.sql,CZ11,MFm,0,rDXHP,New,dxHP_equip,,RE-dxAC_eq-pkgSEER-14.3-SEER2,MFm&0&rDXHP&New&dxHP_equip,RE-dxAC_eq-pkgSEER-14.3-SEER2,,,,,,,,,,,,,,,,,,,,,,,,,,,,,,,,,,,,,,,
SWHC049-09 SEER Rated AC HP_MFm_New/runs/CZ11/MFm&0&rDXHP&New&dxHP_equip/RE-dxAC_eq-pkgSEER-15.2-SEER2/instance-out.sql,CZ11,MFm,0,rDXHP,New,dxHP_equip,,RE-dxAC_eq-pkgSEER-15.2-SEER2,MFm&0&rDXHP&New&dxHP_equip,RE-dxAC_eq-pkgSEER-15.2-SEER2,,,,,,,,,,,,,,,,,,,,,,,,,,,,,,,,,,,,,,,
SWHC049-09 SEER Rated AC HP_MFm_New/runs/CZ11/MFm&0&rDXHP&New&dxHP_equip/RE-dxAC_eq-pkgSEER-16.9-SEER2/instance-out.sql,CZ11,MFm,0,rDXHP,New,dxHP_equip,,RE-dxAC_eq-pkgSEER-16.9-SEER2,MFm&0&rDXHP&New&dxHP_equip,RE-dxAC_eq-pkgSEER-16.9-SEER2,,,,,,,,,,,,,,,,,,,,,,,,,,,,,,,,,,,,,,,
SWHC049-09 SEER Rated AC HP_MFm_New/runs/CZ11/MFm&0&rDXHP&New&dxHP_equip/RE-dxAC_eq-pkgSEER-17.8-SEER2/instance-out.sql,CZ11,MFm,0,rDXHP,New,dxHP_equip,,RE-dxAC_eq-pkgSEER-17.8-SEER2,MFm&0&rDXHP&New&dxHP_equip,RE-dxAC_eq-pkgSEER-17.8-SEER2,,,,,,,,,,,,,,,,,,,,,,,,,,,,,,,,,,,,,,,
SWHC049-09 SEER Rated AC HP_MFm_New/runs/CZ11/MFm&0&rDXHP&New&dxHP_equip/RE-dxAC_eq-pkgSEER-18.7-SEER2/instance-out.sql,CZ11,MFm,0,rDXHP,New,dxHP_equip,,RE-dxAC_eq-pkgSEER-18.7-SEER2,MFm&0&rDXHP&New&dxHP_equip,RE-dxAC_eq-pkgSEER-18.7-SEER2,,,,,,,,,,,,,,,,,,,,,,,,,,,,,,,,,,,,,,,
SWHC049-09 SEER Rated AC HP_MFm_New/runs/CZ11/MFm&0&rDXHP&New&dxHP_equip/RE-dxAC_eq-pkgSEER-19.6-SEER2/instance-out.sql,CZ11,MFm,0,rDXHP,New,dxHP_equip,,RE-dxAC_eq-pkgSEER-19.6-SEER2,MFm&0&rDXHP&New&dxHP_equip,RE-dxAC_eq-pkgSEER-19.6-SEER2,,,,,,,,,,,,,,,,,,,,,,,,,,,,,,,,,,,,,,,
SWHC049-09 SEER Rated AC HP_MFm_New/runs/CZ11/MFm&0&rDXHP&New&dxHP_equip/RE-dxHP_eq-pkgSEER-12.5-SEER2-6.4-HSPF2/instance-out.sql,CZ11,MFm,0,rDXHP,New,dxHP_equip,,RE-dxHP_eq-pkgSEER-12.5-SEER2-6.4-HSPF2,MFm&0&rDXHP&New&dxHP_equip,RE-dxHP_eq-pkgSEER-12.5-SEER2-6.4-HSPF2,,,,,,,,,,,,,,,,,,,,,,,,,,,,,,,,,,,,,,,
SWHC049-09 SEER Rated AC HP_MFm_New/runs/CZ11/MFm&0&rDXHP&New&dxHP_equip/RE-dxHP_eq-pkgSEER-14.3-SEER2-7.5-HSPF2/instance-out.sql,CZ11,MFm,0,rDXHP,New,dxHP_equip,,RE-dxHP_eq-pkgSEER-14.3-SEER2-7.5-HSPF2,MFm&0&rDXHP&New&dxHP_equip,RE-dxHP_eq-pkgSEER-14.3-SEER2-7.5-HSPF2,,,,,,,,,,,,,,,,,,,,,,,,,,,,,,,,,,,,,,,
SWHC049-09 SEER Rated AC HP_MFm_New/runs/CZ11/MFm&0&rDXHP&New&dxHP_equip/RE-dxHP_eq-pkgSEER-15.2-SEER2-7.7-HSPF2/instance-out.sql,CZ11,MFm,0,rDXHP,New,dxHP_equip,,RE-dxHP_eq-pkgSEER-15.2-SEER2-7.7-HSPF2,MFm&0&rDXHP&New&dxHP_equip,RE-dxHP_eq-pkgSEER-15.2-SEER2-7.7-HSPF2,,,,,,,,,,,,,,,,,,,,,,,,,,,,,,,,,,,,,,,
SWHC049-09 SEER Rated AC HP_MFm_New/runs/CZ11/MFm&0&rDXHP&New&dxHP_equip/RE-dxHP_eq-pkgSEER-16.0-SEER2-8.0-HSPF2/instance-out.sql,CZ11,MFm,0,rDXHP,New,dxHP_equip,,RE-dxHP_eq-pkgSEER-16.0-SEER2-8.0-HSPF2,MFm&0&rDXHP&New&dxHP_equip,RE-dxHP_eq-pkgSEER-16.0-SEER2-8.0-HSPF2,,,,,,,,,,,,,,,,,,,,,,,,,,,,,,,,,,,,,,,
SWHC049-09 SEER Rated AC HP_MFm_New/runs/CZ11/MFm&0&rDXHP&New&dxHP_equip/RE-dxHP_eq-pkgSEER-17.8-SEER2-8.1-HSPF2/instance-out.sql,CZ11,MFm,0,rDXHP,New,dxHP_equip,,RE-dxHP_eq-pkgSEER-17.8-SEER2-8.1-HSPF2,MFm&0&rDXHP&New&dxHP_equip,RE-dxHP_eq-pkgSEER-17.8-SEER2-8.1-HSPF2,,,,,,,,,,,,,,,,,,,,,,,,,,,,,,,,,,,,,,,
SWHC049-09 SEER Rated AC HP_MFm_New/runs/CZ11/MFm&0&rDXHP&New&dxHP_equip/RE-dxHP_eq-pkgSEER-18.7-SEER2-8.5-HSPF2/instance-out.sql,CZ11,MFm,0,rDXHP,New,dxHP_equip,,RE-dxHP_eq-pkgSEER-18.7-SEER2-8.5-HSPF2,MFm&0&rDXHP&New&dxHP_equip,RE-dxHP_eq-pkgSEER-18.7-SEER2-8.5-HSPF2,,,,,,,,,,,,,,,,,,,,,,,,,,,,,,,,,,,,,,,
SWHC049-09 SEER Rated AC HP_MFm_New/runs/CZ11/MFm&0&rDXHP&New&dxHP_equip/RE-dxHP_eq-pkgSEER-19.6-SEER2-8.9-HSPF2/instance-out.sql,CZ11,MFm,0,rDXHP,New,dxHP_equip,,RE-dxHP_eq-pkgSEER-19.6-SEER2-8.9-HSPF2,MFm&0&rDXHP&New&dxHP_equip,RE-dxHP_eq-pkgSEER-19.6-SEER2-8.9-HSPF2,,,,,,,,,,,,,,,,,,,,,,,,,,,,,,,,,,,,,,,
SWHC049-09 SEER Rated AC HP_MFm_New/runs/CZ10/MFm&0&rDXHP&New&dxHP_equip/RE-dxAC_eq-pkgSEER-12.5-SEER2/instance-out.sql,CZ10,MFm,0,rDXHP,New,dxHP_equip,,RE-dxAC_eq-pkgSEER-12.5-SEER2,MFm&0&rDXHP&New&dxHP_equip,RE-dxAC_eq-pkgSEER-12.5-SEER2,,,,,,,,,,,,,,,,,,,,,,,,,,,,,,,,,,,,,,,
SWHC049-09 SEER Rated AC HP_MFm_New/runs/CZ10/MFm&0&rDXHP&New&dxHP_equip/RE-dxAC_eq-pkgSEER-13.8-SEER2/instance-out.sql,CZ10,MFm,0,rDXHP,New,dxHP_equip,,RE-dxAC_eq-pkgSEER-13.8-SEER2,MFm&0&rDXHP&New&dxHP_equip,RE-dxAC_eq-pkgSEER-13.8-SEER2,,,,,,,,,,,,,,,,,,,,,,,,,,,,,,,,,,,,,,,
SWHC049-09 SEER Rated AC HP_MFm_New/runs/CZ10/MFm&0&rDXHP&New&dxHP_equip/RE-dxAC_eq-pkgSEER-14.3-SEER2/instance-out.sql,CZ10,MFm,0,rDXHP,New,dxHP_equip,,RE-dxAC_eq-pkgSEER-14.3-SEER2,MFm&0&rDXHP&New&dxHP_equip,RE-dxAC_eq-pkgSEER-14.3-SEER2,,,,,,,,,,,,,,,,,,,,,,,,,,,,,,,,,,,,,,,
SWHC049-09 SEER Rated AC HP_MFm_New/runs/CZ10/MFm&0&rDXHP&New&dxHP_equip/RE-dxAC_eq-pkgSEER-15.2-SEER2/instance-out.sql,CZ10,MFm,0,rDXHP,New,dxHP_equip,,RE-dxAC_eq-pkgSEER-15.2-SEER2,MFm&0&rDXHP&New&dxHP_equip,RE-dxAC_eq-pkgSEER-15.2-SEER2,,,,,,,,,,,,,,,,,,,,,,,,,,,,,,,,,,,,,,,
SWHC049-09 SEER Rated AC HP_MFm_New/runs/CZ10/MFm&0&rDXHP&New&dxHP_equip/RE-dxAC_eq-pkgSEER-16.9-SEER2/instance-out.sql,CZ10,MFm,0,rDXHP,New,dxHP_equip,,RE-dxAC_eq-pkgSEER-16.9-SEER2,MFm&0&rDXHP&New&dxHP_equip,RE-dxAC_eq-pkgSEER-16.9-SEER2,,,,,,,,,,,,,,,,,,,,,,,,,,,,,,,,,,,,,,,
SWHC049-09 SEER Rated AC HP_MFm_New/runs/CZ10/MFm&0&rDXHP&New&dxHP_equip/RE-dxAC_eq-pkgSEER-17.8-SEER2/instance-out.sql,CZ10,MFm,0,rDXHP,New,dxHP_equip,,RE-dxAC_eq-pkgSEER-17.8-SEER2,MFm&0&rDXHP&New&dxHP_equip,RE-dxAC_eq-pkgSEER-17.8-SEER2,,,,,,,,,,,,,,,,,,,,,,,,,,,,,,,,,,,,,,,
SWHC049-09 SEER Rated AC HP_MFm_New/runs/CZ10/MFm&0&rDXHP&New&dxHP_equip/RE-dxAC_eq-pkgSEER-18.7-SEER2/instance-out.sql,CZ10,MFm,0,rDXHP,New,dxHP_equip,,RE-dxAC_eq-pkgSEER-18.7-SEER2,MFm&0&rDXHP&New&dxHP_equip,RE-dxAC_eq-pkgSEER-18.7-SEER2,,,,,,,,,,,,,,,,,,,,,,,,,,,,,,,,,,,,,,,
SWHC049-09 SEER Rated AC HP_MFm_New/runs/CZ10/MFm&0&rDXHP&New&dxHP_equip/RE-dxAC_eq-pkgSEER-19.6-SEER2/instance-out.sql,CZ10,MFm,0,rDXHP,New,dxHP_equip,,RE-dxAC_eq-pkgSEER-19.6-SEER2,MFm&0&rDXHP&New&dxHP_equip,RE-dxAC_eq-pkgSEER-19.6-SEER2,,,,,,,,,,,,,,,,,,,,,,,,,,,,,,,,,,,,,,,
SWHC049-09 SEER Rated AC HP_MFm_New/runs/CZ10/MFm&0&rDXHP&New&dxHP_equip/RE-dxHP_eq-pkgSEER-12.5-SEER2-6.4-HSPF2/instance-out.sql,CZ10,MFm,0,rDXHP,New,dxHP_equip,,RE-dxHP_eq-pkgSEER-12.5-SEER2-6.4-HSPF2,MFm&0&rDXHP&New&dxHP_equip,RE-dxHP_eq-pkgSEER-12.5-SEER2-6.4-HSPF2,,,,,,,,,,,,,,,,,,,,,,,,,,,,,,,,,,,,,,,
SWHC049-09 SEER Rated AC HP_MFm_New/runs/CZ10/MFm&0&rDXHP&New&dxHP_equip/RE-dxHP_eq-pkgSEER-14.3-SEER2-7.5-HSPF2/instance-out.sql,CZ10,MFm,0,rDXHP,New,dxHP_equip,,RE-dxHP_eq-pkgSEER-14.3-SEER2-7.5-HSPF2,MFm&0&rDXHP&New&dxHP_equip,RE-dxHP_eq-pkgSEER-14.3-SEER2-7.5-HSPF2,,,,,,,,,,,,,,,,,,,,,,,,,,,,,,,,,,,,,,,
SWHC049-09 SEER Rated AC HP_MFm_New/runs/CZ10/MFm&0&rDXHP&New&dxHP_equip/RE-dxHP_eq-pkgSEER-15.2-SEER2-7.7-HSPF2/instance-out.sql,CZ10,MFm,0,rDXHP,New,dxHP_equip,,RE-dxHP_eq-pkgSEER-15.2-SEER2-7.7-HSPF2,MFm&0&rDXHP&New&dxHP_equip,RE-dxHP_eq-pkgSEER-15.2-SEER2-7.7-HSPF2,,,,,,,,,,,,,,,,,,,,,,,,,,,,,,,,,,,,,,,
SWHC049-09 SEER Rated AC HP_MFm_New/runs/CZ10/MFm&0&rDXHP&New&dxHP_equip/RE-dxHP_eq-pkgSEER-16.0-SEER2-8.0-HSPF2/instance-out.sql,CZ10,MFm,0,rDXHP,New,dxHP_equip,,RE-dxHP_eq-pkgSEER-16.0-SEER2-8.0-HSPF2,MFm&0&rDXHP&New&dxHP_equip,RE-dxHP_eq-pkgSEER-16.0-SEER2-8.0-HSPF2,,,,,,,,,,,,,,,,,,,,,,,,,,,,,,,,,,,,,,,
SWHC049-09 SEER Rated AC HP_MFm_New/runs/CZ10/MFm&0&rDXHP&New&dxHP_equip/RE-dxHP_eq-pkgSEER-17.8-SEER2-8.1-HSPF2/instance-out.sql,CZ10,MFm,0,rDXHP,New,dxHP_equip,,RE-dxHP_eq-pkgSEER-17.8-SEER2-8.1-HSPF2,MFm&0&rDXHP&New&dxHP_equip,RE-dxHP_eq-pkgSEER-17.8-SEER2-8.1-HSPF2,,,,,,,,,,,,,,,,,,,,,,,,,,,,,,,,,,,,,,,
SWHC049-09 SEER Rated AC HP_MFm_New/runs/CZ10/MFm&0&rDXHP&New&dxHP_equip/RE-dxHP_eq-pkgSEER-18.7-SEER2-8.5-HSPF2/instance-out.sql,CZ10,MFm,0,rDXHP,New,dxHP_equip,,RE-dxHP_eq-pkgSEER-18.7-SEER2-8.5-HSPF2,MFm&0&rDXHP&New&dxHP_equip,RE-dxHP_eq-pkgSEER-18.7-SEER2-8.5-HSPF2,,,,,,,,,,,,,,,,,,,,,,,,,,,,,,,,,,,,,,,
SWHC049-09 SEER Rated AC HP_MFm_New/runs/CZ10/MFm&0&rDXHP&New&dxHP_equip/RE-dxHP_eq-pkgSEER-19.6-SEER2-8.9-HSPF2/instance-out.sql,CZ10,MFm,0,rDXHP,New,dxHP_equip,,RE-dxHP_eq-pkgSEER-19.6-SEER2-8.9-HSPF2,MFm&0&rDXHP&New&dxHP_equip,RE-dxHP_eq-pkgSEER-19.6-SEER2-8.9-HSPF2,,,,,,,,,,,,,,,,,,,,,,,,,,,,,,,,,,,,,,,
SWHC049-09 SEER Rated AC HP_MFm_New/runs/CZ09/MFm&0&rDXHP&New&dxHP_equip/RE-dxAC_eq-pkgSEER-12.5-SEER2/instance-out.sql,CZ09,MFm,0,rDXHP,New,dxHP_equip,,RE-dxAC_eq-pkgSEER-12.5-SEER2,MFm&0&rDXHP&New&dxHP_equip,RE-dxAC_eq-pkgSEER-12.5-SEER2,,,,,,,,,,,,,,,,,,,,,,,,,,,,,,,,,,,,,,,
SWHC049-09 SEER Rated AC HP_MFm_New/runs/CZ09/MFm&0&rDXHP&New&dxHP_equip/RE-dxAC_eq-pkgSEER-13.8-SEER2/instance-out.sql,CZ09,MFm,0,rDXHP,New,dxHP_equip,,RE-dxAC_eq-pkgSEER-13.8-SEER2,MFm&0&rDXHP&New&dxHP_equip,RE-dxAC_eq-pkgSEER-13.8-SEER2,,,,,,,,,,,,,,,,,,,,,,,,,,,,,,,,,,,,,,,
SWHC049-09 SEER Rated AC HP_MFm_New/runs/CZ09/MFm&0&rDXHP&New&dxHP_equip/RE-dxAC_eq-pkgSEER-14.3-SEER2/instance-out.sql,CZ09,MFm,0,rDXHP,New,dxHP_equip,,RE-dxAC_eq-pkgSEER-14.3-SEER2,MFm&0&rDXHP&New&dxHP_equip,RE-dxAC_eq-pkgSEER-14.3-SEER2,,,,,,,,,,,,,,,,,,,,,,,,,,,,,,,,,,,,,,,
SWHC049-09 SEER Rated AC HP_MFm_New/runs/CZ09/MFm&0&rDXHP&New&dxHP_equip/RE-dxAC_eq-pkgSEER-15.2-SEER2/instance-out.sql,CZ09,MFm,0,rDXHP,New,dxHP_equip,,RE-dxAC_eq-pkgSEER-15.2-SEER2,MFm&0&rDXHP&New&dxHP_equip,RE-dxAC_eq-pkgSEER-15.2-SEER2,,,,,,,,,,,,,,,,,,,,,,,,,,,,,,,,,,,,,,,
SWHC049-09 SEER Rated AC HP_MFm_New/runs/CZ09/MFm&0&rDXHP&New&dxHP_equip/RE-dxAC_eq-pkgSEER-16.9-SEER2/instance-out.sql,CZ09,MFm,0,rDXHP,New,dxHP_equip,,RE-dxAC_eq-pkgSEER-16.9-SEER2,MFm&0&rDXHP&New&dxHP_equip,RE-dxAC_eq-pkgSEER-16.9-SEER2,,,,,,,,,,,,,,,,,,,,,,,,,,,,,,,,,,,,,,,
SWHC049-09 SEER Rated AC HP_MFm_New/runs/CZ09/MFm&0&rDXHP&New&dxHP_equip/RE-dxAC_eq-pkgSEER-17.8-SEER2/instance-out.sql,CZ09,MFm,0,rDXHP,New,dxHP_equip,,RE-dxAC_eq-pkgSEER-17.8-SEER2,MFm&0&rDXHP&New&dxHP_equip,RE-dxAC_eq-pkgSEER-17.8-SEER2,,,,,,,,,,,,,,,,,,,,,,,,,,,,,,,,,,,,,,,
SWHC049-09 SEER Rated AC HP_MFm_New/runs/CZ09/MFm&0&rDXHP&New&dxHP_equip/RE-dxAC_eq-pkgSEER-18.7-SEER2/instance-out.sql,CZ09,MFm,0,rDXHP,New,dxHP_equip,,RE-dxAC_eq-pkgSEER-18.7-SEER2,MFm&0&rDXHP&New&dxHP_equip,RE-dxAC_eq-pkgSEER-18.7-SEER2,,,,,,,,,,,,,,,,,,,,,,,,,,,,,,,,,,,,,,,
SWHC049-09 SEER Rated AC HP_MFm_New/runs/CZ09/MFm&0&rDXHP&New&dxHP_equip/RE-dxAC_eq-pkgSEER-19.6-SEER2/instance-out.sql,CZ09,MFm,0,rDXHP,New,dxHP_equip,,RE-dxAC_eq-pkgSEER-19.6-SEER2,MFm&0&rDXHP&New&dxHP_equip,RE-dxAC_eq-pkgSEER-19.6-SEER2,,,,,,,,,,,,,,,,,,,,,,,,,,,,,,,,,,,,,,,
SWHC049-09 SEER Rated AC HP_MFm_New/runs/CZ09/MFm&0&rDXHP&New&dxHP_equip/RE-dxHP_eq-pkgSEER-12.5-SEER2-6.4-HSPF2/instance-out.sql,CZ09,MFm,0,rDXHP,New,dxHP_equip,,RE-dxHP_eq-pkgSEER-12.5-SEER2-6.4-HSPF2,MFm&0&rDXHP&New&dxHP_equip,RE-dxHP_eq-pkgSEER-12.5-SEER2-6.4-HSPF2,,,,,,,,,,,,,,,,,,,,,,,,,,,,,,,,,,,,,,,
SWHC049-09 SEER Rated AC HP_MFm_New/runs/CZ09/MFm&0&rDXHP&New&dxHP_equip/RE-dxHP_eq-pkgSEER-14.3-SEER2-7.5-HSPF2/instance-out.sql,CZ09,MFm,0,rDXHP,New,dxHP_equip,,RE-dxHP_eq-pkgSEER-14.3-SEER2-7.5-HSPF2,MFm&0&rDXHP&New&dxHP_equip,RE-dxHP_eq-pkgSEER-14.3-SEER2-7.5-HSPF2,,,,,,,,,,,,,,,,,,,,,,,,,,,,,,,,,,,,,,,
SWHC049-09 SEER Rated AC HP_MFm_New/runs/CZ09/MFm&0&rDXHP&New&dxHP_equip/RE-dxHP_eq-pkgSEER-15.2-SEER2-7.7-HSPF2/instance-out.sql,CZ09,MFm,0,rDXHP,New,dxHP_equip,,RE-dxHP_eq-pkgSEER-15.2-SEER2-7.7-HSPF2,MFm&0&rDXHP&New&dxHP_equip,RE-dxHP_eq-pkgSEER-15.2-SEER2-7.7-HSPF2,,,,,,,,,,,,,,,,,,,,,,,,,,,,,,,,,,,,,,,
SWHC049-09 SEER Rated AC HP_MFm_New/runs/CZ09/MFm&0&rDXHP&New&dxHP_equip/RE-dxHP_eq-pkgSEER-16.0-SEER2-8.0-HSPF2/instance-out.sql,CZ09,MFm,0,rDXHP,New,dxHP_equip,,RE-dxHP_eq-pkgSEER-16.0-SEER2-8.0-HSPF2,MFm&0&rDXHP&New&dxHP_equip,RE-dxHP_eq-pkgSEER-16.0-SEER2-8.0-HSPF2,,,,,,,,,,,,,,,,,,,,,,,,,,,,,,,,,,,,,,,
SWHC049-09 SEER Rated AC HP_MFm_New/runs/CZ09/MFm&0&rDXHP&New&dxHP_equip/RE-dxHP_eq-pkgSEER-17.8-SEER2-8.1-HSPF2/instance-out.sql,CZ09,MFm,0,rDXHP,New,dxHP_equip,,RE-dxHP_eq-pkgSEER-17.8-SEER2-8.1-HSPF2,MFm&0&rDXHP&New&dxHP_equip,RE-dxHP_eq-pkgSEER-17.8-SEER2-8.1-HSPF2,,,,,,,,,,,,,,,,,,,,,,,,,,,,,,,,,,,,,,,
SWHC049-09 SEER Rated AC HP_MFm_New/runs/CZ09/MFm&0&rDXHP&New&dxHP_equip/RE-dxHP_eq-pkgSEER-18.7-SEER2-8.5-HSPF2/instance-out.sql,CZ09,MFm,0,rDXHP,New,dxHP_equip,,RE-dxHP_eq-pkgSEER-18.7-SEER2-8.5-HSPF2,MFm&0&rDXHP&New&dxHP_equip,RE-dxHP_eq-pkgSEER-18.7-SEER2-8.5-HSPF2,,,,,,,,,,,,,,,,,,,,,,,,,,,,,,,,,,,,,,,
SWHC049-09 SEER Rated AC HP_MFm_New/runs/CZ09/MFm&0&rDXHP&New&dxHP_equip/RE-dxHP_eq-pkgSEER-19.6-SEER2-8.9-HSPF2/instance-out.sql,CZ09,MFm,0,rDXHP,New,dxHP_equip,,RE-dxHP_eq-pkgSEER-19.6-SEER2-8.9-HSPF2,MFm&0&rDXHP&New&dxHP_equip,RE-dxHP_eq-pkgSEER-19.6-SEER2-8.9-HSPF2,,,,,,,,,,,,,,,,,,,,,,,,,,,,,,,,,,,,,,,
SWHC049-09 SEER Rated AC HP_MFm_New/runs/CZ08/MFm&0&rDXHP&New&dxHP_equip/RE-dxAC_eq-pkgSEER-12.5-SEER2/instance-out.sql,CZ08,MFm,0,rDXHP,New,dxHP_equip,,RE-dxAC_eq-pkgSEER-12.5-SEER2,MFm&0&rDXHP&New&dxHP_equip,RE-dxAC_eq-pkgSEER-12.5-SEER2,,,,,,,,,,,,,,,,,,,,,,,,,,,,,,,,,,,,,,,
SWHC049-09 SEER Rated AC HP_MFm_New/runs/CZ08/MFm&0&rDXHP&New&dxHP_equip/RE-dxAC_eq-pkgSEER-13.8-SEER2/instance-out.sql,CZ08,MFm,0,rDXHP,New,dxHP_equip,,RE-dxAC_eq-pkgSEER-13.8-SEER2,MFm&0&rDXHP&New&dxHP_equip,RE-dxAC_eq-pkgSEER-13.8-SEER2,,,,,,,,,,,,,,,,,,,,,,,,,,,,,,,,,,,,,,,
SWHC049-09 SEER Rated AC HP_MFm_New/runs/CZ08/MFm&0&rDXHP&New&dxHP_equip/RE-dxAC_eq-pkgSEER-14.3-SEER2/instance-out.sql,CZ08,MFm,0,rDXHP,New,dxHP_equip,,RE-dxAC_eq-pkgSEER-14.3-SEER2,MFm&0&rDXHP&New&dxHP_equip,RE-dxAC_eq-pkgSEER-14.3-SEER2,,,,,,,,,,,,,,,,,,,,,,,,,,,,,,,,,,,,,,,
SWHC049-09 SEER Rated AC HP_MFm_New/runs/CZ08/MFm&0&rDXHP&New&dxHP_equip/RE-dxAC_eq-pkgSEER-15.2-SEER2/instance-out.sql,CZ08,MFm,0,rDXHP,New,dxHP_equip,,RE-dxAC_eq-pkgSEER-15.2-SEER2,MFm&0&rDXHP&New&dxHP_equip,RE-dxAC_eq-pkgSEER-15.2-SEER2,,,,,,,,,,,,,,,,,,,,,,,,,,,,,,,,,,,,,,,
SWHC049-09 SEER Rated AC HP_MFm_New/runs/CZ08/MFm&0&rDXHP&New&dxHP_equip/RE-dxAC_eq-pkgSEER-16.9-SEER2/instance-out.sql,CZ08,MFm,0,rDXHP,New,dxHP_equip,,RE-dxAC_eq-pkgSEER-16.9-SEER2,MFm&0&rDXHP&New&dxHP_equip,RE-dxAC_eq-pkgSEER-16.9-SEER2,,,,,,,,,,,,,,,,,,,,,,,,,,,,,,,,,,,,,,,
SWHC049-09 SEER Rated AC HP_MFm_New/runs/CZ08/MFm&0&rDXHP&New&dxHP_equip/RE-dxAC_eq-pkgSEER-17.8-SEER2/instance-out.sql,CZ08,MFm,0,rDXHP,New,dxHP_equip,,RE-dxAC_eq-pkgSEER-17.8-SEER2,MFm&0&rDXHP&New&dxHP_equip,RE-dxAC_eq-pkgSEER-17.8-SEER2,,,,,,,,,,,,,,,,,,,,,,,,,,,,,,,,,,,,,,,
SWHC049-09 SEER Rated AC HP_MFm_New/runs/CZ08/MFm&0&rDXHP&New&dxHP_equip/RE-dxAC_eq-pkgSEER-18.7-SEER2/instance-out.sql,CZ08,MFm,0,rDXHP,New,dxHP_equip,,RE-dxAC_eq-pkgSEER-18.7-SEER2,MFm&0&rDXHP&New&dxHP_equip,RE-dxAC_eq-pkgSEER-18.7-SEER2,,,,,,,,,,,,,,,,,,,,,,,,,,,,,,,,,,,,,,,
SWHC049-09 SEER Rated AC HP_MFm_New/runs/CZ08/MFm&0&rDXHP&New&dxHP_equip/RE-dxAC_eq-pkgSEER-19.6-SEER2/instance-out.sql,CZ08,MFm,0,rDXHP,New,dxHP_equip,,RE-dxAC_eq-pkgSEER-19.6-SEER2,MFm&0&rDXHP&New&dxHP_equip,RE-dxAC_eq-pkgSEER-19.6-SEER2,,,,,,,,,,,,,,,,,,,,,,,,,,,,,,,,,,,,,,,
SWHC049-09 SEER Rated AC HP_MFm_New/runs/CZ08/MFm&0&rDXHP&New&dxHP_equip/RE-dxHP_eq-pkgSEER-12.5-SEER2-6.4-HSPF2/instance-out.sql,CZ08,MFm,0,rDXHP,New,dxHP_equip,,RE-dxHP_eq-pkgSEER-12.5-SEER2-6.4-HSPF2,MFm&0&rDXHP&New&dxHP_equip,RE-dxHP_eq-pkgSEER-12.5-SEER2-6.4-HSPF2,,,,,,,,,,,,,,,,,,,,,,,,,,,,,,,,,,,,,,,
SWHC049-09 SEER Rated AC HP_MFm_New/runs/CZ08/MFm&0&rDXHP&New&dxHP_equip/RE-dxHP_eq-pkgSEER-14.3-SEER2-7.5-HSPF2/instance-out.sql,CZ08,MFm,0,rDXHP,New,dxHP_equip,,RE-dxHP_eq-pkgSEER-14.3-SEER2-7.5-HSPF2,MFm&0&rDXHP&New&dxHP_equip,RE-dxHP_eq-pkgSEER-14.3-SEER2-7.5-HSPF2,,,,,,,,,,,,,,,,,,,,,,,,,,,,,,,,,,,,,,,
SWHC049-09 SEER Rated AC HP_MFm_New/runs/CZ08/MFm&0&rDXHP&New&dxHP_equip/RE-dxHP_eq-pkgSEER-15.2-SEER2-7.7-HSPF2/instance-out.sql,CZ08,MFm,0,rDXHP,New,dxHP_equip,,RE-dxHP_eq-pkgSEER-15.2-SEER2-7.7-HSPF2,MFm&0&rDXHP&New&dxHP_equip,RE-dxHP_eq-pkgSEER-15.2-SEER2-7.7-HSPF2,,,,,,,,,,,,,,,,,,,,,,,,,,,,,,,,,,,,,,,
SWHC049-09 SEER Rated AC HP_MFm_New/runs/CZ08/MFm&0&rDXHP&New&dxHP_equip/RE-dxHP_eq-pkgSEER-16.0-SEER2-8.0-HSPF2/instance-out.sql,CZ08,MFm,0,rDXHP,New,dxHP_equip,,RE-dxHP_eq-pkgSEER-16.0-SEER2-8.0-HSPF2,MFm&0&rDXHP&New&dxHP_equip,RE-dxHP_eq-pkgSEER-16.0-SEER2-8.0-HSPF2,,,,,,,,,,,,,,,,,,,,,,,,,,,,,,,,,,,,,,,
SWHC049-09 SEER Rated AC HP_MFm_New/runs/CZ08/MFm&0&rDXHP&New&dxHP_equip/RE-dxHP_eq-pkgSEER-17.8-SEER2-8.1-HSPF2/instance-out.sql,CZ08,MFm,0,rDXHP,New,dxHP_equip,,RE-dxHP_eq-pkgSEER-17.8-SEER2-8.1-HSPF2,MFm&0&rDXHP&New&dxHP_equip,RE-dxHP_eq-pkgSEER-17.8-SEER2-8.1-HSPF2,,,,,,,,,,,,,,,,,,,,,,,,,,,,,,,,,,,,,,,
SWHC049-09 SEER Rated AC HP_MFm_New/runs/CZ08/MFm&0&rDXHP&New&dxHP_equip/RE-dxHP_eq-pkgSEER-18.7-SEER2-8.5-HSPF2/instance-out.sql,CZ08,MFm,0,rDXHP,New,dxHP_equip,,RE-dxHP_eq-pkgSEER-18.7-SEER2-8.5-HSPF2,MFm&0&rDXHP&New&dxHP_equip,RE-dxHP_eq-pkgSEER-18.7-SEER2-8.5-HSPF2,,,,,,,,,,,,,,,,,,,,,,,,,,,,,,,,,,,,,,,
SWHC049-09 SEER Rated AC HP_MFm_New/runs/CZ08/MFm&0&rDXHP&New&dxHP_equip/RE-dxHP_eq-pkgSEER-19.6-SEER2-8.9-HSPF2/instance-out.sql,CZ08,MFm,0,rDXHP,New,dxHP_equip,,RE-dxHP_eq-pkgSEER-19.6-SEER2-8.9-HSPF2,MFm&0&rDXHP&New&dxHP_equip,RE-dxHP_eq-pkgSEER-19.6-SEER2-8.9-HSPF2,,,,,,,,,,,,,,,,,,,,,,,,,,,,,,,,,,,,,,,
SWHC049-09 SEER Rated AC HP_MFm_New/runs/CZ07/MFm&0&rDXHP&New&dxHP_equip/RE-dxAC_eq-pkgSEER-12.5-SEER2/instance-out.sql,CZ07,MFm,0,rDXHP,New,dxHP_equip,,RE-dxAC_eq-pkgSEER-12.5-SEER2,MFm&0&rDXHP&New&dxHP_equip,RE-dxAC_eq-pkgSEER-12.5-SEER2,,,,,,,,,,,,,,,,,,,,,,,,,,,,,,,,,,,,,,,
SWHC049-09 SEER Rated AC HP_MFm_New/runs/CZ07/MFm&0&rDXHP&New&dxHP_equip/RE-dxAC_eq-pkgSEER-13.8-SEER2/instance-out.sql,CZ07,MFm,0,rDXHP,New,dxHP_equip,,RE-dxAC_eq-pkgSEER-13.8-SEER2,MFm&0&rDXHP&New&dxHP_equip,RE-dxAC_eq-pkgSEER-13.8-SEER2,,,,,,,,,,,,,,,,,,,,,,,,,,,,,,,,,,,,,,,
SWHC049-09 SEER Rated AC HP_MFm_New/runs/CZ07/MFm&0&rDXHP&New&dxHP_equip/RE-dxAC_eq-pkgSEER-14.3-SEER2/instance-out.sql,CZ07,MFm,0,rDXHP,New,dxHP_equip,,RE-dxAC_eq-pkgSEER-14.3-SEER2,MFm&0&rDXHP&New&dxHP_equip,RE-dxAC_eq-pkgSEER-14.3-SEER2,,,,,,,,,,,,,,,,,,,,,,,,,,,,,,,,,,,,,,,
SWHC049-09 SEER Rated AC HP_MFm_New/runs/CZ07/MFm&0&rDXHP&New&dxHP_equip/RE-dxAC_eq-pkgSEER-15.2-SEER2/instance-out.sql,CZ07,MFm,0,rDXHP,New,dxHP_equip,,RE-dxAC_eq-pkgSEER-15.2-SEER2,MFm&0&rDXHP&New&dxHP_equip,RE-dxAC_eq-pkgSEER-15.2-SEER2,,,,,,,,,,,,,,,,,,,,,,,,,,,,,,,,,,,,,,,
SWHC049-09 SEER Rated AC HP_MFm_New/runs/CZ07/MFm&0&rDXHP&New&dxHP_equip/RE-dxAC_eq-pkgSEER-16.9-SEER2/instance-out.sql,CZ07,MFm,0,rDXHP,New,dxHP_equip,,RE-dxAC_eq-pkgSEER-16.9-SEER2,MFm&0&rDXHP&New&dxHP_equip,RE-dxAC_eq-pkgSEER-16.9-SEER2,,,,,,,,,,,,,,,,,,,,,,,,,,,,,,,,,,,,,,,
SWHC049-09 SEER Rated AC HP_MFm_New/runs/CZ07/MFm&0&rDXHP&New&dxHP_equip/RE-dxAC_eq-pkgSEER-17.8-SEER2/instance-out.sql,CZ07,MFm,0,rDXHP,New,dxHP_equip,,RE-dxAC_eq-pkgSEER-17.8-SEER2,MFm&0&rDXHP&New&dxHP_equip,RE-dxAC_eq-pkgSEER-17.8-SEER2,,,,,,,,,,,,,,,,,,,,,,,,,,,,,,,,,,,,,,,
SWHC049-09 SEER Rated AC HP_MFm_New/runs/CZ07/MFm&0&rDXHP&New&dxHP_equip/RE-dxAC_eq-pkgSEER-18.7-SEER2/instance-out.sql,CZ07,MFm,0,rDXHP,New,dxHP_equip,,RE-dxAC_eq-pkgSEER-18.7-SEER2,MFm&0&rDXHP&New&dxHP_equip,RE-dxAC_eq-pkgSEER-18.7-SEER2,,,,,,,,,,,,,,,,,,,,,,,,,,,,,,,,,,,,,,,
SWHC049-09 SEER Rated AC HP_MFm_New/runs/CZ07/MFm&0&rDXHP&New&dxHP_equip/RE-dxAC_eq-pkgSEER-19.6-SEER2/instance-out.sql,CZ07,MFm,0,rDXHP,New,dxHP_equip,,RE-dxAC_eq-pkgSEER-19.6-SEER2,MFm&0&rDXHP&New&dxHP_equip,RE-dxAC_eq-pkgSEER-19.6-SEER2,,,,,,,,,,,,,,,,,,,,,,,,,,,,,,,,,,,,,,,
SWHC049-09 SEER Rated AC HP_MFm_New/runs/CZ07/MFm&0&rDXHP&New&dxHP_equip/RE-dxHP_eq-pkgSEER-12.5-SEER2-6.4-HSPF2/instance-out.sql,CZ07,MFm,0,rDXHP,New,dxHP_equip,,RE-dxHP_eq-pkgSEER-12.5-SEER2-6.4-HSPF2,MFm&0&rDXHP&New&dxHP_equip,RE-dxHP_eq-pkgSEER-12.5-SEER2-6.4-HSPF2,,,,,,,,,,,,,,,,,,,,,,,,,,,,,,,,,,,,,,,
SWHC049-09 SEER Rated AC HP_MFm_New/runs/CZ07/MFm&0&rDXHP&New&dxHP_equip/RE-dxHP_eq-pkgSEER-14.3-SEER2-7.5-HSPF2/instance-out.sql,CZ07,MFm,0,rDXHP,New,dxHP_equip,,RE-dxHP_eq-pkgSEER-14.3-SEER2-7.5-HSPF2,MFm&0&rDXHP&New&dxHP_equip,RE-dxHP_eq-pkgSEER-14.3-SEER2-7.5-HSPF2,,,,,,,,,,,,,,,,,,,,,,,,,,,,,,,,,,,,,,,
SWHC049-09 SEER Rated AC HP_MFm_New/runs/CZ07/MFm&0&rDXHP&New&dxHP_equip/RE-dxHP_eq-pkgSEER-15.2-SEER2-7.7-HSPF2/instance-out.sql,CZ07,MFm,0,rDXHP,New,dxHP_equip,,RE-dxHP_eq-pkgSEER-15.2-SEER2-7.7-HSPF2,MFm&0&rDXHP&New&dxHP_equip,RE-dxHP_eq-pkgSEER-15.2-SEER2-7.7-HSPF2,,,,,,,,,,,,,,,,,,,,,,,,,,,,,,,,,,,,,,,
SWHC049-09 SEER Rated AC HP_MFm_New/runs/CZ07/MFm&0&rDXHP&New&dxHP_equip/RE-dxHP_eq-pkgSEER-16.0-SEER2-8.0-HSPF2/instance-out.sql,CZ07,MFm,0,rDXHP,New,dxHP_equip,,RE-dxHP_eq-pkgSEER-16.0-SEER2-8.0-HSPF2,MFm&0&rDXHP&New&dxHP_equip,RE-dxHP_eq-pkgSEER-16.0-SEER2-8.0-HSPF2,,,,,,,,,,,,,,,,,,,,,,,,,,,,,,,,,,,,,,,
SWHC049-09 SEER Rated AC HP_MFm_New/runs/CZ07/MFm&0&rDXHP&New&dxHP_equip/RE-dxHP_eq-pkgSEER-17.8-SEER2-8.1-HSPF2/instance-out.sql,CZ07,MFm,0,rDXHP,New,dxHP_equip,,RE-dxHP_eq-pkgSEER-17.8-SEER2-8.1-HSPF2,MFm&0&rDXHP&New&dxHP_equip,RE-dxHP_eq-pkgSEER-17.8-SEER2-8.1-HSPF2,,,,,,,,,,,,,,,,,,,,,,,,,,,,,,,,,,,,,,,
SWHC049-09 SEER Rated AC HP_MFm_New/runs/CZ07/MFm&0&rDXHP&New&dxHP_equip/RE-dxHP_eq-pkgSEER-18.7-SEER2-8.5-HSPF2/instance-out.sql,CZ07,MFm,0,rDXHP,New,dxHP_equip,,RE-dxHP_eq-pkgSEER-18.7-SEER2-8.5-HSPF2,MFm&0&rDXHP&New&dxHP_equip,RE-dxHP_eq-pkgSEER-18.7-SEER2-8.5-HSPF2,,,,,,,,,,,,,,,,,,,,,,,,,,,,,,,,,,,,,,,
SWHC049-09 SEER Rated AC HP_MFm_New/runs/CZ07/MFm&0&rDXHP&New&dxHP_equip/RE-dxHP_eq-pkgSEER-19.6-SEER2-8.9-HSPF2/instance-out.sql,CZ07,MFm,0,rDXHP,New,dxHP_equip,,RE-dxHP_eq-pkgSEER-19.6-SEER2-8.9-HSPF2,MFm&0&rDXHP&New&dxHP_equip,RE-dxHP_eq-pkgSEER-19.6-SEER2-8.9-HSPF2,,,,,,,,,,,,,,,,,,,,,,,,,,,,,,,,,,,,,,,
SWHC049-09 SEER Rated AC HP_MFm_New/runs/CZ06/MFm&0&rDXHP&New&dxHP_equip/RE-dxAC_eq-pkgSEER-12.5-SEER2/instance-out.sql,CZ06,MFm,0,rDXHP,New,dxHP_equip,,RE-dxAC_eq-pkgSEER-12.5-SEER2,MFm&0&rDXHP&New&dxHP_equip,RE-dxAC_eq-pkgSEER-12.5-SEER2,,,,,,,,,,,,,,,,,,,,,,,,,,,,,,,,,,,,,,,
SWHC049-09 SEER Rated AC HP_MFm_New/runs/CZ06/MFm&0&rDXHP&New&dxHP_equip/RE-dxAC_eq-pkgSEER-13.8-SEER2/instance-out.sql,CZ06,MFm,0,rDXHP,New,dxHP_equip,,RE-dxAC_eq-pkgSEER-13.8-SEER2,MFm&0&rDXHP&New&dxHP_equip,RE-dxAC_eq-pkgSEER-13.8-SEER2,,,,,,,,,,,,,,,,,,,,,,,,,,,,,,,,,,,,,,,
SWHC049-09 SEER Rated AC HP_MFm_New/runs/CZ06/MFm&0&rDXHP&New&dxHP_equip/RE-dxAC_eq-pkgSEER-14.3-SEER2/instance-out.sql,CZ06,MFm,0,rDXHP,New,dxHP_equip,,RE-dxAC_eq-pkgSEER-14.3-SEER2,MFm&0&rDXHP&New&dxHP_equip,RE-dxAC_eq-pkgSEER-14.3-SEER2,,,,,,,,,,,,,,,,,,,,,,,,,,,,,,,,,,,,,,,
SWHC049-09 SEER Rated AC HP_MFm_New/runs/CZ06/MFm&0&rDXHP&New&dxHP_equip/RE-dxAC_eq-pkgSEER-15.2-SEER2/instance-out.sql,CZ06,MFm,0,rDXHP,New,dxHP_equip,,RE-dxAC_eq-pkgSEER-15.2-SEER2,MFm&0&rDXHP&New&dxHP_equip,RE-dxAC_eq-pkgSEER-15.2-SEER2,,,,,,,,,,,,,,,,,,,,,,,,,,,,,,,,,,,,,,,
SWHC049-09 SEER Rated AC HP_MFm_New/runs/CZ06/MFm&0&rDXHP&New&dxHP_equip/RE-dxAC_eq-pkgSEER-16.9-SEER2/instance-out.sql,CZ06,MFm,0,rDXHP,New,dxHP_equip,,RE-dxAC_eq-pkgSEER-16.9-SEER2,MFm&0&rDXHP&New&dxHP_equip,RE-dxAC_eq-pkgSEER-16.9-SEER2,,,,,,,,,,,,,,,,,,,,,,,,,,,,,,,,,,,,,,,
SWHC049-09 SEER Rated AC HP_MFm_New/runs/CZ06/MFm&0&rDXHP&New&dxHP_equip/RE-dxAC_eq-pkgSEER-17.8-SEER2/instance-out.sql,CZ06,MFm,0,rDXHP,New,dxHP_equip,,RE-dxAC_eq-pkgSEER-17.8-SEER2,MFm&0&rDXHP&New&dxHP_equip,RE-dxAC_eq-pkgSEER-17.8-SEER2,,,,,,,,,,,,,,,,,,,,,,,,,,,,,,,,,,,,,,,
SWHC049-09 SEER Rated AC HP_MFm_New/runs/CZ06/MFm&0&rDXHP&New&dxHP_equip/RE-dxAC_eq-pkgSEER-18.7-SEER2/instance-out.sql,CZ06,MFm,0,rDXHP,New,dxHP_equip,,RE-dxAC_eq-pkgSEER-18.7-SEER2,MFm&0&rDXHP&New&dxHP_equip,RE-dxAC_eq-pkgSEER-18.7-SEER2,,,,,,,,,,,,,,,,,,,,,,,,,,,,,,,,,,,,,,,
SWHC049-09 SEER Rated AC HP_MFm_New/runs/CZ06/MFm&0&rDXHP&New&dxHP_equip/RE-dxAC_eq-pkgSEER-19.6-SEER2/instance-out.sql,CZ06,MFm,0,rDXHP,New,dxHP_equip,,RE-dxAC_eq-pkgSEER-19.6-SEER2,MFm&0&rDXHP&New&dxHP_equip,RE-dxAC_eq-pkgSEER-19.6-SEER2,,,,,,,,,,,,,,,,,,,,,,,,,,,,,,,,,,,,,,,
SWHC049-09 SEER Rated AC HP_MFm_New/runs/CZ06/MFm&0&rDXHP&New&dxHP_equip/RE-dxHP_eq-pkgSEER-12.5-SEER2-6.4-HSPF2/instance-out.sql,CZ06,MFm,0,rDXHP,New,dxHP_equip,,RE-dxHP_eq-pkgSEER-12.5-SEER2-6.4-HSPF2,MFm&0&rDXHP&New&dxHP_equip,RE-dxHP_eq-pkgSEER-12.5-SEER2-6.4-HSPF2,,,,,,,,,,,,,,,,,,,,,,,,,,,,,,,,,,,,,,,
SWHC049-09 SEER Rated AC HP_MFm_New/runs/CZ06/MFm&0&rDXHP&New&dxHP_equip/RE-dxHP_eq-pkgSEER-14.3-SEER2-7.5-HSPF2/instance-out.sql,CZ06,MFm,0,rDXHP,New,dxHP_equip,,RE-dxHP_eq-pkgSEER-14.3-SEER2-7.5-HSPF2,MFm&0&rDXHP&New&dxHP_equip,RE-dxHP_eq-pkgSEER-14.3-SEER2-7.5-HSPF2,,,,,,,,,,,,,,,,,,,,,,,,,,,,,,,,,,,,,,,
SWHC049-09 SEER Rated AC HP_MFm_New/runs/CZ06/MFm&0&rDXHP&New&dxHP_equip/RE-dxHP_eq-pkgSEER-15.2-SEER2-7.7-HSPF2/instance-out.sql,CZ06,MFm,0,rDXHP,New,dxHP_equip,,RE-dxHP_eq-pkgSEER-15.2-SEER2-7.7-HSPF2,MFm&0&rDXHP&New&dxHP_equip,RE-dxHP_eq-pkgSEER-15.2-SEER2-7.7-HSPF2,,,,,,,,,,,,,,,,,,,,,,,,,,,,,,,,,,,,,,,
SWHC049-09 SEER Rated AC HP_MFm_New/runs/CZ06/MFm&0&rDXHP&New&dxHP_equip/RE-dxHP_eq-pkgSEER-16.0-SEER2-8.0-HSPF2/instance-out.sql,CZ06,MFm,0,rDXHP,New,dxHP_equip,,RE-dxHP_eq-pkgSEER-16.0-SEER2-8.0-HSPF2,MFm&0&rDXHP&New&dxHP_equip,RE-dxHP_eq-pkgSEER-16.0-SEER2-8.0-HSPF2,,,,,,,,,,,,,,,,,,,,,,,,,,,,,,,,,,,,,,,
SWHC049-09 SEER Rated AC HP_MFm_New/runs/CZ06/MFm&0&rDXHP&New&dxHP_equip/RE-dxHP_eq-pkgSEER-17.8-SEER2-8.1-HSPF2/instance-out.sql,CZ06,MFm,0,rDXHP,New,dxHP_equip,,RE-dxHP_eq-pkgSEER-17.8-SEER2-8.1-HSPF2,MFm&0&rDXHP&New&dxHP_equip,RE-dxHP_eq-pkgSEER-17.8-SEER2-8.1-HSPF2,,,,,,,,,,,,,,,,,,,,,,,,,,,,,,,,,,,,,,,
SWHC049-09 SEER Rated AC HP_MFm_New/runs/CZ06/MFm&0&rDXHP&New&dxHP_equip/RE-dxHP_eq-pkgSEER-18.7-SEER2-8.5-HSPF2/instance-out.sql,CZ06,MFm,0,rDXHP,New,dxHP_equip,,RE-dxHP_eq-pkgSEER-18.7-SEER2-8.5-HSPF2,MFm&0&rDXHP&New&dxHP_equip,RE-dxHP_eq-pkgSEER-18.7-SEER2-8.5-HSPF2,,,,,,,,,,,,,,,,,,,,,,,,,,,,,,,,,,,,,,,
SWHC049-09 SEER Rated AC HP_MFm_New/runs/CZ06/MFm&0&rDXHP&New&dxHP_equip/RE-dxHP_eq-pkgSEER-19.6-SEER2-8.9-HSPF2/instance-out.sql,CZ06,MFm,0,rDXHP,New,dxHP_equip,,RE-dxHP_eq-pkgSEER-19.6-SEER2-8.9-HSPF2,MFm&0&rDXHP&New&dxHP_equip,RE-dxHP_eq-pkgSEER-19.6-SEER2-8.9-HSPF2,,,,,,,,,,,,,,,,,,,,,,,,,,,,,,,,,,,,,,,
SWHC049-09 SEER Rated AC HP_MFm_New/runs/CZ05/MFm&0&rDXHP&New&dxHP_equip/RE-dxAC_eq-pkgSEER-12.5-SEER2/instance-out.sql,CZ05,MFm,0,rDXHP,New,dxHP_equip,,RE-dxAC_eq-pkgSEER-12.5-SEER2,MFm&0&rDXHP&New&dxHP_equip,RE-dxAC_eq-pkgSEER-12.5-SEER2,,,,,,,,,,,,,,,,,,,,,,,,,,,,,,,,,,,,,,,
SWHC049-09 SEER Rated AC HP_MFm_New/runs/CZ05/MFm&0&rDXHP&New&dxHP_equip/RE-dxAC_eq-pkgSEER-13.8-SEER2/instance-out.sql,CZ05,MFm,0,rDXHP,New,dxHP_equip,,RE-dxAC_eq-pkgSEER-13.8-SEER2,MFm&0&rDXHP&New&dxHP_equip,RE-dxAC_eq-pkgSEER-13.8-SEER2,,,,,,,,,,,,,,,,,,,,,,,,,,,,,,,,,,,,,,,
SWHC049-09 SEER Rated AC HP_MFm_New/runs/CZ05/MFm&0&rDXHP&New&dxHP_equip/RE-dxAC_eq-pkgSEER-14.3-SEER2/instance-out.sql,CZ05,MFm,0,rDXHP,New,dxHP_equip,,RE-dxAC_eq-pkgSEER-14.3-SEER2,MFm&0&rDXHP&New&dxHP_equip,RE-dxAC_eq-pkgSEER-14.3-SEER2,,,,,,,,,,,,,,,,,,,,,,,,,,,,,,,,,,,,,,,
SWHC049-09 SEER Rated AC HP_MFm_New/runs/CZ05/MFm&0&rDXHP&New&dxHP_equip/RE-dxAC_eq-pkgSEER-15.2-SEER2/instance-out.sql,CZ05,MFm,0,rDXHP,New,dxHP_equip,,RE-dxAC_eq-pkgSEER-15.2-SEER2,MFm&0&rDXHP&New&dxHP_equip,RE-dxAC_eq-pkgSEER-15.2-SEER2,,,,,,,,,,,,,,,,,,,,,,,,,,,,,,,,,,,,,,,
SWHC049-09 SEER Rated AC HP_MFm_New/runs/CZ05/MFm&0&rDXHP&New&dxHP_equip/RE-dxAC_eq-pkgSEER-16.9-SEER2/instance-out.sql,CZ05,MFm,0,rDXHP,New,dxHP_equip,,RE-dxAC_eq-pkgSEER-16.9-SEER2,MFm&0&rDXHP&New&dxHP_equip,RE-dxAC_eq-pkgSEER-16.9-SEER2,,,,,,,,,,,,,,,,,,,,,,,,,,,,,,,,,,,,,,,
SWHC049-09 SEER Rated AC HP_MFm_New/runs/CZ05/MFm&0&rDXHP&New&dxHP_equip/RE-dxAC_eq-pkgSEER-17.8-SEER2/instance-out.sql,CZ05,MFm,0,rDXHP,New,dxHP_equip,,RE-dxAC_eq-pkgSEER-17.8-SEER2,MFm&0&rDXHP&New&dxHP_equip,RE-dxAC_eq-pkgSEER-17.8-SEER2,,,,,,,,,,,,,,,,,,,,,,,,,,,,,,,,,,,,,,,
SWHC049-09 SEER Rated AC HP_MFm_New/runs/CZ05/MFm&0&rDXHP&New&dxHP_equip/RE-dxAC_eq-pkgSEER-18.7-SEER2/instance-out.sql,CZ05,MFm,0,rDXHP,New,dxHP_equip,,RE-dxAC_eq-pkgSEER-18.7-SEER2,MFm&0&rDXHP&New&dxHP_equip,RE-dxAC_eq-pkgSEER-18.7-SEER2,,,,,,,,,,,,,,,,,,,,,,,,,,,,,,,,,,,,,,,
SWHC049-09 SEER Rated AC HP_MFm_New/runs/CZ05/MFm&0&rDXHP&New&dxHP_equip/RE-dxAC_eq-pkgSEER-19.6-SEER2/instance-out.sql,CZ05,MFm,0,rDXHP,New,dxHP_equip,,RE-dxAC_eq-pkgSEER-19.6-SEER2,MFm&0&rDXHP&New&dxHP_equip,RE-dxAC_eq-pkgSEER-19.6-SEER2,,,,,,,,,,,,,,,,,,,,,,,,,,,,,,,,,,,,,,,
SWHC049-09 SEER Rated AC HP_MFm_New/runs/CZ05/MFm&0&rDXHP&New&dxHP_equip/RE-dxHP_eq-pkgSEER-12.5-SEER2-6.4-HSPF2/instance-out.sql,CZ05,MFm,0,rDXHP,New,dxHP_equip,,RE-dxHP_eq-pkgSEER-12.5-SEER2-6.4-HSPF2,MFm&0&rDXHP&New&dxHP_equip,RE-dxHP_eq-pkgSEER-12.5-SEER2-6.4-HSPF2,,,,,,,,,,,,,,,,,,,,,,,,,,,,,,,,,,,,,,,
SWHC049-09 SEER Rated AC HP_MFm_New/runs/CZ05/MFm&0&rDXHP&New&dxHP_equip/RE-dxHP_eq-pkgSEER-14.3-SEER2-7.5-HSPF2/instance-out.sql,CZ05,MFm,0,rDXHP,New,dxHP_equip,,RE-dxHP_eq-pkgSEER-14.3-SEER2-7.5-HSPF2,MFm&0&rDXHP&New&dxHP_equip,RE-dxHP_eq-pkgSEER-14.3-SEER2-7.5-HSPF2,,,,,,,,,,,,,,,,,,,,,,,,,,,,,,,,,,,,,,,
SWHC049-09 SEER Rated AC HP_MFm_New/runs/CZ05/MFm&0&rDXHP&New&dxHP_equip/RE-dxHP_eq-pkgSEER-15.2-SEER2-7.7-HSPF2/instance-out.sql,CZ05,MFm,0,rDXHP,New,dxHP_equip,,RE-dxHP_eq-pkgSEER-15.2-SEER2-7.7-HSPF2,MFm&0&rDXHP&New&dxHP_equip,RE-dxHP_eq-pkgSEER-15.2-SEER2-7.7-HSPF2,,,,,,,,,,,,,,,,,,,,,,,,,,,,,,,,,,,,,,,
SWHC049-09 SEER Rated AC HP_MFm_New/runs/CZ05/MFm&0&rDXHP&New&dxHP_equip/RE-dxHP_eq-pkgSEER-16.0-SEER2-8.0-HSPF2/instance-out.sql,CZ05,MFm,0,rDXHP,New,dxHP_equip,,RE-dxHP_eq-pkgSEER-16.0-SEER2-8.0-HSPF2,MFm&0&rDXHP&New&dxHP_equip,RE-dxHP_eq-pkgSEER-16.0-SEER2-8.0-HSPF2,,,,,,,,,,,,,,,,,,,,,,,,,,,,,,,,,,,,,,,
SWHC049-09 SEER Rated AC HP_MFm_New/runs/CZ05/MFm&0&rDXHP&New&dxHP_equip/RE-dxHP_eq-pkgSEER-17.8-SEER2-8.1-HSPF2/instance-out.sql,CZ05,MFm,0,rDXHP,New,dxHP_equip,,RE-dxHP_eq-pkgSEER-17.8-SEER2-8.1-HSPF2,MFm&0&rDXHP&New&dxHP_equip,RE-dxHP_eq-pkgSEER-17.8-SEER2-8.1-HSPF2,,,,,,,,,,,,,,,,,,,,,,,,,,,,,,,,,,,,,,,
SWHC049-09 SEER Rated AC HP_MFm_New/runs/CZ05/MFm&0&rDXHP&New&dxHP_equip/RE-dxHP_eq-pkgSEER-18.7-SEER2-8.5-HSPF2/instance-out.sql,CZ05,MFm,0,rDXHP,New,dxHP_equip,,RE-dxHP_eq-pkgSEER-18.7-SEER2-8.5-HSPF2,MFm&0&rDXHP&New&dxHP_equip,RE-dxHP_eq-pkgSEER-18.7-SEER2-8.5-HSPF2,,,,,,,,,,,,,,,,,,,,,,,,,,,,,,,,,,,,,,,
SWHC049-09 SEER Rated AC HP_MFm_New/runs/CZ05/MFm&0&rDXHP&New&dxHP_equip/RE-dxHP_eq-pkgSEER-19.6-SEER2-8.9-HSPF2/instance-out.sql,CZ05,MFm,0,rDXHP,New,dxHP_equip,,RE-dxHP_eq-pkgSEER-19.6-SEER2-8.9-HSPF2,MFm&0&rDXHP&New&dxHP_equip,RE-dxHP_eq-pkgSEER-19.6-SEER2-8.9-HSPF2,,,,,,,,,,,,,,,,,,,,,,,,,,,,,,,,,,,,,,,
SWHC049-09 SEER Rated AC HP_MFm_New/runs/CZ04/MFm&0&rDXHP&New&dxHP_equip/RE-dxAC_eq-pkgSEER-12.5-SEER2/instance-out.sql,CZ04,MFm,0,rDXHP,New,dxHP_equip,,RE-dxAC_eq-pkgSEER-12.5-SEER2,MFm&0&rDXHP&New&dxHP_equip,RE-dxAC_eq-pkgSEER-12.5-SEER2,,,,,,,,,,,,,,,,,,,,,,,,,,,,,,,,,,,,,,,
SWHC049-09 SEER Rated AC HP_MFm_New/runs/CZ04/MFm&0&rDXHP&New&dxHP_equip/RE-dxAC_eq-pkgSEER-13.8-SEER2/instance-out.sql,CZ04,MFm,0,rDXHP,New,dxHP_equip,,RE-dxAC_eq-pkgSEER-13.8-SEER2,MFm&0&rDXHP&New&dxHP_equip,RE-dxAC_eq-pkgSEER-13.8-SEER2,,,,,,,,,,,,,,,,,,,,,,,,,,,,,,,,,,,,,,,
SWHC049-09 SEER Rated AC HP_MFm_New/runs/CZ04/MFm&0&rDXHP&New&dxHP_equip/RE-dxAC_eq-pkgSEER-14.3-SEER2/instance-out.sql,CZ04,MFm,0,rDXHP,New,dxHP_equip,,RE-dxAC_eq-pkgSEER-14.3-SEER2,MFm&0&rDXHP&New&dxHP_equip,RE-dxAC_eq-pkgSEER-14.3-SEER2,,,,,,,,,,,,,,,,,,,,,,,,,,,,,,,,,,,,,,,
SWHC049-09 SEER Rated AC HP_MFm_New/runs/CZ04/MFm&0&rDXHP&New&dxHP_equip/RE-dxAC_eq-pkgSEER-15.2-SEER2/instance-out.sql,CZ04,MFm,0,rDXHP,New,dxHP_equip,,RE-dxAC_eq-pkgSEER-15.2-SEER2,MFm&0&rDXHP&New&dxHP_equip,RE-dxAC_eq-pkgSEER-15.2-SEER2,,,,,,,,,,,,,,,,,,,,,,,,,,,,,,,,,,,,,,,
SWHC049-09 SEER Rated AC HP_MFm_New/runs/CZ04/MFm&0&rDXHP&New&dxHP_equip/RE-dxAC_eq-pkgSEER-16.9-SEER2/instance-out.sql,CZ04,MFm,0,rDXHP,New,dxHP_equip,,RE-dxAC_eq-pkgSEER-16.9-SEER2,MFm&0&rDXHP&New&dxHP_equip,RE-dxAC_eq-pkgSEER-16.9-SEER2,,,,,,,,,,,,,,,,,,,,,,,,,,,,,,,,,,,,,,,
SWHC049-09 SEER Rated AC HP_MFm_New/runs/CZ04/MFm&0&rDXHP&New&dxHP_equip/RE-dxAC_eq-pkgSEER-17.8-SEER2/instance-out.sql,CZ04,MFm,0,rDXHP,New,dxHP_equip,,RE-dxAC_eq-pkgSEER-17.8-SEER2,MFm&0&rDXHP&New&dxHP_equip,RE-dxAC_eq-pkgSEER-17.8-SEER2,,,,,,,,,,,,,,,,,,,,,,,,,,,,,,,,,,,,,,,
SWHC049-09 SEER Rated AC HP_MFm_New/runs/CZ04/MFm&0&rDXHP&New&dxHP_equip/RE-dxAC_eq-pkgSEER-18.7-SEER2/instance-out.sql,CZ04,MFm,0,rDXHP,New,dxHP_equip,,RE-dxAC_eq-pkgSEER-18.7-SEER2,MFm&0&rDXHP&New&dxHP_equip,RE-dxAC_eq-pkgSEER-18.7-SEER2,,,,,,,,,,,,,,,,,,,,,,,,,,,,,,,,,,,,,,,
SWHC049-09 SEER Rated AC HP_MFm_New/runs/CZ04/MFm&0&rDXHP&New&dxHP_equip/RE-dxAC_eq-pkgSEER-19.6-SEER2/instance-out.sql,CZ04,MFm,0,rDXHP,New,dxHP_equip,,RE-dxAC_eq-pkgSEER-19.6-SEER2,MFm&0&rDXHP&New&dxHP_equip,RE-dxAC_eq-pkgSEER-19.6-SEER2,,,,,,,,,,,,,,,,,,,,,,,,,,,,,,,,,,,,,,,
SWHC049-09 SEER Rated AC HP_MFm_New/runs/CZ04/MFm&0&rDXHP&New&dxHP_equip/RE-dxHP_eq-pkgSEER-12.5-SEER2-6.4-HSPF2/instance-out.sql,CZ04,MFm,0,rDXHP,New,dxHP_equip,,RE-dxHP_eq-pkgSEER-12.5-SEER2-6.4-HSPF2,MFm&0&rDXHP&New&dxHP_equip,RE-dxHP_eq-pkgSEER-12.5-SEER2-6.4-HSPF2,,,,,,,,,,,,,,,,,,,,,,,,,,,,,,,,,,,,,,,
SWHC049-09 SEER Rated AC HP_MFm_New/runs/CZ04/MFm&0&rDXHP&New&dxHP_equip/RE-dxHP_eq-pkgSEER-14.3-SEER2-7.5-HSPF2/instance-out.sql,CZ04,MFm,0,rDXHP,New,dxHP_equip,,RE-dxHP_eq-pkgSEER-14.3-SEER2-7.5-HSPF2,MFm&0&rDXHP&New&dxHP_equip,RE-dxHP_eq-pkgSEER-14.3-SEER2-7.5-HSPF2,,,,,,,,,,,,,,,,,,,,,,,,,,,,,,,,,,,,,,,
SWHC049-09 SEER Rated AC HP_MFm_New/runs/CZ04/MFm&0&rDXHP&New&dxHP_equip/RE-dxHP_eq-pkgSEER-15.2-SEER2-7.7-HSPF2/instance-out.sql,CZ04,MFm,0,rDXHP,New,dxHP_equip,,RE-dxHP_eq-pkgSEER-15.2-SEER2-7.7-HSPF2,MFm&0&rDXHP&New&dxHP_equip,RE-dxHP_eq-pkgSEER-15.2-SEER2-7.7-HSPF2,,,,,,,,,,,,,,,,,,,,,,,,,,,,,,,,,,,,,,,
SWHC049-09 SEER Rated AC HP_MFm_New/runs/CZ04/MFm&0&rDXHP&New&dxHP_equip/RE-dxHP_eq-pkgSEER-16.0-SEER2-8.0-HSPF2/instance-out.sql,CZ04,MFm,0,rDXHP,New,dxHP_equip,,RE-dxHP_eq-pkgSEER-16.0-SEER2-8.0-HSPF2,MFm&0&rDXHP&New&dxHP_equip,RE-dxHP_eq-pkgSEER-16.0-SEER2-8.0-HSPF2,,,,,,,,,,,,,,,,,,,,,,,,,,,,,,,,,,,,,,,
SWHC049-09 SEER Rated AC HP_MFm_New/runs/CZ04/MFm&0&rDXHP&New&dxHP_equip/RE-dxHP_eq-pkgSEER-17.8-SEER2-8.1-HSPF2/instance-out.sql,CZ04,MFm,0,rDXHP,New,dxHP_equip,,RE-dxHP_eq-pkgSEER-17.8-SEER2-8.1-HSPF2,MFm&0&rDXHP&New&dxHP_equip,RE-dxHP_eq-pkgSEER-17.8-SEER2-8.1-HSPF2,,,,,,,,,,,,,,,,,,,,,,,,,,,,,,,,,,,,,,,
SWHC049-09 SEER Rated AC HP_MFm_New/runs/CZ04/MFm&0&rDXHP&New&dxHP_equip/RE-dxHP_eq-pkgSEER-18.7-SEER2-8.5-HSPF2/instance-out.sql,CZ04,MFm,0,rDXHP,New,dxHP_equip,,RE-dxHP_eq-pkgSEER-18.7-SEER2-8.5-HSPF2,MFm&0&rDXHP&New&dxHP_equip,RE-dxHP_eq-pkgSEER-18.7-SEER2-8.5-HSPF2,,,,,,,,,,,,,,,,,,,,,,,,,,,,,,,,,,,,,,,
SWHC049-09 SEER Rated AC HP_MFm_New/runs/CZ04/MFm&0&rDXHP&New&dxHP_equip/RE-dxHP_eq-pkgSEER-19.6-SEER2-8.9-HSPF2/instance-out.sql,CZ04,MFm,0,rDXHP,New,dxHP_equip,,RE-dxHP_eq-pkgSEER-19.6-SEER2-8.9-HSPF2,MFm&0&rDXHP&New&dxHP_equip,RE-dxHP_eq-pkgSEER-19.6-SEER2-8.9-HSPF2,,,,,,,,,,,,,,,,,,,,,,,,,,,,,,,,,,,,,,,
SWHC049-09 SEER Rated AC HP_MFm_New/runs/CZ03/MFm&0&rDXHP&New&dxHP_equip/RE-dxAC_eq-pkgSEER-12.5-SEER2/instance-out.sql,CZ03,MFm,0,rDXHP,New,dxHP_equip,,RE-dxAC_eq-pkgSEER-12.5-SEER2,MFm&0&rDXHP&New&dxHP_equip,RE-dxAC_eq-pkgSEER-12.5-SEER2,,,,,,,,,,,,,,,,,,,,,,,,,,,,,,,,,,,,,,,
SWHC049-09 SEER Rated AC HP_MFm_New/runs/CZ03/MFm&0&rDXHP&New&dxHP_equip/RE-dxAC_eq-pkgSEER-13.8-SEER2/instance-out.sql,CZ03,MFm,0,rDXHP,New,dxHP_equip,,RE-dxAC_eq-pkgSEER-13.8-SEER2,MFm&0&rDXHP&New&dxHP_equip,RE-dxAC_eq-pkgSEER-13.8-SEER2,,,,,,,,,,,,,,,,,,,,,,,,,,,,,,,,,,,,,,,
SWHC049-09 SEER Rated AC HP_MFm_New/runs/CZ03/MFm&0&rDXHP&New&dxHP_equip/RE-dxAC_eq-pkgSEER-14.3-SEER2/instance-out.sql,CZ03,MFm,0,rDXHP,New,dxHP_equip,,RE-dxAC_eq-pkgSEER-14.3-SEER2,MFm&0&rDXHP&New&dxHP_equip,RE-dxAC_eq-pkgSEER-14.3-SEER2,,,,,,,,,,,,,,,,,,,,,,,,,,,,,,,,,,,,,,,
SWHC049-09 SEER Rated AC HP_MFm_New/runs/CZ03/MFm&0&rDXHP&New&dxHP_equip/RE-dxAC_eq-pkgSEER-15.2-SEER2/instance-out.sql,CZ03,MFm,0,rDXHP,New,dxHP_equip,,RE-dxAC_eq-pkgSEER-15.2-SEER2,MFm&0&rDXHP&New&dxHP_equip,RE-dxAC_eq-pkgSEER-15.2-SEER2,,,,,,,,,,,,,,,,,,,,,,,,,,,,,,,,,,,,,,,
SWHC049-09 SEER Rated AC HP_MFm_New/runs/CZ03/MFm&0&rDXHP&New&dxHP_equip/RE-dxAC_eq-pkgSEER-16.9-SEER2/instance-out.sql,CZ03,MFm,0,rDXHP,New,dxHP_equip,,RE-dxAC_eq-pkgSEER-16.9-SEER2,MFm&0&rDXHP&New&dxHP_equip,RE-dxAC_eq-pkgSEER-16.9-SEER2,,,,,,,,,,,,,,,,,,,,,,,,,,,,,,,,,,,,,,,
SWHC049-09 SEER Rated AC HP_MFm_New/runs/CZ03/MFm&0&rDXHP&New&dxHP_equip/RE-dxAC_eq-pkgSEER-17.8-SEER2/instance-out.sql,CZ03,MFm,0,rDXHP,New,dxHP_equip,,RE-dxAC_eq-pkgSEER-17.8-SEER2,MFm&0&rDXHP&New&dxHP_equip,RE-dxAC_eq-pkgSEER-17.8-SEER2,,,,,,,,,,,,,,,,,,,,,,,,,,,,,,,,,,,,,,,
SWHC049-09 SEER Rated AC HP_MFm_New/runs/CZ03/MFm&0&rDXHP&New&dxHP_equip/RE-dxAC_eq-pkgSEER-18.7-SEER2/instance-out.sql,CZ03,MFm,0,rDXHP,New,dxHP_equip,,RE-dxAC_eq-pkgSEER-18.7-SEER2,MFm&0&rDXHP&New&dxHP_equip,RE-dxAC_eq-pkgSEER-18.7-SEER2,,,,,,,,,,,,,,,,,,,,,,,,,,,,,,,,,,,,,,,
SWHC049-09 SEER Rated AC HP_MFm_New/runs/CZ03/MFm&0&rDXHP&New&dxHP_equip/RE-dxAC_eq-pkgSEER-19.6-SEER2/instance-out.sql,CZ03,MFm,0,rDXHP,New,dxHP_equip,,RE-dxAC_eq-pkgSEER-19.6-SEER2,MFm&0&rDXHP&New&dxHP_equip,RE-dxAC_eq-pkgSEER-19.6-SEER2,,,,,,,,,,,,,,,,,,,,,,,,,,,,,,,,,,,,,,,
SWHC049-09 SEER Rated AC HP_MFm_New/runs/CZ03/MFm&0&rDXHP&New&dxHP_equip/RE-dxHP_eq-pkgSEER-12.5-SEER2-6.4-HSPF2/instance-out.sql,CZ03,MFm,0,rDXHP,New,dxHP_equip,,RE-dxHP_eq-pkgSEER-12.5-SEER2-6.4-HSPF2,MFm&0&rDXHP&New&dxHP_equip,RE-dxHP_eq-pkgSEER-12.5-SEER2-6.4-HSPF2,,,,,,,,,,,,,,,,,,,,,,,,,,,,,,,,,,,,,,,
SWHC049-09 SEER Rated AC HP_MFm_New/runs/CZ03/MFm&0&rDXHP&New&dxHP_equip/RE-dxHP_eq-pkgSEER-14.3-SEER2-7.5-HSPF2/instance-out.sql,CZ03,MFm,0,rDXHP,New,dxHP_equip,,RE-dxHP_eq-pkgSEER-14.3-SEER2-7.5-HSPF2,MFm&0&rDXHP&New&dxHP_equip,RE-dxHP_eq-pkgSEER-14.3-SEER2-7.5-HSPF2,,,,,,,,,,,,,,,,,,,,,,,,,,,,,,,,,,,,,,,
SWHC049-09 SEER Rated AC HP_MFm_New/runs/CZ03/MFm&0&rDXHP&New&dxHP_equip/RE-dxHP_eq-pkgSEER-15.2-SEER2-7.7-HSPF2/instance-out.sql,CZ03,MFm,0,rDXHP,New,dxHP_equip,,RE-dxHP_eq-pkgSEER-15.2-SEER2-7.7-HSPF2,MFm&0&rDXHP&New&dxHP_equip,RE-dxHP_eq-pkgSEER-15.2-SEER2-7.7-HSPF2,,,,,,,,,,,,,,,,,,,,,,,,,,,,,,,,,,,,,,,
SWHC049-09 SEER Rated AC HP_MFm_New/runs/CZ03/MFm&0&rDXHP&New&dxHP_equip/RE-dxHP_eq-pkgSEER-16.0-SEER2-8.0-HSPF2/instance-out.sql,CZ03,MFm,0,rDXHP,New,dxHP_equip,,RE-dxHP_eq-pkgSEER-16.0-SEER2-8.0-HSPF2,MFm&0&rDXHP&New&dxHP_equip,RE-dxHP_eq-pkgSEER-16.0-SEER2-8.0-HSPF2,,,,,,,,,,,,,,,,,,,,,,,,,,,,,,,,,,,,,,,
SWHC049-09 SEER Rated AC HP_MFm_New/runs/CZ03/MFm&0&rDXHP&New&dxHP_equip/RE-dxHP_eq-pkgSEER-17.8-SEER2-8.1-HSPF2/instance-out.sql,CZ03,MFm,0,rDXHP,New,dxHP_equip,,RE-dxHP_eq-pkgSEER-17.8-SEER2-8.1-HSPF2,MFm&0&rDXHP&New&dxHP_equip,RE-dxHP_eq-pkgSEER-17.8-SEER2-8.1-HSPF2,,,,,,,,,,,,,,,,,,,,,,,,,,,,,,,,,,,,,,,
SWHC049-09 SEER Rated AC HP_MFm_New/runs/CZ03/MFm&0&rDXHP&New&dxHP_equip/RE-dxHP_eq-pkgSEER-18.7-SEER2-8.5-HSPF2/instance-out.sql,CZ03,MFm,0,rDXHP,New,dxHP_equip,,RE-dxHP_eq-pkgSEER-18.7-SEER2-8.5-HSPF2,MFm&0&rDXHP&New&dxHP_equip,RE-dxHP_eq-pkgSEER-18.7-SEER2-8.5-HSPF2,,,,,,,,,,,,,,,,,,,,,,,,,,,,,,,,,,,,,,,
SWHC049-09 SEER Rated AC HP_MFm_New/runs/CZ03/MFm&0&rDXHP&New&dxHP_equip/RE-dxHP_eq-pkgSEER-19.6-SEER2-8.9-HSPF2/instance-out.sql,CZ03,MFm,0,rDXHP,New,dxHP_equip,,RE-dxHP_eq-pkgSEER-19.6-SEER2-8.9-HSPF2,MFm&0&rDXHP&New&dxHP_equip,RE-dxHP_eq-pkgSEER-19.6-SEER2-8.9-HSPF2,,,,,,,,,,,,,,,,,,,,,,,,,,,,,,,,,,,,,,,
SWHC049-09 SEER Rated AC HP_MFm_New/runs/CZ02/MFm&0&rDXHP&New&dxHP_equip/RE-dxAC_eq-pkgSEER-12.5-SEER2/instance-out.sql,CZ02,MFm,0,rDXHP,New,dxHP_equip,,RE-dxAC_eq-pkgSEER-12.5-SEER2,MFm&0&rDXHP&New&dxHP_equip,RE-dxAC_eq-pkgSEER-12.5-SEER2,,,,,,,,,,,,,,,,,,,,,,,,,,,,,,,,,,,,,,,
SWHC049-09 SEER Rated AC HP_MFm_New/runs/CZ02/MFm&0&rDXHP&New&dxHP_equip/RE-dxAC_eq-pkgSEER-13.8-SEER2/instance-out.sql,CZ02,MFm,0,rDXHP,New,dxHP_equip,,RE-dxAC_eq-pkgSEER-13.8-SEER2,MFm&0&rDXHP&New&dxHP_equip,RE-dxAC_eq-pkgSEER-13.8-SEER2,,,,,,,,,,,,,,,,,,,,,,,,,,,,,,,,,,,,,,,
SWHC049-09 SEER Rated AC HP_MFm_New/runs/CZ02/MFm&0&rDXHP&New&dxHP_equip/RE-dxAC_eq-pkgSEER-14.3-SEER2/instance-out.sql,CZ02,MFm,0,rDXHP,New,dxHP_equip,,RE-dxAC_eq-pkgSEER-14.3-SEER2,MFm&0&rDXHP&New&dxHP_equip,RE-dxAC_eq-pkgSEER-14.3-SEER2,,,,,,,,,,,,,,,,,,,,,,,,,,,,,,,,,,,,,,,
SWHC049-09 SEER Rated AC HP_MFm_New/runs/CZ02/MFm&0&rDXHP&New&dxHP_equip/RE-dxAC_eq-pkgSEER-15.2-SEER2/instance-out.sql,CZ02,MFm,0,rDXHP,New,dxHP_equip,,RE-dxAC_eq-pkgSEER-15.2-SEER2,MFm&0&rDXHP&New&dxHP_equip,RE-dxAC_eq-pkgSEER-15.2-SEER2,,,,,,,,,,,,,,,,,,,,,,,,,,,,,,,,,,,,,,,
SWHC049-09 SEER Rated AC HP_MFm_New/runs/CZ02/MFm&0&rDXHP&New&dxHP_equip/RE-dxAC_eq-pkgSEER-16.9-SEER2/instance-out.sql,CZ02,MFm,0,rDXHP,New,dxHP_equip,,RE-dxAC_eq-pkgSEER-16.9-SEER2,MFm&0&rDXHP&New&dxHP_equip,RE-dxAC_eq-pkgSEER-16.9-SEER2,,,,,,,,,,,,,,,,,,,,,,,,,,,,,,,,,,,,,,,
SWHC049-09 SEER Rated AC HP_MFm_New/runs/CZ02/MFm&0&rDXHP&New&dxHP_equip/RE-dxAC_eq-pkgSEER-17.8-SEER2/instance-out.sql,CZ02,MFm,0,rDXHP,New,dxHP_equip,,RE-dxAC_eq-pkgSEER-17.8-SEER2,MFm&0&rDXHP&New&dxHP_equip,RE-dxAC_eq-pkgSEER-17.8-SEER2,,,,,,,,,,,,,,,,,,,,,,,,,,,,,,,,,,,,,,,
SWHC049-09 SEER Rated AC HP_MFm_New/runs/CZ02/MFm&0&rDXHP&New&dxHP_equip/RE-dxAC_eq-pkgSEER-18.7-SEER2/instance-out.sql,CZ02,MFm,0,rDXHP,New,dxHP_equip,,RE-dxAC_eq-pkgSEER-18.7-SEER2,MFm&0&rDXHP&New&dxHP_equip,RE-dxAC_eq-pkgSEER-18.7-SEER2,,,,,,,,,,,,,,,,,,,,,,,,,,,,,,,,,,,,,,,
SWHC049-09 SEER Rated AC HP_MFm_New/runs/CZ02/MFm&0&rDXHP&New&dxHP_equip/RE-dxAC_eq-pkgSEER-19.6-SEER2/instance-out.sql,CZ02,MFm,0,rDXHP,New,dxHP_equip,,RE-dxAC_eq-pkgSEER-19.6-SEER2,MFm&0&rDXHP&New&dxHP_equip,RE-dxAC_eq-pkgSEER-19.6-SEER2,,,,,,,,,,,,,,,,,,,,,,,,,,,,,,,,,,,,,,,
SWHC049-09 SEER Rated AC HP_MFm_New/runs/CZ02/MFm&0&rDXHP&New&dxHP_equip/RE-dxHP_eq-pkgSEER-12.5-SEER2-6.4-HSPF2/instance-out.sql,CZ02,MFm,0,rDXHP,New,dxHP_equip,,RE-dxHP_eq-pkgSEER-12.5-SEER2-6.4-HSPF2,MFm&0&rDXHP&New&dxHP_equip,RE-dxHP_eq-pkgSEER-12.5-SEER2-6.4-HSPF2,,,,,,,,,,,,,,,,,,,,,,,,,,,,,,,,,,,,,,,
SWHC049-09 SEER Rated AC HP_MFm_New/runs/CZ02/MFm&0&rDXHP&New&dxHP_equip/RE-dxHP_eq-pkgSEER-14.3-SEER2-7.5-HSPF2/instance-out.sql,CZ02,MFm,0,rDXHP,New,dxHP_equip,,RE-dxHP_eq-pkgSEER-14.3-SEER2-7.5-HSPF2,MFm&0&rDXHP&New&dxHP_equip,RE-dxHP_eq-pkgSEER-14.3-SEER2-7.5-HSPF2,,,,,,,,,,,,,,,,,,,,,,,,,,,,,,,,,,,,,,,
SWHC049-09 SEER Rated AC HP_MFm_New/runs/CZ02/MFm&0&rDXHP&New&dxHP_equip/RE-dxHP_eq-pkgSEER-15.2-SEER2-7.7-HSPF2/instance-out.sql,CZ02,MFm,0,rDXHP,New,dxHP_equip,,RE-dxHP_eq-pkgSEER-15.2-SEER2-7.7-HSPF2,MFm&0&rDXHP&New&dxHP_equip,RE-dxHP_eq-pkgSEER-15.2-SEER2-7.7-HSPF2,,,,,,,,,,,,,,,,,,,,,,,,,,,,,,,,,,,,,,,
SWHC049-09 SEER Rated AC HP_MFm_New/runs/CZ02/MFm&0&rDXHP&New&dxHP_equip/RE-dxHP_eq-pkgSEER-16.0-SEER2-8.0-HSPF2/instance-out.sql,CZ02,MFm,0,rDXHP,New,dxHP_equip,,RE-dxHP_eq-pkgSEER-16.0-SEER2-8.0-HSPF2,MFm&0&rDXHP&New&dxHP_equip,RE-dxHP_eq-pkgSEER-16.0-SEER2-8.0-HSPF2,,,,,,,,,,,,,,,,,,,,,,,,,,,,,,,,,,,,,,,
SWHC049-09 SEER Rated AC HP_MFm_New/runs/CZ02/MFm&0&rDXHP&New&dxHP_equip/RE-dxHP_eq-pkgSEER-17.8-SEER2-8.1-HSPF2/instance-out.sql,CZ02,MFm,0,rDXHP,New,dxHP_equip,,RE-dxHP_eq-pkgSEER-17.8-SEER2-8.1-HSPF2,MFm&0&rDXHP&New&dxHP_equip,RE-dxHP_eq-pkgSEER-17.8-SEER2-8.1-HSPF2,,,,,,,,,,,,,,,,,,,,,,,,,,,,,,,,,,,,,,,
SWHC049-09 SEER Rated AC HP_MFm_New/runs/CZ02/MFm&0&rDXHP&New&dxHP_equip/RE-dxHP_eq-pkgSEER-18.7-SEER2-8.5-HSPF2/instance-out.sql,CZ02,MFm,0,rDXHP,New,dxHP_equip,,RE-dxHP_eq-pkgSEER-18.7-SEER2-8.5-HSPF2,MFm&0&rDXHP&New&dxHP_equip,RE-dxHP_eq-pkgSEER-18.7-SEER2-8.5-HSPF2,,,,,,,,,,,,,,,,,,,,,,,,,,,,,,,,,,,,,,,
SWHC049-09 SEER Rated AC HP_MFm_New/runs/CZ02/MFm&0&rDXHP&New&dxHP_equip/RE-dxHP_eq-pkgSEER-19.6-SEER2-8.9-HSPF2/instance-out.sql,CZ02,MFm,0,rDXHP,New,dxHP_equip,,RE-dxHP_eq-pkgSEER-19.6-SEER2-8.9-HSPF2,MFm&0&rDXHP&New&dxHP_equip,RE-dxHP_eq-pkgSEER-19.6-SEER2-8.9-HSPF2,,,,,,,,,,,,,,,,,,,,,,,,,,,,,,,,,,,,,,,
SWHC049-09 SEER Rated AC HP_MFm_New/runs/CZ01/MFm&0&rDXHP&New&dxHP_equip/RE-dxAC_eq-pkgSEER-12.5-SEER2/instance-out.sql,CZ01,MFm,0,rDXHP,New,dxHP_equip,,RE-dxAC_eq-pkgSEER-12.5-SEER2,MFm&0&rDXHP&New&dxHP_equip,RE-dxAC_eq-pkgSEER-12.5-SEER2,,,,,,,,,,,,,,,,,,,,,,,,,,,,,,,,,,,,,,,
SWHC049-09 SEER Rated AC HP_MFm_New/runs/CZ01/MFm&0&rDXHP&New&dxHP_equip/RE-dxAC_eq-pkgSEER-13.8-SEER2/instance-out.sql,CZ01,MFm,0,rDXHP,New,dxHP_equip,,RE-dxAC_eq-pkgSEER-13.8-SEER2,MFm&0&rDXHP&New&dxHP_equip,RE-dxAC_eq-pkgSEER-13.8-SEER2,,,,,,,,,,,,,,,,,,,,,,,,,,,,,,,,,,,,,,,
SWHC049-09 SEER Rated AC HP_MFm_New/runs/CZ01/MFm&0&rDXHP&New&dxHP_equip/RE-dxAC_eq-pkgSEER-14.3-SEER2/instance-out.sql,CZ01,MFm,0,rDXHP,New,dxHP_equip,,RE-dxAC_eq-pkgSEER-14.3-SEER2,MFm&0&rDXHP&New&dxHP_equip,RE-dxAC_eq-pkgSEER-14.3-SEER2,,,,,,,,,,,,,,,,,,,,,,,,,,,,,,,,,,,,,,,
SWHC049-09 SEER Rated AC HP_MFm_New/runs/CZ01/MFm&0&rDXHP&New&dxHP_equip/RE-dxAC_eq-pkgSEER-15.2-SEER2/instance-out.sql,CZ01,MFm,0,rDXHP,New,dxHP_equip,,RE-dxAC_eq-pkgSEER-15.2-SEER2,MFm&0&rDXHP&New&dxHP_equip,RE-dxAC_eq-pkgSEER-15.2-SEER2,,,,,,,,,,,,,,,,,,,,,,,,,,,,,,,,,,,,,,,
SWHC049-09 SEER Rated AC HP_MFm_New/runs/CZ01/MFm&0&rDXHP&New&dxHP_equip/RE-dxAC_eq-pkgSEER-16.9-SEER2/instance-out.sql,CZ01,MFm,0,rDXHP,New,dxHP_equip,,RE-dxAC_eq-pkgSEER-16.9-SEER2,MFm&0&rDXHP&New&dxHP_equip,RE-dxAC_eq-pkgSEER-16.9-SEER2,,,,,,,,,,,,,,,,,,,,,,,,,,,,,,,,,,,,,,,
SWHC049-09 SEER Rated AC HP_MFm_New/runs/CZ01/MFm&0&rDXHP&New&dxHP_equip/RE-dxAC_eq-pkgSEER-17.8-SEER2/instance-out.sql,CZ01,MFm,0,rDXHP,New,dxHP_equip,,RE-dxAC_eq-pkgSEER-17.8-SEER2,MFm&0&rDXHP&New&dxHP_equip,RE-dxAC_eq-pkgSEER-17.8-SEER2,,,,,,,,,,,,,,,,,,,,,,,,,,,,,,,,,,,,,,,
SWHC049-09 SEER Rated AC HP_MFm_New/runs/CZ01/MFm&0&rDXHP&New&dxHP_equip/RE-dxAC_eq-pkgSEER-18.7-SEER2/instance-out.sql,CZ01,MFm,0,rDXHP,New,dxHP_equip,,RE-dxAC_eq-pkgSEER-18.7-SEER2,MFm&0&rDXHP&New&dxHP_equip,RE-dxAC_eq-pkgSEER-18.7-SEER2,,,,,,,,,,,,,,,,,,,,,,,,,,,,,,,,,,,,,,,
SWHC049-09 SEER Rated AC HP_MFm_New/runs/CZ01/MFm&0&rDXHP&New&dxHP_equip/RE-dxAC_eq-pkgSEER-19.6-SEER2/instance-out.sql,CZ01,MFm,0,rDXHP,New,dxHP_equip,,RE-dxAC_eq-pkgSEER-19.6-SEER2,MFm&0&rDXHP&New&dxHP_equip,RE-dxAC_eq-pkgSEER-19.6-SEER2,,,,,,,,,,,,,,,,,,,,,,,,,,,,,,,,,,,,,,,
SWHC049-09 SEER Rated AC HP_MFm_New/runs/CZ01/MFm&0&rDXHP&New&dxHP_equip/RE-dxHP_eq-pkgSEER-12.5-SEER2-6.4-HSPF2/instance-out.sql,CZ01,MFm,0,rDXHP,New,dxHP_equip,,RE-dxHP_eq-pkgSEER-12.5-SEER2-6.4-HSPF2,MFm&0&rDXHP&New&dxHP_equip,RE-dxHP_eq-pkgSEER-12.5-SEER2-6.4-HSPF2,,,,,,,,,,,,,,,,,,,,,,,,,,,,,,,,,,,,,,,
SWHC049-09 SEER Rated AC HP_MFm_New/runs/CZ01/MFm&0&rDXHP&New&dxHP_equip/RE-dxHP_eq-pkgSEER-14.3-SEER2-7.5-HSPF2/instance-out.sql,CZ01,MFm,0,rDXHP,New,dxHP_equip,,RE-dxHP_eq-pkgSEER-14.3-SEER2-7.5-HSPF2,MFm&0&rDXHP&New&dxHP_equip,RE-dxHP_eq-pkgSEER-14.3-SEER2-7.5-HSPF2,,,,,,,,,,,,,,,,,,,,,,,,,,,,,,,,,,,,,,,
SWHC049-09 SEER Rated AC HP_MFm_New/runs/CZ01/MFm&0&rDXHP&New&dxHP_equip/RE-dxHP_eq-pkgSEER-15.2-SEER2-7.7-HSPF2/instance-out.sql,CZ01,MFm,0,rDXHP,New,dxHP_equip,,RE-dxHP_eq-pkgSEER-15.2-SEER2-7.7-HSPF2,MFm&0&rDXHP&New&dxHP_equip,RE-dxHP_eq-pkgSEER-15.2-SEER2-7.7-HSPF2,,,,,,,,,,,,,,,,,,,,,,,,,,,,,,,,,,,,,,,
SWHC049-09 SEER Rated AC HP_MFm_New/runs/CZ01/MFm&0&rDXHP&New&dxHP_equip/RE-dxHP_eq-pkgSEER-16.0-SEER2-8.0-HSPF2/instance-out.sql,CZ01,MFm,0,rDXHP,New,dxHP_equip,,RE-dxHP_eq-pkgSEER-16.0-SEER2-8.0-HSPF2,MFm&0&rDXHP&New&dxHP_equip,RE-dxHP_eq-pkgSEER-16.0-SEER2-8.0-HSPF2,,,,,,,,,,,,,,,,,,,,,,,,,,,,,,,,,,,,,,,
SWHC049-09 SEER Rated AC HP_MFm_New/runs/CZ01/MFm&0&rDXHP&New&dxHP_equip/RE-dxHP_eq-pkgSEER-17.8-SEER2-8.1-HSPF2/instance-out.sql,CZ01,MFm,0,rDXHP,New,dxHP_equip,,RE-dxHP_eq-pkgSEER-17.8-SEER2-8.1-HSPF2,MFm&0&rDXHP&New&dxHP_equip,RE-dxHP_eq-pkgSEER-17.8-SEER2-8.1-HSPF2,,,,,,,,,,,,,,,,,,,,,,,,,,,,,,,,,,,,,,,
SWHC049-09 SEER Rated AC HP_MFm_New/runs/CZ01/MFm&0&rDXHP&New&dxHP_equip/RE-dxHP_eq-pkgSEER-18.7-SEER2-8.5-HSPF2/instance-out.sql,CZ01,MFm,0,rDXHP,New,dxHP_equip,,RE-dxHP_eq-pkgSEER-18.7-SEER2-8.5-HSPF2,MFm&0&rDXHP&New&dxHP_equip,RE-dxHP_eq-pkgSEER-18.7-SEER2-8.5-HSPF2,,,,,,,,,,,,,,,,,,,,,,,,,,,,,,,,,,,,,,,
SWHC049-09 SEER Rated AC HP_MFm_New/runs/CZ01/MFm&0&rDXHP&New&dxHP_equip/RE-dxHP_eq-pkgSEER-19.6-SEER2-8.9-HSPF2/instance-out.sql,CZ01,MFm,0,rDXHP,New,dxHP_equip,,RE-dxHP_eq-pkgSEER-19.6-SEER2-8.9-HSPF2,MFm&0&rDXHP&New&dxHP_equip,RE-dxHP_eq-pkgSEER-19.6-SEER2-8.9-HSPF2,,,,,,,,,,,,,,,,,,,,,,,,,,,,,,,,,,,,,,,
SWHC049-09 SEER Rated AC HP_MFm_Ex/runs/CZ16/MFm&0&rDXHP&Ex&dxHP_equip/RE-dxHP_eq-pkgSEER-12.5-SEER2-6.4-HSPF2/instance-out.sql,CZ16,MFm,0,rDXHP,Ex,dxHP_equip,,RE-dxHP_eq-pkgSEER-12.5-SEER2-6.4-HSPF2,MFm&0&rDXHP&Ex&dxHP_equip,RE-dxHP_eq-pkgSEER-12.5-SEER2-6.4-HSPF2,,,,,,,,,,,,,,,,,,,,,,,,,,,,,,,,,,,,,,,
SWHC049-09 SEER Rated AC HP_MFm_Ex/runs/CZ16/MFm&0&rDXHP&Ex&dxHP_equip/RE-dxHP_eq-pkgSEER-14.3-SEER2-7.5-HSPF2/instance-out.sql,CZ16,MFm,0,rDXHP,Ex,dxHP_equip,,RE-dxHP_eq-pkgSEER-14.3-SEER2-7.5-HSPF2,MFm&0&rDXHP&Ex&dxHP_equip,RE-dxHP_eq-pkgSEER-14.3-SEER2-7.5-HSPF2,,,,,,,,,,,,,,,,,,,,,,,,,,,,,,,,,,,,,,,
SWHC049-09 SEER Rated AC HP_MFm_Ex/runs/CZ16/MFm&0&rDXHP&Ex&dxHP_equip/RE-dxHP_eq-pkgSEER-15.2-SEER2-7.7-HSPF2/instance-out.sql,CZ16,MFm,0,rDXHP,Ex,dxHP_equip,,RE-dxHP_eq-pkgSEER-15.2-SEER2-7.7-HSPF2,MFm&0&rDXHP&Ex&dxHP_equip,RE-dxHP_eq-pkgSEER-15.2-SEER2-7.7-HSPF2,,,,,,,,,,,,,,,,,,,,,,,,,,,,,,,,,,,,,,,
SWHC049-09 SEER Rated AC HP_MFm_Ex/runs/CZ16/MFm&0&rDXHP&Ex&dxHP_equip/RE-dxHP_eq-pkgSEER-16.0-SEER2-8.0-HSPF2/instance-out.sql,CZ16,MFm,0,rDXHP,Ex,dxHP_equip,,RE-dxHP_eq-pkgSEER-16.0-SEER2-8.0-HSPF2,MFm&0&rDXHP&Ex&dxHP_equip,RE-dxHP_eq-pkgSEER-16.0-SEER2-8.0-HSPF2,,,,,,,,,,,,,,,,,,,,,,,,,,,,,,,,,,,,,,,
SWHC049-09 SEER Rated AC HP_MFm_Ex/runs/CZ16/MFm&0&rDXHP&Ex&dxHP_equip/RE-dxHP_eq-pkgSEER-17.8-SEER2-8.1-HSPF2/instance-out.sql,CZ16,MFm,0,rDXHP,Ex,dxHP_equip,,RE-dxHP_eq-pkgSEER-17.8-SEER2-8.1-HSPF2,MFm&0&rDXHP&Ex&dxHP_equip,RE-dxHP_eq-pkgSEER-17.8-SEER2-8.1-HSPF2,,,,,,,,,,,,,,,,,,,,,,,,,,,,,,,,,,,,,,,
SWHC049-09 SEER Rated AC HP_MFm_Ex/runs/CZ16/MFm&0&rDXHP&Ex&dxHP_equip/RE-dxHP_eq-pkgSEER-18.7-SEER2-8.5-HSPF2/instance-out.sql,CZ16,MFm,0,rDXHP,Ex,dxHP_equip,,RE-dxHP_eq-pkgSEER-18.7-SEER2-8.5-HSPF2,MFm&0&rDXHP&Ex&dxHP_equip,RE-dxHP_eq-pkgSEER-18.7-SEER2-8.5-HSPF2,,,,,,,,,,,,,,,,,,,,,,,,,,,,,,,,,,,,,,,
SWHC049-09 SEER Rated AC HP_MFm_Ex/runs/CZ16/MFm&0&rDXHP&Ex&dxHP_equip/RE-dxHP_eq-pkgSEER-19.6-SEER2-8.9-HSPF2/instance-out.sql,CZ16,MFm,0,rDXHP,Ex,dxHP_equip,,RE-dxHP_eq-pkgSEER-19.6-SEER2-8.9-HSPF2,MFm&0&rDXHP&Ex&dxHP_equip,RE-dxHP_eq-pkgSEER-19.6-SEER2-8.9-HSPF2,,,,,,,,,,,,,,,,,,,,,,,,,,,,,,,,,,,,,,,
SWHC049-09 SEER Rated AC HP_MFm_Ex/runs/CZ01/MFm&0&rDXHP&Ex&dxHP_equip/RE-dxHP_eq-pkgSEER-12.5-SEER2-6.4-HSPF2/instance-out.sql,CZ01,MFm,0,rDXHP,Ex,dxHP_equip,,RE-dxHP_eq-pkgSEER-12.5-SEER2-6.4-HSPF2,MFm&0&rDXHP&Ex&dxHP_equip,RE-dxHP_eq-pkgSEER-12.5-SEER2-6.4-HSPF2,,,,,,,,,,,,,,,,,,,,,,,,,,,,,,,,,,,,,,,
SWHC049-09 SEER Rated AC HP_MFm_Ex/runs/CZ01/MFm&0&rDXHP&Ex&dxHP_equip/RE-dxHP_eq-pkgSEER-14.3-SEER2-7.5-HSPF2/instance-out.sql,CZ01,MFm,0,rDXHP,Ex,dxHP_equip,,RE-dxHP_eq-pkgSEER-14.3-SEER2-7.5-HSPF2,MFm&0&rDXHP&Ex&dxHP_equip,RE-dxHP_eq-pkgSEER-14.3-SEER2-7.5-HSPF2,,,,,,,,,,,,,,,,,,,,,,,,,,,,,,,,,,,,,,,
SWHC049-09 SEER Rated AC HP_MFm_Ex/runs/CZ01/MFm&0&rDXHP&Ex&dxHP_equip/RE-dxHP_eq-pkgSEER-15.2-SEER2-7.7-HSPF2/instance-out.sql,CZ01,MFm,0,rDXHP,Ex,dxHP_equip,,RE-dxHP_eq-pkgSEER-15.2-SEER2-7.7-HSPF2,MFm&0&rDXHP&Ex&dxHP_equip,RE-dxHP_eq-pkgSEER-15.2-SEER2-7.7-HSPF2,,,,,,,,,,,,,,,,,,,,,,,,,,,,,,,,,,,,,,,
SWHC049-09 SEER Rated AC HP_MFm_Ex/runs/CZ01/MFm&0&rDXHP&Ex&dxHP_equip/RE-dxHP_eq-pkgSEER-16.0-SEER2-8.0-HSPF2/instance-out.sql,CZ01,MFm,0,rDXHP,Ex,dxHP_equip,,RE-dxHP_eq-pkgSEER-16.0-SEER2-8.0-HSPF2,MFm&0&rDXHP&Ex&dxHP_equip,RE-dxHP_eq-pkgSEER-16.0-SEER2-8.0-HSPF2,,,,,,,,,,,,,,,,,,,,,,,,,,,,,,,,,,,,,,,
SWHC049-09 SEER Rated AC HP_MFm_Ex/runs/CZ01/MFm&0&rDXHP&Ex&dxHP_equip/RE-dxHP_eq-pkgSEER-17.8-SEER2-8.1-HSPF2/instance-out.sql,CZ01,MFm,0,rDXHP,Ex,dxHP_equip,,RE-dxHP_eq-pkgSEER-17.8-SEER2-8.1-HSPF2,MFm&0&rDXHP&Ex&dxHP_equip,RE-dxHP_eq-pkgSEER-17.8-SEER2-8.1-HSPF2,,,,,,,,,,,,,,,,,,,,,,,,,,,,,,,,,,,,,,,
SWHC049-09 SEER Rated AC HP_MFm_Ex/runs/CZ01/MFm&0&rDXHP&Ex&dxHP_equip/RE-dxHP_eq-pkgSEER-18.7-SEER2-8.5-HSPF2/instance-out.sql,CZ01,MFm,0,rDXHP,Ex,dxHP_equip,,RE-dxHP_eq-pkgSEER-18.7-SEER2-8.5-HSPF2,MFm&0&rDXHP&Ex&dxHP_equip,RE-dxHP_eq-pkgSEER-18.7-SEER2-8.5-HSPF2,,,,,,,,,,,,,,,,,,,,,,,,,,,,,,,,,,,,,,,
SWHC049-09 SEER Rated AC HP_MFm_Ex/runs/CZ01/MFm&0&rDXHP&Ex&dxHP_equip/RE-dxHP_eq-pkgSEER-19.6-SEER2-8.9-HSPF2/instance-out.sql,CZ01,MFm,0,rDXHP,Ex,dxHP_equip,,RE-dxHP_eq-pkgSEER-19.6-SEER2-8.9-HSPF2,MFm&0&rDXHP&Ex&dxHP_equip,RE-dxHP_eq-pkgSEER-19.6-SEER2-8.9-HSPF2,,,,,,,,,,,,,,,,,,,,,,,,,,,,,,,,,,,,,,,
SWHC049-09 SEER Rated AC HP_DMo/runs/CZ16/DMo&0&rDXHP&New&dxHP_equip/RE-dxAC_eq-pkgSEER-12.5-SEER2/instance-out.sql,CZ16,DMo,0,rDXHP,New,dxHP_equip,,RE-dxAC_eq-pkgSEER-12.5-SEER2,DMo&0&rDXHP&New&dxHP_equip,RE-dxAC_eq-pkgSEER-12.5-SEER2,"EnergyPlus, Version 9.5.0-de239b2e5f, YMD=2026.06.12 23:23",CA_BLUE-CANYON-AP CA USA Custom-725845 WMO#=725845,230.77,14.19,65.71,0.0,1651.6,3129.96,0.0,5167.03,0.0,1503.02,119.88,0.0,0.0,0.0,0.0,0.0,0.0,11571.49,3634.08,0.0,0.0,0.0,7813.66,0.0,0.0,0.0,0.0,0.0,0.0,11529.4,0.0,0.0,22977.14,,,35400.45,53013.6
SWHC049-09 SEER Rated AC HP_DMo/runs/CZ16/DMo&0&rDXHP&New&dxHP_equip/RE-dxAC_eq-pkgSEER-13.8-SEER2/instance-out.sql,CZ16,DMo,0,rDXHP,New,dxHP_equip,,RE-dxAC_eq-pkgSEER-13.8-SEER2,DMo&0&rDXHP&New&dxHP_equip,RE-dxAC_eq-pkgSEER-13.8-SEER2,"EnergyPlus, Version 9.5.0-de239b2e5f, YMD=2026.06.12 23:22",CA_BLUE-CANYON-AP CA USA Custom-725845 WMO#=725845,230.77,13.75,65.71,0.0,1549.7,3129.96,0.0,5167.03,0.0,1503.02,119.88,0.0,0.0,0.0,0.0,0.0,0.0,11469.59,3634.08,0.0,0.0,0.0,7813.66,0.0,0.0,0.0,0.0,0.0,0.0,11529.4,0.0,0.0,22977.14,,,35400.45,53013.6
SWHC049-09 SEER Rated AC HP_DMo/runs/CZ16/DMo&0&rDXHP&New&dxHP_equip/RE-dxAC_eq-pkgSEER-14.3-SEER2/instance-out.sql,CZ16,DMo,0,rDXHP,New,dxHP_equip,,RE-dxAC_eq-pkgSEER-14.3-SEER2,DMo&0&rDXHP&New&dxHP_equip,RE-dxAC_eq-pkgSEER-14.3-SEER2,"EnergyPlus, Version 9.5.0-de239b2e5f, YMD=2026.06.12 23:20",CA_BLUE-CANYON-AP CA USA Custom-725845 WMO#=725845,230.77,13.61,65.71,0.0,1518.47,3129.96,0.0,5167.03,0.0,1503.02,119.88,0.0,0.0,0.0,0.0,0.0,0.0,11438.36,3634.08,0.0,0.0,0.0,7813.66,0.0,0.0,0.0,0.0,0.0,0.0,11529.4,0.0,0.0,22977.14,,,35400.45,53013.6
SWHC049-09 SEER Rated AC HP_DMo/runs/CZ16/DMo&0&rDXHP&New&dxHP_equip/RE-dxAC_eq-pkgSEER-15.2-SEER2/instance-out.sql,CZ16,DMo,0,rDXHP,New,dxHP_equip,,RE-dxAC_eq-pkgSEER-15.2-SEER2,DMo&0&rDXHP&New&dxHP_equip,RE-dxAC_eq-pkgSEER-15.2-SEER2,"EnergyPlus, Version 9.5.0-de239b2e5f, YMD=2026.06.12 23:18",CA_BLUE-CANYON-AP CA USA Custom-725845 WMO#=725845,230.77,13.39,65.71,0.0,1466.75,3129.96,0.0,5167.03,0.0,1503.02,119.88,0.0,0.0,0.0,0.0,0.0,0.0,11386.64,3634.08,0.0,0.0,0.0,7813.66,0.0,0.0,0.0,0.0,0.0,0.0,11529.4,0.0,0.0,22977.14,,,35400.45,53013.6
SWHC049-09 SEER Rated AC HP_DMo/runs/CZ16/DMo&0&rDXHP&New&dxHP_equip/RE-dxAC_eq-pkgSEER-16.9-SEER2/instance-out.sql,CZ16,DMo,0,rDXHP,New,dxHP_equip,,RE-dxAC_eq-pkgSEER-16.9-SEER2,DMo&0&rDXHP&New&dxHP_equip,RE-dxAC_eq-pkgSEER-16.9-SEER2,"EnergyPlus, Version 9.5.0-de239b2e5f, YMD=2026.06.12 23:16",CA_BLUE-CANYON-AP CA USA Custom-725845 WMO#=725845,230.77,11.02,68.12,0.0,1664.37,3129.96,0.0,5167.03,0.0,749.28,129.94,0.0,0.0,0.0,0.0,0.0,0.0,10840.57,4193.43,0.0,0.0,0.0,7813.66,0.0,0.0,0.0,0.0,0.0,0.0,11526.47,0.0,0.0,23533.56,,,35400.45,53013.6
SWHC049-09 SEER Rated AC HP_DMo/runs/CZ16/DMo&0&rDXHP&New&dxHP_equip/RE-dxAC_eq-pkgSEER-17.8-SEER2/instance-out.sql,CZ16,DMo,0,rDXHP,New,dxHP_equip,,RE-dxAC_eq-pkgSEER-17.8-SEER2,DMo&0&rDXHP&New&dxHP_equip,RE-dxAC_eq-pkgSEER-17.8-SEER2,"EnergyPlus, Version 9.5.0-de239b2e5f, YMD=2026.06.12 23:14",CA_BLUE-CANYON-AP CA USA Custom-725845 WMO#=725845,230.77,10.9,68.12,0.0,1635.07,3129.96,0.0,5167.03,0.0,749.28,129.94,0.0,0.0,0.0,0.0,0.0,0.0,10811.28,4193.43,0.0,0.0,0.0,7813.66,0.0,0.0,0.0,0.0,0.0,0.0,11526.47,0.0,0.0,23533.56,,,35400.45,53013.6
SWHC049-09 SEER Rated AC HP_DMo/runs/CZ16/DMo&0&rDXHP&New&dxHP_equip/RE-dxAC_eq-pkgSEER-18.7-SEER2/instance-out.sql,CZ16,DMo,0,rDXHP,New,dxHP_equip,,RE-dxAC_eq-pkgSEER-18.7-SEER2,DMo&0&rDXHP&New&dxHP_equip,RE-dxAC_eq-pkgSEER-18.7-SEER2,"EnergyPlus, Version 9.5.0-de239b2e5f, YMD=2026.06.12 23:12",CA_BLUE-CANYON-AP CA USA Custom-725845 WMO#=725845,230.77,10.8,68.12,0.0,1612.57,3129.96,0.0,5167.03,0.0,749.28,129.94,0.0,0.0,0.0,0.0,0.0,0.0,10788.78,4193.43,0.0,0.0,0.0,7813.66,0.0,0.0,0.0,0.0,0.0,0.0,11526.47,0.0,0.0,23533.56,,,35400.45,53013.6
SWHC049-09 SEER Rated AC HP_DMo/runs/CZ16/DMo&0&rDXHP&New&dxHP_equip/RE-dxAC_eq-pkgSEER-19.6-SEER2/instance-out.sql,CZ16,DMo,0,rDXHP,New,dxHP_equip,,RE-dxAC_eq-pkgSEER-19.6-SEER2,DMo&0&rDXHP&New&dxHP_equip,RE-dxAC_eq-pkgSEER-19.6-SEER2,"EnergyPlus, Version 9.5.0-de239b2e5f, YMD=2026.06.12 23:11",CA_BLUE-CANYON-AP CA USA Custom-725845 WMO#=725845,230.77,10.72,68.12,0.0,1593.53,3129.96,0.0,5167.03,0.0,749.28,129.94,0.0,0.0,0.0,0.0,0.0,0.0,10769.74,4193.43,0.0,0.0,0.0,7813.66,0.0,0.0,0.0,0.0,0.0,0.0,11526.47,0.0,0.0,23533.56,,,35400.45,53013.6
SWHC049-09 SEER Rated AC HP_DMo/runs/CZ16/DMo&0&rDXHP&New&dxHP_equip/RE-dxHP_eq-pkgSEER-12.5-SEER2-6.4-HSPF2/instance-out.sql,CZ16,DMo,0,rDXHP,New,dxHP_equip,,RE-dxHP_eq-pkgSEER-12.5-SEER2-6.4-HSPF2,DMo&0&rDXHP&New&dxHP_equip,RE-dxHP_eq-pkgSEER-12.5-SEER2-6.4-HSPF2,,,,,,,,,,,,,,,,,,,,,,,,,,,,,,,,,,,,,,,
SWHC049-09 SEER Rated AC HP_DMo/runs/CZ16/DMo&0&rDXHP&New&dxHP_equip/RE-dxHP_eq-pkgSEER-14.3-SEER2-7.5-HSPF2/instance-out.sql,CZ16,DMo,0,rDXHP,New,dxHP_equip,,RE-dxHP_eq-pkgSEER-14.3-SEER2-7.5-HSPF2,DMo&0&rDXHP&New&dxHP_equip,RE-dxHP_eq-pkgSEER-14.3-SEER2-7.5-HSPF2,,,,,,,,,,,,,,,,,,,,,,,,,,,,,,,,,,,,,,,
SWHC049-09 SEER Rated AC HP_DMo/runs/CZ16/DMo&0&rDXHP&New&dxHP_equip/RE-dxHP_eq-pkgSEER-15.2-SEER2-7.7-HSPF2/instance-out.sql,CZ16,DMo,0,rDXHP,New,dxHP_equip,,RE-dxHP_eq-pkgSEER-15.2-SEER2-7.7-HSPF2,DMo&0&rDXHP&New&dxHP_equip,RE-dxHP_eq-pkgSEER-15.2-SEER2-7.7-HSPF2,,,,,,,,,,,,,,,,,,,,,,,,,,,,,,,,,,,,,,,
SWHC049-09 SEER Rated AC HP_DMo/runs/CZ16/DMo&0&rDXHP&New&dxHP_equip/RE-dxHP_eq-pkgSEER-16.0-SEER2-8.0-HSPF2/instance-out.sql,CZ16,DMo,0,rDXHP,New,dxHP_equip,,RE-dxHP_eq-pkgSEER-16.0-SEER2-8.0-HSPF2,DMo&0&rDXHP&New&dxHP_equip,RE-dxHP_eq-pkgSEER-16.0-SEER2-8.0-HSPF2,,,,,,,,,,,,,,,,,,,,,,,,,,,,,,,,,,,,,,,
SWHC049-09 SEER Rated AC HP_DMo/runs/CZ16/DMo&0&rDXHP&New&dxHP_equip/RE-dxHP_eq-pkgSEER-17.8-SEER2-8.1-HSPF2/instance-out.sql,CZ16,DMo,0,rDXHP,New,dxHP_equip,,RE-dxHP_eq-pkgSEER-17.8-SEER2-8.1-HSPF2,DMo&0&rDXHP&New&dxHP_equip,RE-dxHP_eq-pkgSEER-17.8-SEER2-8.1-HSPF2,,,,,,,,,,,,,,,,,,,,,,,,,,,,,,,,,,,,,,,
SWHC049-09 SEER Rated AC HP_DMo/runs/CZ16/DMo&0&rDXHP&New&dxHP_equip/RE-dxHP_eq-pkgSEER-18.7-SEER2-8.5-HSPF2/instance-out.sql,CZ16,DMo,0,rDXHP,New,dxHP_equip,,RE-dxHP_eq-pkgSEER-18.7-SEER2-8.5-HSPF2,DMo&0&rDXHP&New&dxHP_equip,RE-dxHP_eq-pkgSEER-18.7-SEER2-8.5-HSPF2,,,,,,,,,,,,,,,,,,,,,,,,,,,,,,,,,,,,,,,
SWHC049-09 SEER Rated AC HP_DMo/runs/CZ16/DMo&0&rDXHP&New&dxHP_equip/RE-dxHP_eq-pkgSEER-19.6-SEER2-8.9-HSPF2/instance-out.sql,CZ16,DMo,0,rDXHP,New,dxHP_equip,,RE-dxHP_eq-pkgSEER-19.6-SEER2-8.9-HSPF2,DMo&0&rDXHP&New&dxHP_equip,RE-dxHP_eq-pkgSEER-19.6-SEER2-8.9-HSPF2,,,,,,,,,,,,,,,,,,,,,,,,,,,,,,,,,,,,,,,
SWHC049-09 SEER Rated AC HP_DMo/runs/CZ16/DMo&0&rDXHP&Ex&dxHP_equip/RE-dxAC_eq-pkgSEER-12.5-SEER2/instance-out.sql,CZ16,DMo,0,rDXHP,Ex,dxHP_equip,,RE-dxAC_eq-pkgSEER-12.5-SEER2,DMo&0&rDXHP&Ex&dxHP_equip,RE-dxAC_eq-pkgSEER-12.5-SEER2,"EnergyPlus, Version 9.5.0-de239b2e5f, YMD=2026.06.12 23:36",CA_BLUE-CANYON-AP CA USA Custom-725845 WMO#=725845,230.77,17.91,77.11,0.0,1893.11,3129.96,0.0,5167.03,0.0,2061.86,177.77,0.0,0.0,0.0,0.0,0.0,0.0,12429.73,6286.22,0.0,0.0,0.0,7813.66,0.0,0.0,0.0,0.0,0.0,0.0,11509.05,0.0,0.0,25608.93,,,36667.81,54911.399999999994
SWHC049-09 SEER Rated AC HP_DMo/runs/CZ16/DMo&0&rDXHP&Ex&dxHP_equip/RE-dxAC_eq-pkgSEER-13.8-SEER2/instance-out.sql,CZ16,DMo,0,rDXHP,Ex,dxHP_equip,,RE-dxAC_eq-pkgSEER-13.8-SEER2,DMo&0&rDXHP&Ex&dxHP_equip,RE-dxAC_eq-pkgSEER-13.8-SEER2,"EnergyPlus, Version 9.5.0-de239b2e5f, YMD=2026.06.12 23:34",CA_BLUE-CANYON-AP CA USA Custom-725845 WMO#=725845,230.77,17.4,77.11,0.0,1776.31,3129.96,0.0,5167.03,0.0,2061.86,177.77,0.0,0.0,0.0,0.0,0.0,0.0,12312.93,6286.22,0.0,0.0,0.0,7813.66,0.0,0.0,0.0,0.0,0.0,0.0,11509.05,0.0,0.0,25608.93,,,36667.81,54911.399999999994
SWHC049-09 SEER Rated AC HP_DMo/runs/CZ16/DMo&0&rDXHP&Ex&dxHP_equip/RE-dxAC_eq-pkgSEER-14.3-SEER2/instance-out.sql,CZ16,DMo,0,rDXHP,Ex,dxHP_equip,,RE-dxAC_eq-pkgSEER-14.3-SEER2,DMo&0&rDXHP&Ex&dxHP_equip,RE-dxAC_eq-pkgSEER-14.3-SEER2,"EnergyPlus, Version 9.5.0-de239b2e5f, YMD=2026.06.12 23:33",CA_BLUE-CANYON-AP CA USA Custom-725845 WMO#=725845,230.77,17.25,77.11,0.0,1740.52,3129.96,0.0,5167.03,0.0,2061.86,177.77,0.0,0.0,0.0,0.0,0.0,0.0,12277.13,6286.22,0.0,0.0,0.0,7813.66,0.0,0.0,0.0,0.0,0.0,0.0,11509.05,0.0,0.0,25608.93,,,36667.81,54911.399999999994
SWHC049-09 SEER Rated AC HP_DMo/runs/CZ16/DMo&0&rDXHP&Ex&dxHP_equip/RE-dxAC_eq-pkgSEER-15.2-SEER2/instance-out.sql,CZ16,DMo,0,rDXHP,Ex,dxHP_equip,,RE-dxAC_eq-pkgSEER-15.2-SEER2,DMo&0&rDXHP&Ex&dxHP_equip,RE-dxAC_eq-pkgSEER-15.2-SEER2,"EnergyPlus, Version 9.5.0-de239b2e5f, YMD=2026.06.12 23:31",CA_BLUE-CANYON-AP CA USA Custom-725845 WMO#=725845,230.77,16.99,77.11,0.0,1681.23,3129.96,0.0,5167.03,0.0,2061.86,177.77,0.0,0.0,0.0,0.0,0.0,0.0,12217.85,6286.22,0.0,0.0,0.0,7813.66,0.0,0.0,0.0,0.0,0.0,0.0,11509.05,0.0,0.0,25608.93,,,36667.81,54911.399999999994
SWHC049-09 SEER Rated AC HP_DMo/runs/CZ16/DMo&0&rDXHP&Ex&dxHP_equip/RE-dxAC_eq-pkgSEER-16.9-SEER2/instance-out.sql,CZ16,DMo,0,rDXHP,Ex,dxHP_equip,,RE-dxAC_eq-pkgSEER-16.9-SEER2,DMo&0&rDXHP&Ex&dxHP_equip,RE-dxAC_eq-pkgSEER-16.9-SEER2,"EnergyPlus, Version 9.5.0-de239b2e5f, YMD=2026.06.12 23:29",CA_BLUE-CANYON-AP CA USA Custom-725845 WMO#=725845,230.77,13.28,80.71,0.0,1849.01,3129.96,0.0,5167.03,0.0,1025.92,190.57,0.0,0.0,0.0,0.0,0.0,0.0,11362.49,7119.56,0.0,0.0,0.0,7813.66,0.0,0.0,0.0,0.0,0.0,0.0,11505.45,0.0,0.0,26438.66,,,36667.81,54911.399999999994
SWHC049-09 SEER Rated AC HP_DMo/runs/CZ16/DMo&0&rDXHP&Ex&dxHP_equip/RE-dxAC_eq-pkgSEER-17.8-SEER2/instance-out.sql,CZ16,DMo,0,rDXHP,Ex,dxHP_equip,,RE-dxAC_eq-pkgSEER-17.8-SEER2,DMo&0&rDXHP&Ex&dxHP_equip,RE-dxAC_eq-pkgSEER-17.8-SEER2,"EnergyPlus, Version 9.5.0-de239b2e5f, YMD=2026.06.12 23:28",CA_BLUE-CANYON-AP CA USA Custom-725845 WMO#=725845,230.77,13.14,80.71,0.0,1815.55,3129.96,0.0,5167.03,0.0,1025.92,190.57,0.0,0.0,0.0,0.0,0.0,0.0,11329.03,7119.56,0.0,0.0,0.0,7813.66,0.0,0.0,0.0,0.0,0.0,0.0,11505.45,0.0,0.0,26438.66,,,36667.81,54911.399999999994
SWHC049-09 SEER Rated AC HP_DMo/runs/CZ16/DMo&0&rDXHP&Ex&dxHP_equip/RE-dxAC_eq-pkgSEER-18.7-SEER2/instance-out.sql,CZ16,DMo,0,rDXHP,Ex,dxHP_equip,,RE-dxAC_eq-pkgSEER-18.7-SEER2,DMo&0&rDXHP&Ex&dxHP_equip,RE-dxAC_eq-pkgSEER-18.7-SEER2,"EnergyPlus, Version 9.5.0-de239b2e5f, YMD=2026.06.12 23:26",CA_BLUE-CANYON-AP CA USA Custom-725845 WMO#=725845,230.77,13.03,80.71,0.0,1789.85,3129.96,0.0,5167.03,0.0,1025.92,190.57,0.0,0.0,0.0,0.0,0.0,0.0,11303.33,7119.56,0.0,0.0,0.0,7813.66,0.0,0.0,0.0,0.0,0.0,0.0,11505.45,0.0,0.0,26438.66,,,36667.81,54911.399999999994
SWHC049-09 SEER Rated AC HP_DMo/runs/CZ16/DMo&0&rDXHP&Ex&dxHP_equip/RE-dxAC_eq-pkgSEER-19.6-SEER2/instance-out.sql,CZ16,DMo,0,rDXHP,Ex,dxHP_equip,,RE-dxAC_eq-pkgSEER-19.6-SEER2,DMo&0&rDXHP&Ex&dxHP_equip,RE-dxAC_eq-pkgSEER-19.6-SEER2,"EnergyPlus, Version 9.5.0-de239b2e5f, YMD=2026.06.12 23:25",CA_BLUE-CANYON-AP CA USA Custom-725845 WMO#=725845,230.77,12.93,80.71,0.0,1768.1,3129.96,0.0,5167.03,0.0,1025.92,190.57,0.0,0.0,0.0,0.0,0.0,0.0,11281.58,7119.56,0.0,0.0,0.0,7813.66,0.0,0.0,0.0,0.0,0.0,0.0,11505.45,0.0,0.0,26438.66,,,36667.81,54911.399999999994
SWHC049-09 SEER Rated AC HP_DMo/runs/CZ16/DMo&0&rDXHP&Ex&dxHP_equip/RE-dxHP_eq-pkgSEER-12.5-SEER2-6.4-HSPF2/instance-out.sql,CZ16,DMo,0,rDXHP,Ex,dxHP_equip,,RE-dxHP_eq-pkgSEER-12.5-SEER2-6.4-HSPF2,DMo&0&rDXHP&Ex&dxHP_equip,RE-dxHP_eq-pkgSEER-12.5-SEER2-6.4-HSPF2,,,,,,,,,,,,,,,,,,,,,,,,,,,,,,,,,,,,,,,
SWHC049-09 SEER Rated AC HP_DMo/runs/CZ16/DMo&0&rDXHP&Ex&dxHP_equip/RE-dxHP_eq-pkgSEER-14.3-SEER2-7.5-HSPF2/instance-out.sql,CZ16,DMo,0,rDXHP,Ex,dxHP_equip,,RE-dxHP_eq-pkgSEER-14.3-SEER2-7.5-HSPF2,DMo&0&rDXHP&Ex&dxHP_equip,RE-dxHP_eq-pkgSEER-14.3-SEER2-7.5-HSPF2,,,,,,,,,,,,,,,,,,,,,,,,,,,,,,,,,,,,,,,
SWHC049-09 SEER Rated AC HP_DMo/runs/CZ16/DMo&0&rDXHP&Ex&dxHP_equip/RE-dxHP_eq-pkgSEER-15.2-SEER2-7.7-HSPF2/instance-out.sql,CZ16,DMo,0,rDXHP,Ex,dxHP_equip,,RE-dxHP_eq-pkgSEER-15.2-SEER2-7.7-HSPF2,DMo&0&rDXHP&Ex&dxHP_equip,RE-dxHP_eq-pkgSEER-15.2-SEER2-7.7-HSPF2,,,,,,,,,,,,,,,,,,,,,,,,,,,,,,,,,,,,,,,
SWHC049-09 SEER Rated AC HP_DMo/runs/CZ16/DMo&0&rDXHP&Ex&dxHP_equip/RE-dxHP_eq-pkgSEER-16.0-SEER2-8.0-HSPF2/instance-out.sql,CZ16,DMo,0,rDXHP,Ex,dxHP_equip,,RE-dxHP_eq-pkgSEER-16.0-SEER2-8.0-HSPF2,DMo&0&rDXHP&Ex&dxHP_equip,RE-dxHP_eq-pkgSEER-16.0-SEER2-8.0-HSPF2,,,,,,,,,,,,,,,,,,,,,,,,,,,,,,,,,,,,,,,
SWHC049-09 SEER Rated AC HP_DMo/runs/CZ16/DMo&0&rDXHP&Ex&dxHP_equip/RE-dxHP_eq-pkgSEER-17.8-SEER2-8.1-HSPF2/instance-out.sql,CZ16,DMo,0,rDXHP,Ex,dxHP_equip,,RE-dxHP_eq-pkgSEER-17.8-SEER2-8.1-HSPF2,DMo&0&rDXHP&Ex&dxHP_equip,RE-dxHP_eq-pkgSEER-17.8-SEER2-8.1-HSPF2,,,,,,,,,,,,,,,,,,,,,,,,,,,,,,,,,,,,,,,
SWHC049-09 SEER Rated AC HP_DMo/runs/CZ16/DMo&0&rDXHP&Ex&dxHP_equip/RE-dxHP_eq-pkgSEER-18.7-SEER2-8.5-HSPF2/instance-out.sql,CZ16,DMo,0,rDXHP,Ex,dxHP_equip,,RE-dxHP_eq-pkgSEER-18.7-SEER2-8.5-HSPF2,DMo&0&rDXHP&Ex&dxHP_equip,RE-dxHP_eq-pkgSEER-18.7-SEER2-8.5-HSPF2,,,,,,,,,,,,,,,,,,,,,,,,,,,,,,,,,,,,,,,
SWHC049-09 SEER Rated AC HP_DMo/runs/CZ16/DMo&0&rDXHP&Ex&dxHP_equip/RE-dxHP_eq-pkgSEER-19.6-SEER2-8.9-HSPF2/instance-out.sql,CZ16,DMo,0,rDXHP,Ex,dxHP_equip,,RE-dxHP_eq-pkgSEER-19.6-SEER2-8.9-HSPF2,DMo&0&rDXHP&Ex&dxHP_equip,RE-dxHP_eq-pkgSEER-19.6-SEER2-8.9-HSPF2,,,,,,,,,,,,,,,,,,,,,,,,,,,,,,,,,,,,,,,
SWHC049-09 SEER Rated AC HP_DMo/runs/CZ15/DMo&0&rDXHP&New&dxHP_equip/RE-dxAC_eq-pkgSEER-12.5-SEER2/instance-out.sql,CZ15,DMo,0,rDXHP,New,dxHP_equip,,RE-dxAC_eq-pkgSEER-12.5-SEER2,DMo&0&rDXHP&New&dxHP_equip,RE-dxAC_eq-pkgSEER-12.5-SEER2,"EnergyPlus, Version 9.5.0-de239b2e5f, YMD=2026.06.12 23:43",CA_PALM-SPRINGS-IAP CA USA Custom-722868 WMO#=722868,230.77,54.85,52.54,0.0,9883.41,3129.96,0.0,5167.03,0.0,2712.87,60.91,0.0,0.0,0.0,0.0,0.0,0.0,20954.18,1401.76,0.0,0.0,0.0,7813.66,0.0,0.0,0.0,0.0,0.0,0.0,10723.49,0.0,0.0,19938.91,,,41652.38,52127.91
SWHC049-09 SEER Rated AC HP_DMo/runs/CZ15/DMo&0&rDXHP&New&dxHP_equip/RE-dxAC_eq-pkgSEER-13.8-SEER2/instance-out.sql,CZ15,DMo,0,rDXHP,New,dxHP_equip,,RE-dxAC_eq-pkgSEER-13.8-SEER2,DMo&0&rDXHP&New&dxHP_equip,RE-dxAC_eq-pkgSEER-13.8-SEER2,"EnergyPlus, Version 9.5.0-de239b2e5f, YMD=2026.06.12 23:43",CA_PALM-SPRINGS-IAP CA USA Custom-722868 WMO#=722868,230.77,52.21,52.54,0.0,9273.64,3129.96,0.0,5167.03,0.0,2712.87,60.91,0.0,0.0,0.0,0.0,0.0,0.0,20344.41,1401.76,0.0,0.0,0.0,7813.66,0.0,0.0,0.0,0.0,0.0,0.0,10723.49,0.0,0.0,19938.91,,,41652.38,52127.91
SWHC049-09 SEER Rated AC HP_DMo/runs/CZ15/DMo&0&rDXHP&New&dxHP_equip/RE-dxAC_eq-pkgSEER-14.3-SEER2/instance-out.sql,CZ15,DMo,0,rDXHP,New,dxHP_equip,,RE-dxAC_eq-pkgSEER-14.3-SEER2,DMo&0&rDXHP&New&dxHP_equip,RE-dxAC_eq-pkgSEER-14.3-SEER2,"EnergyPlus, Version 9.5.0-de239b2e5f, YMD=2026.06.12 23:43",CA_PALM-SPRINGS-IAP CA USA Custom-722868 WMO#=722868,230.77,51.4,52.54,0.0,9086.77,3129.96,0.0,5167.03,0.0,2712.87,60.91,0.0,0.0,0.0,0.0,0.0,0.0,20157.53,1401.76,0.0,0.0,0.0,7813.66,0.0,0.0,0.0,0.0,0.0,0.0,10723.49,0.0,0.0,19938.91,,,41652.38,52127.91
SWHC049-09 SEER Rated AC HP_DMo/runs/CZ15/DMo&0&rDXHP&New&dxHP_equip/RE-dxAC_eq-pkgSEER-15.2-SEER2/instance-out.sql,CZ15,DMo,0,rDXHP,New,dxHP_equip,,RE-dxAC_eq-pkgSEER-15.2-SEER2,DMo&0&rDXHP&New&dxHP_equip,RE-dxAC_eq-pkgSEER-15.2-SEER2,"EnergyPlus, Version 9.5.0-de239b2e5f, YMD=2026.06.12 23:43",CA_PALM-SPRINGS-IAP CA USA Custom-722868 WMO#=722868,230.77,50.05,52.54,0.0,8777.24,3129.96,0.0,5167.03,0.0,2712.87,60.91,0.0,0.0,0.0,0.0,0.0,0.0,19848.01,1401.76,0.0,0.0,0.0,7813.66,0.0,0.0,0.0,0.0,0.0,0.0,10723.49,0.0,0.0,19938.91,,,41652.38,52127.91
SWHC049-09 SEER Rated AC HP_DMo/runs/CZ15/DMo&0&rDXHP&New&dxHP_equip/RE-dxAC_eq-pkgSEER-16.9-SEER2/instance-out.sql,CZ15,DMo,0,rDXHP,New,dxHP_equip,,RE-dxAC_eq-pkgSEER-16.9-SEER2,DMo&0&rDXHP&New&dxHP_equip,RE-dxAC_eq-pkgSEER-16.9-SEER2,"EnergyPlus, Version 9.5.0-de239b2e5f, YMD=2026.06.12 23:41",CA_PALM-SPRINGS-IAP CA USA Custom-722868 WMO#=722868,230.77,39.65,53.54,0.0,7832.02,3129.96,0.0,5167.03,0.0,1251.52,66.68,0.0,0.0,0.0,0.0,0.0,0.0,17447.21,1635.99,0.0,0.0,0.0,7813.66,0.0,0.0,0.0,0.0,0.0,0.0,10719.31,0.0,0.0,20168.96,,,41652.38,52127.91
SWHC049-09 SEER Rated AC HP_DMo/runs/CZ15/DMo&0&rDXHP&New&dxHP_equip/RE-dxAC_eq-pkgSEER-17.8-SEER2/instance-out.sql,CZ15,DMo,0,rDXHP,New,dxHP_equip,,RE-dxAC_eq-pkgSEER-17.8-SEER2,DMo&0&rDXHP&New&dxHP_equip,RE-dxAC_eq-pkgSEER-17.8-SEER2,"EnergyPlus, Version 9.5.0-de239b2e5f, YMD=2026.06.12 23:40",CA_PALM-SPRINGS-IAP CA USA Custom-722868 WMO#=722868,230.77,38.89,53.54,0.0,7656.33,3129.96,0.0,5167.03,0.0,1251.52,66.68,0.0,0.0,0.0,0.0,0.0,0.0,17271.52,1635.99,0.0,0.0,0.0,7813.66,0.0,0.0,0.0,0.0,0.0,0.0,10719.31,0.0,0.0,20168.96,,,41652.38,52127.91
SWHC049-09 SEER Rated AC HP_DMo/runs/CZ15/DMo&0&rDXHP&New&dxHP_equip/RE-dxAC_eq-pkgSEER-18.7-SEER2/instance-out.sql,CZ15,DMo,0,rDXHP,New,dxHP_equip,,RE-dxAC_eq-pkgSEER-18.7-SEER2,DMo&0&rDXHP&New&dxHP_equip,RE-dxAC_eq-pkgSEER-18.7-SEER2,"EnergyPlus, Version 9.5.0-de239b2e5f, YMD=2026.06.12 23:39",CA_PALM-SPRINGS-IAP CA USA Custom-722868 WMO#=722868,230.77,38.3,53.54,0.0,7521.39,3129.96,0.0,5167.03,0.0,1251.52,66.68,0.0,0.0,0.0,0.0,0.0,0.0,17136.58,1635.99,0.0,0.0,0.0,7813.66,0.0,0.0,0.0,0.0,0.0,0.0,10719.31,0.0,0.0,20168.96,,,41652.38,52127.91
SWHC049-09 SEER Rated AC HP_DMo/runs/CZ15/DMo&0&rDXHP&New&dxHP_equip/RE-dxAC_eq-pkgSEER-19.6-SEER2/instance-out.sql,CZ15,DMo,0,rDXHP,New,dxHP_equip,,RE-dxAC_eq-pkgSEER-19.6-SEER2,DMo&0&rDXHP&New&dxHP_equip,RE-dxAC_eq-pkgSEER-19.6-SEER2,"EnergyPlus, Version 9.5.0-de239b2e5f, YMD=2026.06.12 23:37",CA_PALM-SPRINGS-IAP CA USA Custom-722868 WMO#=722868,230.77,37.81,53.54,0.0,7407.18,3129.96,0.0,5167.03,0.0,1251.52,66.68,0.0,0.0,0.0,0.0,0.0,0.0,17022.37,1635.99,0.0,0.0,0.0,7813.66,0.0,0.0,0.0,0.0,0.0,0.0,10719.31,0.0,0.0,20168.96,,,41652.38,52127.91
SWHC049-09 SEER Rated AC HP_DMo/runs/CZ15/DMo&0&rDXHP&New&dxHP_equip/RE-dxHP_eq-pkgSEER-12.5-SEER2-6.4-HSPF2/instance-out.sql,CZ15,DMo,0,rDXHP,New,dxHP_equip,,RE-dxHP_eq-pkgSEER-12.5-SEER2-6.4-HSPF2,DMo&0&rDXHP&New&dxHP_equip,RE-dxHP_eq-pkgSEER-12.5-SEER2-6.4-HSPF2,,,,,,,,,,,,,,,,,,,,,,,,,,,,,,,,,,,,,,,
SWHC049-09 SEER Rated AC HP_DMo/runs/CZ15/DMo&0&rDXHP&New&dxHP_equip/RE-dxHP_eq-pkgSEER-14.3-SEER2-7.5-HSPF2/instance-out.sql,CZ15,DMo,0,rDXHP,New,dxHP_equip,,RE-dxHP_eq-pkgSEER-14.3-SEER2-7.5-HSPF2,DMo&0&rDXHP&New&dxHP_equip,RE-dxHP_eq-pkgSEER-14.3-SEER2-7.5-HSPF2,,,,,,,,,,,,,,,,,,,,,,,,,,,,,,,,,,,,,,,
SWHC049-09 SEER Rated AC HP_DMo/runs/CZ15/DMo&0&rDXHP&New&dxHP_equip/RE-dxHP_eq-pkgSEER-15.2-SEER2-7.7-HSPF2/instance-out.sql,CZ15,DMo,0,rDXHP,New,dxHP_equip,,RE-dxHP_eq-pkgSEER-15.2-SEER2-7.7-HSPF2,DMo&0&rDXHP&New&dxHP_equip,RE-dxHP_eq-pkgSEER-15.2-SEER2-7.7-HSPF2,,,,,,,,,,,,,,,,,,,,,,,,,,,,,,,,,,,,,,,
SWHC049-09 SEER Rated AC HP_DMo/runs/CZ15/DMo&0&rDXHP&New&dxHP_equip/RE-dxHP_eq-pkgSEER-16.0-SEER2-8.0-HSPF2/instance-out.sql,CZ15,DMo,0,rDXHP,New,dxHP_equip,,RE-dxHP_eq-pkgSEER-16.0-SEER2-8.0-HSPF2,DMo&0&rDXHP&New&dxHP_equip,RE-dxHP_eq-pkgSEER-16.0-SEER2-8.0-HSPF2,,,,,,,,,,,,,,,,,,,,,,,,,,,,,,,,,,,,,,,
SWHC049-09 SEER Rated AC HP_DMo/runs/CZ15/DMo&0&rDXHP&New&dxHP_equip/RE-dxHP_eq-pkgSEER-17.8-SEER2-8.1-HSPF2/instance-out.sql,CZ15,DMo,0,rDXHP,New,dxHP_equip,,RE-dxHP_eq-pkgSEER-17.8-SEER2-8.1-HSPF2,DMo&0&rDXHP&New&dxHP_equip,RE-dxHP_eq-pkgSEER-17.8-SEER2-8.1-HSPF2,,,,,,,,,,,,,,,,,,,,,,,,,,,,,,,,,,,,,,,
SWHC049-09 SEER Rated AC HP_DMo/runs/CZ15/DMo&0&rDXHP&New&dxHP_equip/RE-dxHP_eq-pkgSEER-18.7-SEER2-8.5-HSPF2/instance-out.sql,CZ15,DMo,0,rDXHP,New,dxHP_equip,,RE-dxHP_eq-pkgSEER-18.7-SEER2-8.5-HSPF2,DMo&0&rDXHP&New&dxHP_equip,RE-dxHP_eq-pkgSEER-18.7-SEER2-8.5-HSPF2,,,,,,,,,,,,,,,,,,,,,,,,,,,,,,,,,,,,,,,
SWHC049-09 SEER Rated AC HP_DMo/runs/CZ15/DMo&0&rDXHP&New&dxHP_equip/RE-dxHP_eq-pkgSEER-19.6-SEER2-8.9-HSPF2/instance-out.sql,CZ15,DMo,0,rDXHP,New,dxHP_equip,,RE-dxHP_eq-pkgSEER-19.6-SEER2-8.9-HSPF2,DMo&0&rDXHP&New&dxHP_equip,RE-dxHP_eq-pkgSEER-19.6-SEER2-8.9-HSPF2,,,,,,,,,,,,,,,,,,,,,,,,,,,,,,,,,,,,,,,
SWHC049-09 SEER Rated AC HP_DMo/runs/CZ15/DMo&0&rDXHP&Ex&dxHP_equip/RE-dxAC_eq-pkgSEER-12.5-SEER2/instance-out.sql,CZ15,DMo,0,rDXHP,Ex,dxHP_equip,,RE-dxAC_eq-pkgSEER-12.5-SEER2,DMo&0&rDXHP&Ex&dxHP_equip,RE-dxAC_eq-pkgSEER-12.5-SEER2,"EnergyPlus, Version 9.5.0-de239b2e5f, YMD=2026.06.12 23:42",CA_PALM-SPRINGS-IAP CA USA Custom-722868 WMO#=722868,230.77,68.46,57.69,0.0,12205.97,3129.96,0.0,5167.03,0.0,3495.37,97.6,0.0,0.0,0.0,0.0,0.0,0.0,24095.93,2510.36,0.0,0.0,0.0,7813.66,0.0,0.0,0.0,0.0,0.0,0.0,10803.23,0.0,0.0,21127.24,,,45460.58,56893.61
SWHC049-09 SEER Rated AC HP_DMo/runs/CZ15/DMo&0&rDXHP&Ex&dxHP_equip/RE-dxAC_eq-pkgSEER-13.8-SEER2/instance-out.sql,CZ15,DMo,0,rDXHP,Ex,dxHP_equip,,RE-dxAC_eq-pkgSEER-13.8-SEER2,DMo&0&rDXHP&Ex&dxHP_equip,RE-dxAC_eq-pkgSEER-13.8-SEER2,"EnergyPlus, Version 9.5.0-de239b2e5f, YMD=2026.06.12 23:42",CA_PALM-SPRINGS-IAP CA USA Custom-722868 WMO#=722868,230.77,65.2,57.69,0.0,11452.9,3129.96,0.0,5167.03,0.0,3495.37,97.6,0.0,0.0,0.0,0.0,0.0,0.0,23342.86,2510.36,0.0,0.0,0.0,7813.66,0.0,0.0,0.0,0.0,0.0,0.0,10803.23,0.0,0.0,21127.24,,,45460.58,56893.61
SWHC049-09 SEER Rated AC HP_DMo/runs/CZ15/DMo&0&rDXHP&Ex&dxHP_equip/RE-dxAC_eq-pkgSEER-14.3-SEER2/instance-out.sql,CZ15,DMo,0,rDXHP,Ex,dxHP_equip,,RE-dxAC_eq-pkgSEER-14.3-SEER2,DMo&0&rDXHP&Ex&dxHP_equip,RE-dxAC_eq-pkgSEER-14.3-SEER2,"EnergyPlus, Version 9.5.0-de239b2e5f, YMD=2026.06.12 23:42",CA_PALM-SPRINGS-IAP CA USA Custom-722868 WMO#=722868,230.77,64.2,57.69,0.0,11222.11,3129.96,0.0,5167.03,0.0,3495.37,97.6,0.0,0.0,0.0,0.0,0.0,0.0,23112.07,2510.36,0.0,0.0,0.0,7813.66,0.0,0.0,0.0,0.0,0.0,0.0,10803.23,0.0,0.0,21127.24,,,45460.58,56893.61
SWHC049-09 SEER Rated AC HP_DMo/runs/CZ15/DMo&0&rDXHP&Ex&dxHP_equip/RE-dxAC_eq-pkgSEER-15.2-SEER2/instance-out.sql,CZ15,DMo,0,rDXHP,Ex,dxHP_equip,,RE-dxAC_eq-pkgSEER-15.2-SEER2,DMo&0&rDXHP&Ex&dxHP_equip,RE-dxAC_eq-pkgSEER-15.2-SEER2,"EnergyPlus, Version 9.5.0-de239b2e5f, YMD=2026.06.12 23:42",CA_PALM-SPRINGS-IAP CA USA Custom-722868 WMO#=722868,230.77,62.54,57.69,0.0,10839.85,3129.96,0.0,5167.03,0.0,3495.37,97.6,0.0,0.0,0.0,0.0,0.0,0.0,22729.81,2510.36,0.0,0.0,0.0,7813.66,0.0,0.0,0.0,0.0,0.0,0.0,10803.23,0.0,0.0,21127.24,,,45460.58,56893.61
SWHC049-09 SEER Rated AC HP_DMo/runs/CZ15/DMo&0&rDXHP&Ex&dxHP_equip/RE-dxAC_eq-pkgSEER-16.9-SEER2/instance-out.sql,CZ15,DMo,0,rDXHP,Ex,dxHP_equip,,RE-dxAC_eq-pkgSEER-16.9-SEER2,DMo&0&rDXHP&Ex&dxHP_equip,RE-dxAC_eq-pkgSEER-16.9-SEER2,"EnergyPlus, Version 9.5.0-de239b2e5f, YMD=2026.06.12 23:42",CA_PALM-SPRINGS-IAP CA USA Custom-722868 WMO#=722868,230.77,49.09,59.29,0.0,9610.53,3129.96,0.0,5167.03,0.0,1613.35,105.79,0.0,0.0,0.0,0.0,0.0,0.0,19626.65,2885.39,0.0,0.0,0.0,7813.66,0.0,0.0,0.0,0.0,0.0,0.0,10798.1,0.0,0.0,21497.15,,,45460.58,56893.61
SWHC049-09 SEER Rated AC HP_DMo/runs/CZ15/DMo&0&rDXHP&Ex&dxHP_equip/RE-dxAC_eq-pkgSEER-17.8-SEER2/instance-out.sql,CZ15,DMo,0,rDXHP,Ex,dxHP_equip,,RE-dxAC_eq-pkgSEER-17.8-SEER2,DMo&0&rDXHP&Ex&dxHP_equip,RE-dxAC_eq-pkgSEER-17.8-SEER2,"EnergyPlus, Version 9.5.0-de239b2e5f, YMD=2026.06.12 23:42",CA_PALM-SPRINGS-IAP CA USA Custom-722868 WMO#=722868,230.77,48.16,59.29,0.0,9394.69,3129.96,0.0,5167.03,0.0,1613.35,105.79,0.0,0.0,0.0,0.0,0.0,0.0,19410.82,2885.39,0.0,0.0,0.0,7813.66,0.0,0.0,0.0,0.0,0.0,0.0,10798.1,0.0,0.0,21497.15,,,45460.58,56893.61
SWHC049-09 SEER Rated AC HP_DMo/runs/CZ15/DMo&0&rDXHP&Ex&dxHP_equip/RE-dxAC_eq-pkgSEER-18.7-SEER2/instance-out.sql,CZ15,DMo,0,rDXHP,Ex,dxHP_equip,,RE-dxAC_eq-pkgSEER-18.7-SEER2,DMo&0&rDXHP&Ex&dxHP_equip,RE-dxAC_eq-pkgSEER-18.7-SEER2,"EnergyPlus, Version 9.5.0-de239b2e5f, YMD=2026.06.12 23:42",CA_PALM-SPRINGS-IAP CA USA Custom-722868 WMO#=722868,230.77,47.44,59.29,0.0,9228.92,3129.96,0.0,5167.03,0.0,1613.35,105.79,0.0,0.0,0.0,0.0,0.0,0.0,19245.04,2885.39,0.0,0.0,0.0,7813.66,0.0,0.0,0.0,0.0,0.0,0.0,10798.1,0.0,0.0,21497.15,,,45460.58,56893.61
SWHC049-09 SEER Rated AC HP_DMo/runs/CZ15/DMo&0&rDXHP&Ex&dxHP_equip/RE-dxAC_eq-pkgSEER-19.6-SEER2/instance-out.sql,CZ15,DMo,0,rDXHP,Ex,dxHP_equip,,RE-dxAC_eq-pkgSEER-19.6-SEER2,DMo&0&rDXHP&Ex&dxHP_equip,RE-dxAC_eq-pkgSEER-19.6-SEER2,"EnergyPlus, Version 9.5.0-de239b2e5f, YMD=2026.06.12 23:43",CA_PALM-SPRINGS-IAP CA USA Custom-722868 WMO#=722868,230.77,46.83,59.29,0.0,9088.61,3129.96,0.0,5167.03,0.0,1613.35,105.79,0.0,0.0,0.0,0.0,0.0,0.0,19104.74,2885.39,0.0,0.0,0.0,7813.66,0.0,0.0,0.0,0.0,0.0,0.0,10798.1,0.0,0.0,21497.15,,,45460.58,56893.61
SWHC049-09 SEER Rated AC HP_DMo/runs/CZ15/DMo&0&rDXHP&Ex&dxHP_equip/RE-dxHP_eq-pkgSEER-12.5-SEER2-6.4-HSPF2/instance-out.sql,CZ15,DMo,0,rDXHP,Ex,dxHP_equip,,RE-dxHP_eq-pkgSEER-12.5-SEER2-6.4-HSPF2,DMo&0&rDXHP&Ex&dxHP_equip,RE-dxHP_eq-pkgSEER-12.5-SEER2-6.4-HSPF2,,,,,,,,,,,,,,,,,,,,,,,,,,,,,,,,,,,,,,,
SWHC049-09 SEER Rated AC HP_DMo/runs/CZ15/DMo&0&rDXHP&Ex&dxHP_equip/RE-dxHP_eq-pkgSEER-14.3-SEER2-7.5-HSPF2/instance-out.sql,CZ15,DMo,0,rDXHP,Ex,dxHP_equip,,RE-dxHP_eq-pkgSEER-14.3-SEER2-7.5-HSPF2,DMo&0&rDXHP&Ex&dxHP_equip,RE-dxHP_eq-pkgSEER-14.3-SEER2-7.5-HSPF2,,,,,,,,,,,,,,,,,,,,,,,,,,,,,,,,,,,,,,,
SWHC049-09 SEER Rated AC HP_DMo/runs/CZ15/DMo&0&rDXHP&Ex&dxHP_equip/RE-dxHP_eq-pkgSEER-15.2-SEER2-7.7-HSPF2/instance-out.sql,CZ15,DMo,0,rDXHP,Ex,dxHP_equip,,RE-dxHP_eq-pkgSEER-15.2-SEER2-7.7-HSPF2,DMo&0&rDXHP&Ex&dxHP_equip,RE-dxHP_eq-pkgSEER-15.2-SEER2-7.7-HSPF2,,,,,,,,,,,,,,,,,,,,,,,,,,,,,,,,,,,,,,,
SWHC049-09 SEER Rated AC HP_DMo/runs/CZ15/DMo&0&rDXHP&Ex&dxHP_equip/RE-dxHP_eq-pkgSEER-16.0-SEER2-8.0-HSPF2/instance-out.sql,CZ15,DMo,0,rDXHP,Ex,dxHP_equip,,RE-dxHP_eq-pkgSEER-16.0-SEER2-8.0-HSPF2,DMo&0&rDXHP&Ex&dxHP_equip,RE-dxHP_eq-pkgSEER-16.0-SEER2-8.0-HSPF2,,,,,,,,,,,,,,,,,,,,,,,,,,,,,,,,,,,,,,,
SWHC049-09 SEER Rated AC HP_DMo/runs/CZ15/DMo&0&rDXHP&Ex&dxHP_equip/RE-dxHP_eq-pkgSEER-17.8-SEER2-8.1-HSPF2/instance-out.sql,CZ15,DMo,0,rDXHP,Ex,dxHP_equip,,RE-dxHP_eq-pkgSEER-17.8-SEER2-8.1-HSPF2,DMo&0&rDXHP&Ex&dxHP_equip,RE-dxHP_eq-pkgSEER-17.8-SEER2-8.1-HSPF2,,,,,,,,,,,,,,,,,,,,,,,,,,,,,,,,,,,,,,,
SWHC049-09 SEER Rated AC HP_DMo/runs/CZ15/DMo&0&rDXHP&Ex&dxHP_equip/RE-dxHP_eq-pkgSEER-18.7-SEER2-8.5-HSPF2/instance-out.sql,CZ15,DMo,0,rDXHP,Ex,dxHP_equip,,RE-dxHP_eq-pkgSEER-18.7-SEER2-8.5-HSPF2,DMo&0&rDXHP&Ex&dxHP_equip,RE-dxHP_eq-pkgSEER-18.7-SEER2-8.5-HSPF2,,,,,,,,,,,,,,,,,,,,,,,,,,,,,,,,,,,,,,,
SWHC049-09 SEER Rated AC HP_DMo/runs/CZ15/DMo&0&rDXHP&Ex&dxHP_equip/RE-dxHP_eq-pkgSEER-19.6-SEER2-8.9-HSPF2/instance-out.sql,CZ15,DMo,0,rDXHP,Ex,dxHP_equip,,RE-dxHP_eq-pkgSEER-19.6-SEER2-8.9-HSPF2,DMo&0&rDXHP&Ex&dxHP_equip,RE-dxHP_eq-pkgSEER-19.6-SEER2-8.9-HSPF2,,,,,,,,,,,,,,,,,,,,,,,,,,,,,,,,,,,,,,,
SWHC049-09 SEER Rated AC HP_DMo/runs/CZ14/DMo&0&rDXHP&New&dxHP_equip/RE-dxAC_eq-pkgSEER-12.5-SEER2/instance-out.sql,CZ14,DMo,0,rDXHP,New,dxHP_equip,,RE-dxAC_eq-pkgSEER-12.5-SEER2,DMo&0&rDXHP&New&dxHP_equip,RE-dxAC_eq-pkgSEER-12.5-SEER2,"EnergyPlus, Version 9.5.0-de239b2e5f, YMD=2026.06.12 23:41",CA_PALMDALE-AP CA USA Custom-723820 WMO#=723820,230.77,31.14,82.67,0.0,3975.46,3129.96,0.0,5167.03,0.0,2950.15,261.2,0.0,0.0,0.0,0.0,0.0,0.0,15483.8,8043.35,0.0,0.0,0.0,7813.66,0.0,0.0,0.0,0.0,0.0,0.0,11033.76,0.0,0.0,26890.77,,,38517.82,52077.61
SWHC049-09 SEER Rated AC HP_DMo/runs/CZ14/DMo&0&rDXHP&New&dxHP_equip/RE-dxAC_eq-pkgSEER-13.8-SEER2/instance-out.sql,CZ14,DMo,0,rDXHP,New,dxHP_equip,,RE-dxAC_eq-pkgSEER-13.8-SEER2,DMo&0&rDXHP&New&dxHP_equip,RE-dxAC_eq-pkgSEER-13.8-SEER2,"EnergyPlus, Version 9.5.0-de239b2e5f, YMD=2026.06.12 23:41",CA_PALMDALE-AP CA USA Custom-723820 WMO#=723820,230.77,30.08,82.67,0.0,3730.19,3129.96,0.0,5167.03,0.0,2950.15,261.2,0.0,0.0,0.0,0.0,0.0,0.0,15238.53,8043.35,0.0,0.0,0.0,7813.66,0.0,0.0,0.0,0.0,0.0,0.0,11033.76,0.0,0.0,26890.77,,,38517.82,52077.61
SWHC049-09 SEER Rated AC HP_DMo/runs/CZ14/DMo&0&rDXHP&New&dxHP_equip/RE-dxAC_eq-pkgSEER-14.3-SEER2/instance-out.sql,CZ14,DMo,0,rDXHP,New,dxHP_equip,,RE-dxAC_eq-pkgSEER-14.3-SEER2,DMo&0&rDXHP&New&dxHP_equip,RE-dxAC_eq-pkgSEER-14.3-SEER2,"EnergyPlus, Version 9.5.0-de239b2e5f, YMD=2026.06.12 23:41",CA_PALMDALE-AP CA USA Custom-723820 WMO#=723820,230.77,29.75,82.67,0.0,3655.02,3129.96,0.0,5167.03,0.0,2950.15,261.2,0.0,0.0,0.0,0.0,0.0,0.0,15163.36,8043.35,0.0,0.0,0.0,7813.66,0.0,0.0,0.0,0.0,0.0,0.0,11033.76,0.0,0.0,26890.77,,,38517.82,52077.61
SWHC049-09 SEER Rated AC HP_DMo/runs/CZ14/DMo&0&rDXHP&New&dxHP_equip/RE-dxAC_eq-pkgSEER-15.2-SEER2/instance-out.sql,CZ14,DMo,0,rDXHP,New,dxHP_equip,,RE-dxAC_eq-pkgSEER-15.2-SEER2,DMo&0&rDXHP&New&dxHP_equip,RE-dxAC_eq-pkgSEER-15.2-SEER2,"EnergyPlus, Version 9.5.0-de239b2e5f, YMD=2026.06.12 23:41",CA_PALMDALE-AP CA USA Custom-723820 WMO#=723820,230.77,29.21,82.67,0.0,3530.52,3129.96,0.0,5167.03,0.0,2950.15,261.2,0.0,0.0,0.0,0.0,0.0,0.0,15038.86,8043.35,0.0,0.0,0.0,7813.66,0.0,0.0,0.0,0.0,0.0,0.0,11033.76,0.0,0.0,26890.77,,,38517.82,52077.61
SWHC049-09 SEER Rated AC HP_DMo/runs/CZ14/DMo&0&rDXHP&New&dxHP_equip/RE-dxAC_eq-pkgSEER-16.9-SEER2/instance-out.sql,CZ14,DMo,0,rDXHP,New,dxHP_equip,,RE-dxAC_eq-pkgSEER-16.9-SEER2,DMo&0&rDXHP&New&dxHP_equip,RE-dxAC_eq-pkgSEER-16.9-SEER2,"EnergyPlus, Version 9.5.0-de239b2e5f, YMD=2026.06.12 23:42",CA_PALMDALE-AP CA USA Custom-723820 WMO#=723820,230.77,22.2,87.4,0.0,3381.97,3129.96,0.0,5167.03,0.0,1459.94,280.83,0.0,0.0,0.0,0.0,0.0,0.0,13419.73,9140.52,0.0,0.0,0.0,7813.66,0.0,0.0,0.0,0.0,0.0,0.0,11027.75,0.0,0.0,27981.93,,,38517.82,52077.61
SWHC049-09 SEER Rated AC HP_DMo/runs/CZ14/DMo&0&rDXHP&New&dxHP_equip/RE-dxAC_eq-pkgSEER-17.8-SEER2/instance-out.sql,CZ14,DMo,0,rDXHP,New,dxHP_equip,,RE-dxAC_eq-pkgSEER-17.8-SEER2,DMo&0&rDXHP&New&dxHP_equip,RE-dxAC_eq-pkgSEER-17.8-SEER2,"EnergyPlus, Version 9.5.0-de239b2e5f, YMD=2026.06.12 23:42",CA_PALMDALE-AP CA USA Custom-723820 WMO#=723820,230.77,21.89,87.4,0.0,3310.88,3129.96,0.0,5167.03,0.0,1459.94,280.83,0.0,0.0,0.0,0.0,0.0,0.0,13348.64,9140.52,0.0,0.0,0.0,7813.66,0.0,0.0,0.0,0.0,0.0,0.0,11027.75,0.0,0.0,27981.93,,,38517.82,52077.61
SWHC049-09 SEER Rated AC HP_DMo/runs/CZ14/DMo&0&rDXHP&New&dxHP_equip/RE-dxAC_eq-pkgSEER-18.7-SEER2/instance-out.sql,CZ14,DMo,0,rDXHP,New,dxHP_equip,,RE-dxAC_eq-pkgSEER-18.7-SEER2,DMo&0&rDXHP&New&dxHP_equip,RE-dxAC_eq-pkgSEER-18.7-SEER2,"EnergyPlus, Version 9.5.0-de239b2e5f, YMD=2026.06.12 23:42",CA_PALMDALE-AP CA USA Custom-723820 WMO#=723820,230.77,21.65,87.4,0.0,3256.28,3129.96,0.0,5167.03,0.0,1459.94,280.83,0.0,0.0,0.0,0.0,0.0,0.0,13294.03,9140.52,0.0,0.0,0.0,7813.66,0.0,0.0,0.0,0.0,0.0,0.0,11027.75,0.0,0.0,27981.93,,,38517.82,52077.61
SWHC049-09 SEER Rated AC HP_DMo/runs/CZ14/DMo&0&rDXHP&New&dxHP_equip/RE-dxAC_eq-pkgSEER-19.6-SEER2/instance-out.sql,CZ14,DMo,0,rDXHP,New,dxHP_equip,,RE-dxAC_eq-pkgSEER-19.6-SEER2,DMo&0&rDXHP&New&dxHP_equip,RE-dxAC_eq-pkgSEER-19.6-SEER2,"EnergyPlus, Version 9.5.0-de239b2e5f, YMD=2026.06.12 23:42",CA_PALMDALE-AP CA USA Custom-723820 WMO#=723820,230.77,21.45,87.4,0.0,3210.06,3129.96,0.0,5167.03,0.0,1459.94,280.83,0.0,0.0,0.0,0.0,0.0,0.0,13247.82,9140.52,0.0,0.0,0.0,7813.66,0.0,0.0,0.0,0.0,0.0,0.0,11027.75,0.0,0.0,27981.93,,,38517.82,52077.61
SWHC049-09 SEER Rated AC HP_DMo/runs/CZ14/DMo&0&rDXHP&New&dxHP_equip/RE-dxHP_eq-pkgSEER-12.5-SEER2-6.4-HSPF2/instance-out.sql,CZ14,DMo,0,rDXHP,New,dxHP_equip,,RE-dxHP_eq-pkgSEER-12.5-SEER2-6.4-HSPF2,DMo&0&rDXHP&New&dxHP_equip,RE-dxHP_eq-pkgSEER-12.5-SEER2-6.4-HSPF2,,,,,,,,,,,,,,,,,,,,,,,,,,,,,,,,,,,,,,,
SWHC049-09 SEER Rated AC HP_DMo/runs/CZ14/DMo&0&rDXHP&New&dxHP_equip/RE-dxHP_eq-pkgSEER-14.3-SEER2-7.5-HSPF2/instance-out.sql,CZ14,DMo,0,rDXHP,New,dxHP_equip,,RE-dxHP_eq-pkgSEER-14.3-SEER2-7.5-HSPF2,DMo&0&rDXHP&New&dxHP_equip,RE-dxHP_eq-pkgSEER-14.3-SEER2-7.5-HSPF2,,,,,,,,,,,,,,,,,,,,,,,,,,,,,,,,,,,,,,,
SWHC049-09 SEER Rated AC HP_DMo/runs/CZ14/DMo&0&rDXHP&New&dxHP_equip/RE-dxHP_eq-pkgSEER-15.2-SEER2-7.7-HSPF2/instance-out.sql,CZ14,DMo,0,rDXHP,New,dxHP_equip,,RE-dxHP_eq-pkgSEER-15.2-SEER2-7.7-HSPF2,DMo&0&rDXHP&New&dxHP_equip,RE-dxHP_eq-pkgSEER-15.2-SEER2-7.7-HSPF2,,,,,,,,,,,,,,,,,,,,,,,,,,,,,,,,,,,,,,,
SWHC049-09 SEER Rated AC HP_DMo/runs/CZ14/DMo&0&rDXHP&New&dxHP_equip/RE-dxHP_eq-pkgSEER-16.0-SEER2-8.0-HSPF2/instance-out.sql,CZ14,DMo,0,rDXHP,New,dxHP_equip,,RE-dxHP_eq-pkgSEER-16.0-SEER2-8.0-HSPF2,DMo&0&rDXHP&New&dxHP_equip,RE-dxHP_eq-pkgSEER-16.0-SEER2-8.0-HSPF2,,,,,,,,,,,,,,,,,,,,,,,,,,,,,,,,,,,,,,,
SWHC049-09 SEER Rated AC HP_DMo/runs/CZ14/DMo&0&rDXHP&New&dxHP_equip/RE-dxHP_eq-pkgSEER-17.8-SEER2-8.1-HSPF2/instance-out.sql,CZ14,DMo,0,rDXHP,New,dxHP_equip,,RE-dxHP_eq-pkgSEER-17.8-SEER2-8.1-HSPF2,DMo&0&rDXHP&New&dxHP_equip,RE-dxHP_eq-pkgSEER-17.8-SEER2-8.1-HSPF2,,,,,,,,,,,,,,,,,,,,,,,,,,,,,,,,,,,,,,,
SWHC049-09 SEER Rated AC HP_DMo/runs/CZ14/DMo&0&rDXHP&New&dxHP_equip/RE-dxHP_eq-pkgSEER-18.7-SEER2-8.5-HSPF2/instance-out.sql,CZ14,DMo,0,rDXHP,New,dxHP_equip,,RE-dxHP_eq-pkgSEER-18.7-SEER2-8.5-HSPF2,DMo&0&rDXHP&New&dxHP_equip,RE-dxHP_eq-pkgSEER-18.7-SEER2-8.5-HSPF2,,,,,,,,,,,,,,,,,,,,,,,,,,,,,,,,,,,,,,,
SWHC049-09 SEER Rated AC HP_DMo/runs/CZ14/DMo&0&rDXHP&New&dxHP_equip/RE-dxHP_eq-pkgSEER-19.6-SEER2-8.9-HSPF2/instance-out.sql,CZ14,DMo,0,rDXHP,New,dxHP_equip,,RE-dxHP_eq-pkgSEER-19.6-SEER2-8.9-HSPF2,DMo&0&rDXHP&New&dxHP_equip,RE-dxHP_eq-pkgSEER-19.6-SEER2-8.9-HSPF2,,,,,,,,,,,,,,,,,,,,,,,,,,,,,,,,,,,,,,,
SWHC049-09 SEER Rated AC HP_DMo/runs/CZ14/DMo&0&rDXHP&Ex&dxHP_equip/RE-dxAC_eq-pkgSEER-12.5-SEER2/instance-out.sql,CZ14,DMo,0,rDXHP,Ex,dxHP_equip,,RE-dxAC_eq-pkgSEER-12.5-SEER2,DMo&0&rDXHP&Ex&dxHP_equip,RE-dxAC_eq-pkgSEER-12.5-SEER2,"EnergyPlus, Version 9.5.0-de239b2e5f, YMD=2026.06.12 23:40",CA_PALMDALE-AP CA USA Custom-723820 WMO#=723820,230.77,40.05,104.89,0.0,4808.15,3129.96,0.0,5167.03,0.0,4054.44,380.59,0.0,0.0,0.0,0.0,0.0,0.0,17540.18,13205.19,0.0,0.0,0.0,7813.66,0.0,0.0,0.0,0.0,0.0,0.0,11000.21,0.0,0.0,32019.06,,,41379.619999999995,55946.82
SWHC049-09 SEER Rated AC HP_DMo/runs/CZ14/DMo&0&rDXHP&Ex&dxHP_equip/RE-dxAC_eq-pkgSEER-13.8-SEER2/instance-out.sql,CZ14,DMo,0,rDXHP,Ex,dxHP_equip,,RE-dxAC_eq-pkgSEER-13.8-SEER2,DMo&0&rDXHP&Ex&dxHP_equip,RE-dxAC_eq-pkgSEER-13.8-SEER2,"EnergyPlus, Version 9.5.0-de239b2e5f, YMD=2026.06.12 23:40",CA_PALMDALE-AP CA USA Custom-723820 WMO#=723820,230.77,38.77,104.89,0.0,4511.5,3129.96,0.0,5167.03,0.0,4054.44,380.59,0.0,0.0,0.0,0.0,0.0,0.0,17243.53,13205.19,0.0,0.0,0.0,7813.66,0.0,0.0,0.0,0.0,0.0,0.0,11000.21,0.0,0.0,32019.06,,,41379.619999999995,55946.82
SWHC049-09 SEER Rated AC HP_DMo/runs/CZ14/DMo&0&rDXHP&Ex&dxHP_equip/RE-dxAC_eq-pkgSEER-14.3-SEER2/instance-out.sql,CZ14,DMo,0,rDXHP,Ex,dxHP_equip,,RE-dxAC_eq-pkgSEER-14.3-SEER2,DMo&0&rDXHP&Ex&dxHP_equip,RE-dxAC_eq-pkgSEER-14.3-SEER2,"EnergyPlus, Version 9.5.0-de239b2e5f, YMD=2026.06.12 23:40",CA_PALMDALE-AP CA USA Custom-723820 WMO#=723820,230.77,38.37,104.89,0.0,4420.59,3129.96,0.0,5167.03,0.0,4054.44,380.59,0.0,0.0,0.0,0.0,0.0,0.0,17152.62,13205.19,0.0,0.0,0.0,7813.66,0.0,0.0,0.0,0.0,0.0,0.0,11000.21,0.0,0.0,32019.06,,,41379.619999999995,55946.82
SWHC049-09 SEER Rated AC HP_DMo/runs/CZ14/DMo&0&rDXHP&Ex&dxHP_equip/RE-dxAC_eq-pkgSEER-15.2-SEER2/instance-out.sql,CZ14,DMo,0,rDXHP,Ex,dxHP_equip,,RE-dxAC_eq-pkgSEER-15.2-SEER2,DMo&0&rDXHP&Ex&dxHP_equip,RE-dxAC_eq-pkgSEER-15.2-SEER2,"EnergyPlus, Version 9.5.0-de239b2e5f, YMD=2026.06.12 23:41",CA_PALMDALE-AP CA USA Custom-723820 WMO#=723820,230.77,37.72,104.89,0.0,4270.01,3129.96,0.0,5167.03,0.0,4054.44,380.59,0.0,0.0,0.0,0.0,0.0,0.0,17002.04,13205.19,0.0,0.0,0.0,7813.66,0.0,0.0,0.0,0.0,0.0,0.0,11000.21,0.0,0.0,32019.06,,,41379.619999999995,55946.82
SWHC049-09 SEER Rated AC HP_DMo/runs/CZ14/DMo&0&rDXHP&Ex&dxHP_equip/RE-dxAC_eq-pkgSEER-16.9-SEER2/instance-out.sql,CZ14,DMo,0,rDXHP,Ex,dxHP_equip,,RE-dxAC_eq-pkgSEER-16.9-SEER2,DMo&0&rDXHP&Ex&dxHP_equip,RE-dxAC_eq-pkgSEER-16.9-SEER2,"EnergyPlus, Version 9.5.0-de239b2e5f, YMD=2026.06.12 23:41",CA_PALMDALE-AP CA USA Custom-723820 WMO#=723820,230.77,27.87,111.81,0.0,4023.0,3129.96,0.0,5167.03,0.0,2002.83,405.87,0.0,0.0,0.0,0.0,0.0,0.0,14728.69,14808.2,0.0,0.0,0.0,7813.66,0.0,0.0,0.0,0.0,0.0,0.0,10993.24,0.0,0.0,33615.11,,,41379.619999999995,55946.82
SWHC049-09 SEER Rated AC HP_DMo/runs/CZ14/DMo&0&rDXHP&Ex&dxHP_equip/RE-dxAC_eq-pkgSEER-17.8-SEER2/instance-out.sql,CZ14,DMo,0,rDXHP,Ex,dxHP_equip,,RE-dxAC_eq-pkgSEER-17.8-SEER2,DMo&0&rDXHP&Ex&dxHP_equip,RE-dxAC_eq-pkgSEER-17.8-SEER2,"EnergyPlus, Version 9.5.0-de239b2e5f, YMD=2026.06.12 23:41",CA_PALMDALE-AP CA USA Custom-723820 WMO#=723820,230.77,27.5,111.81,0.0,3937.44,3129.96,0.0,5167.03,0.0,2002.83,405.87,0.0,0.0,0.0,0.0,0.0,0.0,14643.13,14808.2,0.0,0.0,0.0,7813.66,0.0,0.0,0.0,0.0,0.0,0.0,10993.24,0.0,0.0,33615.11,,,41379.619999999995,55946.82
SWHC049-09 SEER Rated AC HP_DMo/runs/CZ14/DMo&0&rDXHP&Ex&dxHP_equip/RE-dxAC_eq-pkgSEER-18.7-SEER2/instance-out.sql,CZ14,DMo,0,rDXHP,Ex,dxHP_equip,,RE-dxAC_eq-pkgSEER-18.7-SEER2,DMo&0&rDXHP&Ex&dxHP_equip,RE-dxAC_eq-pkgSEER-18.7-SEER2,"EnergyPlus, Version 9.5.0-de239b2e5f, YMD=2026.06.12 23:41",CA_PALMDALE-AP CA USA Custom-723820 WMO#=723820,230.77,27.21,111.81,0.0,3871.72,3129.96,0.0,5167.03,0.0,2002.83,405.87,0.0,0.0,0.0,0.0,0.0,0.0,14577.41,14808.2,0.0,0.0,0.0,7813.66,0.0,0.0,0.0,0.0,0.0,0.0,10993.24,0.0,0.0,33615.11,,,41379.619999999995,55946.82
SWHC049-09 SEER Rated AC HP_DMo/runs/CZ14/DMo&0&rDXHP&Ex&dxHP_equip/RE-dxAC_eq-pkgSEER-19.6-SEER2/instance-out.sql,CZ14,DMo,0,rDXHP,Ex,dxHP_equip,,RE-dxAC_eq-pkgSEER-19.6-SEER2,DMo&0&rDXHP&Ex&dxHP_equip,RE-dxAC_eq-pkgSEER-19.6-SEER2,"EnergyPlus, Version 9.5.0-de239b2e5f, YMD=2026.06.12 23:41",CA_PALMDALE-AP CA USA Custom-723820 WMO#=723820,230.77,26.97,111.81,0.0,3816.1,3129.96,0.0,5167.03,0.0,2002.83,405.87,0.0,0.0,0.0,0.0,0.0,0.0,14521.8,14808.2,0.0,0.0,0.0,7813.66,0.0,0.0,0.0,0.0,0.0,0.0,10993.24,0.0,0.0,33615.11,,,41379.619999999995,55946.82
SWHC049-09 SEER Rated AC HP_DMo/runs/CZ14/DMo&0&rDXHP&Ex&dxHP_equip/RE-dxHP_eq-pkgSEER-12.5-SEER2-6.4-HSPF2/instance-out.sql,CZ14,DMo,0,rDXHP,Ex,dxHP_equip,,RE-dxHP_eq-pkgSEER-12.5-SEER2-6.4-HSPF2,DMo&0&rDXHP&Ex&dxHP_equip,RE-dxHP_eq-pkgSEER-12.5-SEER2-6.4-HSPF2,,,,,,,,,,,,,,,,,,,,,,,,,,,,,,,,,,,,,,,
SWHC049-09 SEER Rated AC HP_DMo/runs/CZ14/DMo&0&rDXHP&Ex&dxHP_equip/RE-dxHP_eq-pkgSEER-14.3-SEER2-7.5-HSPF2/instance-out.sql,CZ14,DMo,0,rDXHP,Ex,dxHP_equip,,RE-dxHP_eq-pkgSEER-14.3-SEER2-7.5-HSPF2,DMo&0&rDXHP&Ex&dxHP_equip,RE-dxHP_eq-pkgSEER-14.3-SEER2-7.5-HSPF2,,,,,,,,,,,,,,,,,,,,,,,,,,,,,,,,,,,,,,,
SWHC049-09 SEER Rated AC HP_DMo/runs/CZ14/DMo&0&rDXHP&Ex&dxHP_equip/RE-dxHP_eq-pkgSEER-15.2-SEER2-7.7-HSPF2/instance-out.sql,CZ14,DMo,0,rDXHP,Ex,dxHP_equip,,RE-dxHP_eq-pkgSEER-15.2-SEER2-7.7-HSPF2,DMo&0&rDXHP&Ex&dxHP_equip,RE-dxHP_eq-pkgSEER-15.2-SEER2-7.7-HSPF2,,,,,,,,,,,,,,,,,,,,,,,,,,,,,,,,,,,,,,,
SWHC049-09 SEER Rated AC HP_DMo/runs/CZ14/DMo&0&rDXHP&Ex&dxHP_equip/RE-dxHP_eq-pkgSEER-16.0-SEER2-8.0-HSPF2/instance-out.sql,CZ14,DMo,0,rDXHP,Ex,dxHP_equip,,RE-dxHP_eq-pkgSEER-16.0-SEER2-8.0-HSPF2,DMo&0&rDXHP&Ex&dxHP_equip,RE-dxHP_eq-pkgSEER-16.0-SEER2-8.0-HSPF2,,,,,,,,,,,,,,,,,,,,,,,,,,,,,,,,,,,,,,,
SWHC049-09 SEER Rated AC HP_DMo/runs/CZ14/DMo&0&rDXHP&Ex&dxHP_equip/RE-dxHP_eq-pkgSEER-17.8-SEER2-8.1-HSPF2/instance-out.sql,CZ14,DMo,0,rDXHP,Ex,dxHP_equip,,RE-dxHP_eq-pkgSEER-17.8-SEER2-8.1-HSPF2,DMo&0&rDXHP&Ex&dxHP_equip,RE-dxHP_eq-pkgSEER-17.8-SEER2-8.1-HSPF2,,,,,,,,,,,,,,,,,,,,,,,,,,,,,,,,,,,,,,,
SWHC049-09 SEER Rated AC HP_DMo/runs/CZ14/DMo&0&rDXHP&Ex&dxHP_equip/RE-dxHP_eq-pkgSEER-18.7-SEER2-8.5-HSPF2/instance-out.sql,CZ14,DMo,0,rDXHP,Ex,dxHP_equip,,RE-dxHP_eq-pkgSEER-18.7-SEER2-8.5-HSPF2,DMo&0&rDXHP&Ex&dxHP_equip,RE-dxHP_eq-pkgSEER-18.7-SEER2-8.5-HSPF2,,,,,,,,,,,,,,,,,,,,,,,,,,,,,,,,,,,,,,,
SWHC049-09 SEER Rated AC HP_DMo/runs/CZ14/DMo&0&rDXHP&Ex&dxHP_equip/RE-dxHP_eq-pkgSEER-19.6-SEER2-8.9-HSPF2/instance-out.sql,CZ14,DMo,0,rDXHP,Ex,dxHP_equip,,RE-dxHP_eq-pkgSEER-19.6-SEER2-8.9-HSPF2,DMo&0&rDXHP&Ex&dxHP_equip,RE-dxHP_eq-pkgSEER-19.6-SEER2-8.9-HSPF2,,,,,,,,,,,,,,,,,,,,,,,,,,,,,,,,,,,,,,,
SWHC049-09 SEER Rated AC HP_DMo/runs/CZ13/DMo&0&rDXHP&New&dxHP_equip/RE-dxAC_eq-pkgSEER-12.5-SEER2/instance-out.sql,CZ13,DMo,0,rDXHP,New,dxHP_equip,,RE-dxAC_eq-pkgSEER-12.5-SEER2,DMo&0&rDXHP&New&dxHP_equip,RE-dxAC_eq-pkgSEER-12.5-SEER2,"EnergyPlus, Version 9.5.0-de239b2e5f, YMD=2026.06.12 23:39",CA_FRESNO-YOSEMITE-IAP CA USA Custom-723890 WMO#=723890,230.77,34.78,67.44,0.0,5392.76,3129.96,0.0,5167.03,0.0,2469.17,163.44,0.0,0.0,0.0,0.0,0.0,0.0,16322.37,4521.08,0.0,0.0,0.0,7813.66,0.0,0.0,0.0,0.0,0.0,0.0,11043.12,0.0,0.0,23377.85,,,39555.270000000004,49369.869999999995
SWHC049-09 SEER Rated AC HP_DMo/runs/CZ13/DMo&0&rDXHP&New&dxHP_equip/RE-dxAC_eq-pkgSEER-13.8-SEER2/instance-out.sql,CZ13,DMo,0,rDXHP,New,dxHP_equip,,RE-dxAC_eq-pkgSEER-13.8-SEER2,DMo&0&rDXHP&New&dxHP_equip,RE-dxAC_eq-pkgSEER-13.8-SEER2,"EnergyPlus, Version 9.5.0-de239b2e5f, YMD=2026.06.12 23:39",CA_FRESNO-YOSEMITE-IAP CA USA Custom-723890 WMO#=723890,230.77,33.33,67.44,0.0,5060.05,3129.96,0.0,5167.03,0.0,2469.17,163.44,0.0,0.0,0.0,0.0,0.0,0.0,15989.65,4521.08,0.0,0.0,0.0,7813.66,0.0,0.0,0.0,0.0,0.0,0.0,11043.12,0.0,0.0,23377.85,,,39555.270000000004,49369.869999999995
SWHC049-09 SEER Rated AC HP_DMo/runs/CZ13/DMo&0&rDXHP&New&dxHP_equip/RE-dxAC_eq-pkgSEER-14.3-SEER2/instance-out.sql,CZ13,DMo,0,rDXHP,New,dxHP_equip,,RE-dxAC_eq-pkgSEER-14.3-SEER2,DMo&0&rDXHP&New&dxHP_equip,RE-dxAC_eq-pkgSEER-14.3-SEER2,"EnergyPlus, Version 9.5.0-de239b2e5f, YMD=2026.06.12 23:39",CA_FRESNO-YOSEMITE-IAP CA USA Custom-723890 WMO#=723890,230.77,32.89,67.44,0.0,4958.08,3129.96,0.0,5167.03,0.0,2469.17,163.44,0.0,0.0,0.0,0.0,0.0,0.0,15887.69,4521.08,0.0,0.0,0.0,7813.66,0.0,0.0,0.0,0.0,0.0,0.0,11043.12,0.0,0.0,23377.85,,,39555.270000000004,49369.869999999995
SWHC049-09 SEER Rated AC HP_DMo/runs/CZ13/DMo&0&rDXHP&New&dxHP_equip/RE-dxAC_eq-pkgSEER-15.2-SEER2/instance-out.sql,CZ13,DMo,0,rDXHP,New,dxHP_equip,,RE-dxAC_eq-pkgSEER-15.2-SEER2,DMo&0&rDXHP&New&dxHP_equip,RE-dxAC_eq-pkgSEER-15.2-SEER2,"EnergyPlus, Version 9.5.0-de239b2e5f, YMD=2026.06.12 23:40",CA_FRESNO-YOSEMITE-IAP CA USA Custom-723890 WMO#=723890,230.77,32.16,67.44,0.0,4789.19,3129.96,0.0,5167.03,0.0,2469.17,163.44,0.0,0.0,0.0,0.0,0.0,0.0,15718.8,4521.08,0.0,0.0,0.0,7813.66,0.0,0.0,0.0,0.0,0.0,0.0,11043.12,0.0,0.0,23377.85,,,39555.270000000004,49369.869999999995
SWHC049-09 SEER Rated AC HP_DMo/runs/CZ13/DMo&0&rDXHP&New&dxHP_equip/RE-dxAC_eq-pkgSEER-16.9-SEER2/instance-out.sql,CZ13,DMo,0,rDXHP,New,dxHP_equip,,RE-dxAC_eq-pkgSEER-16.9-SEER2,DMo&0&rDXHP&New&dxHP_equip,RE-dxAC_eq-pkgSEER-16.9-SEER2,"EnergyPlus, Version 9.5.0-de239b2e5f, YMD=2026.06.12 23:40",CA_FRESNO-YOSEMITE-IAP CA USA Custom-723890 WMO#=723890,230.77,25.18,70.17,0.0,4444.95,3129.96,0.0,5167.03,0.0,1188.87,175.92,0.0,0.0,0.0,0.0,0.0,0.0,14106.74,5155.25,0.0,0.0,0.0,7813.66,0.0,0.0,0.0,0.0,0.0,0.0,11038.36,0.0,0.0,24007.27,,,39555.270000000004,49369.869999999995
SWHC049-09 SEER Rated AC HP_DMo/runs/CZ13/DMo&0&rDXHP&New&dxHP_equip/RE-dxAC_eq-pkgSEER-17.8-SEER2/instance-out.sql,CZ13,DMo,0,rDXHP,New,dxHP_equip,,RE-dxAC_eq-pkgSEER-17.8-SEER2,DMo&0&rDXHP&New&dxHP_equip,RE-dxAC_eq-pkgSEER-17.8-SEER2,"EnergyPlus, Version 9.5.0-de239b2e5f, YMD=2026.06.12 23:40",CA_FRESNO-YOSEMITE-IAP CA USA Custom-723890 WMO#=723890,230.77,24.76,70.17,0.0,4348.71,3129.96,0.0,5167.03,0.0,1188.87,175.92,0.0,0.0,0.0,0.0,0.0,0.0,14010.5,5155.25,0.0,0.0,0.0,7813.66,0.0,0.0,0.0,0.0,0.0,0.0,11038.36,0.0,0.0,24007.27,,,39555.270000000004,49369.869999999995
SWHC049-09 SEER Rated AC HP_DMo/runs/CZ13/DMo&0&rDXHP&New&dxHP_equip/RE-dxAC_eq-pkgSEER-18.7-SEER2/instance-out.sql,CZ13,DMo,0,rDXHP,New,dxHP_equip,,RE-dxAC_eq-pkgSEER-18.7-SEER2,DMo&0&rDXHP&New&dxHP_equip,RE-dxAC_eq-pkgSEER-18.7-SEER2,"EnergyPlus, Version 9.5.0-de239b2e5f, YMD=2026.06.12 23:40",CA_FRESNO-YOSEMITE-IAP CA USA Custom-723890 WMO#=723890,230.77,24.44,70.17,0.0,4274.79,3129.96,0.0,5167.03,0.0,1188.87,175.92,0.0,0.0,0.0,0.0,0.0,0.0,13936.58,5155.25,0.0,0.0,0.0,7813.66,0.0,0.0,0.0,0.0,0.0,0.0,11038.36,0.0,0.0,24007.27,,,39555.270000000004,49369.869999999995
SWHC049-09 SEER Rated AC HP_DMo/runs/CZ13/DMo&0&rDXHP&New&dxHP_equip/RE-dxAC_eq-pkgSEER-19.6-SEER2/instance-out.sql,CZ13,DMo,0,rDXHP,New,dxHP_equip,,RE-dxAC_eq-pkgSEER-19.6-SEER2,DMo&0&rDXHP&New&dxHP_equip,RE-dxAC_eq-pkgSEER-19.6-SEER2,"EnergyPlus, Version 9.5.0-de239b2e5f, YMD=2026.06.12 23:40",CA_FRESNO-YOSEMITE-IAP CA USA Custom-723890 WMO#=723890,230.77,24.17,70.17,0.0,4212.23,3129.96,0.0,5167.03,0.0,1188.87,175.92,0.0,0.0,0.0,0.0,0.0,0.0,13874.02,5155.25,0.0,0.0,0.0,7813.66,0.0,0.0,0.0,0.0,0.0,0.0,11038.36,0.0,0.0,24007.27,,,39555.270000000004,49369.869999999995
SWHC049-09 SEER Rated AC HP_DMo/runs/CZ13/DMo&0&rDXHP&New&dxHP_equip/RE-dxHP_eq-pkgSEER-12.5-SEER2-6.4-HSPF2/instance-out.sql,CZ13,DMo,0,rDXHP,New,dxHP_equip,,RE-dxHP_eq-pkgSEER-12.5-SEER2-6.4-HSPF2,DMo&0&rDXHP&New&dxHP_equip,RE-dxHP_eq-pkgSEER-12.5-SEER2-6.4-HSPF2,,,,,,,,,,,,,,,,,,,,,,,,,,,,,,,,,,,,,,,
SWHC049-09 SEER Rated AC HP_DMo/runs/CZ13/DMo&0&rDXHP&New&dxHP_equip/RE-dxHP_eq-pkgSEER-14.3-SEER2-7.5-HSPF2/instance-out.sql,CZ13,DMo,0,rDXHP,New,dxHP_equip,,RE-dxHP_eq-pkgSEER-14.3-SEER2-7.5-HSPF2,DMo&0&rDXHP&New&dxHP_equip,RE-dxHP_eq-pkgSEER-14.3-SEER2-7.5-HSPF2,,,,,,,,,,,,,,,,,,,,,,,,,,,,,,,,,,,,,,,
SWHC049-09 SEER Rated AC HP_DMo/runs/CZ13/DMo&0&rDXHP&New&dxHP_equip/RE-dxHP_eq-pkgSEER-15.2-SEER2-7.7-HSPF2/instance-out.sql,CZ13,DMo,0,rDXHP,New,dxHP_equip,,RE-dxHP_eq-pkgSEER-15.2-SEER2-7.7-HSPF2,DMo&0&rDXHP&New&dxHP_equip,RE-dxHP_eq-pkgSEER-15.2-SEER2-7.7-HSPF2,,,,,,,,,,,,,,,,,,,,,,,,,,,,,,,,,,,,,,,
SWHC049-09 SEER Rated AC HP_DMo/runs/CZ13/DMo&0&rDXHP&New&dxHP_equip/RE-dxHP_eq-pkgSEER-16.0-SEER2-8.0-HSPF2/instance-out.sql,CZ13,DMo,0,rDXHP,New,dxHP_equip,,RE-dxHP_eq-pkgSEER-16.0-SEER2-8.0-HSPF2,DMo&0&rDXHP&New&dxHP_equip,RE-dxHP_eq-pkgSEER-16.0-SEER2-8.0-HSPF2,,,,,,,,,,,,,,,,,,,,,,,,,,,,,,,,,,,,,,,
SWHC049-09 SEER Rated AC HP_DMo/runs/CZ13/DMo&0&rDXHP&New&dxHP_equip/RE-dxHP_eq-pkgSEER-17.8-SEER2-8.1-HSPF2/instance-out.sql,CZ13,DMo,0,rDXHP,New,dxHP_equip,,RE-dxHP_eq-pkgSEER-17.8-SEER2-8.1-HSPF2,DMo&0&rDXHP&New&dxHP_equip,RE-dxHP_eq-pkgSEER-17.8-SEER2-8.1-HSPF2,,,,,,,,,,,,,,,,,,,,,,,,,,,,,,,,,,,,,,,
SWHC049-09 SEER Rated AC HP_DMo/runs/CZ13/DMo&0&rDXHP&New&dxHP_equip/RE-dxHP_eq-pkgSEER-18.7-SEER2-8.5-HSPF2/instance-out.sql,CZ13,DMo,0,rDXHP,New,dxHP_equip,,RE-dxHP_eq-pkgSEER-18.7-SEER2-8.5-HSPF2,DMo&0&rDXHP&New&dxHP_equip,RE-dxHP_eq-pkgSEER-18.7-SEER2-8.5-HSPF2,,,,,,,,,,,,,,,,,,,,,,,,,,,,,,,,,,,,,,,
SWHC049-09 SEER Rated AC HP_DMo/runs/CZ13/DMo&0&rDXHP&New&dxHP_equip/RE-dxHP_eq-pkgSEER-19.6-SEER2-8.9-HSPF2/instance-out.sql,CZ13,DMo,0,rDXHP,New,dxHP_equip,,RE-dxHP_eq-pkgSEER-19.6-SEER2-8.9-HSPF2,DMo&0&rDXHP&New&dxHP_equip,RE-dxHP_eq-pkgSEER-19.6-SEER2-8.9-HSPF2,,,,,,,,,,,,,,,,,,,,,,,,,,,,,,,,,,,,,,,
SWHC049-09 SEER Rated AC HP_DMo/runs/CZ13/DMo&0&rDXHP&Ex&dxHP_equip/RE-dxAC_eq-pkgSEER-12.5-SEER2/instance-out.sql,CZ13,DMo,0,rDXHP,Ex,dxHP_equip,,RE-dxAC_eq-pkgSEER-12.5-SEER2,DMo&0&rDXHP&Ex&dxHP_equip,RE-dxAC_eq-pkgSEER-12.5-SEER2,"EnergyPlus, Version 9.5.0-de239b2e5f, YMD=2026.06.12 23:38",CA_FRESNO-YOSEMITE-IAP CA USA Custom-723890 WMO#=723890,230.77,43.17,79.26,0.0,6509.4,3129.96,0.0,5167.03,0.0,3220.3,232.56,0.0,0.0,0.0,0.0,0.0,0.0,18259.25,7234.68,0.0,0.0,0.0,7813.66,0.0,0.0,0.0,0.0,0.0,0.0,11057.16,0.0,0.0,26105.51,,,42440.28999999999,52970.630000000005
SWHC049-09 SEER Rated AC HP_DMo/runs/CZ13/DMo&0&rDXHP&Ex&dxHP_equip/RE-dxAC_eq-pkgSEER-13.8-SEER2/instance-out.sql,CZ13,DMo,0,rDXHP,Ex,dxHP_equip,,RE-dxAC_eq-pkgSEER-13.8-SEER2,DMo&0&rDXHP&Ex&dxHP_equip,RE-dxAC_eq-pkgSEER-13.8-SEER2,"EnergyPlus, Version 9.5.0-de239b2e5f, YMD=2026.06.12 23:38",CA_FRESNO-YOSEMITE-IAP CA USA Custom-723890 WMO#=723890,230.77,41.43,79.26,0.0,6107.79,3129.96,0.0,5167.03,0.0,3220.3,232.56,0.0,0.0,0.0,0.0,0.0,0.0,17857.64,7234.68,0.0,0.0,0.0,7813.66,0.0,0.0,0.0,0.0,0.0,0.0,11057.16,0.0,0.0,26105.51,,,42440.28999999999,52970.630000000005
SWHC049-09 SEER Rated AC HP_DMo/runs/CZ13/DMo&0&rDXHP&Ex&dxHP_equip/RE-dxAC_eq-pkgSEER-14.3-SEER2/instance-out.sql,CZ13,DMo,0,rDXHP,Ex,dxHP_equip,,RE-dxAC_eq-pkgSEER-14.3-SEER2,DMo&0&rDXHP&Ex&dxHP_equip,RE-dxAC_eq-pkgSEER-14.3-SEER2,"EnergyPlus, Version 9.5.0-de239b2e5f, YMD=2026.06.12 23:38",CA_FRESNO-YOSEMITE-IAP CA USA Custom-723890 WMO#=723890,230.77,40.9,79.26,0.0,5984.72,3129.96,0.0,5167.03,0.0,3220.3,232.56,0.0,0.0,0.0,0.0,0.0,0.0,17734.56,7234.68,0.0,0.0,0.0,7813.66,0.0,0.0,0.0,0.0,0.0,0.0,11057.16,0.0,0.0,26105.51,,,42440.28999999999,52970.630000000005
SWHC049-09 SEER Rated AC HP_DMo/runs/CZ13/DMo&0&rDXHP&Ex&dxHP_equip/RE-dxAC_eq-pkgSEER-15.2-SEER2/instance-out.sql,CZ13,DMo,0,rDXHP,Ex,dxHP_equip,,RE-dxAC_eq-pkgSEER-15.2-SEER2,DMo&0&rDXHP&Ex&dxHP_equip,RE-dxAC_eq-pkgSEER-15.2-SEER2,"EnergyPlus, Version 9.5.0-de239b2e5f, YMD=2026.06.12 23:38",CA_FRESNO-YOSEMITE-IAP CA USA Custom-723890 WMO#=723890,230.77,40.01,79.26,0.0,5780.86,3129.96,0.0,5167.03,0.0,3220.3,232.56,0.0,0.0,0.0,0.0,0.0,0.0,17530.7,7234.68,0.0,0.0,0.0,7813.66,0.0,0.0,0.0,0.0,0.0,0.0,11057.16,0.0,0.0,26105.51,,,42440.28999999999,52970.630000000005
SWHC049-09 SEER Rated AC HP_DMo/runs/CZ13/DMo&0&rDXHP&Ex&dxHP_equip/RE-dxAC_eq-pkgSEER-16.9-SEER2/instance-out.sql,CZ13,DMo,0,rDXHP,Ex,dxHP_equip,,RE-dxAC_eq-pkgSEER-16.9-SEER2,DMo&0&rDXHP&Ex&dxHP_equip,RE-dxAC_eq-pkgSEER-16.9-SEER2,"EnergyPlus, Version 9.5.0-de239b2e5f, YMD=2026.06.12 23:38",CA_FRESNO-YOSEMITE-IAP CA USA Custom-723890 WMO#=723890,230.77,30.75,83.14,0.0,5299.72,3129.96,0.0,5167.03,0.0,1548.77,248.2,0.0,0.0,0.0,0.0,0.0,0.0,15393.67,8134.85,0.0,0.0,0.0,7813.66,0.0,0.0,0.0,0.0,0.0,0.0,11052.14,0.0,0.0,27000.65,,,42440.28999999999,52970.630000000005
SWHC049-09 SEER Rated AC HP_DMo/runs/CZ13/DMo&0&rDXHP&Ex&dxHP_equip/RE-dxAC_eq-pkgSEER-17.8-SEER2/instance-out.sql,CZ13,DMo,0,rDXHP,Ex,dxHP_equip,,RE-dxAC_eq-pkgSEER-17.8-SEER2,DMo&0&rDXHP&Ex&dxHP_equip,RE-dxAC_eq-pkgSEER-17.8-SEER2,"EnergyPlus, Version 9.5.0-de239b2e5f, YMD=2026.06.12 23:38",CA_FRESNO-YOSEMITE-IAP CA USA Custom-723890 WMO#=723890,230.77,30.25,83.14,0.0,5184.18,3129.96,0.0,5167.03,0.0,1548.77,248.2,0.0,0.0,0.0,0.0,0.0,0.0,15278.14,8134.85,0.0,0.0,0.0,7813.66,0.0,0.0,0.0,0.0,0.0,0.0,11052.14,0.0,0.0,27000.65,,,42440.28999999999,52970.630000000005
SWHC049-09 SEER Rated AC HP_DMo/runs/CZ13/DMo&0&rDXHP&Ex&dxHP_equip/RE-dxAC_eq-pkgSEER-18.7-SEER2/instance-out.sql,CZ13,DMo,0,rDXHP,Ex,dxHP_equip,,RE-dxAC_eq-pkgSEER-18.7-SEER2,DMo&0&rDXHP&Ex&dxHP_equip,RE-dxAC_eq-pkgSEER-18.7-SEER2,"EnergyPlus, Version 9.5.0-de239b2e5f, YMD=2026.06.12 23:39",CA_FRESNO-YOSEMITE-IAP CA USA Custom-723890 WMO#=723890,230.77,29.87,83.14,0.0,5095.44,3129.96,0.0,5167.03,0.0,1548.77,248.2,0.0,0.0,0.0,0.0,0.0,0.0,15189.4,8134.85,0.0,0.0,0.0,7813.66,0.0,0.0,0.0,0.0,0.0,0.0,11052.14,0.0,0.0,27000.65,,,42440.28999999999,52970.630000000005
SWHC049-09 SEER Rated AC HP_DMo/runs/CZ13/DMo&0&rDXHP&Ex&dxHP_equip/RE-dxAC_eq-pkgSEER-19.6-SEER2/instance-out.sql,CZ13,DMo,0,rDXHP,Ex,dxHP_equip,,RE-dxAC_eq-pkgSEER-19.6-SEER2,DMo&0&rDXHP&Ex&dxHP_equip,RE-dxAC_eq-pkgSEER-19.6-SEER2,"EnergyPlus, Version 9.5.0-de239b2e5f, YMD=2026.06.12 23:39",CA_FRESNO-YOSEMITE-IAP CA USA Custom-723890 WMO#=723890,230.77,29.54,83.14,0.0,5020.34,3129.96,0.0,5167.03,0.0,1548.77,248.2,0.0,0.0,0.0,0.0,0.0,0.0,15114.3,8134.85,0.0,0.0,0.0,7813.66,0.0,0.0,0.0,0.0,0.0,0.0,11052.14,0.0,0.0,27000.65,,,42440.28999999999,52970.630000000005
SWHC049-09 SEER Rated AC HP_DMo/runs/CZ13/DMo&0&rDXHP&Ex&dxHP_equip/RE-dxHP_eq-pkgSEER-12.5-SEER2-6.4-HSPF2/instance-out.sql,CZ13,DMo,0,rDXHP,Ex,dxHP_equip,,RE-dxHP_eq-pkgSEER-12.5-SEER2-6.4-HSPF2,DMo&0&rDXHP&Ex&dxHP_equip,RE-dxHP_eq-pkgSEER-12.5-SEER2-6.4-HSPF2,,,,,,,,,,,,,,,,,,,,,,,,,,,,,,,,,,,,,,,
SWHC049-09 SEER Rated AC HP_DMo/runs/CZ13/DMo&0&rDXHP&Ex&dxHP_equip/RE-dxHP_eq-pkgSEER-14.3-SEER2-7.5-HSPF2/instance-out.sql,CZ13,DMo,0,rDXHP,Ex,dxHP_equip,,RE-dxHP_eq-pkgSEER-14.3-SEER2-7.5-HSPF2,DMo&0&rDXHP&Ex&dxHP_equip,RE-dxHP_eq-pkgSEER-14.3-SEER2-7.5-HSPF2,,,,,,,,,,,,,,,,,,,,,,,,,,,,,,,,,,,,,,,
SWHC049-09 SEER Rated AC HP_DMo/runs/CZ13/DMo&0&rDXHP&Ex&dxHP_equip/RE-dxHP_eq-pkgSEER-15.2-SEER2-7.7-HSPF2/instance-out.sql,CZ13,DMo,0,rDXHP,Ex,dxHP_equip,,RE-dxHP_eq-pkgSEER-15.2-SEER2-7.7-HSPF2,DMo&0&rDXHP&Ex&dxHP_equip,RE-dxHP_eq-pkgSEER-15.2-SEER2-7.7-HSPF2,,,,,,,,,,,,,,,,,,,,,,,,,,,,,,,,,,,,,,,
SWHC049-09 SEER Rated AC HP_DMo/runs/CZ13/DMo&0&rDXHP&Ex&dxHP_equip/RE-dxHP_eq-pkgSEER-16.0-SEER2-8.0-HSPF2/instance-out.sql,CZ13,DMo,0,rDXHP,Ex,dxHP_equip,,RE-dxHP_eq-pkgSEER-16.0-SEER2-8.0-HSPF2,DMo&0&rDXHP&Ex&dxHP_equip,RE-dxHP_eq-pkgSEER-16.0-SEER2-8.0-HSPF2,,,,,,,,,,,,,,,,,,,,,,,,,,,,,,,,,,,,,,,
SWHC049-09 SEER Rated AC HP_DMo/runs/CZ13/DMo&0&rDXHP&Ex&dxHP_equip/RE-dxHP_eq-pkgSEER-17.8-SEER2-8.1-HSPF2/instance-out.sql,CZ13,DMo,0,rDXHP,Ex,dxHP_equip,,RE-dxHP_eq-pkgSEER-17.8-SEER2-8.1-HSPF2,DMo&0&rDXHP&Ex&dxHP_equip,RE-dxHP_eq-pkgSEER-17.8-SEER2-8.1-HSPF2,,,,,,,,,,,,,,,,,,,,,,,,,,,,,,,,,,,,,,,
SWHC049-09 SEER Rated AC HP_DMo/runs/CZ13/DMo&0&rDXHP&Ex&dxHP_equip/RE-dxHP_eq-pkgSEER-18.7-SEER2-8.5-HSPF2/instance-out.sql,CZ13,DMo,0,rDXHP,Ex,dxHP_equip,,RE-dxHP_eq-pkgSEER-18.7-SEER2-8.5-HSPF2,DMo&0&rDXHP&Ex&dxHP_equip,RE-dxHP_eq-pkgSEER-18.7-SEER2-8.5-HSPF2,,,,,,,,,,,,,,,,,,,,,,,,,,,,,,,,,,,,,,,
SWHC049-09 SEER Rated AC HP_DMo/runs/CZ13/DMo&0&rDXHP&Ex&dxHP_equip/RE-dxHP_eq-pkgSEER-19.6-SEER2-8.9-HSPF2/instance-out.sql,CZ13,DMo,0,rDXHP,Ex,dxHP_equip,,RE-dxHP_eq-pkgSEER-19.6-SEER2-8.9-HSPF2,DMo&0&rDXHP&Ex&dxHP_equip,RE-dxHP_eq-pkgSEER-19.6-SEER2-8.9-HSPF2,,,,,,,,,,,,,,,,,,,,,,,,,,,,,,,,,,,,,,,
SWHC049-09 SEER Rated AC HP_DMo/runs/CZ12/DMo&0&rDXHP&New&dxHP_equip/RE-dxAC_eq-pkgSEER-12.5-SEER2/instance-out.sql,CZ12,DMo,0,rDXHP,New,dxHP_equip,,RE-dxAC_eq-pkgSEER-12.5-SEER2,DMo&0&rDXHP&New&dxHP_equip,RE-dxAC_eq-pkgSEER-12.5-SEER2,"EnergyPlus, Version 9.5.0-de239b2e5f, YMD=2026.06.12 23:37",CA_SACRAMENTO-EXECUTIVE-AP CA USA Custom-724830 WMO#=724830,230.77,23.9,72.22,0.0,3178.45,3129.96,0.0,5167.03,0.0,2144.97,192.43,0.0,0.0,0.0,0.0,0.0,0.0,13812.84,5453.96,0.0,0.0,0.0,7813.66,0.0,0.0,0.0,0.0,0.0,0.0,11211.23,0.0,0.0,24478.85,,,38572.04,47591.850000000006
SWHC049-09 SEER Rated AC HP_DMo/runs/CZ12/DMo&0&rDXHP&New&dxHP_equip/RE-dxAC_eq-pkgSEER-13.8-SEER2/instance-out.sql,CZ12,DMo,0,rDXHP,New,dxHP_equip,,RE-dxAC_eq-pkgSEER-13.8-SEER2,DMo&0&rDXHP&New&dxHP_equip,RE-dxAC_eq-pkgSEER-13.8-SEER2,"EnergyPlus, Version 9.5.0-de239b2e5f, YMD=2026.06.12 23:37",CA_SACRAMENTO-EXECUTIVE-AP CA USA Custom-724830 WMO#=724830,230.77,23.05,72.22,0.0,2982.35,3129.96,0.0,5167.03,0.0,2144.97,192.43,0.0,0.0,0.0,0.0,0.0,0.0,13616.74,5453.96,0.0,0.0,0.0,7813.66,0.0,0.0,0.0,0.0,0.0,0.0,11211.23,0.0,0.0,24478.85,,,38572.04,47591.850000000006
SWHC049-09 SEER Rated AC HP_DMo/runs/CZ12/DMo&0&rDXHP&New&dxHP_equip/RE-dxAC_eq-pkgSEER-14.3-SEER2/instance-out.sql,CZ12,DMo,0,rDXHP,New,dxHP_equip,,RE-dxAC_eq-pkgSEER-14.3-SEER2,DMo&0&rDXHP&New&dxHP_equip,RE-dxAC_eq-pkgSEER-14.3-SEER2,"EnergyPlus, Version 9.5.0-de239b2e5f, YMD=2026.06.12 23:37",CA_SACRAMENTO-EXECUTIVE-AP CA USA Custom-724830 WMO#=724830,230.77,22.79,72.22,0.0,2922.25,3129.96,0.0,5167.03,0.0,2144.97,192.43,0.0,0.0,0.0,0.0,0.0,0.0,13556.65,5453.96,0.0,0.0,0.0,7813.66,0.0,0.0,0.0,0.0,0.0,0.0,11211.23,0.0,0.0,24478.85,,,38572.04,47591.850000000006
SWHC049-09 SEER Rated AC HP_DMo/runs/CZ12/DMo&0&rDXHP&New&dxHP_equip/RE-dxAC_eq-pkgSEER-15.2-SEER2/instance-out.sql,CZ12,DMo,0,rDXHP,New,dxHP_equip,,RE-dxAC_eq-pkgSEER-15.2-SEER2,DMo&0&rDXHP&New&dxHP_equip,RE-dxAC_eq-pkgSEER-15.2-SEER2,"EnergyPlus, Version 9.5.0-de239b2e5f, YMD=2026.06.12 23:38",CA_SACRAMENTO-EXECUTIVE-AP CA USA Custom-724830 WMO#=724830,230.77,22.36,72.22,0.0,2822.71,3129.96,0.0,5167.03,0.0,2144.97,192.43,0.0,0.0,0.0,0.0,0.0,0.0,13457.11,5453.96,0.0,0.0,0.0,7813.66,0.0,0.0,0.0,0.0,0.0,0.0,11211.23,0.0,0.0,24478.85,,,38572.04,47591.850000000006
SWHC049-09 SEER Rated AC HP_DMo/runs/CZ12/DMo&0&rDXHP&New&dxHP_equip/RE-dxAC_eq-pkgSEER-16.9-SEER2/instance-out.sql,CZ12,DMo,0,rDXHP,New,dxHP_equip,,RE-dxAC_eq-pkgSEER-16.9-SEER2,DMo&0&rDXHP&New&dxHP_equip,RE-dxAC_eq-pkgSEER-16.9-SEER2,"EnergyPlus, Version 9.5.0-de239b2e5f, YMD=2026.06.12 23:38",CA_SACRAMENTO-EXECUTIVE-AP CA USA Custom-724830 WMO#=724830,230.77,17.3,75.4,0.0,2732.16,3129.96,0.0,5167.03,0.0,1054.73,206.59,0.0,0.0,0.0,0.0,0.0,0.0,12290.47,6192.22,0.0,0.0,0.0,7813.66,0.0,0.0,0.0,0.0,0.0,0.0,11207.15,0.0,0.0,25213.03,,,38572.04,47591.850000000006
SWHC049-09 SEER Rated AC HP_DMo/runs/CZ12/DMo&0&rDXHP&New&dxHP_equip/RE-dxAC_eq-pkgSEER-17.8-SEER2/instance-out.sql,CZ12,DMo,0,rDXHP,New,dxHP_equip,,RE-dxAC_eq-pkgSEER-17.8-SEER2,DMo&0&rDXHP&New&dxHP_equip,RE-dxAC_eq-pkgSEER-17.8-SEER2,"EnergyPlus, Version 9.5.0-de239b2e5f, YMD=2026.06.12 23:38",CA_SACRAMENTO-EXECUTIVE-AP CA USA Custom-724830 WMO#=724830,230.77,17.06,75.4,0.0,2675.23,3129.96,0.0,5167.03,0.0,1054.73,206.59,0.0,0.0,0.0,0.0,0.0,0.0,12233.54,6192.22,0.0,0.0,0.0,7813.66,0.0,0.0,0.0,0.0,0.0,0.0,11207.15,0.0,0.0,25213.03,,,38572.04,47591.850000000006
SWHC049-09 SEER Rated AC HP_DMo/runs/CZ12/DMo&0&rDXHP&New&dxHP_equip/RE-dxAC_eq-pkgSEER-18.7-SEER2/instance-out.sql,CZ12,DMo,0,rDXHP,New,dxHP_equip,,RE-dxAC_eq-pkgSEER-18.7-SEER2,DMo&0&rDXHP&New&dxHP_equip,RE-dxAC_eq-pkgSEER-18.7-SEER2,"EnergyPlus, Version 9.5.0-de239b2e5f, YMD=2026.06.12 23:38",CA_SACRAMENTO-EXECUTIVE-AP CA USA Custom-724830 WMO#=724830,230.77,16.87,75.4,0.0,2631.5,3129.96,0.0,5167.03,0.0,1054.73,206.59,0.0,0.0,0.0,0.0,0.0,0.0,12189.82,6192.22,0.0,0.0,0.0,7813.66,0.0,0.0,0.0,0.0,0.0,0.0,11207.15,0.0,0.0,25213.03,,,38572.04,47591.850000000006
SWHC049-09 SEER Rated AC HP_DMo/runs/CZ12/DMo&0&rDXHP&New&dxHP_equip/RE-dxAC_eq-pkgSEER-19.6-SEER2/instance-out.sql,CZ12,DMo,0,rDXHP,New,dxHP_equip,,RE-dxAC_eq-pkgSEER-19.6-SEER2,DMo&0&rDXHP&New&dxHP_equip,RE-dxAC_eq-pkgSEER-19.6-SEER2,"EnergyPlus, Version 9.5.0-de239b2e5f, YMD=2026.06.12 23:38",CA_SACRAMENTO-EXECUTIVE-AP CA USA Custom-724830 WMO#=724830,230.77,16.71,75.4,0.0,2594.5,3129.96,0.0,5167.03,0.0,1054.73,206.59,0.0,0.0,0.0,0.0,0.0,0.0,12152.81,6192.22,0.0,0.0,0.0,7813.66,0.0,0.0,0.0,0.0,0.0,0.0,11207.15,0.0,0.0,25213.03,,,38572.04,47591.850000000006
SWHC049-09 SEER Rated AC HP_DMo/runs/CZ12/DMo&0&rDXHP&New&dxHP_equip/RE-dxHP_eq-pkgSEER-12.5-SEER2-6.4-HSPF2/instance-out.sql,CZ12,DMo,0,rDXHP,New,dxHP_equip,,RE-dxHP_eq-pkgSEER-12.5-SEER2-6.4-HSPF2,DMo&0&rDXHP&New&dxHP_equip,RE-dxHP_eq-pkgSEER-12.5-SEER2-6.4-HSPF2,,,,,,,,,,,,,,,,,,,,,,,,,,,,,,,,,,,,,,,
SWHC049-09 SEER Rated AC HP_DMo/runs/CZ12/DMo&0&rDXHP&New&dxHP_equip/RE-dxHP_eq-pkgSEER-14.3-SEER2-7.5-HSPF2/instance-out.sql,CZ12,DMo,0,rDXHP,New,dxHP_equip,,RE-dxHP_eq-pkgSEER-14.3-SEER2-7.5-HSPF2,DMo&0&rDXHP&New&dxHP_equip,RE-dxHP_eq-pkgSEER-14.3-SEER2-7.5-HSPF2,,,,,,,,,,,,,,,,,,,,,,,,,,,,,,,,,,,,,,,
SWHC049-09 SEER Rated AC HP_DMo/runs/CZ12/DMo&0&rDXHP&New&dxHP_equip/RE-dxHP_eq-pkgSEER-15.2-SEER2-7.7-HSPF2/instance-out.sql,CZ12,DMo,0,rDXHP,New,dxHP_equip,,RE-dxHP_eq-pkgSEER-15.2-SEER2-7.7-HSPF2,DMo&0&rDXHP&New&dxHP_equip,RE-dxHP_eq-pkgSEER-15.2-SEER2-7.7-HSPF2,,,,,,,,,,,,,,,,,,,,,,,,,,,,,,,,,,,,,,,
SWHC049-09 SEER Rated AC HP_DMo/runs/CZ12/DMo&0&rDXHP&New&dxHP_equip/RE-dxHP_eq-pkgSEER-16.0-SEER2-8.0-HSPF2/instance-out.sql,CZ12,DMo,0,rDXHP,New,dxHP_equip,,RE-dxHP_eq-pkgSEER-16.0-SEER2-8.0-HSPF2,DMo&0&rDXHP&New&dxHP_equip,RE-dxHP_eq-pkgSEER-16.0-SEER2-8.0-HSPF2,,,,,,,,,,,,,,,,,,,,,,,,,,,,,,,,,,,,,,,
SWHC049-09 SEER Rated AC HP_DMo/runs/CZ12/DMo&0&rDXHP&New&dxHP_equip/RE-dxHP_eq-pkgSEER-17.8-SEER2-8.1-HSPF2/instance-out.sql,CZ12,DMo,0,rDXHP,New,dxHP_equip,,RE-dxHP_eq-pkgSEER-17.8-SEER2-8.1-HSPF2,DMo&0&rDXHP&New&dxHP_equip,RE-dxHP_eq-pkgSEER-17.8-SEER2-8.1-HSPF2,,,,,,,,,,,,,,,,,,,,,,,,,,,,,,,,,,,,,,,
SWHC049-09 SEER Rated AC HP_DMo/runs/CZ12/DMo&0&rDXHP&New&dxHP_equip/RE-dxHP_eq-pkgSEER-18.7-SEER2-8.5-HSPF2/instance-out.sql,CZ12,DMo,0,rDXHP,New,dxHP_equip,,RE-dxHP_eq-pkgSEER-18.7-SEER2-8.5-HSPF2,DMo&0&rDXHP&New&dxHP_equip,RE-dxHP_eq-pkgSEER-18.7-SEER2-8.5-HSPF2,,,,,,,,,,,,,,,,,,,,,,,,,,,,,,,,,,,,,,,
SWHC049-09 SEER Rated AC HP_DMo/runs/CZ12/DMo&0&rDXHP&New&dxHP_equip/RE-dxHP_eq-pkgSEER-19.6-SEER2-8.9-HSPF2/instance-out.sql,CZ12,DMo,0,rDXHP,New,dxHP_equip,,RE-dxHP_eq-pkgSEER-19.6-SEER2-8.9-HSPF2,DMo&0&rDXHP&New&dxHP_equip,RE-dxHP_eq-pkgSEER-19.6-SEER2-8.9-HSPF2,,,,,,,,,,,,,,,,,,,,,,,,,,,,,,,,,,,,,,,
SWHC049-09 SEER Rated AC HP_DMo/runs/CZ12/DMo&0&rDXHP&Ex&dxHP_equip/RE-dxAC_eq-pkgSEER-12.5-SEER2/instance-out.sql,CZ12,DMo,0,rDXHP,Ex,dxHP_equip,,RE-dxAC_eq-pkgSEER-12.5-SEER2,DMo&0&rDXHP&Ex&dxHP_equip,RE-dxAC_eq-pkgSEER-12.5-SEER2,"EnergyPlus, Version 9.5.0-de239b2e5f, YMD=2026.06.12 23:37",CA_SACRAMENTO-EXECUTIVE-AP CA USA Custom-724830 WMO#=724830,230.77,29.89,86.12,0.0,3792.54,3129.96,0.0,5167.03,0.0,2835.42,270.15,0.0,0.0,0.0,0.0,0.0,0.0,15195.1,8678.37,0.0,0.0,0.0,7813.66,0.0,0.0,0.0,0.0,0.0,0.0,11196.34,0.0,0.0,27688.37,,,40929.72,50500.8
SWHC049-09 SEER Rated AC HP_DMo/runs/CZ12/DMo&0&rDXHP&Ex&dxHP_equip/RE-dxAC_eq-pkgSEER-13.8-SEER2/instance-out.sql,CZ12,DMo,0,rDXHP,Ex,dxHP_equip,,RE-dxAC_eq-pkgSEER-13.8-SEER2,DMo&0&rDXHP&Ex&dxHP_equip,RE-dxAC_eq-pkgSEER-13.8-SEER2,"EnergyPlus, Version 9.5.0-de239b2e5f, YMD=2026.06.12 23:37",CA_SACRAMENTO-EXECUTIVE-AP CA USA Custom-724830 WMO#=724830,230.77,28.88,86.12,0.0,3558.55,3129.96,0.0,5167.03,0.0,2835.42,270.15,0.0,0.0,0.0,0.0,0.0,0.0,14961.11,8678.37,0.0,0.0,0.0,7813.66,0.0,0.0,0.0,0.0,0.0,0.0,11196.34,0.0,0.0,27688.37,,,40929.72,50500.8
SWHC049-09 SEER Rated AC HP_DMo/runs/CZ12/DMo&0&rDXHP&Ex&dxHP_equip/RE-dxAC_eq-pkgSEER-14.3-SEER2/instance-out.sql,CZ12,DMo,0,rDXHP,Ex,dxHP_equip,,RE-dxAC_eq-pkgSEER-14.3-SEER2,DMo&0&rDXHP&Ex&dxHP_equip,RE-dxAC_eq-pkgSEER-14.3-SEER2,"EnergyPlus, Version 9.5.0-de239b2e5f, YMD=2026.06.12 23:37",CA_SACRAMENTO-EXECUTIVE-AP CA USA Custom-724830 WMO#=724830,230.77,28.57,86.12,0.0,3486.84,3129.96,0.0,5167.03,0.0,2835.42,270.15,0.0,0.0,0.0,0.0,0.0,0.0,14889.4,8678.37,0.0,0.0,0.0,7813.66,0.0,0.0,0.0,0.0,0.0,0.0,11196.34,0.0,0.0,27688.37,,,40929.72,50500.8
SWHC049-09 SEER Rated AC HP_DMo/runs/CZ12/DMo&0&rDXHP&Ex&dxHP_equip/RE-dxAC_eq-pkgSEER-15.2-SEER2/instance-out.sql,CZ12,DMo,0,rDXHP,Ex,dxHP_equip,,RE-dxAC_eq-pkgSEER-15.2-SEER2,DMo&0&rDXHP&Ex&dxHP_equip,RE-dxAC_eq-pkgSEER-15.2-SEER2,"EnergyPlus, Version 9.5.0-de239b2e5f, YMD=2026.06.12 23:37",CA_SACRAMENTO-EXECUTIVE-AP CA USA Custom-724830 WMO#=724830,230.77,28.05,86.12,0.0,3368.07,3129.96,0.0,5167.03,0.0,2835.42,270.15,0.0,0.0,0.0,0.0,0.0,0.0,14770.63,8678.37,0.0,0.0,0.0,7813.66,0.0,0.0,0.0,0.0,0.0,0.0,11196.34,0.0,0.0,27688.37,,,40929.72,50500.8
SWHC049-09 SEER Rated AC HP_DMo/runs/CZ12/DMo&0&rDXHP&Ex&dxHP_equip/RE-dxAC_eq-pkgSEER-16.9-SEER2/instance-out.sql,CZ12,DMo,0,rDXHP,Ex,dxHP_equip,,RE-dxAC_eq-pkgSEER-16.9-SEER2,DMo&0&rDXHP&Ex&dxHP_equip,RE-dxAC_eq-pkgSEER-16.9-SEER2,"EnergyPlus, Version 9.5.0-de239b2e5f, YMD=2026.06.12 23:37",CA_SACRAMENTO-EXECUTIVE-AP CA USA Custom-724830 WMO#=724830,230.77,21.15,90.59,0.0,3202.57,3129.96,0.0,5167.03,0.0,1390.35,287.5,0.0,0.0,0.0,0.0,0.0,0.0,13177.41,9714.45,0.0,0.0,0.0,7813.66,0.0,0.0,0.0,0.0,0.0,0.0,11191.45,0.0,0.0,28719.55,,,40929.72,50500.8
SWHC049-09 SEER Rated AC HP_DMo/runs/CZ12/DMo&0&rDXHP&Ex&dxHP_equip/RE-dxAC_eq-pkgSEER-17.8-SEER2/instance-out.sql,CZ12,DMo,0,rDXHP,Ex,dxHP_equip,,RE-dxAC_eq-pkgSEER-17.8-SEER2,DMo&0&rDXHP&Ex&dxHP_equip,RE-dxAC_eq-pkgSEER-17.8-SEER2,"EnergyPlus, Version 9.5.0-de239b2e5f, YMD=2026.06.12 23:37",CA_SACRAMENTO-EXECUTIVE-AP CA USA Custom-724830 WMO#=724830,230.77,20.86,90.59,0.0,3135.03,3129.96,0.0,5167.03,0.0,1390.35,287.5,0.0,0.0,0.0,0.0,0.0,0.0,13109.87,9714.45,0.0,0.0,0.0,7813.66,0.0,0.0,0.0,0.0,0.0,0.0,11191.45,0.0,0.0,28719.55,,,40929.72,50500.8
SWHC049-09 SEER Rated AC HP_DMo/runs/CZ12/DMo&0&rDXHP&Ex&dxHP_equip/RE-dxAC_eq-pkgSEER-18.7-SEER2/instance-out.sql,CZ12,DMo,0,rDXHP,Ex,dxHP_equip,,RE-dxAC_eq-pkgSEER-18.7-SEER2,DMo&0&rDXHP&Ex&dxHP_equip,RE-dxAC_eq-pkgSEER-18.7-SEER2,"EnergyPlus, Version 9.5.0-de239b2e5f, YMD=2026.06.12 23:37",CA_SACRAMENTO-EXECUTIVE-AP CA USA Custom-724830 WMO#=724830,230.77,20.63,90.59,0.0,3083.15,3129.96,0.0,5167.03,0.0,1390.35,287.5,0.0,0.0,0.0,0.0,0.0,0.0,13057.98,9714.45,0.0,0.0,0.0,7813.66,0.0,0.0,0.0,0.0,0.0,0.0,11191.45,0.0,0.0,28719.55,,,40929.72,50500.8
SWHC049-09 SEER Rated AC HP_DMo/runs/CZ12/DMo&0&rDXHP&Ex&dxHP_equip/RE-dxAC_eq-pkgSEER-19.6-SEER2/instance-out.sql,CZ12,DMo,0,rDXHP,Ex,dxHP_equip,,RE-dxAC_eq-pkgSEER-19.6-SEER2,DMo&0&rDXHP&Ex&dxHP_equip,RE-dxAC_eq-pkgSEER-19.6-SEER2,"EnergyPlus, Version 9.5.0-de239b2e5f, YMD=2026.06.12 23:37",CA_SACRAMENTO-EXECUTIVE-AP CA USA Custom-724830 WMO#=724830,230.77,20.44,90.59,0.0,3039.24,3129.96,0.0,5167.03,0.0,1390.35,287.5,0.0,0.0,0.0,0.0,0.0,0.0,13014.07,9714.45,0.0,0.0,0.0,7813.66,0.0,0.0,0.0,0.0,0.0,0.0,11191.45,0.0,0.0,28719.55,,,40929.72,50500.8
SWHC049-09 SEER Rated AC HP_DMo/runs/CZ12/DMo&0&rDXHP&Ex&dxHP_equip/RE-dxHP_eq-pkgSEER-12.5-SEER2-6.4-HSPF2/instance-out.sql,CZ12,DMo,0,rDXHP,Ex,dxHP_equip,,RE-dxHP_eq-pkgSEER-12.5-SEER2-6.4-HSPF2,DMo&0&rDXHP&Ex&dxHP_equip,RE-dxHP_eq-pkgSEER-12.5-SEER2-6.4-HSPF2,,,,,,,,,,,,,,,,,,,,,,,,,,,,,,,,,,,,,,,
SWHC049-09 SEER Rated AC HP_DMo/runs/CZ12/DMo&0&rDXHP&Ex&dxHP_equip/RE-dxHP_eq-pkgSEER-14.3-SEER2-7.5-HSPF2/instance-out.sql,CZ12,DMo,0,rDXHP,Ex,dxHP_equip,,RE-dxHP_eq-pkgSEER-14.3-SEER2-7.5-HSPF2,DMo&0&rDXHP&Ex&dxHP_equip,RE-dxHP_eq-pkgSEER-14.3-SEER2-7.5-HSPF2,,,,,,,,,,,,,,,,,,,,,,,,,,,,,,,,,,,,,,,
SWHC049-09 SEER Rated AC HP_DMo/runs/CZ12/DMo&0&rDXHP&Ex&dxHP_equip/RE-dxHP_eq-pkgSEER-15.2-SEER2-7.7-HSPF2/instance-out.sql,CZ12,DMo,0,rDXHP,Ex,dxHP_equip,,RE-dxHP_eq-pkgSEER-15.2-SEER2-7.7-HSPF2,DMo&0&rDXHP&Ex&dxHP_equip,RE-dxHP_eq-pkgSEER-15.2-SEER2-7.7-HSPF2,,,,,,,,,,,,,,,,,,,,,,,,,,,,,,,,,,,,,,,
SWHC049-09 SEER Rated AC HP_DMo/runs/CZ12/DMo&0&rDXHP&Ex&dxHP_equip/RE-dxHP_eq-pkgSEER-16.0-SEER2-8.0-HSPF2/instance-out.sql,CZ12,DMo,0,rDXHP,Ex,dxHP_equip,,RE-dxHP_eq-pkgSEER-16.0-SEER2-8.0-HSPF2,DMo&0&rDXHP&Ex&dxHP_equip,RE-dxHP_eq-pkgSEER-16.0-SEER2-8.0-HSPF2,,,,,,,,,,,,,,,,,,,,,,,,,,,,,,,,,,,,,,,
SWHC049-09 SEER Rated AC HP_DMo/runs/CZ12/DMo&0&rDXHP&Ex&dxHP_equip/RE-dxHP_eq-pkgSEER-17.8-SEER2-8.1-HSPF2/instance-out.sql,CZ12,DMo,0,rDXHP,Ex,dxHP_equip,,RE-dxHP_eq-pkgSEER-17.8-SEER2-8.1-HSPF2,DMo&0&rDXHP&Ex&dxHP_equip,RE-dxHP_eq-pkgSEER-17.8-SEER2-8.1-HSPF2,,,,,,,,,,,,,,,,,,,,,,,,,,,,,,,,,,,,,,,
SWHC049-09 SEER Rated AC HP_DMo/runs/CZ12/DMo&0&rDXHP&Ex&dxHP_equip/RE-dxHP_eq-pkgSEER-18.7-SEER2-8.5-HSPF2/instance-out.sql,CZ12,DMo,0,rDXHP,Ex,dxHP_equip,,RE-dxHP_eq-pkgSEER-18.7-SEER2-8.5-HSPF2,DMo&0&rDXHP&Ex&dxHP_equip,RE-dxHP_eq-pkgSEER-18.7-SEER2-8.5-HSPF2,,,,,,,,,,,,,,,,,,,,,,,,,,,,,,,,,,,,,,,
SWHC049-09 SEER Rated AC HP_DMo/runs/CZ12/DMo&0&rDXHP&Ex&dxHP_equip/RE-dxHP_eq-pkgSEER-19.6-SEER2-8.9-HSPF2/instance-out.sql,CZ12,DMo,0,rDXHP,Ex,dxHP_equip,,RE-dxHP_eq-pkgSEER-19.6-SEER2-8.9-HSPF2,DMo&0&rDXHP&Ex&dxHP_equip,RE-dxHP_eq-pkgSEER-19.6-SEER2-8.9-HSPF2,,,,,,,,,,,,,,,,,,,,,,,,,,,,,,,,,,,,,,,
SWHC049-09 SEER Rated AC HP_DMo/runs/CZ11/DMo&0&rDXHP&New&dxHP_equip/RE-dxAC_eq-pkgSEER-12.5-SEER2/instance-out.sql,CZ11,DMo,0,rDXHP,New,dxHP_equip,,RE-dxAC_eq-pkgSEER-12.5-SEER2,DMo&0&rDXHP&New&dxHP_equip,RE-dxAC_eq-pkgSEER-12.5-SEER2,"EnergyPlus, Version 9.5.0-de239b2e5f, YMD=2026.06.12 23:36",CA_RED-BLUFF-MUNI-AP CA USA Custom-725910 WMO#=725910,230.77,33.67,71.29,0.0,5048.86,3129.96,0.0,5167.03,0.0,2535.51,185.32,0.0,0.0,0.0,0.0,0.0,0.0,16066.67,5292.32,0.0,0.0,0.0,7813.66,0.0,0.0,0.0,0.0,0.0,0.0,11160.05,0.0,0.0,24266.02,,,40265.96,50292.02
SWHC049-09 SEER Rated AC HP_DMo/runs/CZ11/DMo&0&rDXHP&New&dxHP_equip/RE-dxAC_eq-pkgSEER-13.8-SEER2/instance-out.sql,CZ11,DMo,0,rDXHP,New,dxHP_equip,,RE-dxAC_eq-pkgSEER-13.8-SEER2,DMo&0&rDXHP&New&dxHP_equip,RE-dxAC_eq-pkgSEER-13.8-SEER2,"EnergyPlus, Version 9.5.0-de239b2e5f, YMD=2026.06.12 23:36",CA_RED-BLUFF-MUNI-AP CA USA Custom-725910 WMO#=725910,230.77,32.32,71.29,0.0,4737.36,3129.96,0.0,5167.03,0.0,2535.51,185.32,0.0,0.0,0.0,0.0,0.0,0.0,15755.18,5292.32,0.0,0.0,0.0,7813.66,0.0,0.0,0.0,0.0,0.0,0.0,11160.05,0.0,0.0,24266.02,,,40265.96,50292.02
SWHC049-09 SEER Rated AC HP_DMo/runs/CZ11/DMo&0&rDXHP&New&dxHP_equip/RE-dxAC_eq-pkgSEER-14.3-SEER2/instance-out.sql,CZ11,DMo,0,rDXHP,New,dxHP_equip,,RE-dxAC_eq-pkgSEER-14.3-SEER2,DMo&0&rDXHP&New&dxHP_equip,RE-dxAC_eq-pkgSEER-14.3-SEER2,"EnergyPlus, Version 9.5.0-de239b2e5f, YMD=2026.06.12 23:36",CA_RED-BLUFF-MUNI-AP CA USA Custom-725910 WMO#=725910,230.77,31.9,71.29,0.0,4641.9,3129.96,0.0,5167.03,0.0,2535.51,185.32,0.0,0.0,0.0,0.0,0.0,0.0,15659.71,5292.32,0.0,0.0,0.0,7813.66,0.0,0.0,0.0,0.0,0.0,0.0,11160.05,0.0,0.0,24266.02,,,40265.96,50292.02
SWHC049-09 SEER Rated AC HP_DMo/runs/CZ11/DMo&0&rDXHP&New&dxHP_equip/RE-dxAC_eq-pkgSEER-15.2-SEER2/instance-out.sql,CZ11,DMo,0,rDXHP,New,dxHP_equip,,RE-dxAC_eq-pkgSEER-15.2-SEER2,DMo&0&rDXHP&New&dxHP_equip,RE-dxAC_eq-pkgSEER-15.2-SEER2,"EnergyPlus, Version 9.5.0-de239b2e5f, YMD=2026.06.12 23:36",CA_RED-BLUFF-MUNI-AP CA USA Custom-725910 WMO#=725910,230.77,31.22,71.29,0.0,4483.78,3129.96,0.0,5167.03,0.0,2535.51,185.32,0.0,0.0,0.0,0.0,0.0,0.0,15501.6,5292.32,0.0,0.0,0.0,7813.66,0.0,0.0,0.0,0.0,0.0,0.0,11160.05,0.0,0.0,24266.02,,,40265.96,50292.02
SWHC049-09 SEER Rated AC HP_DMo/runs/CZ11/DMo&0&rDXHP&New&dxHP_equip/RE-dxAC_eq-pkgSEER-16.9-SEER2/instance-out.sql,CZ11,DMo,0,rDXHP,New,dxHP_equip,,RE-dxAC_eq-pkgSEER-16.9-SEER2,DMo&0&rDXHP&New&dxHP_equip,RE-dxAC_eq-pkgSEER-16.9-SEER2,"EnergyPlus, Version 9.5.0-de239b2e5f, YMD=2026.06.12 23:36",CA_RED-BLUFF-MUNI-AP CA USA Custom-725910 WMO#=725910,230.77,24.36,74.4,0.0,4195.03,3129.96,0.0,5167.03,0.0,1227.23,199.28,0.0,0.0,0.0,0.0,0.0,0.0,13918.53,6013.3,0.0,0.0,0.0,7813.66,0.0,0.0,0.0,0.0,0.0,0.0,11155.63,0.0,0.0,24982.59,,,40265.96,50292.02
SWHC049-09 SEER Rated AC HP_DMo/runs/CZ11/DMo&0&rDXHP&New&dxHP_equip/RE-dxAC_eq-pkgSEER-17.8-SEER2/instance-out.sql,CZ11,DMo,0,rDXHP,New,dxHP_equip,,RE-dxAC_eq-pkgSEER-17.8-SEER2,DMo&0&rDXHP&New&dxHP_equip,RE-dxAC_eq-pkgSEER-17.8-SEER2,"EnergyPlus, Version 9.5.0-de239b2e5f, YMD=2026.06.12 23:36",CA_RED-BLUFF-MUNI-AP CA USA Custom-725910 WMO#=725910,230.77,23.97,74.4,0.0,4105.12,3129.96,0.0,5167.03,0.0,1227.23,199.28,0.0,0.0,0.0,0.0,0.0,0.0,13828.62,6013.3,0.0,0.0,0.0,7813.66,0.0,0.0,0.0,0.0,0.0,0.0,11155.63,0.0,0.0,24982.59,,,40265.96,50292.02
SWHC049-09 SEER Rated AC HP_DMo/runs/CZ11/DMo&0&rDXHP&New&dxHP_equip/RE-dxAC_eq-pkgSEER-18.7-SEER2/instance-out.sql,CZ11,DMo,0,rDXHP,New,dxHP_equip,,RE-dxAC_eq-pkgSEER-18.7-SEER2,DMo&0&rDXHP&New&dxHP_equip,RE-dxAC_eq-pkgSEER-18.7-SEER2,"EnergyPlus, Version 9.5.0-de239b2e5f, YMD=2026.06.12 23:36",CA_RED-BLUFF-MUNI-AP CA USA Custom-725910 WMO#=725910,230.77,23.67,74.4,0.0,4036.06,3129.96,0.0,5167.03,0.0,1227.23,199.28,0.0,0.0,0.0,0.0,0.0,0.0,13759.55,6013.3,0.0,0.0,0.0,7813.66,0.0,0.0,0.0,0.0,0.0,0.0,11155.63,0.0,0.0,24982.59,,,40265.96,50292.02
SWHC049-09 SEER Rated AC HP_DMo/runs/CZ11/DMo&0&rDXHP&New&dxHP_equip/RE-dxAC_eq-pkgSEER-19.6-SEER2/instance-out.sql,CZ11,DMo,0,rDXHP,New,dxHP_equip,,RE-dxAC_eq-pkgSEER-19.6-SEER2,DMo&0&rDXHP&New&dxHP_equip,RE-dxAC_eq-pkgSEER-19.6-SEER2,"EnergyPlus, Version 9.5.0-de239b2e5f, YMD=2026.06.12 23:36",CA_RED-BLUFF-MUNI-AP CA USA Custom-725910 WMO#=725910,230.77,23.42,74.4,0.0,3977.61,3129.96,0.0,5167.03,0.0,1227.23,199.28,0.0,0.0,0.0,0.0,0.0,0.0,13701.1,6013.3,0.0,0.0,0.0,7813.66,0.0,0.0,0.0,0.0,0.0,0.0,11155.63,0.0,0.0,24982.59,,,40265.96,50292.02
SWHC049-09 SEER Rated AC HP_DMo/runs/CZ11/DMo&0&rDXHP&New&dxHP_equip/RE-dxHP_eq-pkgSEER-12.5-SEER2-6.4-HSPF2/instance-out.sql,CZ11,DMo,0,rDXHP,New,dxHP_equip,,RE-dxHP_eq-pkgSEER-12.5-SEER2-6.4-HSPF2,DMo&0&rDXHP&New&dxHP_equip,RE-dxHP_eq-pkgSEER-12.5-SEER2-6.4-HSPF2,,,,,,,,,,,,,,,,,,,,,,,,,,,,,,,,,,,,,,,
SWHC049-09 SEER Rated AC HP_DMo/runs/CZ11/DMo&0&rDXHP&New&dxHP_equip/RE-dxHP_eq-pkgSEER-14.3-SEER2-7.5-HSPF2/instance-out.sql,CZ11,DMo,0,rDXHP,New,dxHP_equip,,RE-dxHP_eq-pkgSEER-14.3-SEER2-7.5-HSPF2,DMo&0&rDXHP&New&dxHP_equip,RE-dxHP_eq-pkgSEER-14.3-SEER2-7.5-HSPF2,,,,,,,,,,,,,,,,,,,,,,,,,,,,,,,,,,,,,,,
SWHC049-09 SEER Rated AC HP_DMo/runs/CZ11/DMo&0&rDXHP&New&dxHP_equip/RE-dxHP_eq-pkgSEER-15.2-SEER2-7.7-HSPF2/instance-out.sql,CZ11,DMo,0,rDXHP,New,dxHP_equip,,RE-dxHP_eq-pkgSEER-15.2-SEER2-7.7-HSPF2,DMo&0&rDXHP&New&dxHP_equip,RE-dxHP_eq-pkgSEER-15.2-SEER2-7.7-HSPF2,,,,,,,,,,,,,,,,,,,,,,,,,,,,,,,,,,,,,,,
SWHC049-09 SEER Rated AC HP_DMo/runs/CZ11/DMo&0&rDXHP&New&dxHP_equip/RE-dxHP_eq-pkgSEER-16.0-SEER2-8.0-HSPF2/instance-out.sql,CZ11,DMo,0,rDXHP,New,dxHP_equip,,RE-dxHP_eq-pkgSEER-16.0-SEER2-8.0-HSPF2,DMo&0&rDXHP&New&dxHP_equip,RE-dxHP_eq-pkgSEER-16.0-SEER2-8.0-HSPF2,,,,,,,,,,,,,,,,,,,,,,,,,,,,,,,,,,,,,,,
SWHC049-09 SEER Rated AC HP_DMo/runs/CZ11/DMo&0&rDXHP&New&dxHP_equip/RE-dxHP_eq-pkgSEER-17.8-SEER2-8.1-HSPF2/instance-out.sql,CZ11,DMo,0,rDXHP,New,dxHP_equip,,RE-dxHP_eq-pkgSEER-17.8-SEER2-8.1-HSPF2,DMo&0&rDXHP&New&dxHP_equip,RE-dxHP_eq-pkgSEER-17.8-SEER2-8.1-HSPF2,,,,,,,,,,,,,,,,,,,,,,,,,,,,,,,,,,,,,,,
SWHC049-09 SEER Rated AC HP_DMo/runs/CZ11/DMo&0&rDXHP&New&dxHP_equip/RE-dxHP_eq-pkgSEER-18.7-SEER2-8.5-HSPF2/instance-out.sql,CZ11,DMo,0,rDXHP,New,dxHP_equip,,RE-dxHP_eq-pkgSEER-18.7-SEER2-8.5-HSPF2,DMo&0&rDXHP&New&dxHP_equip,RE-dxHP_eq-pkgSEER-18.7-SEER2-8.5-HSPF2,,,,,,,,,,,,,,,,,,,,,,,,,,,,,,,,,,,,,,,
SWHC049-09 SEER Rated AC HP_DMo/runs/CZ11/DMo&0&rDXHP&New&dxHP_equip/RE-dxHP_eq-pkgSEER-19.6-SEER2-8.9-HSPF2/instance-out.sql,CZ11,DMo,0,rDXHP,New,dxHP_equip,,RE-dxHP_eq-pkgSEER-19.6-SEER2-8.9-HSPF2,DMo&0&rDXHP&New&dxHP_equip,RE-dxHP_eq-pkgSEER-19.6-SEER2-8.9-HSPF2,,,,,,,,,,,,,,,,,,,,,,,,,,,,,,,,,,,,,,,
SWHC049-09 SEER Rated AC HP_DMo/runs/CZ11/DMo&0&rDXHP&Ex&dxHP_equip/RE-dxAC_eq-pkgSEER-12.5-SEER2/instance-out.sql,CZ11,DMo,0,rDXHP,Ex,dxHP_equip,,RE-dxAC_eq-pkgSEER-12.5-SEER2,DMo&0&rDXHP&Ex&dxHP_equip,RE-dxAC_eq-pkgSEER-12.5-SEER2,"EnergyPlus, Version 9.5.0-de239b2e5f, YMD=2026.06.12 23:34",CA_RED-BLUFF-MUNI-AP CA USA Custom-725910 WMO#=725910,230.77,42.2,85.69,0.0,6098.95,3129.96,0.0,5167.03,0.0,3370.73,268.76,0.0,0.0,0.0,0.0,0.0,0.0,18035.42,8607.77,0.0,0.0,0.0,7813.66,0.0,0.0,0.0,0.0,0.0,0.0,11167.02,0.0,0.0,27588.45,,,43189.33,53943.18
SWHC049-09 SEER Rated AC HP_DMo/runs/CZ11/DMo&0&rDXHP&Ex&dxHP_equip/RE-dxAC_eq-pkgSEER-13.8-SEER2/instance-out.sql,CZ11,DMo,0,rDXHP,Ex,dxHP_equip,,RE-dxAC_eq-pkgSEER-13.8-SEER2,DMo&0&rDXHP&Ex&dxHP_equip,RE-dxAC_eq-pkgSEER-13.8-SEER2,"EnergyPlus, Version 9.5.0-de239b2e5f, YMD=2026.06.12 23:34",CA_RED-BLUFF-MUNI-AP CA USA Custom-725910 WMO#=725910,230.77,40.57,85.69,0.0,5722.66,3129.96,0.0,5167.03,0.0,3370.73,268.76,0.0,0.0,0.0,0.0,0.0,0.0,17659.14,8607.77,0.0,0.0,0.0,7813.66,0.0,0.0,0.0,0.0,0.0,0.0,11167.02,0.0,0.0,27588.45,,,43189.33,53943.18
SWHC049-09 SEER Rated AC HP_DMo/runs/CZ11/DMo&0&rDXHP&Ex&dxHP_equip/RE-dxAC_eq-pkgSEER-14.3-SEER2/instance-out.sql,CZ11,DMo,0,rDXHP,Ex,dxHP_equip,,RE-dxAC_eq-pkgSEER-14.3-SEER2,DMo&0&rDXHP&Ex&dxHP_equip,RE-dxAC_eq-pkgSEER-14.3-SEER2,"EnergyPlus, Version 9.5.0-de239b2e5f, YMD=2026.06.12 23:34",CA_RED-BLUFF-MUNI-AP CA USA Custom-725910 WMO#=725910,230.77,40.07,85.69,0.0,5607.35,3129.96,0.0,5167.03,0.0,3370.73,268.76,0.0,0.0,0.0,0.0,0.0,0.0,17543.82,8607.77,0.0,0.0,0.0,7813.66,0.0,0.0,0.0,0.0,0.0,0.0,11167.02,0.0,0.0,27588.45,,,43189.33,53943.18
SWHC049-09 SEER Rated AC HP_DMo/runs/CZ11/DMo&0&rDXHP&Ex&dxHP_equip/RE-dxAC_eq-pkgSEER-15.2-SEER2/instance-out.sql,CZ11,DMo,0,rDXHP,Ex,dxHP_equip,,RE-dxAC_eq-pkgSEER-15.2-SEER2,DMo&0&rDXHP&Ex&dxHP_equip,RE-dxAC_eq-pkgSEER-15.2-SEER2,"EnergyPlus, Version 9.5.0-de239b2e5f, YMD=2026.06.12 23:34",CA_RED-BLUFF-MUNI-AP CA USA Custom-725910 WMO#=725910,230.77,39.24,85.69,0.0,5416.34,3129.96,0.0,5167.03,0.0,3370.73,268.76,0.0,0.0,0.0,0.0,0.0,0.0,17352.82,8607.77,0.0,0.0,0.0,7813.66,0.0,0.0,0.0,0.0,0.0,0.0,11167.02,0.0,0.0,27588.45,,,43189.33,53943.18
SWHC049-09 SEER Rated AC HP_DMo/runs/CZ11/DMo&0&rDXHP&Ex&dxHP_equip/RE-dxAC_eq-pkgSEER-16.9-SEER2/instance-out.sql,CZ11,DMo,0,rDXHP,Ex,dxHP_equip,,RE-dxAC_eq-pkgSEER-16.9-SEER2,DMo&0&rDXHP&Ex&dxHP_equip,RE-dxAC_eq-pkgSEER-16.9-SEER2,"EnergyPlus, Version 9.5.0-de239b2e5f, YMD=2026.06.12 23:34",CA_RED-BLUFF-MUNI-AP CA USA Custom-725910 WMO#=725910,230.77,29.96,90.18,0.0,4996.46,3129.96,0.0,5167.03,0.0,1630.09,286.51,0.0,0.0,0.0,0.0,0.0,0.0,15210.05,9648.67,0.0,0.0,0.0,7813.66,0.0,0.0,0.0,0.0,0.0,0.0,11161.73,0.0,0.0,28624.07,,,43189.33,53943.18
SWHC049-09 SEER Rated AC HP_DMo/runs/CZ11/DMo&0&rDXHP&Ex&dxHP_equip/RE-dxAC_eq-pkgSEER-17.8-SEER2/instance-out.sql,CZ11,DMo,0,rDXHP,Ex,dxHP_equip,,RE-dxAC_eq-pkgSEER-17.8-SEER2,DMo&0&rDXHP&Ex&dxHP_equip,RE-dxAC_eq-pkgSEER-17.8-SEER2,"EnergyPlus, Version 9.5.0-de239b2e5f, YMD=2026.06.12 23:36",CA_RED-BLUFF-MUNI-AP CA USA Custom-725910 WMO#=725910,230.77,29.49,90.18,0.0,4888.46,3129.96,0.0,5167.03,0.0,1630.09,286.51,0.0,0.0,0.0,0.0,0.0,0.0,15102.05,9648.67,0.0,0.0,0.0,7813.66,0.0,0.0,0.0,0.0,0.0,0.0,11161.73,0.0,0.0,28624.07,,,43189.33,53943.18
SWHC049-09 SEER Rated AC HP_DMo/runs/CZ11/DMo&0&rDXHP&Ex&dxHP_equip/RE-dxAC_eq-pkgSEER-18.7-SEER2/instance-out.sql,CZ11,DMo,0,rDXHP,Ex,dxHP_equip,,RE-dxAC_eq-pkgSEER-18.7-SEER2,DMo&0&rDXHP&Ex&dxHP_equip,RE-dxAC_eq-pkgSEER-18.7-SEER2,"EnergyPlus, Version 9.5.0-de239b2e5f, YMD=2026.06.12 23:36",CA_RED-BLUFF-MUNI-AP CA USA Custom-725910 WMO#=725910,230.77,29.13,90.18,0.0,4805.5,3129.96,0.0,5167.03,0.0,1630.09,286.51,0.0,0.0,0.0,0.0,0.0,0.0,15019.09,9648.67,0.0,0.0,0.0,7813.66,0.0,0.0,0.0,0.0,0.0,0.0,11161.73,0.0,0.0,28624.07,,,43189.33,53943.18
SWHC049-09 SEER Rated AC HP_DMo/runs/CZ11/DMo&0&rDXHP&Ex&dxHP_equip/RE-dxAC_eq-pkgSEER-19.6-SEER2/instance-out.sql,CZ11,DMo,0,rDXHP,Ex,dxHP_equip,,RE-dxAC_eq-pkgSEER-19.6-SEER2,DMo&0&rDXHP&Ex&dxHP_equip,RE-dxAC_eq-pkgSEER-19.6-SEER2,"EnergyPlus, Version 9.5.0-de239b2e5f, YMD=2026.06.12 23:36",CA_RED-BLUFF-MUNI-AP CA USA Custom-725910 WMO#=725910,230.77,28.82,90.18,0.0,4735.29,3129.96,0.0,5167.03,0.0,1630.09,286.51,0.0,0.0,0.0,0.0,0.0,0.0,14948.88,9648.67,0.0,0.0,0.0,7813.66,0.0,0.0,0.0,0.0,0.0,0.0,11161.73,0.0,0.0,28624.07,,,43189.33,53943.18
SWHC049-09 SEER Rated AC HP_DMo/runs/CZ11/DMo&0&rDXHP&Ex&dxHP_equip/RE-dxHP_eq-pkgSEER-12.5-SEER2-6.4-HSPF2/instance-out.sql,CZ11,DMo,0,rDXHP,Ex,dxHP_equip,,RE-dxHP_eq-pkgSEER-12.5-SEER2-6.4-HSPF2,DMo&0&rDXHP&Ex&dxHP_equip,RE-dxHP_eq-pkgSEER-12.5-SEER2-6.4-HSPF2,,,,,,,,,,,,,,,,,,,,,,,,,,,,,,,,,,,,,,,
SWHC049-09 SEER Rated AC HP_DMo/runs/CZ11/DMo&0&rDXHP&Ex&dxHP_equip/RE-dxHP_eq-pkgSEER-14.3-SEER2-7.5-HSPF2/instance-out.sql,CZ11,DMo,0,rDXHP,Ex,dxHP_equip,,RE-dxHP_eq-pkgSEER-14.3-SEER2-7.5-HSPF2,DMo&0&rDXHP&Ex&dxHP_equip,RE-dxHP_eq-pkgSEER-14.3-SEER2-7.5-HSPF2,,,,,,,,,,,,,,,,,,,,,,,,,,,,,,,,,,,,,,,
SWHC049-09 SEER Rated AC HP_DMo/runs/CZ11/DMo&0&rDXHP&Ex&dxHP_equip/RE-dxHP_eq-pkgSEER-15.2-SEER2-7.7-HSPF2/instance-out.sql,CZ11,DMo,0,rDXHP,Ex,dxHP_equip,,RE-dxHP_eq-pkgSEER-15.2-SEER2-7.7-HSPF2,DMo&0&rDXHP&Ex&dxHP_equip,RE-dxHP_eq-pkgSEER-15.2-SEER2-7.7-HSPF2,,,,,,,,,,,,,,,,,,,,,,,,,,,,,,,,,,,,,,,
SWHC049-09 SEER Rated AC HP_DMo/runs/CZ11/DMo&0&rDXHP&Ex&dxHP_equip/RE-dxHP_eq-pkgSEER-16.0-SEER2-8.0-HSPF2/instance-out.sql,CZ11,DMo,0,rDXHP,Ex,dxHP_equip,,RE-dxHP_eq-pkgSEER-16.0-SEER2-8.0-HSPF2,DMo&0&rDXHP&Ex&dxHP_equip,RE-dxHP_eq-pkgSEER-16.0-SEER2-8.0-HSPF2,,,,,,,,,,,,,,,,,,,,,,,,,,,,,,,,,,,,,,,
SWHC049-09 SEER Rated AC HP_DMo/runs/CZ11/DMo&0&rDXHP&Ex&dxHP_equip/RE-dxHP_eq-pkgSEER-17.8-SEER2-8.1-HSPF2/instance-out.sql,CZ11,DMo,0,rDXHP,Ex,dxHP_equip,,RE-dxHP_eq-pkgSEER-17.8-SEER2-8.1-HSPF2,DMo&0&rDXHP&Ex&dxHP_equip,RE-dxHP_eq-pkgSEER-17.8-SEER2-8.1-HSPF2,,,,,,,,,,,,,,,,,,,,,,,,,,,,,,,,,,,,,,,
SWHC049-09 SEER Rated AC HP_DMo/runs/CZ11/DMo&0&rDXHP&Ex&dxHP_equip/RE-dxHP_eq-pkgSEER-18.7-SEER2-8.5-HSPF2/instance-out.sql,CZ11,DMo,0,rDXHP,Ex,dxHP_equip,,RE-dxHP_eq-pkgSEER-18.7-SEER2-8.5-HSPF2,DMo&0&rDXHP&Ex&dxHP_equip,RE-dxHP_eq-pkgSEER-18.7-SEER2-8.5-HSPF2,,,,,,,,,,,,,,,,,,,,,,,,,,,,,,,,,,,,,,,
SWHC049-09 SEER Rated AC HP_DMo/runs/CZ11/DMo&0&rDXHP&Ex&dxHP_equip/RE-dxHP_eq-pkgSEER-19.6-SEER2-8.9-HSPF2/instance-out.sql,CZ11,DMo,0,rDXHP,Ex,dxHP_equip,,RE-dxHP_eq-pkgSEER-19.6-SEER2-8.9-HSPF2,DMo&0&rDXHP&Ex&dxHP_equip,RE-dxHP_eq-pkgSEER-19.6-SEER2-8.9-HSPF2,,,,,,,,,,,,,,,,,,,,,,,,,,,,,,,,,,,,,,,
SWHC049-09 SEER Rated AC HP_DMo/runs/CZ10/DMo&0&rDXHP&New&dxHP_equip/RE-dxAC_eq-pkgSEER-12.5-SEER2/instance-out.sql,CZ10,DMo,0,rDXHP,New,dxHP_equip,,RE-dxAC_eq-pkgSEER-12.5-SEER2,DMo&0&rDXHP&New&dxHP_equip,RE-dxAC_eq-pkgSEER-12.5-SEER2,"EnergyPlus, Version 9.5.0-de239b2e5f, YMD=2026.06.12 23:33",CA_RIVERSIDE-MUNI CA USA Custom-722869 WMO#=722869,230.77,22.24,58.77,0.0,3456.39,3129.96,0.0,5167.03,0.0,1568.94,107.64,0.0,0.0,0.0,0.0,0.0,0.0,13429.96,2523.09,0.0,0.0,0.0,7813.66,0.0,0.0,0.0,0.0,0.0,0.0,11040.21,0.0,0.0,21376.96,,,41815.79,48265.07
SWHC049-09 SEER Rated AC HP_DMo/runs/CZ10/DMo&0&rDXHP&New&dxHP_equip/RE-dxAC_eq-pkgSEER-13.8-SEER2/instance-out.sql,CZ10,DMo,0,rDXHP,New,dxHP_equip,,RE-dxAC_eq-pkgSEER-13.8-SEER2,DMo&0&rDXHP&New&dxHP_equip,RE-dxAC_eq-pkgSEER-13.8-SEER2,"EnergyPlus, Version 9.5.0-de239b2e5f, YMD=2026.06.12 23:33",CA_RIVERSIDE-MUNI CA USA Custom-722869 WMO#=722869,230.77,21.32,58.77,0.0,3243.15,3129.96,0.0,5167.03,0.0,1568.94,107.64,0.0,0.0,0.0,0.0,0.0,0.0,13216.71,2523.09,0.0,0.0,0.0,7813.66,0.0,0.0,0.0,0.0,0.0,0.0,11040.21,0.0,0.0,21376.96,,,41815.79,48265.07
SWHC049-09 SEER Rated AC HP_DMo/runs/CZ10/DMo&0&rDXHP&New&dxHP_equip/RE-dxAC_eq-pkgSEER-14.3-SEER2/instance-out.sql,CZ10,DMo,0,rDXHP,New,dxHP_equip,,RE-dxAC_eq-pkgSEER-14.3-SEER2,DMo&0&rDXHP&New&dxHP_equip,RE-dxAC_eq-pkgSEER-14.3-SEER2,"EnergyPlus, Version 9.5.0-de239b2e5f, YMD=2026.06.12 23:34",CA_RIVERSIDE-MUNI CA USA Custom-722869 WMO#=722869,230.77,21.04,58.77,0.0,3177.79,3129.96,0.0,5167.03,0.0,1568.94,107.64,0.0,0.0,0.0,0.0,0.0,0.0,13151.36,2523.09,0.0,0.0,0.0,7813.66,0.0,0.0,0.0,0.0,0.0,0.0,11040.21,0.0,0.0,21376.96,,,41815.79,48265.07
SWHC049-09 SEER Rated AC HP_DMo/runs/CZ10/DMo&0&rDXHP&New&dxHP_equip/RE-dxAC_eq-pkgSEER-15.2-SEER2/instance-out.sql,CZ10,DMo,0,rDXHP,New,dxHP_equip,,RE-dxAC_eq-pkgSEER-15.2-SEER2,DMo&0&rDXHP&New&dxHP_equip,RE-dxAC_eq-pkgSEER-15.2-SEER2,"EnergyPlus, Version 9.5.0-de239b2e5f, YMD=2026.06.12 23:34",CA_RIVERSIDE-MUNI CA USA Custom-722869 WMO#=722869,230.77,20.57,58.77,0.0,3069.55,3129.96,0.0,5167.03,0.0,1568.94,107.64,0.0,0.0,0.0,0.0,0.0,0.0,13043.11,2523.09,0.0,0.0,0.0,7813.66,0.0,0.0,0.0,0.0,0.0,0.0,11040.21,0.0,0.0,21376.96,,,41815.79,48265.07
SWHC049-09 SEER Rated AC HP_DMo/runs/CZ10/DMo&0&rDXHP&New&dxHP_equip/RE-dxAC_eq-pkgSEER-16.9-SEER2/instance-out.sql,CZ10,DMo,0,rDXHP,New,dxHP_equip,,RE-dxAC_eq-pkgSEER-16.9-SEER2,DMo&0&rDXHP&New&dxHP_equip,RE-dxAC_eq-pkgSEER-16.9-SEER2,"EnergyPlus, Version 9.5.0-de239b2e5f, YMD=2026.06.12 23:34",CA_RIVERSIDE-MUNI CA USA Custom-722869 WMO#=722869,230.77,16.17,60.44,0.0,2855.01,3129.96,0.0,5167.03,0.0,759.13,116.78,0.0,0.0,0.0,0.0,0.0,0.0,12027.91,2909.98,0.0,0.0,0.0,7813.66,0.0,0.0,0.0,0.0,0.0,0.0,11037.85,0.0,0.0,21761.49,,,41815.79,48265.07
SWHC049-09 SEER Rated AC HP_DMo/runs/CZ10/DMo&0&rDXHP&New&dxHP_equip/RE-dxAC_eq-pkgSEER-17.8-SEER2/instance-out.sql,CZ10,DMo,0,rDXHP,New,dxHP_equip,,RE-dxAC_eq-pkgSEER-17.8-SEER2,DMo&0&rDXHP&New&dxHP_equip,RE-dxAC_eq-pkgSEER-17.8-SEER2,"EnergyPlus, Version 9.5.0-de239b2e5f, YMD=2026.06.12 23:34",CA_RIVERSIDE-MUNI CA USA Custom-722869 WMO#=722869,230.77,15.9,60.44,0.0,2792.86,3129.96,0.0,5167.03,0.0,759.13,116.78,0.0,0.0,0.0,0.0,0.0,0.0,11965.76,2909.98,0.0,0.0,0.0,7813.66,0.0,0.0,0.0,0.0,0.0,0.0,11037.85,0.0,0.0,21761.49,,,41815.79,48265.07
SWHC049-09 SEER Rated AC HP_DMo/runs/CZ10/DMo&0&rDXHP&New&dxHP_equip/RE-dxAC_eq-pkgSEER-18.7-SEER2/instance-out.sql,CZ10,DMo,0,rDXHP,New,dxHP_equip,,RE-dxAC_eq-pkgSEER-18.7-SEER2,DMo&0&rDXHP&New&dxHP_equip,RE-dxAC_eq-pkgSEER-18.7-SEER2,"EnergyPlus, Version 9.5.0-de239b2e5f, YMD=2026.06.12 23:34",CA_RIVERSIDE-MUNI CA USA Custom-722869 WMO#=722869,230.77,15.69,60.44,0.0,2745.12,3129.96,0.0,5167.03,0.0,759.13,116.78,0.0,0.0,0.0,0.0,0.0,0.0,11918.02,2909.98,0.0,0.0,0.0,7813.66,0.0,0.0,0.0,0.0,0.0,0.0,11037.85,0.0,0.0,21761.49,,,41815.79,48265.07
SWHC049-09 SEER Rated AC HP_DMo/runs/CZ10/DMo&0&rDXHP&New&dxHP_equip/RE-dxAC_eq-pkgSEER-19.6-SEER2/instance-out.sql,CZ10,DMo,0,rDXHP,New,dxHP_equip,,RE-dxAC_eq-pkgSEER-19.6-SEER2,DMo&0&rDXHP&New&dxHP_equip,RE-dxAC_eq-pkgSEER-19.6-SEER2,"EnergyPlus, Version 9.5.0-de239b2e5f, YMD=2026.06.12 23:34",CA_RIVERSIDE-MUNI CA USA Custom-722869 WMO#=722869,230.77,15.52,60.44,0.0,2704.72,3129.96,0.0,5167.03,0.0,759.13,116.78,0.0,0.0,0.0,0.0,0.0,0.0,11877.62,2909.98,0.0,0.0,0.0,7813.66,0.0,0.0,0.0,0.0,0.0,0.0,11037.85,0.0,0.0,21761.49,,,41815.79,48265.07
SWHC049-09 SEER Rated AC HP_DMo/runs/CZ10/DMo&0&rDXHP&New&dxHP_equip/RE-dxHP_eq-pkgSEER-12.5-SEER2-6.4-HSPF2/instance-out.sql,CZ10,DMo,0,rDXHP,New,dxHP_equip,,RE-dxHP_eq-pkgSEER-12.5-SEER2-6.4-HSPF2,DMo&0&rDXHP&New&dxHP_equip,RE-dxHP_eq-pkgSEER-12.5-SEER2-6.4-HSPF2,,,,,,,,,,,,,,,,,,,,,,,,,,,,,,,,,,,,,,,
SWHC049-09 SEER Rated AC HP_DMo/runs/CZ10/DMo&0&rDXHP&New&dxHP_equip/RE-dxHP_eq-pkgSEER-14.3-SEER2-7.5-HSPF2/instance-out.sql,CZ10,DMo,0,rDXHP,New,dxHP_equip,,RE-dxHP_eq-pkgSEER-14.3-SEER2-7.5-HSPF2,DMo&0&rDXHP&New&dxHP_equip,RE-dxHP_eq-pkgSEER-14.3-SEER2-7.5-HSPF2,,,,,,,,,,,,,,,,,,,,,,,,,,,,,,,,,,,,,,,
SWHC049-09 SEER Rated AC HP_DMo/runs/CZ10/DMo&0&rDXHP&New&dxHP_equip/RE-dxHP_eq-pkgSEER-15.2-SEER2-7.7-HSPF2/instance-out.sql,CZ10,DMo,0,rDXHP,New,dxHP_equip,,RE-dxHP_eq-pkgSEER-15.2-SEER2-7.7-HSPF2,DMo&0&rDXHP&New&dxHP_equip,RE-dxHP_eq-pkgSEER-15.2-SEER2-7.7-HSPF2,,,,,,,,,,,,,,,,,,,,,,,,,,,,,,,,,,,,,,,
SWHC049-09 SEER Rated AC HP_DMo/runs/CZ10/DMo&0&rDXHP&New&dxHP_equip/RE-dxHP_eq-pkgSEER-16.0-SEER2-8.0-HSPF2/instance-out.sql,CZ10,DMo,0,rDXHP,New,dxHP_equip,,RE-dxHP_eq-pkgSEER-16.0-SEER2-8.0-HSPF2,DMo&0&rDXHP&New&dxHP_equip,RE-dxHP_eq-pkgSEER-16.0-SEER2-8.0-HSPF2,,,,,,,,,,,,,,,,,,,,,,,,,,,,,,,,,,,,,,,
SWHC049-09 SEER Rated AC HP_DMo/runs/CZ10/DMo&0&rDXHP&New&dxHP_equip/RE-dxHP_eq-pkgSEER-17.8-SEER2-8.1-HSPF2/instance-out.sql,CZ10,DMo,0,rDXHP,New,dxHP_equip,,RE-dxHP_eq-pkgSEER-17.8-SEER2-8.1-HSPF2,DMo&0&rDXHP&New&dxHP_equip,RE-dxHP_eq-pkgSEER-17.8-SEER2-8.1-HSPF2,,,,,,,,,,,,,,,,,,,,,,,,,,,,,,,,,,,,,,,
SWHC049-09 SEER Rated AC HP_DMo/runs/CZ10/DMo&0&rDXHP&New&dxHP_equip/RE-dxHP_eq-pkgSEER-18.7-SEER2-8.5-HSPF2/instance-out.sql,CZ10,DMo,0,rDXHP,New,dxHP_equip,,RE-dxHP_eq-pkgSEER-18.7-SEER2-8.5-HSPF2,DMo&0&rDXHP&New&dxHP_equip,RE-dxHP_eq-pkgSEER-18.7-SEER2-8.5-HSPF2,,,,,,,,,,,,,,,,,,,,,,,,,,,,,,,,,,,,,,,
SWHC049-09 SEER Rated AC HP_DMo/runs/CZ10/DMo&0&rDXHP&New&dxHP_equip/RE-dxHP_eq-pkgSEER-19.6-SEER2-8.9-HSPF2/instance-out.sql,CZ10,DMo,0,rDXHP,New,dxHP_equip,,RE-dxHP_eq-pkgSEER-19.6-SEER2-8.9-HSPF2,DMo&0&rDXHP&New&dxHP_equip,RE-dxHP_eq-pkgSEER-19.6-SEER2-8.9-HSPF2,,,,,,,,,,,,,,,,,,,,,,,,,,,,,,,,,,,,,,,
SWHC049-09 SEER Rated AC HP_DMo/runs/CZ10/DMo&0&rDXHP&Ex&dxHP_equip/RE-dxAC_eq-pkgSEER-12.5-SEER2/instance-out.sql,CZ10,DMo,0,rDXHP,Ex,dxHP_equip,,RE-dxAC_eq-pkgSEER-12.5-SEER2,DMo&0&rDXHP&Ex&dxHP_equip,RE-dxAC_eq-pkgSEER-12.5-SEER2,"EnergyPlus, Version 9.5.0-de239b2e5f, YMD=2026.06.12 23:32",CA_RIVERSIDE-MUNI CA USA Custom-722869 WMO#=722869,230.77,27.89,67.47,0.0,4125.87,3129.96,0.0,5167.03,0.0,2140.61,170.7,0.0,0.0,0.0,0.0,0.0,0.0,14734.16,4526.26,0.0,0.0,0.0,7813.66,0.0,0.0,0.0,0.0,0.0,0.0,11044.48,0.0,0.0,23384.4,,,44755.09,51657.619999999995
SWHC049-09 SEER Rated AC HP_DMo/runs/CZ10/DMo&0&rDXHP&Ex&dxHP_equip/RE-dxAC_eq-pkgSEER-13.8-SEER2/instance-out.sql,CZ10,DMo,0,rDXHP,Ex,dxHP_equip,,RE-dxAC_eq-pkgSEER-13.8-SEER2,DMo&0&rDXHP&Ex&dxHP_equip,RE-dxAC_eq-pkgSEER-13.8-SEER2,"EnergyPlus, Version 9.5.0-de239b2e5f, YMD=2026.06.12 23:32",CA_RIVERSIDE-MUNI CA USA Custom-722869 WMO#=722869,230.77,26.79,67.47,0.0,3871.32,3129.96,0.0,5167.03,0.0,2140.61,170.7,0.0,0.0,0.0,0.0,0.0,0.0,14479.61,4526.26,0.0,0.0,0.0,7813.66,0.0,0.0,0.0,0.0,0.0,0.0,11044.48,0.0,0.0,23384.4,,,44755.09,51657.619999999995
SWHC049-09 SEER Rated AC HP_DMo/runs/CZ10/DMo&0&rDXHP&Ex&dxHP_equip/RE-dxAC_eq-pkgSEER-14.3-SEER2/instance-out.sql,CZ10,DMo,0,rDXHP,Ex,dxHP_equip,,RE-dxAC_eq-pkgSEER-14.3-SEER2,DMo&0&rDXHP&Ex&dxHP_equip,RE-dxAC_eq-pkgSEER-14.3-SEER2,"EnergyPlus, Version 9.5.0-de239b2e5f, YMD=2026.06.12 23:32",CA_RIVERSIDE-MUNI CA USA Custom-722869 WMO#=722869,230.77,26.45,67.47,0.0,3793.3,3129.96,0.0,5167.03,0.0,2140.61,170.7,0.0,0.0,0.0,0.0,0.0,0.0,14401.6,4526.26,0.0,0.0,0.0,7813.66,0.0,0.0,0.0,0.0,0.0,0.0,11044.48,0.0,0.0,23384.4,,,44755.09,51657.619999999995
SWHC049-09 SEER Rated AC HP_DMo/runs/CZ10/DMo&0&rDXHP&Ex&dxHP_equip/RE-dxAC_eq-pkgSEER-15.2-SEER2/instance-out.sql,CZ10,DMo,0,rDXHP,Ex,dxHP_equip,,RE-dxAC_eq-pkgSEER-15.2-SEER2,DMo&0&rDXHP&Ex&dxHP_equip,RE-dxAC_eq-pkgSEER-15.2-SEER2,"EnergyPlus, Version 9.5.0-de239b2e5f, YMD=2026.06.12 23:32",CA_RIVERSIDE-MUNI CA USA Custom-722869 WMO#=722869,230.77,25.89,67.47,0.0,3664.09,3129.96,0.0,5167.03,0.0,2140.61,170.7,0.0,0.0,0.0,0.0,0.0,0.0,14272.38,4526.26,0.0,0.0,0.0,7813.66,0.0,0.0,0.0,0.0,0.0,0.0,11044.48,0.0,0.0,23384.4,,,44755.09,51657.619999999995
SWHC049-09 SEER Rated AC HP_DMo/runs/CZ10/DMo&0&rDXHP&Ex&dxHP_equip/RE-dxAC_eq-pkgSEER-16.9-SEER2/instance-out.sql,CZ10,DMo,0,rDXHP,Ex,dxHP_equip,,RE-dxAC_eq-pkgSEER-16.9-SEER2,DMo&0&rDXHP&Ex&dxHP_equip,RE-dxAC_eq-pkgSEER-16.9-SEER2,"EnergyPlus, Version 9.5.0-de239b2e5f, YMD=2026.06.12 23:32",CA_RIVERSIDE-MUNI CA USA Custom-722869 WMO#=722869,230.77,19.9,70.1,0.0,3371.63,3129.96,0.0,5167.03,0.0,1038.16,183.38,0.0,0.0,0.0,0.0,0.0,0.0,12890.16,5135.94,0.0,0.0,0.0,7813.66,0.0,0.0,0.0,0.0,0.0,0.0,11040.75,0.0,0.0,23990.35,,,44755.09,51657.619999999995
SWHC049-09 SEER Rated AC HP_DMo/runs/CZ10/DMo&0&rDXHP&Ex&dxHP_equip/RE-dxAC_eq-pkgSEER-17.8-SEER2/instance-out.sql,CZ10,DMo,0,rDXHP,Ex,dxHP_equip,,RE-dxAC_eq-pkgSEER-17.8-SEER2,DMo&0&rDXHP&Ex&dxHP_equip,RE-dxAC_eq-pkgSEER-17.8-SEER2,"EnergyPlus, Version 9.5.0-de239b2e5f, YMD=2026.06.12 23:33",CA_RIVERSIDE-MUNI CA USA Custom-722869 WMO#=722869,230.77,19.58,70.1,0.0,3297.82,3129.96,0.0,5167.03,0.0,1038.16,183.38,0.0,0.0,0.0,0.0,0.0,0.0,12816.34,5135.94,0.0,0.0,0.0,7813.66,0.0,0.0,0.0,0.0,0.0,0.0,11040.75,0.0,0.0,23990.35,,,44755.09,51657.619999999995
SWHC049-09 SEER Rated AC HP_DMo/runs/CZ10/DMo&0&rDXHP&Ex&dxHP_equip/RE-dxAC_eq-pkgSEER-18.7-SEER2/instance-out.sql,CZ10,DMo,0,rDXHP,Ex,dxHP_equip,,RE-dxAC_eq-pkgSEER-18.7-SEER2,DMo&0&rDXHP&Ex&dxHP_equip,RE-dxAC_eq-pkgSEER-18.7-SEER2,"EnergyPlus, Version 9.5.0-de239b2e5f, YMD=2026.06.12 23:33",CA_RIVERSIDE-MUNI CA USA Custom-722869 WMO#=722869,230.77,19.34,70.1,0.0,3241.12,3129.96,0.0,5167.03,0.0,1038.16,183.38,0.0,0.0,0.0,0.0,0.0,0.0,12759.65,5135.94,0.0,0.0,0.0,7813.66,0.0,0.0,0.0,0.0,0.0,0.0,11040.75,0.0,0.0,23990.35,,,44755.09,51657.619999999995
SWHC049-09 SEER Rated AC HP_DMo/runs/CZ10/DMo&0&rDXHP&Ex&dxHP_equip/RE-dxAC_eq-pkgSEER-19.6-SEER2/instance-out.sql,CZ10,DMo,0,rDXHP,Ex,dxHP_equip,,RE-dxAC_eq-pkgSEER-19.6-SEER2,DMo&0&rDXHP&Ex&dxHP_equip,RE-dxAC_eq-pkgSEER-19.6-SEER2,"EnergyPlus, Version 9.5.0-de239b2e5f, YMD=2026.06.12 23:33",CA_RIVERSIDE-MUNI CA USA Custom-722869 WMO#=722869,230.77,19.13,70.1,0.0,3193.14,3129.96,0.0,5167.03,0.0,1038.16,183.38,0.0,0.0,0.0,0.0,0.0,0.0,12711.66,5135.94,0.0,0.0,0.0,7813.66,0.0,0.0,0.0,0.0,0.0,0.0,11040.75,0.0,0.0,23990.35,,,44755.09,51657.619999999995
SWHC049-09 SEER Rated AC HP_DMo/runs/CZ10/DMo&0&rDXHP&Ex&dxHP_equip/RE-dxHP_eq-pkgSEER-12.5-SEER2-6.4-HSPF2/instance-out.sql,CZ10,DMo,0,rDXHP,Ex,dxHP_equip,,RE-dxHP_eq-pkgSEER-12.5-SEER2-6.4-HSPF2,DMo&0&rDXHP&Ex&dxHP_equip,RE-dxHP_eq-pkgSEER-12.5-SEER2-6.4-HSPF2,,,,,,,,,,,,,,,,,,,,,,,,,,,,,,,,,,,,,,,
SWHC049-09 SEER Rated AC HP_DMo/runs/CZ10/DMo&0&rDXHP&Ex&dxHP_equip/RE-dxHP_eq-pkgSEER-14.3-SEER2-7.5-HSPF2/instance-out.sql,CZ10,DMo,0,rDXHP,Ex,dxHP_equip,,RE-dxHP_eq-pkgSEER-14.3-SEER2-7.5-HSPF2,DMo&0&rDXHP&Ex&dxHP_equip,RE-dxHP_eq-pkgSEER-14.3-SEER2-7.5-HSPF2,,,,,,,,,,,,,,,,,,,,,,,,,,,,,,,,,,,,,,,
SWHC049-09 SEER Rated AC HP_DMo/runs/CZ10/DMo&0&rDXHP&Ex&dxHP_equip/RE-dxHP_eq-pkgSEER-15.2-SEER2-7.7-HSPF2/instance-out.sql,CZ10,DMo,0,rDXHP,Ex,dxHP_equip,,RE-dxHP_eq-pkgSEER-15.2-SEER2-7.7-HSPF2,DMo&0&rDXHP&Ex&dxHP_equip,RE-dxHP_eq-pkgSEER-15.2-SEER2-7.7-HSPF2,,,,,,,,,,,,,,,,,,,,,,,,,,,,,,,,,,,,,,,
SWHC049-09 SEER Rated AC HP_DMo/runs/CZ10/DMo&0&rDXHP&Ex&dxHP_equip/RE-dxHP_eq-pkgSEER-16.0-SEER2-8.0-HSPF2/instance-out.sql,CZ10,DMo,0,rDXHP,Ex,dxHP_equip,,RE-dxHP_eq-pkgSEER-16.0-SEER2-8.0-HSPF2,DMo&0&rDXHP&Ex&dxHP_equip,RE-dxHP_eq-pkgSEER-16.0-SEER2-8.0-HSPF2,,,,,,,,,,,,,,,,,,,,,,,,,,,,,,,,,,,,,,,
SWHC049-09 SEER Rated AC HP_DMo/runs/CZ10/DMo&0&rDXHP&Ex&dxHP_equip/RE-dxHP_eq-pkgSEER-17.8-SEER2-8.1-HSPF2/instance-out.sql,CZ10,DMo,0,rDXHP,Ex,dxHP_equip,,RE-dxHP_eq-pkgSEER-17.8-SEER2-8.1-HSPF2,DMo&0&rDXHP&Ex&dxHP_equip,RE-dxHP_eq-pkgSEER-17.8-SEER2-8.1-HSPF2,,,,,,,,,,,,,,,,,,,,,,,,,,,,,,,,,,,,,,,
SWHC049-09 SEER Rated AC HP_DMo/runs/CZ10/DMo&0&rDXHP&Ex&dxHP_equip/RE-dxHP_eq-pkgSEER-18.7-SEER2-8.5-HSPF2/instance-out.sql,CZ10,DMo,0,rDXHP,Ex,dxHP_equip,,RE-dxHP_eq-pkgSEER-18.7-SEER2-8.5-HSPF2,DMo&0&rDXHP&Ex&dxHP_equip,RE-dxHP_eq-pkgSEER-18.7-SEER2-8.5-HSPF2,,,,,,,,,,,,,,,,,,,,,,,,,,,,,,,,,,,,,,,
SWHC049-09 SEER Rated AC HP_DMo/runs/CZ10/DMo&0&rDXHP&Ex&dxHP_equip/RE-dxHP_eq-pkgSEER-19.6-SEER2-8.9-HSPF2/instance-out.sql,CZ10,DMo,0,rDXHP,Ex,dxHP_equip,,RE-dxHP_eq-pkgSEER-19.6-SEER2-8.9-HSPF2,DMo&0&rDXHP&Ex&dxHP_equip,RE-dxHP_eq-pkgSEER-19.6-SEER2-8.9-HSPF2,,,,,,,,,,,,,,,,,,,,,,,,,,,,,,,,,,,,,,,
SWHC049-09 SEER Rated AC HP_DMo/runs/CZ09/DMo&0&rDXHP&New&dxHP_equip/RE-dxAC_eq-pkgSEER-12.5-SEER2/instance-out.sql,CZ09,DMo,0,rDXHP,New,dxHP_equip,,RE-dxAC_eq-pkgSEER-12.5-SEER2,DMo&0&rDXHP&New&dxHP_equip,RE-dxAC_eq-pkgSEER-12.5-SEER2,"EnergyPlus, Version 9.5.0-de239b2e5f, YMD=2026.06.12 23:31",CA_BURBANK-GLNDLE-PASAD-AP CA USA Custom-722880 WMO#=722880,230.77,25.66,58.25,0.0,4109.53,3129.96,0.0,5167.03,0.0,1708.5,104.38,0.0,0.0,0.0,0.0,0.0,0.0,14219.41,2362.27,0.0,0.0,0.0,7813.66,0.0,0.0,0.0,0.0,0.0,0.0,11079.88,0.0,0.0,21255.81,,,48101.58,48793.14
SWHC049-09 SEER Rated AC HP_DMo/runs/CZ09/DMo&0&rDXHP&New&dxHP_equip/RE-dxAC_eq-pkgSEER-13.8-SEER2/instance-out.sql,CZ09,DMo,0,rDXHP,New,dxHP_equip,,RE-dxAC_eq-pkgSEER-13.8-SEER2,DMo&0&rDXHP&New&dxHP_equip,RE-dxAC_eq-pkgSEER-13.8-SEER2,"EnergyPlus, Version 9.5.0-de239b2e5f, YMD=2026.06.12 23:31",CA_BURBANK-GLNDLE-PASAD-AP CA USA Custom-722880 WMO#=722880,230.77,24.56,58.25,0.0,3855.99,3129.96,0.0,5167.03,0.0,1708.5,104.38,0.0,0.0,0.0,0.0,0.0,0.0,13965.86,2362.27,0.0,0.0,0.0,7813.66,0.0,0.0,0.0,0.0,0.0,0.0,11079.88,0.0,0.0,21255.81,,,48101.58,48793.14
SWHC049-09 SEER Rated AC HP_DMo/runs/CZ09/DMo&0&rDXHP&New&dxHP_equip/RE-dxAC_eq-pkgSEER-14.3-SEER2/instance-out.sql,CZ09,DMo,0,rDXHP,New,dxHP_equip,,RE-dxAC_eq-pkgSEER-14.3-SEER2,DMo&0&rDXHP&New&dxHP_equip,RE-dxAC_eq-pkgSEER-14.3-SEER2,"EnergyPlus, Version 9.5.0-de239b2e5f, YMD=2026.06.12 23:31",CA_BURBANK-GLNDLE-PASAD-AP CA USA Custom-722880 WMO#=722880,230.77,24.23,58.25,0.0,3778.29,3129.96,0.0,5167.03,0.0,1708.5,104.38,0.0,0.0,0.0,0.0,0.0,0.0,13888.16,2362.27,0.0,0.0,0.0,7813.66,0.0,0.0,0.0,0.0,0.0,0.0,11079.88,0.0,0.0,21255.81,,,48101.58,48793.14
SWHC049-09 SEER Rated AC HP_DMo/runs/CZ09/DMo&0&rDXHP&New&dxHP_equip/RE-dxAC_eq-pkgSEER-15.2-SEER2/instance-out.sql,CZ09,DMo,0,rDXHP,New,dxHP_equip,,RE-dxAC_eq-pkgSEER-15.2-SEER2,DMo&0&rDXHP&New&dxHP_equip,RE-dxAC_eq-pkgSEER-15.2-SEER2,"EnergyPlus, Version 9.5.0-de239b2e5f, YMD=2026.06.12 23:31",CA_BURBANK-GLNDLE-PASAD-AP CA USA Custom-722880 WMO#=722880,230.77,23.67,58.25,0.0,3649.59,3129.96,0.0,5167.03,0.0,1708.5,104.38,0.0,0.0,0.0,0.0,0.0,0.0,13759.46,2362.27,0.0,0.0,0.0,7813.66,0.0,0.0,0.0,0.0,0.0,0.0,11079.88,0.0,0.0,21255.81,,,48101.58,48793.14
SWHC049-09 SEER Rated AC HP_DMo/runs/CZ09/DMo&0&rDXHP&New&dxHP_equip/RE-dxAC_eq-pkgSEER-16.9-SEER2/instance-out.sql,CZ09,DMo,0,rDXHP,New,dxHP_equip,,RE-dxAC_eq-pkgSEER-16.9-SEER2,DMo&0&rDXHP&New&dxHP_equip,RE-dxAC_eq-pkgSEER-16.9-SEER2,"EnergyPlus, Version 9.5.0-de239b2e5f, YMD=2026.06.12 23:31",CA_BURBANK-GLNDLE-PASAD-AP CA USA Custom-722880 WMO#=722880,230.77,18.43,59.68,0.0,3327.76,3129.96,0.0,5167.03,0.0,812.11,112.7,0.0,0.0,0.0,0.0,0.0,0.0,12549.57,2694.73,0.0,0.0,0.0,7813.66,0.0,0.0,0.0,0.0,0.0,0.0,11077.11,0.0,0.0,21585.5,,,48101.58,48793.14
SWHC049-09 SEER Rated AC HP_DMo/runs/CZ09/DMo&0&rDXHP&New&dxHP_equip/RE-dxAC_eq-pkgSEER-17.8-SEER2/instance-out.sql,CZ09,DMo,0,rDXHP,New,dxHP_equip,,RE-dxAC_eq-pkgSEER-17.8-SEER2,DMo&0&rDXHP&New&dxHP_equip,RE-dxAC_eq-pkgSEER-17.8-SEER2,"EnergyPlus, Version 9.5.0-de239b2e5f, YMD=2026.06.12 23:31",CA_BURBANK-GLNDLE-PASAD-AP CA USA Custom-722880 WMO#=722880,230.77,18.11,59.68,0.0,3254.58,3129.96,0.0,5167.03,0.0,812.11,112.7,0.0,0.0,0.0,0.0,0.0,0.0,12476.39,2694.73,0.0,0.0,0.0,7813.66,0.0,0.0,0.0,0.0,0.0,0.0,11077.11,0.0,0.0,21585.5,,,48101.58,48793.14
SWHC049-09 SEER Rated AC HP_DMo/runs/CZ09/DMo&0&rDXHP&New&dxHP_equip/RE-dxAC_eq-pkgSEER-18.7-SEER2/instance-out.sql,CZ09,DMo,0,rDXHP,New,dxHP_equip,,RE-dxAC_eq-pkgSEER-18.7-SEER2,DMo&0&rDXHP&New&dxHP_equip,RE-dxAC_eq-pkgSEER-18.7-SEER2,"EnergyPlus, Version 9.5.0-de239b2e5f, YMD=2026.06.12 23:31",CA_BURBANK-GLNDLE-PASAD-AP CA USA Custom-722880 WMO#=722880,230.77,17.87,59.68,0.0,3198.35,3129.96,0.0,5167.03,0.0,812.11,112.7,0.0,0.0,0.0,0.0,0.0,0.0,12420.16,2694.73,0.0,0.0,0.0,7813.66,0.0,0.0,0.0,0.0,0.0,0.0,11077.11,0.0,0.0,21585.5,,,48101.58,48793.14
SWHC049-09 SEER Rated AC HP_DMo/runs/CZ09/DMo&0&rDXHP&New&dxHP_equip/RE-dxAC_eq-pkgSEER-19.6-SEER2/instance-out.sql,CZ09,DMo,0,rDXHP,New,dxHP_equip,,RE-dxAC_eq-pkgSEER-19.6-SEER2,DMo&0&rDXHP&New&dxHP_equip,RE-dxAC_eq-pkgSEER-19.6-SEER2,"EnergyPlus, Version 9.5.0-de239b2e5f, YMD=2026.06.12 23:32",CA_BURBANK-GLNDLE-PASAD-AP CA USA Custom-722880 WMO#=722880,230.77,17.66,59.68,0.0,3150.78,3129.96,0.0,5167.03,0.0,812.11,112.7,0.0,0.0,0.0,0.0,0.0,0.0,12372.59,2694.73,0.0,0.0,0.0,7813.66,0.0,0.0,0.0,0.0,0.0,0.0,11077.11,0.0,0.0,21585.5,,,48101.58,48793.14
SWHC049-09 SEER Rated AC HP_DMo/runs/CZ09/DMo&0&rDXHP&New&dxHP_equip/RE-dxHP_eq-pkgSEER-12.5-SEER2-6.4-HSPF2/instance-out.sql,CZ09,DMo,0,rDXHP,New,dxHP_equip,,RE-dxHP_eq-pkgSEER-12.5-SEER2-6.4-HSPF2,DMo&0&rDXHP&New&dxHP_equip,RE-dxHP_eq-pkgSEER-12.5-SEER2-6.4-HSPF2,,,,,,,,,,,,,,,,,,,,,,,,,,,,,,,,,,,,,,,
SWHC049-09 SEER Rated AC HP_DMo/runs/CZ09/DMo&0&rDXHP&New&dxHP_equip/RE-dxHP_eq-pkgSEER-14.3-SEER2-7.5-HSPF2/instance-out.sql,CZ09,DMo,0,rDXHP,New,dxHP_equip,,RE-dxHP_eq-pkgSEER-14.3-SEER2-7.5-HSPF2,DMo&0&rDXHP&New&dxHP_equip,RE-dxHP_eq-pkgSEER-14.3-SEER2-7.5-HSPF2,,,,,,,,,,,,,,,,,,,,,,,,,,,,,,,,,,,,,,,
SWHC049-09 SEER Rated AC HP_DMo/runs/CZ09/DMo&0&rDXHP&New&dxHP_equip/RE-dxHP_eq-pkgSEER-15.2-SEER2-7.7-HSPF2/instance-out.sql,CZ09,DMo,0,rDXHP,New,dxHP_equip,,RE-dxHP_eq-pkgSEER-15.2-SEER2-7.7-HSPF2,DMo&0&rDXHP&New&dxHP_equip,RE-dxHP_eq-pkgSEER-15.2-SEER2-7.7-HSPF2,,,,,,,,,,,,,,,,,,,,,,,,,,,,,,,,,,,,,,,
SWHC049-09 SEER Rated AC HP_DMo/runs/CZ09/DMo&0&rDXHP&New&dxHP_equip/RE-dxHP_eq-pkgSEER-16.0-SEER2-8.0-HSPF2/instance-out.sql,CZ09,DMo,0,rDXHP,New,dxHP_equip,,RE-dxHP_eq-pkgSEER-16.0-SEER2-8.0-HSPF2,DMo&0&rDXHP&New&dxHP_equip,RE-dxHP_eq-pkgSEER-16.0-SEER2-8.0-HSPF2,,,,,,,,,,,,,,,,,,,,,,,,,,,,,,,,,,,,,,,
SWHC049-09 SEER Rated AC HP_DMo/runs/CZ09/DMo&0&rDXHP&New&dxHP_equip/RE-dxHP_eq-pkgSEER-17.8-SEER2-8.1-HSPF2/instance-out.sql,CZ09,DMo,0,rDXHP,New,dxHP_equip,,RE-dxHP_eq-pkgSEER-17.8-SEER2-8.1-HSPF2,DMo&0&rDXHP&New&dxHP_equip,RE-dxHP_eq-pkgSEER-17.8-SEER2-8.1-HSPF2,,,,,,,,,,,,,,,,,,,,,,,,,,,,,,,,,,,,,,,
SWHC049-09 SEER Rated AC HP_DMo/runs/CZ09/DMo&0&rDXHP&New&dxHP_equip/RE-dxHP_eq-pkgSEER-18.7-SEER2-8.5-HSPF2/instance-out.sql,CZ09,DMo,0,rDXHP,New,dxHP_equip,,RE-dxHP_eq-pkgSEER-18.7-SEER2-8.5-HSPF2,DMo&0&rDXHP&New&dxHP_equip,RE-dxHP_eq-pkgSEER-18.7-SEER2-8.5-HSPF2,,,,,,,,,,,,,,,,,,,,,,,,,,,,,,,,,,,,,,,
SWHC049-09 SEER Rated AC HP_DMo/runs/CZ09/DMo&0&rDXHP&New&dxHP_equip/RE-dxHP_eq-pkgSEER-19.6-SEER2-8.9-HSPF2/instance-out.sql,CZ09,DMo,0,rDXHP,New,dxHP_equip,,RE-dxHP_eq-pkgSEER-19.6-SEER2-8.9-HSPF2,DMo&0&rDXHP&New&dxHP_equip,RE-dxHP_eq-pkgSEER-19.6-SEER2-8.9-HSPF2,,,,,,,,,,,,,,,,,,,,,,,,,,,,,,,,,,,,,,,
SWHC049-09 SEER Rated AC HP_DMo/runs/CZ09/DMo&0&rDXHP&Ex&dxHP_equip/RE-dxAC_eq-pkgSEER-12.5-SEER2/instance-out.sql,CZ09,DMo,0,rDXHP,Ex,dxHP_equip,,RE-dxAC_eq-pkgSEER-12.5-SEER2,DMo&0&rDXHP&Ex&dxHP_equip,RE-dxAC_eq-pkgSEER-12.5-SEER2,"EnergyPlus, Version 9.5.0-de239b2e5f, YMD=2026.06.12 23:29",CA_BURBANK-GLNDLE-PASAD-AP CA USA Custom-722880 WMO#=722880,230.77,31.18,65.27,0.0,4827.54,3129.96,0.0,5167.03,0.0,2209.42,159.26,0.0,0.0,0.0,0.0,0.0,0.0,15493.21,3965.73,0.0,0.0,0.0,7813.66,0.0,0.0,0.0,0.0,0.0,0.0,11096.84,0.0,0.0,22876.23,,,51028.84,51762.270000000004
SWHC049-09 SEER Rated AC HP_DMo/runs/CZ09/DMo&0&rDXHP&Ex&dxHP_equip/RE-dxAC_eq-pkgSEER-13.8-SEER2/instance-out.sql,CZ09,DMo,0,rDXHP,Ex,dxHP_equip,,RE-dxAC_eq-pkgSEER-13.8-SEER2,DMo&0&rDXHP&Ex&dxHP_equip,RE-dxAC_eq-pkgSEER-13.8-SEER2,"EnergyPlus, Version 9.5.0-de239b2e5f, YMD=2026.06.12 23:29",CA_BURBANK-GLNDLE-PASAD-AP CA USA Custom-722880 WMO#=722880,230.77,29.89,65.27,0.0,4529.69,3129.96,0.0,5167.03,0.0,2209.42,159.26,0.0,0.0,0.0,0.0,0.0,0.0,15195.37,3965.73,0.0,0.0,0.0,7813.66,0.0,0.0,0.0,0.0,0.0,0.0,11096.84,0.0,0.0,22876.23,,,51028.84,51762.270000000004
SWHC049-09 SEER Rated AC HP_DMo/runs/CZ09/DMo&0&rDXHP&Ex&dxHP_equip/RE-dxAC_eq-pkgSEER-14.3-SEER2/instance-out.sql,CZ09,DMo,0,rDXHP,Ex,dxHP_equip,,RE-dxAC_eq-pkgSEER-14.3-SEER2,DMo&0&rDXHP&Ex&dxHP_equip,RE-dxAC_eq-pkgSEER-14.3-SEER2,"EnergyPlus, Version 9.5.0-de239b2e5f, YMD=2026.06.12 23:29",CA_BURBANK-GLNDLE-PASAD-AP CA USA Custom-722880 WMO#=722880,230.77,29.5,65.27,0.0,4438.42,3129.96,0.0,5167.03,0.0,2209.42,159.26,0.0,0.0,0.0,0.0,0.0,0.0,15104.09,3965.73,0.0,0.0,0.0,7813.66,0.0,0.0,0.0,0.0,0.0,0.0,11096.84,0.0,0.0,22876.23,,,51028.84,51762.270000000004
SWHC049-09 SEER Rated AC HP_DMo/runs/CZ09/DMo&0&rDXHP&Ex&dxHP_equip/RE-dxAC_eq-pkgSEER-15.2-SEER2/instance-out.sql,CZ09,DMo,0,rDXHP,Ex,dxHP_equip,,RE-dxAC_eq-pkgSEER-15.2-SEER2,DMo&0&rDXHP&Ex&dxHP_equip,RE-dxAC_eq-pkgSEER-15.2-SEER2,"EnergyPlus, Version 9.5.0-de239b2e5f, YMD=2026.06.12 23:29",CA_BURBANK-GLNDLE-PASAD-AP CA USA Custom-722880 WMO#=722880,230.77,28.84,65.27,0.0,4287.23,3129.96,0.0,5167.03,0.0,2209.42,159.26,0.0,0.0,0.0,0.0,0.0,0.0,14952.9,3965.73,0.0,0.0,0.0,7813.66,0.0,0.0,0.0,0.0,0.0,0.0,11096.84,0.0,0.0,22876.23,,,51028.84,51762.270000000004
SWHC049-09 SEER Rated AC HP_DMo/runs/CZ09/DMo&0&rDXHP&Ex&dxHP_equip/RE-dxAC_eq-pkgSEER-16.9-SEER2/instance-out.sql,CZ09,DMo,0,rDXHP,Ex,dxHP_equip,,RE-dxAC_eq-pkgSEER-16.9-SEER2,DMo&0&rDXHP&Ex&dxHP_equip,RE-dxAC_eq-pkgSEER-16.9-SEER2,"EnergyPlus, Version 9.5.0-de239b2e5f, YMD=2026.06.12 23:31",CA_BURBANK-GLNDLE-PASAD-AP CA USA Custom-722880 WMO#=722880,230.77,22.1,67.44,0.0,3875.52,3129.96,0.0,5167.03,0.0,1052.84,170.59,0.0,0.0,0.0,0.0,0.0,0.0,13395.94,4469.01,0.0,0.0,0.0,7813.66,0.0,0.0,0.0,0.0,0.0,0.0,11093.54,0.0,0.0,23376.2,,,51028.84,51762.270000000004
SWHC049-09 SEER Rated AC HP_DMo/runs/CZ09/DMo&0&rDXHP&Ex&dxHP_equip/RE-dxAC_eq-pkgSEER-17.8-SEER2/instance-out.sql,CZ09,DMo,0,rDXHP,Ex,dxHP_equip,,RE-dxAC_eq-pkgSEER-17.8-SEER2,DMo&0&rDXHP&Ex&dxHP_equip,RE-dxAC_eq-pkgSEER-17.8-SEER2,"EnergyPlus, Version 9.5.0-de239b2e5f, YMD=2026.06.12 23:31",CA_BURBANK-GLNDLE-PASAD-AP CA USA Custom-722880 WMO#=722880,230.77,21.72,67.44,0.0,3789.97,3129.96,0.0,5167.03,0.0,1052.84,170.59,0.0,0.0,0.0,0.0,0.0,0.0,13310.39,4469.01,0.0,0.0,0.0,7813.66,0.0,0.0,0.0,0.0,0.0,0.0,11093.54,0.0,0.0,23376.2,,,51028.84,51762.270000000004
SWHC049-09 SEER Rated AC HP_DMo/runs/CZ09/DMo&0&rDXHP&Ex&dxHP_equip/RE-dxAC_eq-pkgSEER-18.7-SEER2/instance-out.sql,CZ09,DMo,0,rDXHP,Ex,dxHP_equip,,RE-dxAC_eq-pkgSEER-18.7-SEER2,DMo&0&rDXHP&Ex&dxHP_equip,RE-dxAC_eq-pkgSEER-18.7-SEER2,"EnergyPlus, Version 9.5.0-de239b2e5f, YMD=2026.06.12 23:31",CA_BURBANK-GLNDLE-PASAD-AP CA USA Custom-722880 WMO#=722880,230.77,21.44,67.44,0.0,3724.24,3129.96,0.0,5167.03,0.0,1052.84,170.59,0.0,0.0,0.0,0.0,0.0,0.0,13244.67,4469.01,0.0,0.0,0.0,7813.66,0.0,0.0,0.0,0.0,0.0,0.0,11093.54,0.0,0.0,23376.2,,,51028.84,51762.270000000004
SWHC049-09 SEER Rated AC HP_DMo/runs/CZ09/DMo&0&rDXHP&Ex&dxHP_equip/RE-dxAC_eq-pkgSEER-19.6-SEER2/instance-out.sql,CZ09,DMo,0,rDXHP,Ex,dxHP_equip,,RE-dxAC_eq-pkgSEER-19.6-SEER2,DMo&0&rDXHP&Ex&dxHP_equip,RE-dxAC_eq-pkgSEER-19.6-SEER2,"EnergyPlus, Version 9.5.0-de239b2e5f, YMD=2026.06.12 23:31",CA_BURBANK-GLNDLE-PASAD-AP CA USA Custom-722880 WMO#=722880,230.77,21.2,67.44,0.0,3668.64,3129.96,0.0,5167.03,0.0,1052.84,170.59,0.0,0.0,0.0,0.0,0.0,0.0,13189.06,4469.01,0.0,0.0,0.0,7813.66,0.0,0.0,0.0,0.0,0.0,0.0,11093.54,0.0,0.0,23376.2,,,51028.84,51762.270000000004
SWHC049-09 SEER Rated AC HP_DMo/runs/CZ09/DMo&0&rDXHP&Ex&dxHP_equip/RE-dxHP_eq-pkgSEER-12.5-SEER2-6.4-HSPF2/instance-out.sql,CZ09,DMo,0,rDXHP,Ex,dxHP_equip,,RE-dxHP_eq-pkgSEER-12.5-SEER2-6.4-HSPF2,DMo&0&rDXHP&Ex&dxHP_equip,RE-dxHP_eq-pkgSEER-12.5-SEER2-6.4-HSPF2,,,,,,,,,,,,,,,,,,,,,,,,,,,,,,,,,,,,,,,
SWHC049-09 SEER Rated AC HP_DMo/runs/CZ09/DMo&0&rDXHP&Ex&dxHP_equip/RE-dxHP_eq-pkgSEER-14.3-SEER2-7.5-HSPF2/instance-out.sql,CZ09,DMo,0,rDXHP,Ex,dxHP_equip,,RE-dxHP_eq-pkgSEER-14.3-SEER2-7.5-HSPF2,DMo&0&rDXHP&Ex&dxHP_equip,RE-dxHP_eq-pkgSEER-14.3-SEER2-7.5-HSPF2,,,,,,,,,,,,,,,,,,,,,,,,,,,,,,,,,,,,,,,
SWHC049-09 SEER Rated AC HP_DMo/runs/CZ09/DMo&0&rDXHP&Ex&dxHP_equip/RE-dxHP_eq-pkgSEER-15.2-SEER2-7.7-HSPF2/instance-out.sql,CZ09,DMo,0,rDXHP,Ex,dxHP_equip,,RE-dxHP_eq-pkgSEER-15.2-SEER2-7.7-HSPF2,DMo&0&rDXHP&Ex&dxHP_equip,RE-dxHP_eq-pkgSEER-15.2-SEER2-7.7-HSPF2,,,,,,,,,,,,,,,,,,,,,,,,,,,,,,,,,,,,,,,
SWHC049-09 SEER Rated AC HP_DMo/runs/CZ09/DMo&0&rDXHP&Ex&dxHP_equip/RE-dxHP_eq-pkgSEER-16.0-SEER2-8.0-HSPF2/instance-out.sql,CZ09,DMo,0,rDXHP,Ex,dxHP_equip,,RE-dxHP_eq-pkgSEER-16.0-SEER2-8.0-HSPF2,DMo&0&rDXHP&Ex&dxHP_equip,RE-dxHP_eq-pkgSEER-16.0-SEER2-8.0-HSPF2,,,,,,,,,,,,,,,,,,,,,,,,,,,,,,,,,,,,,,,
SWHC049-09 SEER Rated AC HP_DMo/runs/CZ09/DMo&0&rDXHP&Ex&dxHP_equip/RE-dxHP_eq-pkgSEER-17.8-SEER2-8.1-HSPF2/instance-out.sql,CZ09,DMo,0,rDXHP,Ex,dxHP_equip,,RE-dxHP_eq-pkgSEER-17.8-SEER2-8.1-HSPF2,DMo&0&rDXHP&Ex&dxHP_equip,RE-dxHP_eq-pkgSEER-17.8-SEER2-8.1-HSPF2,,,,,,,,,,,,,,,,,,,,,,,,,,,,,,,,,,,,,,,
SWHC049-09 SEER Rated AC HP_DMo/runs/CZ09/DMo&0&rDXHP&Ex&dxHP_equip/RE-dxHP_eq-pkgSEER-18.7-SEER2-8.5-HSPF2/instance-out.sql,CZ09,DMo,0,rDXHP,Ex,dxHP_equip,,RE-dxHP_eq-pkgSEER-18.7-SEER2-8.5-HSPF2,DMo&0&rDXHP&Ex&dxHP_equip,RE-dxHP_eq-pkgSEER-18.7-SEER2-8.5-HSPF2,,,,,,,,,,,,,,,,,,,,,,,,,,,,,,,,,,,,,,,
SWHC049-09 SEER Rated AC HP_DMo/runs/CZ09/DMo&0&rDXHP&Ex&dxHP_equip/RE-dxHP_eq-pkgSEER-19.6-SEER2-8.9-HSPF2/instance-out.sql,CZ09,DMo,0,rDXHP,Ex,dxHP_equip,,RE-dxHP_eq-pkgSEER-19.6-SEER2-8.9-HSPF2,DMo&0&rDXHP&Ex&dxHP_equip,RE-dxHP_eq-pkgSEER-19.6-SEER2-8.9-HSPF2,,,,,,,,,,,,,,,,,,,,,,,,,,,,,,,,,,,,,,,
SWHC049-09 SEER Rated AC HP_DMo/runs/CZ08/DMo&0&rDXHP&New&dxHP_equip/RE-dxAC_eq-pkgSEER-12.5-SEER2/instance-out.sql,CZ08,DMo,0,rDXHP,New,dxHP_equip,,RE-dxAC_eq-pkgSEER-12.5-SEER2,DMo&0&rDXHP&New&dxHP_equip,RE-dxAC_eq-pkgSEER-12.5-SEER2,"EnergyPlus, Version 9.5.0-de239b2e5f, YMD=2026.06.12 23:28",CA_FULLERTON-MUNI-AP CA USA Custom-722976 WMO#=722976,230.77,22.77,53.03,0.0,3857.97,3129.96,0.0,5167.03,0.0,1337.9,58.97,0.0,0.0,0.0,0.0,0.0,0.0,13551.83,1160.1,0.0,0.0,0.0,7813.66,0.0,0.0,0.0,0.0,0.0,0.0,11077.4,0.0,0.0,20051.17,,,55222.96,45536.6
SWHC049-09 SEER Rated AC HP_DMo/runs/CZ08/DMo&0&rDXHP&New&dxHP_equip/RE-dxAC_eq-pkgSEER-13.8-SEER2/instance-out.sql,CZ08,DMo,0,rDXHP,New,dxHP_equip,,RE-dxAC_eq-pkgSEER-13.8-SEER2,DMo&0&rDXHP&New&dxHP_equip,RE-dxAC_eq-pkgSEER-13.8-SEER2,"EnergyPlus, Version 9.5.0-de239b2e5f, YMD=2026.06.12 23:28",CA_FULLERTON-MUNI-AP CA USA Custom-722976 WMO#=722976,230.77,21.74,53.03,0.0,3619.95,3129.96,0.0,5167.03,0.0,1337.9,58.97,0.0,0.0,0.0,0.0,0.0,0.0,13313.81,1160.1,0.0,0.0,0.0,7813.66,0.0,0.0,0.0,0.0,0.0,0.0,11077.4,0.0,0.0,20051.17,,,55222.96,45536.6
SWHC049-09 SEER Rated AC HP_DMo/runs/CZ08/DMo&0&rDXHP&New&dxHP_equip/RE-dxAC_eq-pkgSEER-14.3-SEER2/instance-out.sql,CZ08,DMo,0,rDXHP,New,dxHP_equip,,RE-dxAC_eq-pkgSEER-14.3-SEER2,DMo&0&rDXHP&New&dxHP_equip,RE-dxAC_eq-pkgSEER-14.3-SEER2,"EnergyPlus, Version 9.5.0-de239b2e5f, YMD=2026.06.12 23:28",CA_FULLERTON-MUNI-AP CA USA Custom-722976 WMO#=722976,230.77,21.42,53.03,0.0,3547.0,3129.96,0.0,5167.03,0.0,1337.9,58.97,0.0,0.0,0.0,0.0,0.0,0.0,13240.86,1160.1,0.0,0.0,0.0,7813.66,0.0,0.0,0.0,0.0,0.0,0.0,11077.4,0.0,0.0,20051.17,,,55222.96,45536.6
SWHC049-09 SEER Rated AC HP_DMo/runs/CZ08/DMo&0&rDXHP&New&dxHP_equip/RE-dxAC_eq-pkgSEER-15.2-SEER2/instance-out.sql,CZ08,DMo,0,rDXHP,New,dxHP_equip,,RE-dxAC_eq-pkgSEER-15.2-SEER2,DMo&0&rDXHP&New&dxHP_equip,RE-dxAC_eq-pkgSEER-15.2-SEER2,"EnergyPlus, Version 9.5.0-de239b2e5f, YMD=2026.06.12 23:28",CA_FULLERTON-MUNI-AP CA USA Custom-722976 WMO#=722976,230.77,20.9,53.03,0.0,3426.18,3129.96,0.0,5167.03,0.0,1337.9,58.97,0.0,0.0,0.0,0.0,0.0,0.0,13120.04,1160.1,0.0,0.0,0.0,7813.66,0.0,0.0,0.0,0.0,0.0,0.0,11077.4,0.0,0.0,20051.17,,,55222.96,45536.6
SWHC049-09 SEER Rated AC HP_DMo/runs/CZ08/DMo&0&rDXHP&New&dxHP_equip/RE-dxAC_eq-pkgSEER-16.9-SEER2/instance-out.sql,CZ08,DMo,0,rDXHP,New,dxHP_equip,,RE-dxAC_eq-pkgSEER-16.9-SEER2,DMo&0&rDXHP&New&dxHP_equip,RE-dxAC_eq-pkgSEER-16.9-SEER2,"EnergyPlus, Version 9.5.0-de239b2e5f, YMD=2026.06.12 23:28",CA_FULLERTON-MUNI-AP CA USA Custom-722976 WMO#=722976,230.77,16.56,53.7,0.0,3132.4,3129.96,0.0,5167.03,0.0,624.87,63.44,0.0,0.0,0.0,0.0,0.0,0.0,12117.7,1316.89,0.0,0.0,0.0,7813.66,0.0,0.0,0.0,0.0,0.0,0.0,11075.4,0.0,0.0,20205.95,,,55222.96,45536.6
SWHC049-09 SEER Rated AC HP_DMo/runs/CZ08/DMo&0&rDXHP&New&dxHP_equip/RE-dxAC_eq-pkgSEER-17.8-SEER2/instance-out.sql,CZ08,DMo,0,rDXHP,New,dxHP_equip,,RE-dxAC_eq-pkgSEER-17.8-SEER2,DMo&0&rDXHP&New&dxHP_equip,RE-dxAC_eq-pkgSEER-17.8-SEER2,"EnergyPlus, Version 9.5.0-de239b2e5f, YMD=2026.06.12 23:29",CA_FULLERTON-MUNI-AP CA USA Custom-722976 WMO#=722976,230.77,16.26,53.7,0.0,3063.19,3129.96,0.0,5167.03,0.0,624.87,63.44,0.0,0.0,0.0,0.0,0.0,0.0,12048.49,1316.89,0.0,0.0,0.0,7813.66,0.0,0.0,0.0,0.0,0.0,0.0,11075.4,0.0,0.0,20205.95,,,55222.96,45536.6
SWHC049-09 SEER Rated AC HP_DMo/runs/CZ08/DMo&0&rDXHP&New&dxHP_equip/RE-dxAC_eq-pkgSEER-18.7-SEER2/instance-out.sql,CZ08,DMo,0,rDXHP,New,dxHP_equip,,RE-dxAC_eq-pkgSEER-18.7-SEER2,DMo&0&rDXHP&New&dxHP_equip,RE-dxAC_eq-pkgSEER-18.7-SEER2,"EnergyPlus, Version 9.5.0-de239b2e5f, YMD=2026.06.12 23:29",CA_FULLERTON-MUNI-AP CA USA Custom-722976 WMO#=722976,230.77,16.03,53.7,0.0,3010.04,3129.96,0.0,5167.03,0.0,624.87,63.44,0.0,0.0,0.0,0.0,0.0,0.0,11995.34,1316.89,0.0,0.0,0.0,7813.66,0.0,0.0,0.0,0.0,0.0,0.0,11075.4,0.0,0.0,20205.95,,,55222.96,45536.6
SWHC049-09 SEER Rated AC HP_DMo/runs/CZ08/DMo&0&rDXHP&New&dxHP_equip/RE-dxAC_eq-pkgSEER-19.6-SEER2/instance-out.sql,CZ08,DMo,0,rDXHP,New,dxHP_equip,,RE-dxAC_eq-pkgSEER-19.6-SEER2,DMo&0&rDXHP&New&dxHP_equip,RE-dxAC_eq-pkgSEER-19.6-SEER2,"EnergyPlus, Version 9.5.0-de239b2e5f, YMD=2026.06.12 23:29",CA_FULLERTON-MUNI-AP CA USA Custom-722976 WMO#=722976,230.77,15.83,53.7,0.0,2965.05,3129.96,0.0,5167.03,0.0,624.87,63.44,0.0,0.0,0.0,0.0,0.0,0.0,11950.35,1316.89,0.0,0.0,0.0,7813.66,0.0,0.0,0.0,0.0,0.0,0.0,11075.4,0.0,0.0,20205.95,,,55222.96,45536.6
SWHC049-09 SEER Rated AC HP_DMo/runs/CZ08/DMo&0&rDXHP&New&dxHP_equip/RE-dxHP_eq-pkgSEER-12.5-SEER2-6.4-HSPF2/instance-out.sql,CZ08,DMo,0,rDXHP,New,dxHP_equip,,RE-dxHP_eq-pkgSEER-12.5-SEER2-6.4-HSPF2,DMo&0&rDXHP&New&dxHP_equip,RE-dxHP_eq-pkgSEER-12.5-SEER2-6.4-HSPF2,,,,,,,,,,,,,,,,,,,,,,,,,,,,,,,,,,,,,,,
SWHC049-09 SEER Rated AC HP_DMo/runs/CZ08/DMo&0&rDXHP&New&dxHP_equip/RE-dxHP_eq-pkgSEER-14.3-SEER2-7.5-HSPF2/instance-out.sql,CZ08,DMo,0,rDXHP,New,dxHP_equip,,RE-dxHP_eq-pkgSEER-14.3-SEER2-7.5-HSPF2,DMo&0&rDXHP&New&dxHP_equip,RE-dxHP_eq-pkgSEER-14.3-SEER2-7.5-HSPF2,,,,,,,,,,,,,,,,,,,,,,,,,,,,,,,,,,,,,,,
SWHC049-09 SEER Rated AC HP_DMo/runs/CZ08/DMo&0&rDXHP&New&dxHP_equip/RE-dxHP_eq-pkgSEER-15.2-SEER2-7.7-HSPF2/instance-out.sql,CZ08,DMo,0,rDXHP,New,dxHP_equip,,RE-dxHP_eq-pkgSEER-15.2-SEER2-7.7-HSPF2,DMo&0&rDXHP&New&dxHP_equip,RE-dxHP_eq-pkgSEER-15.2-SEER2-7.7-HSPF2,,,,,,,,,,,,,,,,,,,,,,,,,,,,,,,,,,,,,,,
SWHC049-09 SEER Rated AC HP_DMo/runs/CZ08/DMo&0&rDXHP&New&dxHP_equip/RE-dxHP_eq-pkgSEER-16.0-SEER2-8.0-HSPF2/instance-out.sql,CZ08,DMo,0,rDXHP,New,dxHP_equip,,RE-dxHP_eq-pkgSEER-16.0-SEER2-8.0-HSPF2,DMo&0&rDXHP&New&dxHP_equip,RE-dxHP_eq-pkgSEER-16.0-SEER2-8.0-HSPF2,,,,,,,,,,,,,,,,,,,,,,,,,,,,,,,,,,,,,,,
SWHC049-09 SEER Rated AC HP_DMo/runs/CZ08/DMo&0&rDXHP&New&dxHP_equip/RE-dxHP_eq-pkgSEER-17.8-SEER2-8.1-HSPF2/instance-out.sql,CZ08,DMo,0,rDXHP,New,dxHP_equip,,RE-dxHP_eq-pkgSEER-17.8-SEER2-8.1-HSPF2,DMo&0&rDXHP&New&dxHP_equip,RE-dxHP_eq-pkgSEER-17.8-SEER2-8.1-HSPF2,,,,,,,,,,,,,,,,,,,,,,,,,,,,,,,,,,,,,,,
SWHC049-09 SEER Rated AC HP_DMo/runs/CZ08/DMo&0&rDXHP&New&dxHP_equip/RE-dxHP_eq-pkgSEER-18.7-SEER2-8.5-HSPF2/instance-out.sql,CZ08,DMo,0,rDXHP,New,dxHP_equip,,RE-dxHP_eq-pkgSEER-18.7-SEER2-8.5-HSPF2,DMo&0&rDXHP&New&dxHP_equip,RE-dxHP_eq-pkgSEER-18.7-SEER2-8.5-HSPF2,,,,,,,,,,,,,,,,,,,,,,,,,,,,,,,,,,,,,,,
SWHC049-09 SEER Rated AC HP_DMo/runs/CZ08/DMo&0&rDXHP&New&dxHP_equip/RE-dxHP_eq-pkgSEER-19.6-SEER2-8.9-HSPF2/instance-out.sql,CZ08,DMo,0,rDXHP,New,dxHP_equip,,RE-dxHP_eq-pkgSEER-19.6-SEER2-8.9-HSPF2,DMo&0&rDXHP&New&dxHP_equip,RE-dxHP_eq-pkgSEER-19.6-SEER2-8.9-HSPF2,,,,,,,,,,,,,,,,,,,,,,,,,,,,,,,,,,,,,,,
SWHC049-09 SEER Rated AC HP_DMo/runs/CZ08/DMo&0&rDXHP&Ex&dxHP_equip/RE-dxAC_eq-pkgSEER-12.5-SEER2/instance-out.sql,CZ08,DMo,0,rDXHP,Ex,dxHP_equip,,RE-dxAC_eq-pkgSEER-12.5-SEER2,DMo&0&rDXHP&Ex&dxHP_equip,RE-dxAC_eq-pkgSEER-12.5-SEER2,"EnergyPlus, Version 9.5.0-de239b2e5f, YMD=2026.06.12 23:27",CA_FULLERTON-MUNI-AP CA USA Custom-722976 WMO#=722976,230.77,26.94,57.35,0.0,4452.86,3129.96,0.0,5167.03,0.0,1667.33,96.24,0.0,0.0,0.0,0.0,0.0,0.0,14513.43,2128.25,0.0,0.0,0.0,7813.66,0.0,0.0,0.0,0.0,0.0,0.0,11106.22,0.0,0.0,21048.13,,,58341.28,48107.83
SWHC049-09 SEER Rated AC HP_DMo/runs/CZ08/DMo&0&rDXHP&Ex&dxHP_equip/RE-dxAC_eq-pkgSEER-13.8-SEER2/instance-out.sql,CZ08,DMo,0,rDXHP,Ex,dxHP_equip,,RE-dxAC_eq-pkgSEER-13.8-SEER2,DMo&0&rDXHP&Ex&dxHP_equip,RE-dxAC_eq-pkgSEER-13.8-SEER2,"EnergyPlus, Version 9.5.0-de239b2e5f, YMD=2026.06.12 23:27",CA_FULLERTON-MUNI-AP CA USA Custom-722976 WMO#=722976,230.77,25.75,57.35,0.0,4178.14,3129.96,0.0,5167.03,0.0,1667.33,96.24,0.0,0.0,0.0,0.0,0.0,0.0,14238.7,2128.25,0.0,0.0,0.0,7813.66,0.0,0.0,0.0,0.0,0.0,0.0,11106.22,0.0,0.0,21048.13,,,58341.28,48107.83
SWHC049-09 SEER Rated AC HP_DMo/runs/CZ08/DMo&0&rDXHP&Ex&dxHP_equip/RE-dxAC_eq-pkgSEER-14.3-SEER2/instance-out.sql,CZ08,DMo,0,rDXHP,Ex,dxHP_equip,,RE-dxAC_eq-pkgSEER-14.3-SEER2,DMo&0&rDXHP&Ex&dxHP_equip,RE-dxAC_eq-pkgSEER-14.3-SEER2,"EnergyPlus, Version 9.5.0-de239b2e5f, YMD=2026.06.12 23:27",CA_FULLERTON-MUNI-AP CA USA Custom-722976 WMO#=722976,230.77,25.38,57.35,0.0,4093.94,3129.96,0.0,5167.03,0.0,1667.33,96.24,0.0,0.0,0.0,0.0,0.0,0.0,14154.51,2128.25,0.0,0.0,0.0,7813.66,0.0,0.0,0.0,0.0,0.0,0.0,11106.22,0.0,0.0,21048.13,,,58341.28,48107.83
SWHC049-09 SEER Rated AC HP_DMo/runs/CZ08/DMo&0&rDXHP&Ex&dxHP_equip/RE-dxAC_eq-pkgSEER-15.2-SEER2/instance-out.sql,CZ08,DMo,0,rDXHP,Ex,dxHP_equip,,RE-dxAC_eq-pkgSEER-15.2-SEER2,DMo&0&rDXHP&Ex&dxHP_equip,RE-dxAC_eq-pkgSEER-15.2-SEER2,"EnergyPlus, Version 9.5.0-de239b2e5f, YMD=2026.06.12 23:27",CA_FULLERTON-MUNI-AP CA USA Custom-722976 WMO#=722976,230.77,24.78,57.35,0.0,3954.49,3129.96,0.0,5167.03,0.0,1667.33,96.24,0.0,0.0,0.0,0.0,0.0,0.0,14015.05,2128.25,0.0,0.0,0.0,7813.66,0.0,0.0,0.0,0.0,0.0,0.0,11106.22,0.0,0.0,21048.13,,,58341.28,48107.83
SWHC049-09 SEER Rated AC HP_DMo/runs/CZ08/DMo&0&rDXHP&Ex&dxHP_equip/RE-dxAC_eq-pkgSEER-16.9-SEER2/instance-out.sql,CZ08,DMo,0,rDXHP,Ex,dxHP_equip,,RE-dxAC_eq-pkgSEER-16.9-SEER2,DMo&0&rDXHP&Ex&dxHP_equip,RE-dxAC_eq-pkgSEER-16.9-SEER2,"EnergyPlus, Version 9.5.0-de239b2e5f, YMD=2026.06.12 23:27",CA_FULLERTON-MUNI-AP CA USA Custom-722976 WMO#=722976,230.77,19.37,58.42,0.0,3586.9,3129.96,0.0,5167.03,0.0,780.2,102.51,0.0,0.0,0.0,0.0,0.0,0.0,12766.6,2379.09,0.0,0.0,0.0,7813.66,0.0,0.0,0.0,0.0,0.0,0.0,11103.62,0.0,0.0,21296.37,,,58341.28,48107.83
SWHC049-09 SEER Rated AC HP_DMo/runs/CZ08/DMo&0&rDXHP&Ex&dxHP_equip/RE-dxAC_eq-pkgSEER-17.8-SEER2/instance-out.sql,CZ08,DMo,0,rDXHP,Ex,dxHP_equip,,RE-dxAC_eq-pkgSEER-17.8-SEER2,DMo&0&rDXHP&Ex&dxHP_equip,RE-dxAC_eq-pkgSEER-17.8-SEER2,"EnergyPlus, Version 9.5.0-de239b2e5f, YMD=2026.06.12 23:27",CA_FULLERTON-MUNI-AP CA USA Custom-722976 WMO#=722976,230.77,19.02,58.42,0.0,3507.44,3129.96,0.0,5167.03,0.0,780.2,102.51,0.0,0.0,0.0,0.0,0.0,0.0,12687.13,2379.09,0.0,0.0,0.0,7813.66,0.0,0.0,0.0,0.0,0.0,0.0,11103.62,0.0,0.0,21296.37,,,58341.28,48107.83
SWHC049-09 SEER Rated AC HP_DMo/runs/CZ08/DMo&0&rDXHP&Ex&dxHP_equip/RE-dxAC_eq-pkgSEER-18.7-SEER2/instance-out.sql,CZ08,DMo,0,rDXHP,Ex,dxHP_equip,,RE-dxAC_eq-pkgSEER-18.7-SEER2,DMo&0&rDXHP&Ex&dxHP_equip,RE-dxAC_eq-pkgSEER-18.7-SEER2,"EnergyPlus, Version 9.5.0-de239b2e5f, YMD=2026.06.12 23:27",CA_FULLERTON-MUNI-AP CA USA Custom-722976 WMO#=722976,230.77,18.76,58.42,0.0,3446.4,3129.96,0.0,5167.03,0.0,780.2,102.51,0.0,0.0,0.0,0.0,0.0,0.0,12626.09,2379.09,0.0,0.0,0.0,7813.66,0.0,0.0,0.0,0.0,0.0,0.0,11103.62,0.0,0.0,21296.37,,,58341.28,48107.83
SWHC049-09 SEER Rated AC HP_DMo/runs/CZ08/DMo&0&rDXHP&Ex&dxHP_equip/RE-dxAC_eq-pkgSEER-19.6-SEER2/instance-out.sql,CZ08,DMo,0,rDXHP,Ex,dxHP_equip,,RE-dxAC_eq-pkgSEER-19.6-SEER2,DMo&0&rDXHP&Ex&dxHP_equip,RE-dxAC_eq-pkgSEER-19.6-SEER2,"EnergyPlus, Version 9.5.0-de239b2e5f, YMD=2026.06.12 23:27",CA_FULLERTON-MUNI-AP CA USA Custom-722976 WMO#=722976,230.77,18.54,58.42,0.0,3394.74,3129.96,0.0,5167.03,0.0,780.2,102.51,0.0,0.0,0.0,0.0,0.0,0.0,12574.44,2379.09,0.0,0.0,0.0,7813.66,0.0,0.0,0.0,0.0,0.0,0.0,11103.62,0.0,0.0,21296.37,,,58341.28,48107.83
SWHC049-09 SEER Rated AC HP_DMo/runs/CZ08/DMo&0&rDXHP&Ex&dxHP_equip/RE-dxHP_eq-pkgSEER-12.5-SEER2-6.4-HSPF2/instance-out.sql,CZ08,DMo,0,rDXHP,Ex,dxHP_equip,,RE-dxHP_eq-pkgSEER-12.5-SEER2-6.4-HSPF2,DMo&0&rDXHP&Ex&dxHP_equip,RE-dxHP_eq-pkgSEER-12.5-SEER2-6.4-HSPF2,,,,,,,,,,,,,,,,,,,,,,,,,,,,,,,,,,,,,,,
SWHC049-09 SEER Rated AC HP_DMo/runs/CZ08/DMo&0&rDXHP&Ex&dxHP_equip/RE-dxHP_eq-pkgSEER-14.3-SEER2-7.5-HSPF2/instance-out.sql,CZ08,DMo,0,rDXHP,Ex,dxHP_equip,,RE-dxHP_eq-pkgSEER-14.3-SEER2-7.5-HSPF2,DMo&0&rDXHP&Ex&dxHP_equip,RE-dxHP_eq-pkgSEER-14.3-SEER2-7.5-HSPF2,,,,,,,,,,,,,,,,,,,,,,,,,,,,,,,,,,,,,,,
SWHC049-09 SEER Rated AC HP_DMo/runs/CZ08/DMo&0&rDXHP&Ex&dxHP_equip/RE-dxHP_eq-pkgSEER-15.2-SEER2-7.7-HSPF2/instance-out.sql,CZ08,DMo,0,rDXHP,Ex,dxHP_equip,,RE-dxHP_eq-pkgSEER-15.2-SEER2-7.7-HSPF2,DMo&0&rDXHP&Ex&dxHP_equip,RE-dxHP_eq-pkgSEER-15.2-SEER2-7.7-HSPF2,,,,,,,,,,,,,,,,,,,,,,,,,,,,,,,,,,,,,,,
SWHC049-09 SEER Rated AC HP_DMo/runs/CZ08/DMo&0&rDXHP&Ex&dxHP_equip/RE-dxHP_eq-pkgSEER-16.0-SEER2-8.0-HSPF2/instance-out.sql,CZ08,DMo,0,rDXHP,Ex,dxHP_equip,,RE-dxHP_eq-pkgSEER-16.0-SEER2-8.0-HSPF2,DMo&0&rDXHP&Ex&dxHP_equip,RE-dxHP_eq-pkgSEER-16.0-SEER2-8.0-HSPF2,,,,,,,,,,,,,,,,,,,,,,,,,,,,,,,,,,,,,,,
SWHC049-09 SEER Rated AC HP_DMo/runs/CZ08/DMo&0&rDXHP&Ex&dxHP_equip/RE-dxHP_eq-pkgSEER-17.8-SEER2-8.1-HSPF2/instance-out.sql,CZ08,DMo,0,rDXHP,Ex,dxHP_equip,,RE-dxHP_eq-pkgSEER-17.8-SEER2-8.1-HSPF2,DMo&0&rDXHP&Ex&dxHP_equip,RE-dxHP_eq-pkgSEER-17.8-SEER2-8.1-HSPF2,,,,,,,,,,,,,,,,,,,,,,,,,,,,,,,,,,,,,,,
SWHC049-09 SEER Rated AC HP_DMo/runs/CZ08/DMo&0&rDXHP&Ex&dxHP_equip/RE-dxHP_eq-pkgSEER-18.7-SEER2-8.5-HSPF2/instance-out.sql,CZ08,DMo,0,rDXHP,Ex,dxHP_equip,,RE-dxHP_eq-pkgSEER-18.7-SEER2-8.5-HSPF2,DMo&0&rDXHP&Ex&dxHP_equip,RE-dxHP_eq-pkgSEER-18.7-SEER2-8.5-HSPF2,,,,,,,,,,,,,,,,,,,,,,,,,,,,,,,,,,,,,,,
SWHC049-09 SEER Rated AC HP_DMo/runs/CZ08/DMo&0&rDXHP&Ex&dxHP_equip/RE-dxHP_eq-pkgSEER-19.6-SEER2-8.9-HSPF2/instance-out.sql,CZ08,DMo,0,rDXHP,Ex,dxHP_equip,,RE-dxHP_eq-pkgSEER-19.6-SEER2-8.9-HSPF2,DMo&0&rDXHP&Ex&dxHP_equip,RE-dxHP_eq-pkgSEER-19.6-SEER2-8.9-HSPF2,,,,,,,,,,,,,,,,,,,,,,,,,,,,,,,,,,,,,,,
SWHC049-09 SEER Rated AC HP_DMo/runs/CZ07/DMo&0&rDXHP&New&dxHP_equip/RE-dxAC_eq-pkgSEER-12.5-SEER2/instance-out.sql,CZ07,DMo,0,rDXHP,New,dxHP_equip,,RE-dxAC_eq-pkgSEER-12.5-SEER2,DMo&0&rDXHP&New&dxHP_equip,RE-dxAC_eq-pkgSEER-12.5-SEER2,"EnergyPlus, Version 9.5.0-de239b2e5f, YMD=2026.06.12 23:26",CA_SAN-DIEGO-LINDBERGH-FIE CA USA Custom-722900 WMO#=722900,230.77,13.72,53.76,0.0,2162.67,3129.96,0.0,5167.03,0.0,937.76,65.17,0.0,0.0,0.0,0.0,0.0,0.0,11462.59,1240.85,0.0,0.0,0.0,7813.66,0.0,0.0,0.0,0.0,0.0,0.0,11164.56,0.0,0.0,20219.06,,,51899.34,42669.96
SWHC049-09 SEER Rated AC HP_DMo/runs/CZ07/DMo&0&rDXHP&New&dxHP_equip/RE-dxAC_eq-pkgSEER-13.8-SEER2/instance-out.sql,CZ07,DMo,0,rDXHP,New,dxHP_equip,,RE-dxAC_eq-pkgSEER-13.8-SEER2,DMo&0&rDXHP&New&dxHP_equip,RE-dxAC_eq-pkgSEER-13.8-SEER2,"EnergyPlus, Version 9.5.0-de239b2e5f, YMD=2026.06.12 23:26",CA_SAN-DIEGO-LINDBERGH-FIE CA USA Custom-722900 WMO#=722900,230.77,13.14,53.76,0.0,2029.24,3129.96,0.0,5167.03,0.0,937.76,65.17,0.0,0.0,0.0,0.0,0.0,0.0,11329.16,1240.85,0.0,0.0,0.0,7813.66,0.0,0.0,0.0,0.0,0.0,0.0,11164.56,0.0,0.0,20219.06,,,51899.34,42669.96
SWHC049-09 SEER Rated AC HP_DMo/runs/CZ07/DMo&0&rDXHP&New&dxHP_equip/RE-dxAC_eq-pkgSEER-14.3-SEER2/instance-out.sql,CZ07,DMo,0,rDXHP,New,dxHP_equip,,RE-dxAC_eq-pkgSEER-14.3-SEER2,DMo&0&rDXHP&New&dxHP_equip,RE-dxAC_eq-pkgSEER-14.3-SEER2,"EnergyPlus, Version 9.5.0-de239b2e5f, YMD=2026.06.12 23:26",CA_SAN-DIEGO-LINDBERGH-FIE CA USA Custom-722900 WMO#=722900,230.77,12.96,53.76,0.0,1988.35,3129.96,0.0,5167.03,0.0,937.76,65.17,0.0,0.0,0.0,0.0,0.0,0.0,11288.27,1240.85,0.0,0.0,0.0,7813.66,0.0,0.0,0.0,0.0,0.0,0.0,11164.56,0.0,0.0,20219.06,,,51899.34,42669.96
SWHC049-09 SEER Rated AC HP_DMo/runs/CZ07/DMo&0&rDXHP&New&dxHP_equip/RE-dxAC_eq-pkgSEER-15.2-SEER2/instance-out.sql,CZ07,DMo,0,rDXHP,New,dxHP_equip,,RE-dxAC_eq-pkgSEER-15.2-SEER2,DMo&0&rDXHP&New&dxHP_equip,RE-dxAC_eq-pkgSEER-15.2-SEER2,"EnergyPlus, Version 9.5.0-de239b2e5f, YMD=2026.06.12 23:26",CA_SAN-DIEGO-LINDBERGH-FIE CA USA Custom-722900 WMO#=722900,230.77,12.67,53.76,0.0,1920.62,3129.96,0.0,5167.03,0.0,937.76,65.17,0.0,0.0,0.0,0.0,0.0,0.0,11220.54,1240.85,0.0,0.0,0.0,7813.66,0.0,0.0,0.0,0.0,0.0,0.0,11164.56,0.0,0.0,20219.06,,,51899.34,42669.96
SWHC049-09 SEER Rated AC HP_DMo/runs/CZ07/DMo&0&rDXHP&New&dxHP_equip/RE-dxAC_eq-pkgSEER-16.9-SEER2/instance-out.sql,CZ07,DMo,0,rDXHP,New,dxHP_equip,,RE-dxAC_eq-pkgSEER-16.9-SEER2,DMo&0&rDXHP&New&dxHP_equip,RE-dxAC_eq-pkgSEER-16.9-SEER2,"EnergyPlus, Version 9.5.0-de239b2e5f, YMD=2026.06.12 23:26",CA_SAN-DIEGO-LINDBERGH-FIE CA USA Custom-722900 WMO#=722900,230.77,9.79,54.49,0.0,1742.78,3129.96,0.0,5167.03,0.0,445.55,69.96,0.0,0.0,0.0,0.0,0.0,0.0,10555.28,1410.71,0.0,0.0,0.0,7813.66,0.0,0.0,0.0,0.0,0.0,0.0,11163.24,0.0,0.0,20387.61,,,51899.34,42669.96
SWHC049-09 SEER Rated AC HP_DMo/runs/CZ07/DMo&0&rDXHP&New&dxHP_equip/RE-dxAC_eq-pkgSEER-17.8-SEER2/instance-out.sql,CZ07,DMo,0,rDXHP,New,dxHP_equip,,RE-dxAC_eq-pkgSEER-17.8-SEER2,DMo&0&rDXHP&New&dxHP_equip,RE-dxAC_eq-pkgSEER-17.8-SEER2,"EnergyPlus, Version 9.5.0-de239b2e5f, YMD=2026.06.12 23:26",CA_SAN-DIEGO-LINDBERGH-FIE CA USA Custom-722900 WMO#=722900,230.77,9.62,54.49,0.0,1703.86,3129.96,0.0,5167.03,0.0,445.55,69.96,0.0,0.0,0.0,0.0,0.0,0.0,10516.36,1410.71,0.0,0.0,0.0,7813.66,0.0,0.0,0.0,0.0,0.0,0.0,11163.24,0.0,0.0,20387.61,,,51899.34,42669.96
SWHC049-09 SEER Rated AC HP_DMo/runs/CZ07/DMo&0&rDXHP&New&dxHP_equip/RE-dxAC_eq-pkgSEER-18.7-SEER2/instance-out.sql,CZ07,DMo,0,rDXHP,New,dxHP_equip,,RE-dxAC_eq-pkgSEER-18.7-SEER2,DMo&0&rDXHP&New&dxHP_equip,RE-dxAC_eq-pkgSEER-18.7-SEER2,"EnergyPlus, Version 9.5.0-de239b2e5f, YMD=2026.06.12 23:27",CA_SAN-DIEGO-LINDBERGH-FIE CA USA Custom-722900 WMO#=722900,230.77,9.49,54.49,0.0,1673.96,3129.96,0.0,5167.03,0.0,445.55,69.96,0.0,0.0,0.0,0.0,0.0,0.0,10486.46,1410.71,0.0,0.0,0.0,7813.66,0.0,0.0,0.0,0.0,0.0,0.0,11163.24,0.0,0.0,20387.61,,,51899.34,42669.96
SWHC049-09 SEER Rated AC HP_DMo/runs/CZ07/DMo&0&rDXHP&New&dxHP_equip/RE-dxAC_eq-pkgSEER-19.6-SEER2/instance-out.sql,CZ07,DMo,0,rDXHP,New,dxHP_equip,,RE-dxAC_eq-pkgSEER-19.6-SEER2,DMo&0&rDXHP&New&dxHP_equip,RE-dxAC_eq-pkgSEER-19.6-SEER2,"EnergyPlus, Version 9.5.0-de239b2e5f, YMD=2026.06.12 23:27",CA_SAN-DIEGO-LINDBERGH-FIE CA USA Custom-722900 WMO#=722900,230.77,9.38,54.49,0.0,1648.67,3129.96,0.0,5167.03,0.0,445.55,69.96,0.0,0.0,0.0,0.0,0.0,0.0,10461.17,1410.71,0.0,0.0,0.0,7813.66,0.0,0.0,0.0,0.0,0.0,0.0,11163.24,0.0,0.0,20387.61,,,51899.34,42669.96
SWHC049-09 SEER Rated AC HP_DMo/runs/CZ07/DMo&0&rDXHP&New&dxHP_equip/RE-dxHP_eq-pkgSEER-12.5-SEER2-6.4-HSPF2/instance-out.sql,CZ07,DMo,0,rDXHP,New,dxHP_equip,,RE-dxHP_eq-pkgSEER-12.5-SEER2-6.4-HSPF2,DMo&0&rDXHP&New&dxHP_equip,RE-dxHP_eq-pkgSEER-12.5-SEER2-6.4-HSPF2,,,,,,,,,,,,,,,,,,,,,,,,,,,,,,,,,,,,,,,
SWHC049-09 SEER Rated AC HP_DMo/runs/CZ07/DMo&0&rDXHP&New&dxHP_equip/RE-dxHP_eq-pkgSEER-14.3-SEER2-7.5-HSPF2/instance-out.sql,CZ07,DMo,0,rDXHP,New,dxHP_equip,,RE-dxHP_eq-pkgSEER-14.3-SEER2-7.5-HSPF2,DMo&0&rDXHP&New&dxHP_equip,RE-dxHP_eq-pkgSEER-14.3-SEER2-7.5-HSPF2,,,,,,,,,,,,,,,,,,,,,,,,,,,,,,,,,,,,,,,
SWHC049-09 SEER Rated AC HP_DMo/runs/CZ07/DMo&0&rDXHP&New&dxHP_equip/RE-dxHP_eq-pkgSEER-15.2-SEER2-7.7-HSPF2/instance-out.sql,CZ07,DMo,0,rDXHP,New,dxHP_equip,,RE-dxHP_eq-pkgSEER-15.2-SEER2-7.7-HSPF2,DMo&0&rDXHP&New&dxHP_equip,RE-dxHP_eq-pkgSEER-15.2-SEER2-7.7-HSPF2,,,,,,,,,,,,,,,,,,,,,,,,,,,,,,,,,,,,,,,
SWHC049-09 SEER Rated AC HP_DMo/runs/CZ07/DMo&0&rDXHP&New&dxHP_equip/RE-dxHP_eq-pkgSEER-16.0-SEER2-8.0-HSPF2/instance-out.sql,CZ07,DMo,0,rDXHP,New,dxHP_equip,,RE-dxHP_eq-pkgSEER-16.0-SEER2-8.0-HSPF2,DMo&0&rDXHP&New&dxHP_equip,RE-dxHP_eq-pkgSEER-16.0-SEER2-8.0-HSPF2,,,,,,,,,,,,,,,,,,,,,,,,,,,,,,,,,,,,,,,
SWHC049-09 SEER Rated AC HP_DMo/runs/CZ07/DMo&0&rDXHP&New&dxHP_equip/RE-dxHP_eq-pkgSEER-17.8-SEER2-8.1-HSPF2/instance-out.sql,CZ07,DMo,0,rDXHP,New,dxHP_equip,,RE-dxHP_eq-pkgSEER-17.8-SEER2-8.1-HSPF2,DMo&0&rDXHP&New&dxHP_equip,RE-dxHP_eq-pkgSEER-17.8-SEER2-8.1-HSPF2,,,,,,,,,,,,,,,,,,,,,,,,,,,,,,,,,,,,,,,
SWHC049-09 SEER Rated AC HP_DMo/runs/CZ07/DMo&0&rDXHP&New&dxHP_equip/RE-dxHP_eq-pkgSEER-18.7-SEER2-8.5-HSPF2/instance-out.sql,CZ07,DMo,0,rDXHP,New,dxHP_equip,,RE-dxHP_eq-pkgSEER-18.7-SEER2-8.5-HSPF2,DMo&0&rDXHP&New&dxHP_equip,RE-dxHP_eq-pkgSEER-18.7-SEER2-8.5-HSPF2,,,,,,,,,,,,,,,,,,,,,,,,,,,,,,,,,,,,,,,
SWHC049-09 SEER Rated AC HP_DMo/runs/CZ07/DMo&0&rDXHP&New&dxHP_equip/RE-dxHP_eq-pkgSEER-19.6-SEER2-8.9-HSPF2/instance-out.sql,CZ07,DMo,0,rDXHP,New,dxHP_equip,,RE-dxHP_eq-pkgSEER-19.6-SEER2-8.9-HSPF2,DMo&0&rDXHP&New&dxHP_equip,RE-dxHP_eq-pkgSEER-19.6-SEER2-8.9-HSPF2,,,,,,,,,,,,,,,,,,,,,,,,,,,,,,,,,,,,,,,
SWHC049-09 SEER Rated AC HP_DMo/runs/CZ07/DMo&0&rDXHP&Ex&dxHP_equip/RE-dxAC_eq-pkgSEER-12.5-SEER2/instance-out.sql,CZ07,DMo,0,rDXHP,Ex,dxHP_equip,,RE-dxAC_eq-pkgSEER-12.5-SEER2,DMo&0&rDXHP&Ex&dxHP_equip,RE-dxAC_eq-pkgSEER-12.5-SEER2,"EnergyPlus, Version 9.5.0-de239b2e5f, YMD=2026.06.12 23:25",CA_SAN-DIEGO-LINDBERGH-FIE CA USA Custom-722900 WMO#=722900,230.77,15.69,57.69,0.0,2375.07,3129.96,0.0,5167.03,0.0,1147.18,97.46,0.0,0.0,0.0,0.0,0.0,0.0,11916.7,2141.72,0.0,0.0,0.0,7813.66,0.0,0.0,0.0,0.0,0.0,0.0,11170.86,0.0,0.0,21126.24,,,53808.96000000001,44239.86
SWHC049-09 SEER Rated AC HP_DMo/runs/CZ07/DMo&0&rDXHP&Ex&dxHP_equip/RE-dxAC_eq-pkgSEER-13.8-SEER2/instance-out.sql,CZ07,DMo,0,rDXHP,Ex,dxHP_equip,,RE-dxAC_eq-pkgSEER-13.8-SEER2,DMo&0&rDXHP&Ex&dxHP_equip,RE-dxAC_eq-pkgSEER-13.8-SEER2,"EnergyPlus, Version 9.5.0-de239b2e5f, YMD=2026.06.12 23:25",CA_SAN-DIEGO-LINDBERGH-FIE CA USA Custom-722900 WMO#=722900,230.77,15.05,57.69,0.0,2228.54,3129.96,0.0,5167.03,0.0,1147.18,97.46,0.0,0.0,0.0,0.0,0.0,0.0,11770.17,2141.72,0.0,0.0,0.0,7813.66,0.0,0.0,0.0,0.0,0.0,0.0,11170.86,0.0,0.0,21126.24,,,53808.96000000001,44239.86
SWHC049-09 SEER Rated AC HP_DMo/runs/CZ07/DMo&0&rDXHP&Ex&dxHP_equip/RE-dxAC_eq-pkgSEER-14.3-SEER2/instance-out.sql,CZ07,DMo,0,rDXHP,Ex,dxHP_equip,,RE-dxAC_eq-pkgSEER-14.3-SEER2,DMo&0&rDXHP&Ex&dxHP_equip,RE-dxAC_eq-pkgSEER-14.3-SEER2,"EnergyPlus, Version 9.5.0-de239b2e5f, YMD=2026.06.12 23:25",CA_SAN-DIEGO-LINDBERGH-FIE CA USA Custom-722900 WMO#=722900,230.77,14.86,57.69,0.0,2183.63,3129.96,0.0,5167.03,0.0,1147.18,97.46,0.0,0.0,0.0,0.0,0.0,0.0,11725.26,2141.72,0.0,0.0,0.0,7813.66,0.0,0.0,0.0,0.0,0.0,0.0,11170.86,0.0,0.0,21126.24,,,53808.96000000001,44239.86
SWHC049-09 SEER Rated AC HP_DMo/runs/CZ07/DMo&0&rDXHP&Ex&dxHP_equip/RE-dxAC_eq-pkgSEER-15.2-SEER2/instance-out.sql,CZ07,DMo,0,rDXHP,Ex,dxHP_equip,,RE-dxAC_eq-pkgSEER-15.2-SEER2,DMo&0&rDXHP&Ex&dxHP_equip,RE-dxAC_eq-pkgSEER-15.2-SEER2,"EnergyPlus, Version 9.5.0-de239b2e5f, YMD=2026.06.12 23:26",CA_SAN-DIEGO-LINDBERGH-FIE CA USA Custom-722900 WMO#=722900,230.77,14.53,57.69,0.0,2109.25,3129.96,0.0,5167.03,0.0,1147.18,97.46,0.0,0.0,0.0,0.0,0.0,0.0,11650.88,2141.72,0.0,0.0,0.0,7813.66,0.0,0.0,0.0,0.0,0.0,0.0,11170.86,0.0,0.0,21126.24,,,53808.96000000001,44239.86
SWHC049-09 SEER Rated AC HP_DMo/runs/CZ07/DMo&0&rDXHP&Ex&dxHP_equip/RE-dxAC_eq-pkgSEER-16.9-SEER2/instance-out.sql,CZ07,DMo,0,rDXHP,Ex,dxHP_equip,,RE-dxAC_eq-pkgSEER-16.9-SEER2,DMo&0&rDXHP&Ex&dxHP_equip,RE-dxAC_eq-pkgSEER-16.9-SEER2,"EnergyPlus, Version 9.5.0-de239b2e5f, YMD=2026.06.12 23:26",CA_SAN-DIEGO-LINDBERGH-FIE CA USA Custom-722900 WMO#=722900,230.77,11.06,58.77,0.0,1903.0,3129.96,0.0,5167.03,0.0,546.26,103.63,0.0,0.0,0.0,0.0,0.0,0.0,10849.88,2393.92,0.0,0.0,0.0,7813.66,0.0,0.0,0.0,0.0,0.0,0.0,11169.49,0.0,0.0,21377.07,,,53808.96000000001,44239.86
SWHC049-09 SEER Rated AC HP_DMo/runs/CZ07/DMo&0&rDXHP&Ex&dxHP_equip/RE-dxAC_eq-pkgSEER-17.8-SEER2/instance-out.sql,CZ07,DMo,0,rDXHP,Ex,dxHP_equip,,RE-dxAC_eq-pkgSEER-17.8-SEER2,DMo&0&rDXHP&Ex&dxHP_equip,RE-dxAC_eq-pkgSEER-17.8-SEER2,"EnergyPlus, Version 9.5.0-de239b2e5f, YMD=2026.06.12 23:26",CA_SAN-DIEGO-LINDBERGH-FIE CA USA Custom-722900 WMO#=722900,230.77,10.88,58.77,0.0,1860.47,3129.96,0.0,5167.03,0.0,546.26,103.63,0.0,0.0,0.0,0.0,0.0,0.0,10807.35,2393.92,0.0,0.0,0.0,7813.66,0.0,0.0,0.0,0.0,0.0,0.0,11169.49,0.0,0.0,21377.07,,,53808.96000000001,44239.86
SWHC049-09 SEER Rated AC HP_DMo/runs/CZ07/DMo&0&rDXHP&Ex&dxHP_equip/RE-dxAC_eq-pkgSEER-18.7-SEER2/instance-out.sql,CZ07,DMo,0,rDXHP,Ex,dxHP_equip,,RE-dxAC_eq-pkgSEER-18.7-SEER2,DMo&0&rDXHP&Ex&dxHP_equip,RE-dxAC_eq-pkgSEER-18.7-SEER2,"EnergyPlus, Version 9.5.0-de239b2e5f, YMD=2026.06.12 23:26",CA_SAN-DIEGO-LINDBERGH-FIE CA USA Custom-722900 WMO#=722900,230.77,10.74,58.77,0.0,1827.79,3129.96,0.0,5167.03,0.0,546.26,103.63,0.0,0.0,0.0,0.0,0.0,0.0,10774.67,2393.92,0.0,0.0,0.0,7813.66,0.0,0.0,0.0,0.0,0.0,0.0,11169.49,0.0,0.0,21377.07,,,53808.96000000001,44239.86
SWHC049-09 SEER Rated AC HP_DMo/runs/CZ07/DMo&0&rDXHP&Ex&dxHP_equip/RE-dxAC_eq-pkgSEER-19.6-SEER2/instance-out.sql,CZ07,DMo,0,rDXHP,Ex,dxHP_equip,,RE-dxAC_eq-pkgSEER-19.6-SEER2,DMo&0&rDXHP&Ex&dxHP_equip,RE-dxAC_eq-pkgSEER-19.6-SEER2,"EnergyPlus, Version 9.5.0-de239b2e5f, YMD=2026.06.12 23:26",CA_SAN-DIEGO-LINDBERGH-FIE CA USA Custom-722900 WMO#=722900,230.77,10.62,58.77,0.0,1800.15,3129.96,0.0,5167.03,0.0,546.26,103.63,0.0,0.0,0.0,0.0,0.0,0.0,10747.02,2393.92,0.0,0.0,0.0,7813.66,0.0,0.0,0.0,0.0,0.0,0.0,11169.49,0.0,0.0,21377.07,,,53808.96000000001,44239.86
SWHC049-09 SEER Rated AC HP_DMo/runs/CZ07/DMo&0&rDXHP&Ex&dxHP_equip/RE-dxHP_eq-pkgSEER-12.5-SEER2-6.4-HSPF2/instance-out.sql,CZ07,DMo,0,rDXHP,Ex,dxHP_equip,,RE-dxHP_eq-pkgSEER-12.5-SEER2-6.4-HSPF2,DMo&0&rDXHP&Ex&dxHP_equip,RE-dxHP_eq-pkgSEER-12.5-SEER2-6.4-HSPF2,,,,,,,,,,,,,,,,,,,,,,,,,,,,,,,,,,,,,,,
SWHC049-09 SEER Rated AC HP_DMo/runs/CZ07/DMo&0&rDXHP&Ex&dxHP_equip/RE-dxHP_eq-pkgSEER-14.3-SEER2-7.5-HSPF2/instance-out.sql,CZ07,DMo,0,rDXHP,Ex,dxHP_equip,,RE-dxHP_eq-pkgSEER-14.3-SEER2-7.5-HSPF2,DMo&0&rDXHP&Ex&dxHP_equip,RE-dxHP_eq-pkgSEER-14.3-SEER2-7.5-HSPF2,,,,,,,,,,,,,,,,,,,,,,,,,,,,,,,,,,,,,,,
SWHC049-09 SEER Rated AC HP_DMo/runs/CZ07/DMo&0&rDXHP&Ex&dxHP_equip/RE-dxHP_eq-pkgSEER-15.2-SEER2-7.7-HSPF2/instance-out.sql,CZ07,DMo,0,rDXHP,Ex,dxHP_equip,,RE-dxHP_eq-pkgSEER-15.2-SEER2-7.7-HSPF2,DMo&0&rDXHP&Ex&dxHP_equip,RE-dxHP_eq-pkgSEER-15.2-SEER2-7.7-HSPF2,,,,,,,,,,,,,,,,,,,,,,,,,,,,,,,,,,,,,,,
SWHC049-09 SEER Rated AC HP_DMo/runs/CZ07/DMo&0&rDXHP&Ex&dxHP_equip/RE-dxHP_eq-pkgSEER-16.0-SEER2-8.0-HSPF2/instance-out.sql,CZ07,DMo,0,rDXHP,Ex,dxHP_equip,,RE-dxHP_eq-pkgSEER-16.0-SEER2-8.0-HSPF2,DMo&0&rDXHP&Ex&dxHP_equip,RE-dxHP_eq-pkgSEER-16.0-SEER2-8.0-HSPF2,,,,,,,,,,,,,,,,,,,,,,,,,,,,,,,,,,,,,,,
SWHC049-09 SEER Rated AC HP_DMo/runs/CZ07/DMo&0&rDXHP&Ex&dxHP_equip/RE-dxHP_eq-pkgSEER-17.8-SEER2-8.1-HSPF2/instance-out.sql,CZ07,DMo,0,rDXHP,Ex,dxHP_equip,,RE-dxHP_eq-pkgSEER-17.8-SEER2-8.1-HSPF2,DMo&0&rDXHP&Ex&dxHP_equip,RE-dxHP_eq-pkgSEER-17.8-SEER2-8.1-HSPF2,,,,,,,,,,,,,,,,,,,,,,,,,,,,,,,,,,,,,,,
SWHC049-09 SEER Rated AC HP_DMo/runs/CZ07/DMo&0&rDXHP&Ex&dxHP_equip/RE-dxHP_eq-pkgSEER-18.7-SEER2-8.5-HSPF2/instance-out.sql,CZ07,DMo,0,rDXHP,Ex,dxHP_equip,,RE-dxHP_eq-pkgSEER-18.7-SEER2-8.5-HSPF2,DMo&0&rDXHP&Ex&dxHP_equip,RE-dxHP_eq-pkgSEER-18.7-SEER2-8.5-HSPF2,,,,,,,,,,,,,,,,,,,,,,,,,,,,,,,,,,,,,,,
SWHC049-09 SEER Rated AC HP_DMo/runs/CZ07/DMo&0&rDXHP&Ex&dxHP_equip/RE-dxHP_eq-pkgSEER-19.6-SEER2-8.9-HSPF2/instance-out.sql,CZ07,DMo,0,rDXHP,Ex,dxHP_equip,,RE-dxHP_eq-pkgSEER-19.6-SEER2-8.9-HSPF2,DMo&0&rDXHP&Ex&dxHP_equip,RE-dxHP_eq-pkgSEER-19.6-SEER2-8.9-HSPF2,,,,,,,,,,,,,,,,,,,,,,,,,,,,,,,,,,,,,,,
SWHC049-09 SEER Rated AC HP_DMo/runs/CZ06/DMo&0&rDXHP&New&dxHP_equip/RE-dxAC_eq-pkgSEER-12.5-SEER2/instance-out.sql,CZ06,DMo,0,rDXHP,New,dxHP_equip,,RE-dxAC_eq-pkgSEER-12.5-SEER2,DMo&0&rDXHP&New&dxHP_equip,RE-dxAC_eq-pkgSEER-12.5-SEER2,"EnergyPlus, Version 9.5.0-de239b2e5f, YMD=2026.06.12 23:24",CA_LOS-ANGELES-IAP CA USA Custom-722950 WMO#=722950,230.77,15.88,54.29,0.0,2485.48,3129.96,0.0,5167.03,0.0,1123.37,56.07,0.0,0.0,0.0,0.0,0.0,0.0,11961.9,1346.49,0.0,0.0,0.0,7813.66,0.0,0.0,0.0,0.0,0.0,0.0,11181.62,0.0,0.0,20341.78,,,34327.51,42483.58
SWHC049-09 SEER Rated AC HP_DMo/runs/CZ06/DMo&0&rDXHP&New&dxHP_equip/RE-dxAC_eq-pkgSEER-13.8-SEER2/instance-out.sql,CZ06,DMo,0,rDXHP,New,dxHP_equip,,RE-dxAC_eq-pkgSEER-13.8-SEER2,DMo&0&rDXHP&New&dxHP_equip,RE-dxAC_eq-pkgSEER-13.8-SEER2,"EnergyPlus, Version 9.5.0-de239b2e5f, YMD=2026.06.12 23:24",CA_LOS-ANGELES-IAP CA USA Custom-722950 WMO#=722950,230.77,15.22,54.29,0.0,2332.14,3129.96,0.0,5167.03,0.0,1123.37,56.07,0.0,0.0,0.0,0.0,0.0,0.0,11808.56,1346.49,0.0,0.0,0.0,7813.66,0.0,0.0,0.0,0.0,0.0,0.0,11181.62,0.0,0.0,20341.78,,,34327.51,42483.58
SWHC049-09 SEER Rated AC HP_DMo/runs/CZ06/DMo&0&rDXHP&New&dxHP_equip/RE-dxAC_eq-pkgSEER-14.3-SEER2/instance-out.sql,CZ06,DMo,0,rDXHP,New,dxHP_equip,,RE-dxAC_eq-pkgSEER-14.3-SEER2,DMo&0&rDXHP&New&dxHP_equip,RE-dxAC_eq-pkgSEER-14.3-SEER2,"EnergyPlus, Version 9.5.0-de239b2e5f, YMD=2026.06.12 23:24",CA_LOS-ANGELES-IAP CA USA Custom-722950 WMO#=722950,230.77,15.01,54.29,0.0,2285.14,3129.96,0.0,5167.03,0.0,1123.37,56.07,0.0,0.0,0.0,0.0,0.0,0.0,11761.56,1346.49,0.0,0.0,0.0,7813.66,0.0,0.0,0.0,0.0,0.0,0.0,11181.62,0.0,0.0,20341.78,,,34327.51,42483.58
SWHC049-09 SEER Rated AC HP_DMo/runs/CZ06/DMo&0&rDXHP&New&dxHP_equip/RE-dxAC_eq-pkgSEER-15.2-SEER2/instance-out.sql,CZ06,DMo,0,rDXHP,New,dxHP_equip,,RE-dxAC_eq-pkgSEER-15.2-SEER2,DMo&0&rDXHP&New&dxHP_equip,RE-dxAC_eq-pkgSEER-15.2-SEER2,"EnergyPlus, Version 9.5.0-de239b2e5f, YMD=2026.06.12 23:25",CA_LOS-ANGELES-IAP CA USA Custom-722950 WMO#=722950,230.77,14.68,54.29,0.0,2207.3,3129.96,0.0,5167.03,0.0,1123.37,56.07,0.0,0.0,0.0,0.0,0.0,0.0,11683.72,1346.49,0.0,0.0,0.0,7813.66,0.0,0.0,0.0,0.0,0.0,0.0,11181.62,0.0,0.0,20341.78,,,34327.51,42483.58
SWHC049-09 SEER Rated AC HP_DMo/runs/CZ06/DMo&0&rDXHP&New&dxHP_equip/RE-dxAC_eq-pkgSEER-16.9-SEER2/instance-out.sql,CZ06,DMo,0,rDXHP,New,dxHP_equip,,RE-dxAC_eq-pkgSEER-16.9-SEER2,DMo&0&rDXHP&New&dxHP_equip,RE-dxAC_eq-pkgSEER-16.9-SEER2,"EnergyPlus, Version 9.5.0-de239b2e5f, YMD=2026.06.12 23:25",CA_LOS-ANGELES-IAP CA USA Custom-722950 WMO#=722950,230.77,11.3,55.23,0.0,2008.25,3129.96,0.0,5167.03,0.0,538.82,61.02,0.0,0.0,0.0,0.0,0.0,0.0,10905.08,1564.85,0.0,0.0,0.0,7813.66,0.0,0.0,0.0,0.0,0.0,0.0,11180.0,0.0,0.0,20558.51,,,34327.51,42483.58
SWHC049-09 SEER Rated AC HP_DMo/runs/CZ06/DMo&0&rDXHP&New&dxHP_equip/RE-dxAC_eq-pkgSEER-17.8-SEER2/instance-out.sql,CZ06,DMo,0,rDXHP,New,dxHP_equip,,RE-dxAC_eq-pkgSEER-17.8-SEER2,DMo&0&rDXHP&New&dxHP_equip,RE-dxAC_eq-pkgSEER-17.8-SEER2,"EnergyPlus, Version 9.5.0-de239b2e5f, YMD=2026.06.12 23:25",CA_LOS-ANGELES-IAP CA USA Custom-722950 WMO#=722950,230.77,11.11,55.23,0.0,1963.44,3129.96,0.0,5167.03,0.0,538.82,61.02,0.0,0.0,0.0,0.0,0.0,0.0,10860.26,1564.85,0.0,0.0,0.0,7813.66,0.0,0.0,0.0,0.0,0.0,0.0,11180.0,0.0,0.0,20558.51,,,34327.51,42483.58
SWHC049-09 SEER Rated AC HP_DMo/runs/CZ06/DMo&0&rDXHP&New&dxHP_equip/RE-dxAC_eq-pkgSEER-18.7-SEER2/instance-out.sql,CZ06,DMo,0,rDXHP,New,dxHP_equip,,RE-dxAC_eq-pkgSEER-18.7-SEER2,DMo&0&rDXHP&New&dxHP_equip,RE-dxAC_eq-pkgSEER-18.7-SEER2,"EnergyPlus, Version 9.5.0-de239b2e5f, YMD=2026.06.12 23:25",CA_LOS-ANGELES-IAP CA USA Custom-722950 WMO#=722950,230.77,10.96,55.23,0.0,1929.02,3129.96,0.0,5167.03,0.0,538.82,61.02,0.0,0.0,0.0,0.0,0.0,0.0,10825.85,1564.85,0.0,0.0,0.0,7813.66,0.0,0.0,0.0,0.0,0.0,0.0,11180.0,0.0,0.0,20558.51,,,34327.51,42483.58
SWHC049-09 SEER Rated AC HP_DMo/runs/CZ06/DMo&0&rDXHP&New&dxHP_equip/RE-dxAC_eq-pkgSEER-19.6-SEER2/instance-out.sql,CZ06,DMo,0,rDXHP,New,dxHP_equip,,RE-dxAC_eq-pkgSEER-19.6-SEER2,DMo&0&rDXHP&New&dxHP_equip,RE-dxAC_eq-pkgSEER-19.6-SEER2,"EnergyPlus, Version 9.5.0-de239b2e5f, YMD=2026.06.12 23:25",CA_LOS-ANGELES-IAP CA USA Custom-722950 WMO#=722950,230.77,10.83,55.23,0.0,1899.89,3129.96,0.0,5167.03,0.0,538.82,61.02,0.0,0.0,0.0,0.0,0.0,0.0,10796.72,1564.85,0.0,0.0,0.0,7813.66,0.0,0.0,0.0,0.0,0.0,0.0,11180.0,0.0,0.0,20558.51,,,34327.51,42483.58
SWHC049-09 SEER Rated AC HP_DMo/runs/CZ06/DMo&0&rDXHP&New&dxHP_equip/RE-dxHP_eq-pkgSEER-12.5-SEER2-6.4-HSPF2/instance-out.sql,CZ06,DMo,0,rDXHP,New,dxHP_equip,,RE-dxHP_eq-pkgSEER-12.5-SEER2-6.4-HSPF2,DMo&0&rDXHP&New&dxHP_equip,RE-dxHP_eq-pkgSEER-12.5-SEER2-6.4-HSPF2,,,,,,,,,,,,,,,,,,,,,,,,,,,,,,,,,,,,,,,
SWHC049-09 SEER Rated AC HP_DMo/runs/CZ06/DMo&0&rDXHP&New&dxHP_equip/RE-dxHP_eq-pkgSEER-14.3-SEER2-7.5-HSPF2/instance-out.sql,CZ06,DMo,0,rDXHP,New,dxHP_equip,,RE-dxHP_eq-pkgSEER-14.3-SEER2-7.5-HSPF2,DMo&0&rDXHP&New&dxHP_equip,RE-dxHP_eq-pkgSEER-14.3-SEER2-7.5-HSPF2,,,,,,,,,,,,,,,,,,,,,,,,,,,,,,,,,,,,,,,
SWHC049-09 SEER Rated AC HP_DMo/runs/CZ06/DMo&0&rDXHP&New&dxHP_equip/RE-dxHP_eq-pkgSEER-15.2-SEER2-7.7-HSPF2/instance-out.sql,CZ06,DMo,0,rDXHP,New,dxHP_equip,,RE-dxHP_eq-pkgSEER-15.2-SEER2-7.7-HSPF2,DMo&0&rDXHP&New&dxHP_equip,RE-dxHP_eq-pkgSEER-15.2-SEER2-7.7-HSPF2,,,,,,,,,,,,,,,,,,,,,,,,,,,,,,,,,,,,,,,
SWHC049-09 SEER Rated AC HP_DMo/runs/CZ06/DMo&0&rDXHP&New&dxHP_equip/RE-dxHP_eq-pkgSEER-16.0-SEER2-8.0-HSPF2/instance-out.sql,CZ06,DMo,0,rDXHP,New,dxHP_equip,,RE-dxHP_eq-pkgSEER-16.0-SEER2-8.0-HSPF2,DMo&0&rDXHP&New&dxHP_equip,RE-dxHP_eq-pkgSEER-16.0-SEER2-8.0-HSPF2,,,,,,,,,,,,,,,,,,,,,,,,,,,,,,,,,,,,,,,
SWHC049-09 SEER Rated AC HP_DMo/runs/CZ06/DMo&0&rDXHP&New&dxHP_equip/RE-dxHP_eq-pkgSEER-17.8-SEER2-8.1-HSPF2/instance-out.sql,CZ06,DMo,0,rDXHP,New,dxHP_equip,,RE-dxHP_eq-pkgSEER-17.8-SEER2-8.1-HSPF2,DMo&0&rDXHP&New&dxHP_equip,RE-dxHP_eq-pkgSEER-17.8-SEER2-8.1-HSPF2,,,,,,,,,,,,,,,,,,,,,,,,,,,,,,,,,,,,,,,
SWHC049-09 SEER Rated AC HP_DMo/runs/CZ06/DMo&0&rDXHP&New&dxHP_equip/RE-dxHP_eq-pkgSEER-18.7-SEER2-8.5-HSPF2/instance-out.sql,CZ06,DMo,0,rDXHP,New,dxHP_equip,,RE-dxHP_eq-pkgSEER-18.7-SEER2-8.5-HSPF2,DMo&0&rDXHP&New&dxHP_equip,RE-dxHP_eq-pkgSEER-18.7-SEER2-8.5-HSPF2,,,,,,,,,,,,,,,,,,,,,,,,,,,,,,,,,,,,,,,
SWHC049-09 SEER Rated AC HP_DMo/runs/CZ06/DMo&0&rDXHP&New&dxHP_equip/RE-dxHP_eq-pkgSEER-19.6-SEER2-8.9-HSPF2/instance-out.sql,CZ06,DMo,0,rDXHP,New,dxHP_equip,,RE-dxHP_eq-pkgSEER-19.6-SEER2-8.9-HSPF2,DMo&0&rDXHP&New&dxHP_equip,RE-dxHP_eq-pkgSEER-19.6-SEER2-8.9-HSPF2,,,,,,,,,,,,,,,,,,,,,,,,,,,,,,,,,,,,,,,
SWHC049-09 SEER Rated AC HP_DMo/runs/CZ06/DMo&0&rDXHP&Ex&dxHP_equip/RE-dxAC_eq-pkgSEER-12.5-SEER2/instance-out.sql,CZ06,DMo,0,rDXHP,Ex,dxHP_equip,,RE-dxAC_eq-pkgSEER-12.5-SEER2,DMo&0&rDXHP&Ex&dxHP_equip,RE-dxAC_eq-pkgSEER-12.5-SEER2,"EnergyPlus, Version 9.5.0-de239b2e5f, YMD=2026.06.12 23:23",CA_LOS-ANGELES-IAP CA USA Custom-722950 WMO#=722950,230.77,18.5,58.88,0.0,2764.94,3129.96,0.0,5167.03,0.0,1417.06,86.82,0.0,0.0,0.0,0.0,0.0,0.0,12565.81,2396.76,0.0,0.0,0.0,7813.66,0.0,0.0,0.0,0.0,0.0,0.0,11191.95,0.0,0.0,21402.36,,,35524.31,43964.65
SWHC049-09 SEER Rated AC HP_DMo/runs/CZ06/DMo&0&rDXHP&Ex&dxHP_equip/RE-dxAC_eq-pkgSEER-13.8-SEER2/instance-out.sql,CZ06,DMo,0,rDXHP,Ex,dxHP_equip,,RE-dxAC_eq-pkgSEER-13.8-SEER2,DMo&0&rDXHP&Ex&dxHP_equip,RE-dxAC_eq-pkgSEER-13.8-SEER2,"EnergyPlus, Version 9.5.0-de239b2e5f, YMD=2026.06.12 23:23",CA_LOS-ANGELES-IAP CA USA Custom-722950 WMO#=722950,230.77,17.76,58.88,0.0,2594.35,3129.96,0.0,5167.03,0.0,1417.06,86.82,0.0,0.0,0.0,0.0,0.0,0.0,12395.22,2396.76,0.0,0.0,0.0,7813.66,0.0,0.0,0.0,0.0,0.0,0.0,11191.95,0.0,0.0,21402.36,,,35524.31,43964.65
SWHC049-09 SEER Rated AC HP_DMo/runs/CZ06/DMo&0&rDXHP&Ex&dxHP_equip/RE-dxAC_eq-pkgSEER-14.3-SEER2/instance-out.sql,CZ06,DMo,0,rDXHP,Ex,dxHP_equip,,RE-dxAC_eq-pkgSEER-14.3-SEER2,DMo&0&rDXHP&Ex&dxHP_equip,RE-dxAC_eq-pkgSEER-14.3-SEER2,"EnergyPlus, Version 9.5.0-de239b2e5f, YMD=2026.06.12 23:23",CA_LOS-ANGELES-IAP CA USA Custom-722950 WMO#=722950,230.77,17.53,58.88,0.0,2542.07,3129.96,0.0,5167.03,0.0,1417.06,86.82,0.0,0.0,0.0,0.0,0.0,0.0,12342.94,2396.76,0.0,0.0,0.0,7813.66,0.0,0.0,0.0,0.0,0.0,0.0,11191.95,0.0,0.0,21402.36,,,35524.31,43964.65
SWHC049-09 SEER Rated AC HP_DMo/runs/CZ06/DMo&0&rDXHP&Ex&dxHP_equip/RE-dxAC_eq-pkgSEER-15.2-SEER2/instance-out.sql,CZ06,DMo,0,rDXHP,Ex,dxHP_equip,,RE-dxAC_eq-pkgSEER-15.2-SEER2,DMo&0&rDXHP&Ex&dxHP_equip,RE-dxAC_eq-pkgSEER-15.2-SEER2,"EnergyPlus, Version 9.5.0-de239b2e5f, YMD=2026.06.12 23:23",CA_LOS-ANGELES-IAP CA USA Custom-722950 WMO#=722950,230.77,17.16,58.88,0.0,2455.48,3129.96,0.0,5167.03,0.0,1417.06,86.82,0.0,0.0,0.0,0.0,0.0,0.0,12256.35,2396.76,0.0,0.0,0.0,7813.66,0.0,0.0,0.0,0.0,0.0,0.0,11191.95,0.0,0.0,21402.36,,,35524.31,43964.65
SWHC049-09 SEER Rated AC HP_DMo/runs/CZ06/DMo&0&rDXHP&Ex&dxHP_equip/RE-dxAC_eq-pkgSEER-16.9-SEER2/instance-out.sql,CZ06,DMo,0,rDXHP,Ex,dxHP_equip,,RE-dxAC_eq-pkgSEER-16.9-SEER2,DMo&0&rDXHP&Ex&dxHP_equip,RE-dxAC_eq-pkgSEER-16.9-SEER2,"EnergyPlus, Version 9.5.0-de239b2e5f, YMD=2026.06.12 23:23",CA_LOS-ANGELES-IAP CA USA Custom-722950 WMO#=722950,230.77,12.99,60.33,0.0,2221.17,3129.96,0.0,5167.03,0.0,682.19,93.52,0.0,0.0,0.0,0.0,0.0,0.0,11293.87,2733.81,0.0,0.0,0.0,7813.66,0.0,0.0,0.0,0.0,0.0,0.0,11189.01,0.0,0.0,21736.47,,,35524.31,43964.65
SWHC049-09 SEER Rated AC HP_DMo/runs/CZ06/DMo&0&rDXHP&Ex&dxHP_equip/RE-dxAC_eq-pkgSEER-17.8-SEER2/instance-out.sql,CZ06,DMo,0,rDXHP,Ex,dxHP_equip,,RE-dxAC_eq-pkgSEER-17.8-SEER2,DMo&0&rDXHP&Ex&dxHP_equip,RE-dxAC_eq-pkgSEER-17.8-SEER2,"EnergyPlus, Version 9.5.0-de239b2e5f, YMD=2026.06.12 23:23",CA_LOS-ANGELES-IAP CA USA Custom-722950 WMO#=722950,230.77,12.77,60.33,0.0,2171.55,3129.96,0.0,5167.03,0.0,682.19,93.52,0.0,0.0,0.0,0.0,0.0,0.0,11244.25,2733.81,0.0,0.0,0.0,7813.66,0.0,0.0,0.0,0.0,0.0,0.0,11189.01,0.0,0.0,21736.47,,,35524.31,43964.65
SWHC049-09 SEER Rated AC HP_DMo/runs/CZ06/DMo&0&rDXHP&Ex&dxHP_equip/RE-dxAC_eq-pkgSEER-18.7-SEER2/instance-out.sql,CZ06,DMo,0,rDXHP,Ex,dxHP_equip,,RE-dxAC_eq-pkgSEER-18.7-SEER2,DMo&0&rDXHP&Ex&dxHP_equip,RE-dxAC_eq-pkgSEER-18.7-SEER2,"EnergyPlus, Version 9.5.0-de239b2e5f, YMD=2026.06.12 23:23",CA_LOS-ANGELES-IAP CA USA Custom-722950 WMO#=722950,230.77,12.61,60.33,0.0,2133.44,3129.96,0.0,5167.03,0.0,682.19,93.52,0.0,0.0,0.0,0.0,0.0,0.0,11206.14,2733.81,0.0,0.0,0.0,7813.66,0.0,0.0,0.0,0.0,0.0,0.0,11189.01,0.0,0.0,21736.47,,,35524.31,43964.65
SWHC049-09 SEER Rated AC HP_DMo/runs/CZ06/DMo&0&rDXHP&Ex&dxHP_equip/RE-dxAC_eq-pkgSEER-19.6-SEER2/instance-out.sql,CZ06,DMo,0,rDXHP,Ex,dxHP_equip,,RE-dxAC_eq-pkgSEER-19.6-SEER2,DMo&0&rDXHP&Ex&dxHP_equip,RE-dxAC_eq-pkgSEER-19.6-SEER2,"EnergyPlus, Version 9.5.0-de239b2e5f, YMD=2026.06.12 23:24",CA_LOS-ANGELES-IAP CA USA Custom-722950 WMO#=722950,230.77,12.47,60.33,0.0,2101.18,3129.96,0.0,5167.03,0.0,682.19,93.52,0.0,0.0,0.0,0.0,0.0,0.0,11173.88,2733.81,0.0,0.0,0.0,7813.66,0.0,0.0,0.0,0.0,0.0,0.0,11189.01,0.0,0.0,21736.47,,,35524.31,43964.65
SWHC049-09 SEER Rated AC HP_DMo/runs/CZ06/DMo&0&rDXHP&Ex&dxHP_equip/RE-dxHP_eq-pkgSEER-12.5-SEER2-6.4-HSPF2/instance-out.sql,CZ06,DMo,0,rDXHP,Ex,dxHP_equip,,RE-dxHP_eq-pkgSEER-12.5-SEER2-6.4-HSPF2,DMo&0&rDXHP&Ex&dxHP_equip,RE-dxHP_eq-pkgSEER-12.5-SEER2-6.4-HSPF2,,,,,,,,,,,,,,,,,,,,,,,,,,,,,,,,,,,,,,,
SWHC049-09 SEER Rated AC HP_DMo/runs/CZ06/DMo&0&rDXHP&Ex&dxHP_equip/RE-dxHP_eq-pkgSEER-14.3-SEER2-7.5-HSPF2/instance-out.sql,CZ06,DMo,0,rDXHP,Ex,dxHP_equip,,RE-dxHP_eq-pkgSEER-14.3-SEER2-7.5-HSPF2,DMo&0&rDXHP&Ex&dxHP_equip,RE-dxHP_eq-pkgSEER-14.3-SEER2-7.5-HSPF2,,,,,,,,,,,,,,,,,,,,,,,,,,,,,,,,,,,,,,,
SWHC049-09 SEER Rated AC HP_DMo/runs/CZ06/DMo&0&rDXHP&Ex&dxHP_equip/RE-dxHP_eq-pkgSEER-15.2-SEER2-7.7-HSPF2/instance-out.sql,CZ06,DMo,0,rDXHP,Ex,dxHP_equip,,RE-dxHP_eq-pkgSEER-15.2-SEER2-7.7-HSPF2,DMo&0&rDXHP&Ex&dxHP_equip,RE-dxHP_eq-pkgSEER-15.2-SEER2-7.7-HSPF2,,,,,,,,,,,,,,,,,,,,,,,,,,,,,,,,,,,,,,,
SWHC049-09 SEER Rated AC HP_DMo/runs/CZ06/DMo&0&rDXHP&Ex&dxHP_equip/RE-dxHP_eq-pkgSEER-16.0-SEER2-8.0-HSPF2/instance-out.sql,CZ06,DMo,0,rDXHP,Ex,dxHP_equip,,RE-dxHP_eq-pkgSEER-16.0-SEER2-8.0-HSPF2,DMo&0&rDXHP&Ex&dxHP_equip,RE-dxHP_eq-pkgSEER-16.0-SEER2-8.0-HSPF2,,,,,,,,,,,,,,,,,,,,,,,,,,,,,,,,,,,,,,,
SWHC049-09 SEER Rated AC HP_DMo/runs/CZ06/DMo&0&rDXHP&Ex&dxHP_equip/RE-dxHP_eq-pkgSEER-17.8-SEER2-8.1-HSPF2/instance-out.sql,CZ06,DMo,0,rDXHP,Ex,dxHP_equip,,RE-dxHP_eq-pkgSEER-17.8-SEER2-8.1-HSPF2,DMo&0&rDXHP&Ex&dxHP_equip,RE-dxHP_eq-pkgSEER-17.8-SEER2-8.1-HSPF2,,,,,,,,,,,,,,,,,,,,,,,,,,,,,,,,,,,,,,,
SWHC049-09 SEER Rated AC HP_DMo/runs/CZ06/DMo&0&rDXHP&Ex&dxHP_equip/RE-dxHP_eq-pkgSEER-18.7-SEER2-8.5-HSPF2/instance-out.sql,CZ06,DMo,0,rDXHP,Ex,dxHP_equip,,RE-dxHP_eq-pkgSEER-18.7-SEER2-8.5-HSPF2,DMo&0&rDXHP&Ex&dxHP_equip,RE-dxHP_eq-pkgSEER-18.7-SEER2-8.5-HSPF2,,,,,,,,,,,,,,,,,,,,,,,,,,,,,,,,,,,,,,,
SWHC049-09 SEER Rated AC HP_DMo/runs/CZ06/DMo&0&rDXHP&Ex&dxHP_equip/RE-dxHP_eq-pkgSEER-19.6-SEER2-8.9-HSPF2/instance-out.sql,CZ06,DMo,0,rDXHP,Ex,dxHP_equip,,RE-dxHP_eq-pkgSEER-19.6-SEER2-8.9-HSPF2,DMo&0&rDXHP&Ex&dxHP_equip,RE-dxHP_eq-pkgSEER-19.6-SEER2-8.9-HSPF2,,,,,,,,,,,,,,,,,,,,,,,,,,,,,,,,,,,,,,,
SWHC049-09 SEER Rated AC HP_DMo/runs/CZ05/DMo&0&rDXHP&New&dxHP_equip/RE-dxAC_eq-pkgSEER-12.5-SEER2/instance-out.sql,CZ05,DMo,0,rDXHP,New,dxHP_equip,,RE-dxAC_eq-pkgSEER-12.5-SEER2,DMo&0&rDXHP&New&dxHP_equip,RE-dxAC_eq-pkgSEER-12.5-SEER2,"EnergyPlus, Version 9.5.0-de239b2e5f, YMD=2026.06.12 23:22",CA_SANTA-MARIA-PUBLIC-AP CA USA Custom-723940 WMO#=723940,230.77,10.0,60.01,0.0,1210.06,3129.96,0.0,5167.03,0.0,1004.4,92.73,0.0,0.0,0.0,0.0,0.0,0.0,10604.18,2430.3,0.0,0.0,0.0,7813.66,0.0,0.0,0.0,0.0,0.0,0.0,11418.44,0.0,0.0,21662.4,,,34110.979999999996,42434.29
SWHC049-09 SEER Rated AC HP_DMo/runs/CZ05/DMo&0&rDXHP&New&dxHP_equip/RE-dxAC_eq-pkgSEER-13.8-SEER2/instance-out.sql,CZ05,DMo,0,rDXHP,New,dxHP_equip,,RE-dxAC_eq-pkgSEER-13.8-SEER2,DMo&0&rDXHP&New&dxHP_equip,RE-dxAC_eq-pkgSEER-13.8-SEER2,"EnergyPlus, Version 9.5.0-de239b2e5f, YMD=2026.06.12 23:22",CA_SANTA-MARIA-PUBLIC-AP CA USA Custom-723940 WMO#=723940,230.77,9.67,60.01,0.0,1135.41,3129.96,0.0,5167.03,0.0,1004.4,92.73,0.0,0.0,0.0,0.0,0.0,0.0,10529.53,2430.3,0.0,0.0,0.0,7813.66,0.0,0.0,0.0,0.0,0.0,0.0,11418.44,0.0,0.0,21662.4,,,34110.979999999996,42434.29
SWHC049-09 SEER Rated AC HP_DMo/runs/CZ05/DMo&0&rDXHP&New&dxHP_equip/RE-dxAC_eq-pkgSEER-14.3-SEER2/instance-out.sql,CZ05,DMo,0,rDXHP,New,dxHP_equip,,RE-dxAC_eq-pkgSEER-14.3-SEER2,DMo&0&rDXHP&New&dxHP_equip,RE-dxAC_eq-pkgSEER-14.3-SEER2,"EnergyPlus, Version 9.5.0-de239b2e5f, YMD=2026.06.12 23:22",CA_SANTA-MARIA-PUBLIC-AP CA USA Custom-723940 WMO#=723940,230.77,9.58,60.01,0.0,1112.53,3129.96,0.0,5167.03,0.0,1004.4,92.73,0.0,0.0,0.0,0.0,0.0,0.0,10506.65,2430.3,0.0,0.0,0.0,7813.66,0.0,0.0,0.0,0.0,0.0,0.0,11418.44,0.0,0.0,21662.4,,,34110.979999999996,42434.29
SWHC049-09 SEER Rated AC HP_DMo/runs/CZ05/DMo&0&rDXHP&New&dxHP_equip/RE-dxAC_eq-pkgSEER-15.2-SEER2/instance-out.sql,CZ05,DMo,0,rDXHP,New,dxHP_equip,,RE-dxAC_eq-pkgSEER-15.2-SEER2,DMo&0&rDXHP&New&dxHP_equip,RE-dxAC_eq-pkgSEER-15.2-SEER2,"EnergyPlus, Version 9.5.0-de239b2e5f, YMD=2026.06.12 23:22",CA_SANTA-MARIA-PUBLIC-AP CA USA Custom-723940 WMO#=723940,230.77,9.41,60.01,0.0,1074.63,3129.96,0.0,5167.03,0.0,1004.4,92.73,0.0,0.0,0.0,0.0,0.0,0.0,10468.75,2430.3,0.0,0.0,0.0,7813.66,0.0,0.0,0.0,0.0,0.0,0.0,11418.44,0.0,0.0,21662.4,,,34110.979999999996,42434.29
SWHC049-09 SEER Rated AC HP_DMo/runs/CZ05/DMo&0&rDXHP&New&dxHP_equip/RE-dxAC_eq-pkgSEER-16.9-SEER2/instance-out.sql,CZ05,DMo,0,rDXHP,New,dxHP_equip,,RE-dxAC_eq-pkgSEER-16.9-SEER2,DMo&0&rDXHP&New&dxHP_equip,RE-dxAC_eq-pkgSEER-16.9-SEER2,"EnergyPlus, Version 9.5.0-de239b2e5f, YMD=2026.06.12 23:22",CA_SANTA-MARIA-PUBLIC-AP CA USA Custom-723940 WMO#=723940,230.77,7.53,61.58,0.0,1137.74,3129.96,0.0,5167.03,0.0,500.09,100.5,0.0,0.0,0.0,0.0,0.0,0.0,10035.32,2795.1,0.0,0.0,0.0,7813.66,0.0,0.0,0.0,0.0,0.0,0.0,11416.01,0.0,0.0,22024.77,,,34110.979999999996,42434.29
SWHC049-09 SEER Rated AC HP_DMo/runs/CZ05/DMo&0&rDXHP&New&dxHP_equip/RE-dxAC_eq-pkgSEER-17.8-SEER2/instance-out.sql,CZ05,DMo,0,rDXHP,New,dxHP_equip,,RE-dxAC_eq-pkgSEER-17.8-SEER2,DMo&0&rDXHP&New&dxHP_equip,RE-dxAC_eq-pkgSEER-17.8-SEER2,"EnergyPlus, Version 9.5.0-de239b2e5f, YMD=2026.06.12 23:23",CA_SANTA-MARIA-PUBLIC-AP CA USA Custom-723940 WMO#=723940,230.77,7.44,61.58,0.0,1115.9,3129.96,0.0,5167.03,0.0,500.09,100.5,0.0,0.0,0.0,0.0,0.0,0.0,10013.48,2795.1,0.0,0.0,0.0,7813.66,0.0,0.0,0.0,0.0,0.0,0.0,11416.01,0.0,0.0,22024.77,,,34110.979999999996,42434.29
SWHC049-09 SEER Rated AC HP_DMo/runs/CZ05/DMo&0&rDXHP&New&dxHP_equip/RE-dxAC_eq-pkgSEER-18.7-SEER2/instance-out.sql,CZ05,DMo,0,rDXHP,New,dxHP_equip,,RE-dxAC_eq-pkgSEER-18.7-SEER2,DMo&0&rDXHP&New&dxHP_equip,RE-dxAC_eq-pkgSEER-18.7-SEER2,"EnergyPlus, Version 9.5.0-de239b2e5f, YMD=2026.06.12 23:23",CA_SANTA-MARIA-PUBLIC-AP CA USA Custom-723940 WMO#=723940,230.77,7.37,61.58,0.0,1099.12,3129.96,0.0,5167.03,0.0,500.09,100.5,0.0,0.0,0.0,0.0,0.0,0.0,9996.7,2795.1,0.0,0.0,0.0,7813.66,0.0,0.0,0.0,0.0,0.0,0.0,11416.01,0.0,0.0,22024.77,,,34110.979999999996,42434.29
SWHC049-09 SEER Rated AC HP_DMo/runs/CZ05/DMo&0&rDXHP&New&dxHP_equip/RE-dxAC_eq-pkgSEER-19.6-SEER2/instance-out.sql,CZ05,DMo,0,rDXHP,New,dxHP_equip,,RE-dxAC_eq-pkgSEER-19.6-SEER2,DMo&0&rDXHP&New&dxHP_equip,RE-dxAC_eq-pkgSEER-19.6-SEER2,"EnergyPlus, Version 9.5.0-de239b2e5f, YMD=2026.06.12 23:23",CA_SANTA-MARIA-PUBLIC-AP CA USA Custom-723940 WMO#=723940,230.77,7.3,61.58,0.0,1084.92,3129.96,0.0,5167.03,0.0,500.09,100.5,0.0,0.0,0.0,0.0,0.0,0.0,9982.5,2795.1,0.0,0.0,0.0,7813.66,0.0,0.0,0.0,0.0,0.0,0.0,11416.01,0.0,0.0,22024.77,,,34110.979999999996,42434.29
SWHC049-09 SEER Rated AC HP_DMo/runs/CZ05/DMo&0&rDXHP&New&dxHP_equip/RE-dxHP_eq-pkgSEER-12.5-SEER2-6.4-HSPF2/instance-out.sql,CZ05,DMo,0,rDXHP,New,dxHP_equip,,RE-dxHP_eq-pkgSEER-12.5-SEER2-6.4-HSPF2,DMo&0&rDXHP&New&dxHP_equip,RE-dxHP_eq-pkgSEER-12.5-SEER2-6.4-HSPF2,,,,,,,,,,,,,,,,,,,,,,,,,,,,,,,,,,,,,,,
SWHC049-09 SEER Rated AC HP_DMo/runs/CZ05/DMo&0&rDXHP&New&dxHP_equip/RE-dxHP_eq-pkgSEER-14.3-SEER2-7.5-HSPF2/instance-out.sql,CZ05,DMo,0,rDXHP,New,dxHP_equip,,RE-dxHP_eq-pkgSEER-14.3-SEER2-7.5-HSPF2,DMo&0&rDXHP&New&dxHP_equip,RE-dxHP_eq-pkgSEER-14.3-SEER2-7.5-HSPF2,,,,,,,,,,,,,,,,,,,,,,,,,,,,,,,,,,,,,,,
SWHC049-09 SEER Rated AC HP_DMo/runs/CZ05/DMo&0&rDXHP&New&dxHP_equip/RE-dxHP_eq-pkgSEER-15.2-SEER2-7.7-HSPF2/instance-out.sql,CZ05,DMo,0,rDXHP,New,dxHP_equip,,RE-dxHP_eq-pkgSEER-15.2-SEER2-7.7-HSPF2,DMo&0&rDXHP&New&dxHP_equip,RE-dxHP_eq-pkgSEER-15.2-SEER2-7.7-HSPF2,,,,,,,,,,,,,,,,,,,,,,,,,,,,,,,,,,,,,,,
SWHC049-09 SEER Rated AC HP_DMo/runs/CZ05/DMo&0&rDXHP&New&dxHP_equip/RE-dxHP_eq-pkgSEER-16.0-SEER2-8.0-HSPF2/instance-out.sql,CZ05,DMo,0,rDXHP,New,dxHP_equip,,RE-dxHP_eq-pkgSEER-16.0-SEER2-8.0-HSPF2,DMo&0&rDXHP&New&dxHP_equip,RE-dxHP_eq-pkgSEER-16.0-SEER2-8.0-HSPF2,,,,,,,,,,,,,,,,,,,,,,,,,,,,,,,,,,,,,,,
SWHC049-09 SEER Rated AC HP_DMo/runs/CZ05/DMo&0&rDXHP&New&dxHP_equip/RE-dxHP_eq-pkgSEER-17.8-SEER2-8.1-HSPF2/instance-out.sql,CZ05,DMo,0,rDXHP,New,dxHP_equip,,RE-dxHP_eq-pkgSEER-17.8-SEER2-8.1-HSPF2,DMo&0&rDXHP&New&dxHP_equip,RE-dxHP_eq-pkgSEER-17.8-SEER2-8.1-HSPF2,,,,,,,,,,,,,,,,,,,,,,,,,,,,,,,,,,,,,,,
SWHC049-09 SEER Rated AC HP_DMo/runs/CZ05/DMo&0&rDXHP&New&dxHP_equip/RE-dxHP_eq-pkgSEER-18.7-SEER2-8.5-HSPF2/instance-out.sql,CZ05,DMo,0,rDXHP,New,dxHP_equip,,RE-dxHP_eq-pkgSEER-18.7-SEER2-8.5-HSPF2,DMo&0&rDXHP&New&dxHP_equip,RE-dxHP_eq-pkgSEER-18.7-SEER2-8.5-HSPF2,,,,,,,,,,,,,,,,,,,,,,,,,,,,,,,,,,,,,,,
SWHC049-09 SEER Rated AC HP_DMo/runs/CZ05/DMo&0&rDXHP&New&dxHP_equip/RE-dxHP_eq-pkgSEER-19.6-SEER2-8.9-HSPF2/instance-out.sql,CZ05,DMo,0,rDXHP,New,dxHP_equip,,RE-dxHP_eq-pkgSEER-19.6-SEER2-8.9-HSPF2,DMo&0&rDXHP&New&dxHP_equip,RE-dxHP_eq-pkgSEER-19.6-SEER2-8.9-HSPF2,,,,,,,,,,,,,,,,,,,,,,,,,,,,,,,,,,,,,,,
SWHC049-09 SEER Rated AC HP_DMo/runs/CZ05/DMo&0&rDXHP&Ex&dxHP_equip/RE-dxAC_eq-pkgSEER-12.5-SEER2/instance-out.sql,CZ05,DMo,0,rDXHP,Ex,dxHP_equip,,RE-dxAC_eq-pkgSEER-12.5-SEER2,DMo&0&rDXHP&Ex&dxHP_equip,RE-dxAC_eq-pkgSEER-12.5-SEER2,"EnergyPlus, Version 9.5.0-de239b2e5f, YMD=2026.06.12 23:20",CA_SANTA-MARIA-PUBLIC-AP CA USA Custom-723940 WMO#=723940,230.77,13.76,67.82,0.0,1567.73,3129.96,0.0,5167.03,0.0,1464.68,143.59,0.0,0.0,0.0,0.0,0.0,0.0,11472.99,4244.26,0.0,0.0,0.0,7813.66,0.0,0.0,0.0,0.0,0.0,0.0,11407.34,0.0,0.0,23465.26,,,36393.380000000005,45273.59
SWHC049-09 SEER Rated AC HP_DMo/runs/CZ05/DMo&0&rDXHP&Ex&dxHP_equip/RE-dxAC_eq-pkgSEER-13.8-SEER2/instance-out.sql,CZ05,DMo,0,rDXHP,Ex,dxHP_equip,,RE-dxAC_eq-pkgSEER-13.8-SEER2,DMo&0&rDXHP&Ex&dxHP_equip,RE-dxAC_eq-pkgSEER-13.8-SEER2,"EnergyPlus, Version 9.5.0-de239b2e5f, YMD=2026.06.12 23:20",CA_SANTA-MARIA-PUBLIC-AP CA USA Custom-723940 WMO#=723940,230.77,13.34,67.82,0.0,1471.01,3129.96,0.0,5167.03,0.0,1464.68,143.59,0.0,0.0,0.0,0.0,0.0,0.0,11376.26,4244.26,0.0,0.0,0.0,7813.66,0.0,0.0,0.0,0.0,0.0,0.0,11407.34,0.0,0.0,23465.26,,,36393.380000000005,45273.59
SWHC049-09 SEER Rated AC HP_DMo/runs/CZ05/DMo&0&rDXHP&Ex&dxHP_equip/RE-dxAC_eq-pkgSEER-14.3-SEER2/instance-out.sql,CZ05,DMo,0,rDXHP,Ex,dxHP_equip,,RE-dxAC_eq-pkgSEER-14.3-SEER2,DMo&0&rDXHP&Ex&dxHP_equip,RE-dxAC_eq-pkgSEER-14.3-SEER2,"EnergyPlus, Version 9.5.0-de239b2e5f, YMD=2026.06.12 23:22",CA_SANTA-MARIA-PUBLIC-AP CA USA Custom-723940 WMO#=723940,230.77,13.21,67.82,0.0,1441.37,3129.96,0.0,5167.03,0.0,1464.68,143.59,0.0,0.0,0.0,0.0,0.0,0.0,11346.62,4244.26,0.0,0.0,0.0,7813.66,0.0,0.0,0.0,0.0,0.0,0.0,11407.34,0.0,0.0,23465.26,,,36393.380000000005,45273.59
SWHC049-09 SEER Rated AC HP_DMo/runs/CZ05/DMo&0&rDXHP&Ex&dxHP_equip/RE-dxAC_eq-pkgSEER-15.2-SEER2/instance-out.sql,CZ05,DMo,0,rDXHP,Ex,dxHP_equip,,RE-dxAC_eq-pkgSEER-15.2-SEER2,DMo&0&rDXHP&Ex&dxHP_equip,RE-dxAC_eq-pkgSEER-15.2-SEER2,"EnergyPlus, Version 9.5.0-de239b2e5f, YMD=2026.06.12 23:22",CA_SANTA-MARIA-PUBLIC-AP CA USA Custom-723940 WMO#=723940,230.77,13.0,67.82,0.0,1392.27,3129.96,0.0,5167.03,0.0,1464.68,143.59,0.0,0.0,0.0,0.0,0.0,0.0,11297.52,4244.26,0.0,0.0,0.0,7813.66,0.0,0.0,0.0,0.0,0.0,0.0,11407.34,0.0,0.0,23465.26,,,36393.380000000005,45273.59
SWHC049-09 SEER Rated AC HP_DMo/runs/CZ05/DMo&0&rDXHP&Ex&dxHP_equip/RE-dxAC_eq-pkgSEER-16.9-SEER2/instance-out.sql,CZ05,DMo,0,rDXHP,Ex,dxHP_equip,,RE-dxAC_eq-pkgSEER-16.9-SEER2,DMo&0&rDXHP&Ex&dxHP_equip,RE-dxAC_eq-pkgSEER-16.9-SEER2,"EnergyPlus, Version 9.5.0-de239b2e5f, YMD=2026.06.12 23:22",CA_SANTA-MARIA-PUBLIC-AP CA USA Custom-723940 WMO#=723940,230.77,9.96,70.24,0.0,1416.59,3129.96,0.0,5167.03,0.0,726.9,154.15,0.0,0.0,0.0,0.0,0.0,0.0,10594.64,4805.23,0.0,0.0,0.0,7813.66,0.0,0.0,0.0,0.0,0.0,0.0,11403.89,0.0,0.0,24022.78,,,36393.380000000005,45273.59
SWHC049-09 SEER Rated AC HP_DMo/runs/CZ05/DMo&0&rDXHP&Ex&dxHP_equip/RE-dxAC_eq-pkgSEER-17.8-SEER2/instance-out.sql,CZ05,DMo,0,rDXHP,Ex,dxHP_equip,,RE-dxAC_eq-pkgSEER-17.8-SEER2,DMo&0&rDXHP&Ex&dxHP_equip,RE-dxAC_eq-pkgSEER-17.8-SEER2,"EnergyPlus, Version 9.5.0-de239b2e5f, YMD=2026.06.12 23:22",CA_SANTA-MARIA-PUBLIC-AP CA USA Custom-723940 WMO#=723940,230.77,9.83,70.24,0.0,1388.45,3129.96,0.0,5167.03,0.0,726.9,154.15,0.0,0.0,0.0,0.0,0.0,0.0,10566.5,4805.23,0.0,0.0,0.0,7813.66,0.0,0.0,0.0,0.0,0.0,0.0,11403.89,0.0,0.0,24022.78,,,36393.380000000005,45273.59
SWHC049-09 SEER Rated AC HP_DMo/runs/CZ05/DMo&0&rDXHP&Ex&dxHP_equip/RE-dxAC_eq-pkgSEER-18.7-SEER2/instance-out.sql,CZ05,DMo,0,rDXHP,Ex,dxHP_equip,,RE-dxAC_eq-pkgSEER-18.7-SEER2,DMo&0&rDXHP&Ex&dxHP_equip,RE-dxAC_eq-pkgSEER-18.7-SEER2,"EnergyPlus, Version 9.5.0-de239b2e5f, YMD=2026.06.12 23:22",CA_SANTA-MARIA-PUBLIC-AP CA USA Custom-723940 WMO#=723940,230.77,9.74,70.24,0.0,1366.84,3129.96,0.0,5167.03,0.0,726.9,154.15,0.0,0.0,0.0,0.0,0.0,0.0,10544.89,4805.23,0.0,0.0,0.0,7813.66,0.0,0.0,0.0,0.0,0.0,0.0,11403.89,0.0,0.0,24022.78,,,36393.380000000005,45273.59
SWHC049-09 SEER Rated AC HP_DMo/runs/CZ05/DMo&0&rDXHP&Ex&dxHP_equip/RE-dxAC_eq-pkgSEER-19.6-SEER2/instance-out.sql,CZ05,DMo,0,rDXHP,Ex,dxHP_equip,,RE-dxAC_eq-pkgSEER-19.6-SEER2,DMo&0&rDXHP&Ex&dxHP_equip,RE-dxAC_eq-pkgSEER-19.6-SEER2,"EnergyPlus, Version 9.5.0-de239b2e5f, YMD=2026.06.12 23:22",CA_SANTA-MARIA-PUBLIC-AP CA USA Custom-723940 WMO#=723940,230.77,9.66,70.24,0.0,1348.55,3129.96,0.0,5167.03,0.0,726.9,154.15,0.0,0.0,0.0,0.0,0.0,0.0,10526.6,4805.23,0.0,0.0,0.0,7813.66,0.0,0.0,0.0,0.0,0.0,0.0,11403.89,0.0,0.0,24022.78,,,36393.380000000005,45273.59
SWHC049-09 SEER Rated AC HP_DMo/runs/CZ05/DMo&0&rDXHP&Ex&dxHP_equip/RE-dxHP_eq-pkgSEER-12.5-SEER2-6.4-HSPF2/instance-out.sql,CZ05,DMo,0,rDXHP,Ex,dxHP_equip,,RE-dxHP_eq-pkgSEER-12.5-SEER2-6.4-HSPF2,DMo&0&rDXHP&Ex&dxHP_equip,RE-dxHP_eq-pkgSEER-12.5-SEER2-6.4-HSPF2,,,,,,,,,,,,,,,,,,,,,,,,,,,,,,,,,,,,,,,
SWHC049-09 SEER Rated AC HP_DMo/runs/CZ05/DMo&0&rDXHP&Ex&dxHP_equip/RE-dxHP_eq-pkgSEER-14.3-SEER2-7.5-HSPF2/instance-out.sql,CZ05,DMo,0,rDXHP,Ex,dxHP_equip,,RE-dxHP_eq-pkgSEER-14.3-SEER2-7.5-HSPF2,DMo&0&rDXHP&Ex&dxHP_equip,RE-dxHP_eq-pkgSEER-14.3-SEER2-7.5-HSPF2,,,,,,,,,,,,,,,,,,,,,,,,,,,,,,,,,,,,,,,
SWHC049-09 SEER Rated AC HP_DMo/runs/CZ05/DMo&0&rDXHP&Ex&dxHP_equip/RE-dxHP_eq-pkgSEER-15.2-SEER2-7.7-HSPF2/instance-out.sql,CZ05,DMo,0,rDXHP,Ex,dxHP_equip,,RE-dxHP_eq-pkgSEER-15.2-SEER2-7.7-HSPF2,DMo&0&rDXHP&Ex&dxHP_equip,RE-dxHP_eq-pkgSEER-15.2-SEER2-7.7-HSPF2,,,,,,,,,,,,,,,,,,,,,,,,,,,,,,,,,,,,,,,
SWHC049-09 SEER Rated AC HP_DMo/runs/CZ05/DMo&0&rDXHP&Ex&dxHP_equip/RE-dxHP_eq-pkgSEER-16.0-SEER2-8.0-HSPF2/instance-out.sql,CZ05,DMo,0,rDXHP,Ex,dxHP_equip,,RE-dxHP_eq-pkgSEER-16.0-SEER2-8.0-HSPF2,DMo&0&rDXHP&Ex&dxHP_equip,RE-dxHP_eq-pkgSEER-16.0-SEER2-8.0-HSPF2,,,,,,,,,,,,,,,,,,,,,,,,,,,,,,,,,,,,,,,
SWHC049-09 SEER Rated AC HP_DMo/runs/CZ05/DMo&0&rDXHP&Ex&dxHP_equip/RE-dxHP_eq-pkgSEER-17.8-SEER2-8.1-HSPF2/instance-out.sql,CZ05,DMo,0,rDXHP,Ex,dxHP_equip,,RE-dxHP_eq-pkgSEER-17.8-SEER2-8.1-HSPF2,DMo&0&rDXHP&Ex&dxHP_equip,RE-dxHP_eq-pkgSEER-17.8-SEER2-8.1-HSPF2,,,,,,,,,,,,,,,,,,,,,,,,,,,,,,,,,,,,,,,
SWHC049-09 SEER Rated AC HP_DMo/runs/CZ05/DMo&0&rDXHP&Ex&dxHP_equip/RE-dxHP_eq-pkgSEER-18.7-SEER2-8.5-HSPF2/instance-out.sql,CZ05,DMo,0,rDXHP,Ex,dxHP_equip,,RE-dxHP_eq-pkgSEER-18.7-SEER2-8.5-HSPF2,DMo&0&rDXHP&Ex&dxHP_equip,RE-dxHP_eq-pkgSEER-18.7-SEER2-8.5-HSPF2,,,,,,,,,,,,,,,,,,,,,,,,,,,,,,,,,,,,,,,
SWHC049-09 SEER Rated AC HP_DMo/runs/CZ05/DMo&0&rDXHP&Ex&dxHP_equip/RE-dxHP_eq-pkgSEER-19.6-SEER2-8.9-HSPF2/instance-out.sql,CZ05,DMo,0,rDXHP,Ex,dxHP_equip,,RE-dxHP_eq-pkgSEER-19.6-SEER2-8.9-HSPF2,DMo&0&rDXHP&Ex&dxHP_equip,RE-dxHP_eq-pkgSEER-19.6-SEER2-8.9-HSPF2,,,,,,,,,,,,,,,,,,,,,,,,,,,,,,,,,,,,,,,
SWHC049-09 SEER Rated AC HP_DMo/runs/CZ04/DMo&0&rDXHP&New&dxHP_equip/RE-dxAC_eq-pkgSEER-12.5-SEER2/instance-out.sql,CZ04,DMo,0,rDXHP,New,dxHP_equip,,RE-dxAC_eq-pkgSEER-12.5-SEER2,DMo&0&rDXHP&New&dxHP_equip,RE-dxAC_eq-pkgSEER-12.5-SEER2,"EnergyPlus, Version 9.5.0-de239b2e5f, YMD=2026.06.12 23:20",CA_PASO-ROBLES-MUNI-AP CA USA Custom-723965 WMO#=723965,230.77,20.0,63.6,0.0,2879.73,3129.96,0.0,5167.03,0.0,1610.09,124.78,0.0,0.0,0.0,0.0,0.0,0.0,12911.59,3442.44,0.0,0.0,0.0,7813.66,0.0,0.0,0.0,0.0,0.0,0.0,11235.41,0.0,0.0,22491.51,,,38126.5,48414.350000000006
SWHC049-09 SEER Rated AC HP_DMo/runs/CZ04/DMo&0&rDXHP&New&dxHP_equip/RE-dxAC_eq-pkgSEER-13.8-SEER2/instance-out.sql,CZ04,DMo,0,rDXHP,New,dxHP_equip,,RE-dxAC_eq-pkgSEER-13.8-SEER2,DMo&0&rDXHP&New&dxHP_equip,RE-dxAC_eq-pkgSEER-13.8-SEER2,"EnergyPlus, Version 9.5.0-de239b2e5f, YMD=2026.06.12 23:20",CA_PASO-ROBLES-MUNI-AP CA USA Custom-723965 WMO#=723965,230.77,19.23,63.6,0.0,2702.06,3129.96,0.0,5167.03,0.0,1610.09,124.78,0.0,0.0,0.0,0.0,0.0,0.0,12733.92,3442.44,0.0,0.0,0.0,7813.66,0.0,0.0,0.0,0.0,0.0,0.0,11235.41,0.0,0.0,22491.51,,,38126.5,48414.350000000006
SWHC049-09 SEER Rated AC HP_DMo/runs/CZ04/DMo&0&rDXHP&New&dxHP_equip/RE-dxAC_eq-pkgSEER-14.3-SEER2/instance-out.sql,CZ04,DMo,0,rDXHP,New,dxHP_equip,,RE-dxAC_eq-pkgSEER-14.3-SEER2,DMo&0&rDXHP&New&dxHP_equip,RE-dxAC_eq-pkgSEER-14.3-SEER2,"EnergyPlus, Version 9.5.0-de239b2e5f, YMD=2026.06.12 23:20",CA_PASO-ROBLES-MUNI-AP CA USA Custom-723965 WMO#=723965,230.77,18.99,63.6,0.0,2647.61,3129.96,0.0,5167.03,0.0,1610.09,124.78,0.0,0.0,0.0,0.0,0.0,0.0,12679.47,3442.44,0.0,0.0,0.0,7813.66,0.0,0.0,0.0,0.0,0.0,0.0,11235.41,0.0,0.0,22491.51,,,38126.5,48414.350000000006
SWHC049-09 SEER Rated AC HP_DMo/runs/CZ04/DMo&0&rDXHP&New&dxHP_equip/RE-dxAC_eq-pkgSEER-15.2-SEER2/instance-out.sql,CZ04,DMo,0,rDXHP,New,dxHP_equip,,RE-dxAC_eq-pkgSEER-15.2-SEER2,DMo&0&rDXHP&New&dxHP_equip,RE-dxAC_eq-pkgSEER-15.2-SEER2,"EnergyPlus, Version 9.5.0-de239b2e5f, YMD=2026.06.12 23:20",CA_PASO-ROBLES-MUNI-AP CA USA Custom-723965 WMO#=723965,230.77,18.6,63.6,0.0,2557.42,3129.96,0.0,5167.03,0.0,1610.09,124.78,0.0,0.0,0.0,0.0,0.0,0.0,12589.28,3442.44,0.0,0.0,0.0,7813.66,0.0,0.0,0.0,0.0,0.0,0.0,11235.41,0.0,0.0,22491.51,,,38126.5,48414.350000000006
SWHC049-09 SEER Rated AC HP_DMo/runs/CZ04/DMo&0&rDXHP&New&dxHP_equip/RE-dxAC_eq-pkgSEER-16.9-SEER2/instance-out.sql,CZ04,DMo,0,rDXHP,New,dxHP_equip,,RE-dxAC_eq-pkgSEER-16.9-SEER2,DMo&0&rDXHP&New&dxHP_equip,RE-dxAC_eq-pkgSEER-16.9-SEER2,"EnergyPlus, Version 9.5.0-de239b2e5f, YMD=2026.06.12 23:20",CA_PASO-ROBLES-MUNI-AP CA USA Custom-723965 WMO#=723965,230.77,14.93,65.74,0.0,2523.34,3129.96,0.0,5167.03,0.0,786.32,134.77,0.0,0.0,0.0,0.0,0.0,0.0,11741.41,3938.95,0.0,0.0,0.0,7813.66,0.0,0.0,0.0,0.0,0.0,0.0,11231.77,0.0,0.0,22984.38,,,38126.5,48414.350000000006
SWHC049-09 SEER Rated AC HP_DMo/runs/CZ04/DMo&0&rDXHP&New&dxHP_equip/RE-dxAC_eq-pkgSEER-17.8-SEER2/instance-out.sql,CZ04,DMo,0,rDXHP,New,dxHP_equip,,RE-dxAC_eq-pkgSEER-17.8-SEER2,DMo&0&rDXHP&New&dxHP_equip,RE-dxAC_eq-pkgSEER-17.8-SEER2,"EnergyPlus, Version 9.5.0-de239b2e5f, YMD=2026.06.12 23:20",CA_PASO-ROBLES-MUNI-AP CA USA Custom-723965 WMO#=723965,230.77,14.7,65.74,0.0,2471.89,3129.96,0.0,5167.03,0.0,786.32,134.77,0.0,0.0,0.0,0.0,0.0,0.0,11689.97,3938.95,0.0,0.0,0.0,7813.66,0.0,0.0,0.0,0.0,0.0,0.0,11231.77,0.0,0.0,22984.38,,,38126.5,48414.350000000006
SWHC049-09 SEER Rated AC HP_DMo/runs/CZ04/DMo&0&rDXHP&New&dxHP_equip/RE-dxAC_eq-pkgSEER-18.7-SEER2/instance-out.sql,CZ04,DMo,0,rDXHP,New,dxHP_equip,,RE-dxAC_eq-pkgSEER-18.7-SEER2,DMo&0&rDXHP&New&dxHP_equip,RE-dxAC_eq-pkgSEER-18.7-SEER2,"EnergyPlus, Version 9.5.0-de239b2e5f, YMD=2026.06.12 23:20",CA_PASO-ROBLES-MUNI-AP CA USA Custom-723965 WMO#=723965,230.77,14.53,65.74,0.0,2432.38,3129.96,0.0,5167.03,0.0,786.32,134.77,0.0,0.0,0.0,0.0,0.0,0.0,11650.45,3938.95,0.0,0.0,0.0,7813.66,0.0,0.0,0.0,0.0,0.0,0.0,11231.77,0.0,0.0,22984.38,,,38126.5,48414.350000000006
SWHC049-09 SEER Rated AC HP_DMo/runs/CZ04/DMo&0&rDXHP&New&dxHP_equip/RE-dxAC_eq-pkgSEER-19.6-SEER2/instance-out.sql,CZ04,DMo,0,rDXHP,New,dxHP_equip,,RE-dxAC_eq-pkgSEER-19.6-SEER2,DMo&0&rDXHP&New&dxHP_equip,RE-dxAC_eq-pkgSEER-19.6-SEER2,"EnergyPlus, Version 9.5.0-de239b2e5f, YMD=2026.06.12 23:20",CA_PASO-ROBLES-MUNI-AP CA USA Custom-723965 WMO#=723965,230.77,14.39,65.74,0.0,2398.94,3129.96,0.0,5167.03,0.0,786.32,134.77,0.0,0.0,0.0,0.0,0.0,0.0,11617.01,3938.95,0.0,0.0,0.0,7813.66,0.0,0.0,0.0,0.0,0.0,0.0,11231.77,0.0,0.0,22984.38,,,38126.5,48414.350000000006
SWHC049-09 SEER Rated AC HP_DMo/runs/CZ04/DMo&0&rDXHP&New&dxHP_equip/RE-dxHP_eq-pkgSEER-12.5-SEER2-6.4-HSPF2/instance-out.sql,CZ04,DMo,0,rDXHP,New,dxHP_equip,,RE-dxHP_eq-pkgSEER-12.5-SEER2-6.4-HSPF2,DMo&0&rDXHP&New&dxHP_equip,RE-dxHP_eq-pkgSEER-12.5-SEER2-6.4-HSPF2,,,,,,,,,,,,,,,,,,,,,,,,,,,,,,,,,,,,,,,
SWHC049-09 SEER Rated AC HP_DMo/runs/CZ04/DMo&0&rDXHP&New&dxHP_equip/RE-dxHP_eq-pkgSEER-14.3-SEER2-7.5-HSPF2/instance-out.sql,CZ04,DMo,0,rDXHP,New,dxHP_equip,,RE-dxHP_eq-pkgSEER-14.3-SEER2-7.5-HSPF2,DMo&0&rDXHP&New&dxHP_equip,RE-dxHP_eq-pkgSEER-14.3-SEER2-7.5-HSPF2,,,,,,,,,,,,,,,,,,,,,,,,,,,,,,,,,,,,,,,
SWHC049-09 SEER Rated AC HP_DMo/runs/CZ04/DMo&0&rDXHP&New&dxHP_equip/RE-dxHP_eq-pkgSEER-15.2-SEER2-7.7-HSPF2/instance-out.sql,CZ04,DMo,0,rDXHP,New,dxHP_equip,,RE-dxHP_eq-pkgSEER-15.2-SEER2-7.7-HSPF2,DMo&0&rDXHP&New&dxHP_equip,RE-dxHP_eq-pkgSEER-15.2-SEER2-7.7-HSPF2,,,,,,,,,,,,,,,,,,,,,,,,,,,,,,,,,,,,,,,
SWHC049-09 SEER Rated AC HP_DMo/runs/CZ04/DMo&0&rDXHP&New&dxHP_equip/RE-dxHP_eq-pkgSEER-16.0-SEER2-8.0-HSPF2/instance-out.sql,CZ04,DMo,0,rDXHP,New,dxHP_equip,,RE-dxHP_eq-pkgSEER-16.0-SEER2-8.0-HSPF2,DMo&0&rDXHP&New&dxHP_equip,RE-dxHP_eq-pkgSEER-16.0-SEER2-8.0-HSPF2,,,,,,,,,,,,,,,,,,,,,,,,,,,,,,,,,,,,,,,
SWHC049-09 SEER Rated AC HP_DMo/runs/CZ04/DMo&0&rDXHP&New&dxHP_equip/RE-dxHP_eq-pkgSEER-17.8-SEER2-8.1-HSPF2/instance-out.sql,CZ04,DMo,0,rDXHP,New,dxHP_equip,,RE-dxHP_eq-pkgSEER-17.8-SEER2-8.1-HSPF2,DMo&0&rDXHP&New&dxHP_equip,RE-dxHP_eq-pkgSEER-17.8-SEER2-8.1-HSPF2,,,,,,,,,,,,,,,,,,,,,,,,,,,,,,,,,,,,,,,
SWHC049-09 SEER Rated AC HP_DMo/runs/CZ04/DMo&0&rDXHP&New&dxHP_equip/RE-dxHP_eq-pkgSEER-18.7-SEER2-8.5-HSPF2/instance-out.sql,CZ04,DMo,0,rDXHP,New,dxHP_equip,,RE-dxHP_eq-pkgSEER-18.7-SEER2-8.5-HSPF2,DMo&0&rDXHP&New&dxHP_equip,RE-dxHP_eq-pkgSEER-18.7-SEER2-8.5-HSPF2,,,,,,,,,,,,,,,,,,,,,,,,,,,,,,,,,,,,,,,
SWHC049-09 SEER Rated AC HP_DMo/runs/CZ04/DMo&0&rDXHP&New&dxHP_equip/RE-dxHP_eq-pkgSEER-19.6-SEER2-8.9-HSPF2/instance-out.sql,CZ04,DMo,0,rDXHP,New,dxHP_equip,,RE-dxHP_eq-pkgSEER-19.6-SEER2-8.9-HSPF2,DMo&0&rDXHP&New&dxHP_equip,RE-dxHP_eq-pkgSEER-19.6-SEER2-8.9-HSPF2,,,,,,,,,,,,,,,,,,,,,,,,,,,,,,,,,,,,,,,
SWHC049-09 SEER Rated AC HP_DMo/runs/CZ04/DMo&0&rDXHP&Ex&dxHP_equip/RE-dxAC_eq-pkgSEER-12.5-SEER2/instance-out.sql,CZ04,DMo,0,rDXHP,Ex,dxHP_equip,,RE-dxAC_eq-pkgSEER-12.5-SEER2,DMo&0&rDXHP&Ex&dxHP_equip,RE-dxAC_eq-pkgSEER-12.5-SEER2,"EnergyPlus, Version 9.5.0-de239b2e5f, YMD=2026.06.12 23:18",CA_PASO-ROBLES-MUNI-AP CA USA Custom-723965 WMO#=723965,230.77,25.9,75.34,0.0,3509.43,3129.96,0.0,5167.03,0.0,2271.07,196.05,0.0,0.0,0.0,0.0,0.0,0.0,14273.54,6162.43,0.0,0.0,0.0,7813.66,0.0,0.0,0.0,0.0,0.0,0.0,11223.99,0.0,0.0,25200.08,,,40690.119999999995,51669.65
SWHC049-09 SEER Rated AC HP_DMo/runs/CZ04/DMo&0&rDXHP&Ex&dxHP_equip/RE-dxAC_eq-pkgSEER-13.8-SEER2/instance-out.sql,CZ04,DMo,0,rDXHP,Ex,dxHP_equip,,RE-dxAC_eq-pkgSEER-13.8-SEER2,DMo&0&rDXHP&Ex&dxHP_equip,RE-dxAC_eq-pkgSEER-13.8-SEER2,"EnergyPlus, Version 9.5.0-de239b2e5f, YMD=2026.06.12 23:18",CA_PASO-ROBLES-MUNI-AP CA USA Custom-723965 WMO#=723965,230.77,24.96,75.34,0.0,3292.91,3129.96,0.0,5167.03,0.0,2271.07,196.05,0.0,0.0,0.0,0.0,0.0,0.0,14057.02,6162.43,0.0,0.0,0.0,7813.66,0.0,0.0,0.0,0.0,0.0,0.0,11223.99,0.0,0.0,25200.08,,,40690.119999999995,51669.65
SWHC049-09 SEER Rated AC HP_DMo/runs/CZ04/DMo&0&rDXHP&Ex&dxHP_equip/RE-dxAC_eq-pkgSEER-14.3-SEER2/instance-out.sql,CZ04,DMo,0,rDXHP,Ex,dxHP_equip,,RE-dxAC_eq-pkgSEER-14.3-SEER2,DMo&0&rDXHP&Ex&dxHP_equip,RE-dxAC_eq-pkgSEER-14.3-SEER2,"EnergyPlus, Version 9.5.0-de239b2e5f, YMD=2026.06.12 23:18",CA_PASO-ROBLES-MUNI-AP CA USA Custom-723965 WMO#=723965,230.77,24.67,75.34,0.0,3226.55,3129.96,0.0,5167.03,0.0,2271.07,196.05,0.0,0.0,0.0,0.0,0.0,0.0,13990.66,6162.43,0.0,0.0,0.0,7813.66,0.0,0.0,0.0,0.0,0.0,0.0,11223.99,0.0,0.0,25200.08,,,40690.119999999995,51669.65
SWHC049-09 SEER Rated AC HP_DMo/runs/CZ04/DMo&0&rDXHP&Ex&dxHP_equip/RE-dxAC_eq-pkgSEER-15.2-SEER2/instance-out.sql,CZ04,DMo,0,rDXHP,Ex,dxHP_equip,,RE-dxAC_eq-pkgSEER-15.2-SEER2,DMo&0&rDXHP&Ex&dxHP_equip,RE-dxAC_eq-pkgSEER-15.2-SEER2,"EnergyPlus, Version 9.5.0-de239b2e5f, YMD=2026.06.12 23:18",CA_PASO-ROBLES-MUNI-AP CA USA Custom-723965 WMO#=723965,230.77,24.2,75.34,0.0,3116.65,3129.96,0.0,5167.03,0.0,2271.07,196.05,0.0,0.0,0.0,0.0,0.0,0.0,13880.76,6162.43,0.0,0.0,0.0,7813.66,0.0,0.0,0.0,0.0,0.0,0.0,11223.99,0.0,0.0,25200.08,,,40690.119999999995,51669.65
SWHC049-09 SEER Rated AC HP_DMo/runs/CZ04/DMo&0&rDXHP&Ex&dxHP_equip/RE-dxAC_eq-pkgSEER-16.9-SEER2/instance-out.sql,CZ04,DMo,0,rDXHP,Ex,dxHP_equip,,RE-dxAC_eq-pkgSEER-16.9-SEER2,DMo&0&rDXHP&Ex&dxHP_equip,RE-dxAC_eq-pkgSEER-16.9-SEER2,"EnergyPlus, Version 9.5.0-de239b2e5f, YMD=2026.06.12 23:18",CA_PASO-ROBLES-MUNI-AP CA USA Custom-723965 WMO#=723965,230.77,18.75,78.69,0.0,3006.47,3129.96,0.0,5167.03,0.0,1109.69,209.68,0.0,0.0,0.0,0.0,0.0,0.0,12622.83,6939.7,0.0,0.0,0.0,7813.66,0.0,0.0,0.0,0.0,0.0,0.0,11219.53,0.0,0.0,25972.89,,,40690.119999999995,51669.65
SWHC049-09 SEER Rated AC HP_DMo/runs/CZ04/DMo&0&rDXHP&Ex&dxHP_equip/RE-dxAC_eq-pkgSEER-17.8-SEER2/instance-out.sql,CZ04,DMo,0,rDXHP,Ex,dxHP_equip,,RE-dxAC_eq-pkgSEER-17.8-SEER2,DMo&0&rDXHP&Ex&dxHP_equip,RE-dxAC_eq-pkgSEER-17.8-SEER2,"EnergyPlus, Version 9.5.0-de239b2e5f, YMD=2026.06.12 23:18",CA_PASO-ROBLES-MUNI-AP CA USA Custom-723965 WMO#=723965,230.77,18.47,78.69,0.0,2944.12,3129.96,0.0,5167.03,0.0,1109.69,209.68,0.0,0.0,0.0,0.0,0.0,0.0,12560.48,6939.7,0.0,0.0,0.0,7813.66,0.0,0.0,0.0,0.0,0.0,0.0,11219.53,0.0,0.0,25972.89,,,40690.119999999995,51669.65
SWHC049-09 SEER Rated AC HP_DMo/runs/CZ04/DMo&0&rDXHP&Ex&dxHP_equip/RE-dxAC_eq-pkgSEER-18.7-SEER2/instance-out.sql,CZ04,DMo,0,rDXHP,Ex,dxHP_equip,,RE-dxAC_eq-pkgSEER-18.7-SEER2,DMo&0&rDXHP&Ex&dxHP_equip,RE-dxAC_eq-pkgSEER-18.7-SEER2,"EnergyPlus, Version 9.5.0-de239b2e5f, YMD=2026.06.12 23:18",CA_PASO-ROBLES-MUNI-AP CA USA Custom-723965 WMO#=723965,230.77,18.27,78.69,0.0,2896.23,3129.96,0.0,5167.03,0.0,1109.69,209.68,0.0,0.0,0.0,0.0,0.0,0.0,12512.59,6939.7,0.0,0.0,0.0,7813.66,0.0,0.0,0.0,0.0,0.0,0.0,11219.53,0.0,0.0,25972.89,,,40690.119999999995,51669.65
SWHC049-09 SEER Rated AC HP_DMo/runs/CZ04/DMo&0&rDXHP&Ex&dxHP_equip/RE-dxAC_eq-pkgSEER-19.6-SEER2/instance-out.sql,CZ04,DMo,0,rDXHP,Ex,dxHP_equip,,RE-dxAC_eq-pkgSEER-19.6-SEER2,DMo&0&rDXHP&Ex&dxHP_equip,RE-dxAC_eq-pkgSEER-19.6-SEER2,"EnergyPlus, Version 9.5.0-de239b2e5f, YMD=2026.06.12 23:20",CA_PASO-ROBLES-MUNI-AP CA USA Custom-723965 WMO#=723965,230.77,18.09,78.69,0.0,2855.7,3129.96,0.0,5167.03,0.0,1109.69,209.68,0.0,0.0,0.0,0.0,0.0,0.0,12472.06,6939.7,0.0,0.0,0.0,7813.66,0.0,0.0,0.0,0.0,0.0,0.0,11219.53,0.0,0.0,25972.89,,,40690.119999999995,51669.65
SWHC049-09 SEER Rated AC HP_DMo/runs/CZ04/DMo&0&rDXHP&Ex&dxHP_equip/RE-dxHP_eq-pkgSEER-12.5-SEER2-6.4-HSPF2/instance-out.sql,CZ04,DMo,0,rDXHP,Ex,dxHP_equip,,RE-dxHP_eq-pkgSEER-12.5-SEER2-6.4-HSPF2,DMo&0&rDXHP&Ex&dxHP_equip,RE-dxHP_eq-pkgSEER-12.5-SEER2-6.4-HSPF2,,,,,,,,,,,,,,,,,,,,,,,,,,,,,,,,,,,,,,,
SWHC049-09 SEER Rated AC HP_DMo/runs/CZ04/DMo&0&rDXHP&Ex&dxHP_equip/RE-dxHP_eq-pkgSEER-14.3-SEER2-7.5-HSPF2/instance-out.sql,CZ04,DMo,0,rDXHP,Ex,dxHP_equip,,RE-dxHP_eq-pkgSEER-14.3-SEER2-7.5-HSPF2,DMo&0&rDXHP&Ex&dxHP_equip,RE-dxHP_eq-pkgSEER-14.3-SEER2-7.5-HSPF2,,,,,,,,,,,,,,,,,,,,,,,,,,,,,,,,,,,,,,,
SWHC049-09 SEER Rated AC HP_DMo/runs/CZ04/DMo&0&rDXHP&Ex&dxHP_equip/RE-dxHP_eq-pkgSEER-15.2-SEER2-7.7-HSPF2/instance-out.sql,CZ04,DMo,0,rDXHP,Ex,dxHP_equip,,RE-dxHP_eq-pkgSEER-15.2-SEER2-7.7-HSPF2,DMo&0&rDXHP&Ex&dxHP_equip,RE-dxHP_eq-pkgSEER-15.2-SEER2-7.7-HSPF2,,,,,,,,,,,,,,,,,,,,,,,,,,,,,,,,,,,,,,,
SWHC049-09 SEER Rated AC HP_DMo/runs/CZ04/DMo&0&rDXHP&Ex&dxHP_equip/RE-dxHP_eq-pkgSEER-16.0-SEER2-8.0-HSPF2/instance-out.sql,CZ04,DMo,0,rDXHP,Ex,dxHP_equip,,RE-dxHP_eq-pkgSEER-16.0-SEER2-8.0-HSPF2,DMo&0&rDXHP&Ex&dxHP_equip,RE-dxHP_eq-pkgSEER-16.0-SEER2-8.0-HSPF2,,,,,,,,,,,,,,,,,,,,,,,,,,,,,,,,,,,,,,,
SWHC049-09 SEER Rated AC HP_DMo/runs/CZ04/DMo&0&rDXHP&Ex&dxHP_equip/RE-dxHP_eq-pkgSEER-17.8-SEER2-8.1-HSPF2/instance-out.sql,CZ04,DMo,0,rDXHP,Ex,dxHP_equip,,RE-dxHP_eq-pkgSEER-17.8-SEER2-8.1-HSPF2,DMo&0&rDXHP&Ex&dxHP_equip,RE-dxHP_eq-pkgSEER-17.8-SEER2-8.1-HSPF2,,,,,,,,,,,,,,,,,,,,,,,,,,,,,,,,,,,,,,,
SWHC049-09 SEER Rated AC HP_DMo/runs/CZ04/DMo&0&rDXHP&Ex&dxHP_equip/RE-dxHP_eq-pkgSEER-18.7-SEER2-8.5-HSPF2/instance-out.sql,CZ04,DMo,0,rDXHP,Ex,dxHP_equip,,RE-dxHP_eq-pkgSEER-18.7-SEER2-8.5-HSPF2,DMo&0&rDXHP&Ex&dxHP_equip,RE-dxHP_eq-pkgSEER-18.7-SEER2-8.5-HSPF2,,,,,,,,,,,,,,,,,,,,,,,,,,,,,,,,,,,,,,,
SWHC049-09 SEER Rated AC HP_DMo/runs/CZ04/DMo&0&rDXHP&Ex&dxHP_equip/RE-dxHP_eq-pkgSEER-19.6-SEER2-8.9-HSPF2/instance-out.sql,CZ04,DMo,0,rDXHP,Ex,dxHP_equip,,RE-dxHP_eq-pkgSEER-19.6-SEER2-8.9-HSPF2,DMo&0&rDXHP&Ex&dxHP_equip,RE-dxHP_eq-pkgSEER-19.6-SEER2-8.9-HSPF2,,,,,,,,,,,,,,,,,,,,,,,,,,,,,,,,,,,,,,,
SWHC049-09 SEER Rated AC HP_DMo/runs/CZ03/DMo&0&rDXHP&New&dxHP_equip/RE-dxAC_eq-pkgSEER-12.5-SEER2/instance-out.sql,CZ03,DMo,0,rDXHP,New,dxHP_equip,,RE-dxAC_eq-pkgSEER-12.5-SEER2,DMo&0&rDXHP&New&dxHP_equip,RE-dxAC_eq-pkgSEER-12.5-SEER2,"EnergyPlus, Version 9.5.0-de239b2e5f, YMD=2026.06.12 23:16",CA_OAKLAND-METRO-AP CA USA Custom-724930 WMO#=724930,230.77,11.68,59.72,0.0,1549.98,3129.96,0.0,5167.03,0.0,1059.07,85.65,0.0,0.0,0.0,0.0,0.0,0.0,10991.68,2367.53,0.0,0.0,0.0,7813.66,0.0,0.0,0.0,0.0,0.0,0.0,11414.57,0.0,0.0,21595.75,,,27578.17,34020.19
SWHC049-09 SEER Rated AC HP_DMo/runs/CZ03/DMo&0&rDXHP&New&dxHP_equip/RE-dxAC_eq-pkgSEER-13.8-SEER2/instance-out.sql,CZ03,DMo,0,rDXHP,New,dxHP_equip,,RE-dxAC_eq-pkgSEER-13.8-SEER2,DMo&0&rDXHP&New&dxHP_equip,RE-dxAC_eq-pkgSEER-13.8-SEER2,"EnergyPlus, Version 9.5.0-de239b2e5f, YMD=2026.06.12 23:16",CA_OAKLAND-METRO-AP CA USA Custom-724930 WMO#=724930,230.77,11.26,59.72,0.0,1454.35,3129.96,0.0,5167.03,0.0,1059.07,85.65,0.0,0.0,0.0,0.0,0.0,0.0,10896.05,2367.53,0.0,0.0,0.0,7813.66,0.0,0.0,0.0,0.0,0.0,0.0,11414.57,0.0,0.0,21595.75,,,27578.17,34020.19
SWHC049-09 SEER Rated AC HP_DMo/runs/CZ03/DMo&0&rDXHP&New&dxHP_equip/RE-dxAC_eq-pkgSEER-14.3-SEER2/instance-out.sql,CZ03,DMo,0,rDXHP,New,dxHP_equip,,RE-dxAC_eq-pkgSEER-14.3-SEER2,DMo&0&rDXHP&New&dxHP_equip,RE-dxAC_eq-pkgSEER-14.3-SEER2,"EnergyPlus, Version 9.5.0-de239b2e5f, YMD=2026.06.12 23:16",CA_OAKLAND-METRO-AP CA USA Custom-724930 WMO#=724930,230.77,11.14,59.72,0.0,1425.04,3129.96,0.0,5167.03,0.0,1059.07,85.65,0.0,0.0,0.0,0.0,0.0,0.0,10866.75,2367.53,0.0,0.0,0.0,7813.66,0.0,0.0,0.0,0.0,0.0,0.0,11414.57,0.0,0.0,21595.75,,,27578.17,34020.19
SWHC049-09 SEER Rated AC HP_DMo/runs/CZ03/DMo&0&rDXHP&New&dxHP_equip/RE-dxAC_eq-pkgSEER-15.2-SEER2/instance-out.sql,CZ03,DMo,0,rDXHP,New,dxHP_equip,,RE-dxAC_eq-pkgSEER-15.2-SEER2,DMo&0&rDXHP&New&dxHP_equip,RE-dxAC_eq-pkgSEER-15.2-SEER2,"EnergyPlus, Version 9.5.0-de239b2e5f, YMD=2026.06.12 23:16",CA_OAKLAND-METRO-AP CA USA Custom-724930 WMO#=724930,230.77,10.93,59.72,0.0,1376.5,3129.96,0.0,5167.03,0.0,1059.07,85.65,0.0,0.0,0.0,0.0,0.0,0.0,10818.21,2367.53,0.0,0.0,0.0,7813.66,0.0,0.0,0.0,0.0,0.0,0.0,11414.57,0.0,0.0,21595.75,,,27578.17,34020.19
SWHC049-09 SEER Rated AC HP_DMo/runs/CZ03/DMo&0&rDXHP&New&dxHP_equip/RE-dxAC_eq-pkgSEER-16.9-SEER2/instance-out.sql,CZ03,DMo,0,rDXHP,New,dxHP_equip,,RE-dxAC_eq-pkgSEER-16.9-SEER2,DMo&0&rDXHP&New&dxHP_equip,RE-dxAC_eq-pkgSEER-16.9-SEER2,"EnergyPlus, Version 9.5.0-de239b2e5f, YMD=2026.06.12 23:18",CA_OAKLAND-METRO-AP CA USA Custom-724930 WMO#=724930,230.77,8.64,61.19,0.0,1380.39,3129.96,0.0,5167.03,0.0,519.96,92.51,0.0,0.0,0.0,0.0,0.0,0.0,10289.86,2708.39,0.0,0.0,0.0,7813.66,0.0,0.0,0.0,0.0,0.0,0.0,11412.64,0.0,0.0,21934.69,,,27578.17,34020.19
SWHC049-09 SEER Rated AC HP_DMo/runs/CZ03/DMo&0&rDXHP&New&dxHP_equip/RE-dxAC_eq-pkgSEER-17.8-SEER2/instance-out.sql,CZ03,DMo,0,rDXHP,New,dxHP_equip,,RE-dxAC_eq-pkgSEER-17.8-SEER2,DMo&0&rDXHP&New&dxHP_equip,RE-dxAC_eq-pkgSEER-17.8-SEER2,"EnergyPlus, Version 9.5.0-de239b2e5f, YMD=2026.06.12 23:18",CA_OAKLAND-METRO-AP CA USA Custom-724930 WMO#=724930,230.77,8.51,61.19,0.0,1352.51,3129.96,0.0,5167.03,0.0,519.96,92.51,0.0,0.0,0.0,0.0,0.0,0.0,10261.97,2708.39,0.0,0.0,0.0,7813.66,0.0,0.0,0.0,0.0,0.0,0.0,11412.64,0.0,0.0,21934.69,,,27578.17,34020.19
SWHC049-09 SEER Rated AC HP_DMo/runs/CZ03/DMo&0&rDXHP&New&dxHP_equip/RE-dxAC_eq-pkgSEER-18.7-SEER2/instance-out.sql,CZ03,DMo,0,rDXHP,New,dxHP_equip,,RE-dxAC_eq-pkgSEER-18.7-SEER2,DMo&0&rDXHP&New&dxHP_equip,RE-dxAC_eq-pkgSEER-18.7-SEER2,"EnergyPlus, Version 9.5.0-de239b2e5f, YMD=2026.06.12 23:18",CA_OAKLAND-METRO-AP CA USA Custom-724930 WMO#=724930,230.77,8.42,61.19,0.0,1331.09,3129.96,0.0,5167.03,0.0,519.96,92.51,0.0,0.0,0.0,0.0,0.0,0.0,10240.55,2708.39,0.0,0.0,0.0,7813.66,0.0,0.0,0.0,0.0,0.0,0.0,11412.64,0.0,0.0,21934.69,,,27578.17,34020.19
SWHC049-09 SEER Rated AC HP_DMo/runs/CZ03/DMo&0&rDXHP&New&dxHP_equip/RE-dxAC_eq-pkgSEER-19.6-SEER2/instance-out.sql,CZ03,DMo,0,rDXHP,New,dxHP_equip,,RE-dxAC_eq-pkgSEER-19.6-SEER2,DMo&0&rDXHP&New&dxHP_equip,RE-dxAC_eq-pkgSEER-19.6-SEER2,"EnergyPlus, Version 9.5.0-de239b2e5f, YMD=2026.06.12 23:18",CA_OAKLAND-METRO-AP CA USA Custom-724930 WMO#=724930,230.77,8.34,61.19,0.0,1312.96,3129.96,0.0,5167.03,0.0,519.96,92.51,0.0,0.0,0.0,0.0,0.0,0.0,10222.43,2708.39,0.0,0.0,0.0,7813.66,0.0,0.0,0.0,0.0,0.0,0.0,11412.64,0.0,0.0,21934.69,,,27578.17,34020.19
SWHC049-09 SEER Rated AC HP_DMo/runs/CZ03/DMo&0&rDXHP&New&dxHP_equip/RE-dxHP_eq-pkgSEER-12.5-SEER2-6.4-HSPF2/instance-out.sql,CZ03,DMo,0,rDXHP,New,dxHP_equip,,RE-dxHP_eq-pkgSEER-12.5-SEER2-6.4-HSPF2,DMo&0&rDXHP&New&dxHP_equip,RE-dxHP_eq-pkgSEER-12.5-SEER2-6.4-HSPF2,,,,,,,,,,,,,,,,,,,,,,,,,,,,,,,,,,,,,,,
SWHC049-09 SEER Rated AC HP_DMo/runs/CZ03/DMo&0&rDXHP&New&dxHP_equip/RE-dxHP_eq-pkgSEER-14.3-SEER2-7.5-HSPF2/instance-out.sql,CZ03,DMo,0,rDXHP,New,dxHP_equip,,RE-dxHP_eq-pkgSEER-14.3-SEER2-7.5-HSPF2,DMo&0&rDXHP&New&dxHP_equip,RE-dxHP_eq-pkgSEER-14.3-SEER2-7.5-HSPF2,,,,,,,,,,,,,,,,,,,,,,,,,,,,,,,,,,,,,,,
SWHC049-09 SEER Rated AC HP_DMo/runs/CZ03/DMo&0&rDXHP&New&dxHP_equip/RE-dxHP_eq-pkgSEER-15.2-SEER2-7.7-HSPF2/instance-out.sql,CZ03,DMo,0,rDXHP,New,dxHP_equip,,RE-dxHP_eq-pkgSEER-15.2-SEER2-7.7-HSPF2,DMo&0&rDXHP&New&dxHP_equip,RE-dxHP_eq-pkgSEER-15.2-SEER2-7.7-HSPF2,,,,,,,,,,,,,,,,,,,,,,,,,,,,,,,,,,,,,,,
SWHC049-09 SEER Rated AC HP_DMo/runs/CZ03/DMo&0&rDXHP&New&dxHP_equip/RE-dxHP_eq-pkgSEER-16.0-SEER2-8.0-HSPF2/instance-out.sql,CZ03,DMo,0,rDXHP,New,dxHP_equip,,RE-dxHP_eq-pkgSEER-16.0-SEER2-8.0-HSPF2,DMo&0&rDXHP&New&dxHP_equip,RE-dxHP_eq-pkgSEER-16.0-SEER2-8.0-HSPF2,,,,,,,,,,,,,,,,,,,,,,,,,,,,,,,,,,,,,,,
SWHC049-09 SEER Rated AC HP_DMo/runs/CZ03/DMo&0&rDXHP&New&dxHP_equip/RE-dxHP_eq-pkgSEER-17.8-SEER2-8.1-HSPF2/instance-out.sql,CZ03,DMo,0,rDXHP,New,dxHP_equip,,RE-dxHP_eq-pkgSEER-17.8-SEER2-8.1-HSPF2,DMo&0&rDXHP&New&dxHP_equip,RE-dxHP_eq-pkgSEER-17.8-SEER2-8.1-HSPF2,,,,,,,,,,,,,,,,,,,,,,,,,,,,,,,,,,,,,,,
SWHC049-09 SEER Rated AC HP_DMo/runs/CZ03/DMo&0&rDXHP&New&dxHP_equip/RE-dxHP_eq-pkgSEER-18.7-SEER2-8.5-HSPF2/instance-out.sql,CZ03,DMo,0,rDXHP,New,dxHP_equip,,RE-dxHP_eq-pkgSEER-18.7-SEER2-8.5-HSPF2,DMo&0&rDXHP&New&dxHP_equip,RE-dxHP_eq-pkgSEER-18.7-SEER2-8.5-HSPF2,,,,,,,,,,,,,,,,,,,,,,,,,,,,,,,,,,,,,,,
SWHC049-09 SEER Rated AC HP_DMo/runs/CZ03/DMo&0&rDXHP&New&dxHP_equip/RE-dxHP_eq-pkgSEER-19.6-SEER2-8.9-HSPF2/instance-out.sql,CZ03,DMo,0,rDXHP,New,dxHP_equip,,RE-dxHP_eq-pkgSEER-19.6-SEER2-8.9-HSPF2,DMo&0&rDXHP&New&dxHP_equip,RE-dxHP_eq-pkgSEER-19.6-SEER2-8.9-HSPF2,,,,,,,,,,,,,,,,,,,,,,,,,,,,,,,,,,,,,,,
SWHC049-09 SEER Rated AC HP_DMo/runs/CZ03/DMo&0&rDXHP&Ex&dxHP_equip/RE-dxAC_eq-pkgSEER-12.5-SEER2/instance-out.sql,CZ03,DMo,0,rDXHP,Ex,dxHP_equip,,RE-dxAC_eq-pkgSEER-12.5-SEER2,DMo&0&rDXHP&Ex&dxHP_equip,RE-dxAC_eq-pkgSEER-12.5-SEER2,"EnergyPlus, Version 9.5.0-de239b2e5f, YMD=2026.06.12 23:14",CA_OAKLAND-METRO-AP CA USA Custom-724930 WMO#=724930,230.77,15.46,67.7,0.0,1930.27,3129.96,0.0,5167.03,0.0,1504.79,133.43,0.0,0.0,0.0,0.0,0.0,0.0,11865.49,4216.28,0.0,0.0,0.0,7813.66,0.0,0.0,0.0,0.0,0.0,0.0,11406.2,0.0,0.0,23436.14,,,29205.82,36028.020000000004
SWHC049-09 SEER Rated AC HP_DMo/runs/CZ03/DMo&0&rDXHP&Ex&dxHP_equip/RE-dxAC_eq-pkgSEER-13.8-SEER2/instance-out.sql,CZ03,DMo,0,rDXHP,Ex,dxHP_equip,,RE-dxAC_eq-pkgSEER-13.8-SEER2,DMo&0&rDXHP&Ex&dxHP_equip,RE-dxAC_eq-pkgSEER-13.8-SEER2,"EnergyPlus, Version 9.5.0-de239b2e5f, YMD=2026.06.12 23:16",CA_OAKLAND-METRO-AP CA USA Custom-724930 WMO#=724930,230.77,14.95,67.7,0.0,1811.18,3129.96,0.0,5167.03,0.0,1504.79,133.43,0.0,0.0,0.0,0.0,0.0,0.0,11746.4,4216.28,0.0,0.0,0.0,7813.66,0.0,0.0,0.0,0.0,0.0,0.0,11406.2,0.0,0.0,23436.14,,,29205.82,36028.020000000004
SWHC049-09 SEER Rated AC HP_DMo/runs/CZ03/DMo&0&rDXHP&Ex&dxHP_equip/RE-dxAC_eq-pkgSEER-14.3-SEER2/instance-out.sql,CZ03,DMo,0,rDXHP,Ex,dxHP_equip,,RE-dxAC_eq-pkgSEER-14.3-SEER2,DMo&0&rDXHP&Ex&dxHP_equip,RE-dxAC_eq-pkgSEER-14.3-SEER2,"EnergyPlus, Version 9.5.0-de239b2e5f, YMD=2026.06.12 23:16",CA_OAKLAND-METRO-AP CA USA Custom-724930 WMO#=724930,230.77,14.79,67.7,0.0,1774.68,3129.96,0.0,5167.03,0.0,1504.79,133.43,0.0,0.0,0.0,0.0,0.0,0.0,11709.9,4216.28,0.0,0.0,0.0,7813.66,0.0,0.0,0.0,0.0,0.0,0.0,11406.2,0.0,0.0,23436.14,,,29205.82,36028.020000000004
SWHC049-09 SEER Rated AC HP_DMo/runs/CZ03/DMo&0&rDXHP&Ex&dxHP_equip/RE-dxAC_eq-pkgSEER-15.2-SEER2/instance-out.sql,CZ03,DMo,0,rDXHP,Ex,dxHP_equip,,RE-dxAC_eq-pkgSEER-15.2-SEER2,DMo&0&rDXHP&Ex&dxHP_equip,RE-dxAC_eq-pkgSEER-15.2-SEER2,"EnergyPlus, Version 9.5.0-de239b2e5f, YMD=2026.06.12 23:16",CA_OAKLAND-METRO-AP CA USA Custom-724930 WMO#=724930,230.77,14.53,67.7,0.0,1714.23,3129.96,0.0,5167.03,0.0,1504.79,133.43,0.0,0.0,0.0,0.0,0.0,0.0,11649.45,4216.28,0.0,0.0,0.0,7813.66,0.0,0.0,0.0,0.0,0.0,0.0,11406.2,0.0,0.0,23436.14,,,29205.82,36028.020000000004
SWHC049-09 SEER Rated AC HP_DMo/runs/CZ03/DMo&0&rDXHP&Ex&dxHP_equip/RE-dxAC_eq-pkgSEER-16.9-SEER2/instance-out.sql,CZ03,DMo,0,rDXHP,Ex,dxHP_equip,,RE-dxAC_eq-pkgSEER-16.9-SEER2,DMo&0&rDXHP&Ex&dxHP_equip,RE-dxAC_eq-pkgSEER-16.9-SEER2,"EnergyPlus, Version 9.5.0-de239b2e5f, YMD=2026.06.12 23:16",CA_OAKLAND-METRO-AP CA USA Custom-724930 WMO#=724930,230.77,11.06,69.97,0.0,1673.52,3129.96,0.0,5167.03,0.0,737.28,142.62,0.0,0.0,0.0,0.0,0.0,0.0,10850.41,4743.83,0.0,0.0,0.0,7813.66,0.0,0.0,0.0,0.0,0.0,0.0,11402.83,0.0,0.0,23960.33,,,29205.82,36028.020000000004
SWHC049-09 SEER Rated AC HP_DMo/runs/CZ03/DMo&0&rDXHP&Ex&dxHP_equip/RE-dxAC_eq-pkgSEER-17.8-SEER2/instance-out.sql,CZ03,DMo,0,rDXHP,Ex,dxHP_equip,,RE-dxAC_eq-pkgSEER-17.8-SEER2,DMo&0&rDXHP&Ex&dxHP_equip,RE-dxAC_eq-pkgSEER-17.8-SEER2,"EnergyPlus, Version 9.5.0-de239b2e5f, YMD=2026.06.12 23:16",CA_OAKLAND-METRO-AP CA USA Custom-724930 WMO#=724930,230.77,10.92,69.97,0.0,1639.02,3129.96,0.0,5167.03,0.0,737.28,142.62,0.0,0.0,0.0,0.0,0.0,0.0,10815.91,4743.83,0.0,0.0,0.0,7813.66,0.0,0.0,0.0,0.0,0.0,0.0,11402.83,0.0,0.0,23960.33,,,29205.82,36028.020000000004
SWHC049-09 SEER Rated AC HP_DMo/runs/CZ03/DMo&0&rDXHP&Ex&dxHP_equip/RE-dxAC_eq-pkgSEER-18.7-SEER2/instance-out.sql,CZ03,DMo,0,rDXHP,Ex,dxHP_equip,,RE-dxAC_eq-pkgSEER-18.7-SEER2,DMo&0&rDXHP&Ex&dxHP_equip,RE-dxAC_eq-pkgSEER-18.7-SEER2,"EnergyPlus, Version 9.5.0-de239b2e5f, YMD=2026.06.12 23:16",CA_OAKLAND-METRO-AP CA USA Custom-724930 WMO#=724930,230.77,10.8,69.97,0.0,1612.52,3129.96,0.0,5167.03,0.0,737.28,142.62,0.0,0.0,0.0,0.0,0.0,0.0,10789.41,4743.83,0.0,0.0,0.0,7813.66,0.0,0.0,0.0,0.0,0.0,0.0,11402.83,0.0,0.0,23960.33,,,29205.82,36028.020000000004
SWHC049-09 SEER Rated AC HP_DMo/runs/CZ03/DMo&0&rDXHP&Ex&dxHP_equip/RE-dxAC_eq-pkgSEER-19.6-SEER2/instance-out.sql,CZ03,DMo,0,rDXHP,Ex,dxHP_equip,,RE-dxAC_eq-pkgSEER-19.6-SEER2,DMo&0&rDXHP&Ex&dxHP_equip,RE-dxAC_eq-pkgSEER-19.6-SEER2,"EnergyPlus, Version 9.5.0-de239b2e5f, YMD=2026.06.12 23:16",CA_OAKLAND-METRO-AP CA USA Custom-724930 WMO#=724930,230.77,10.7,69.97,0.0,1590.09,3129.96,0.0,5167.03,0.0,737.28,142.62,0.0,0.0,0.0,0.0,0.0,0.0,10766.98,4743.83,0.0,0.0,0.0,7813.66,0.0,0.0,0.0,0.0,0.0,0.0,11402.83,0.0,0.0,23960.33,,,29205.82,36028.020000000004
SWHC049-09 SEER Rated AC HP_DMo/runs/CZ03/DMo&0&rDXHP&Ex&dxHP_equip/RE-dxHP_eq-pkgSEER-12.5-SEER2-6.4-HSPF2/instance-out.sql,CZ03,DMo,0,rDXHP,Ex,dxHP_equip,,RE-dxHP_eq-pkgSEER-12.5-SEER2-6.4-HSPF2,DMo&0&rDXHP&Ex&dxHP_equip,RE-dxHP_eq-pkgSEER-12.5-SEER2-6.4-HSPF2,,,,,,,,,,,,,,,,,,,,,,,,,,,,,,,,,,,,,,,
SWHC049-09 SEER Rated AC HP_DMo/runs/CZ03/DMo&0&rDXHP&Ex&dxHP_equip/RE-dxHP_eq-pkgSEER-14.3-SEER2-7.5-HSPF2/instance-out.sql,CZ03,DMo,0,rDXHP,Ex,dxHP_equip,,RE-dxHP_eq-pkgSEER-14.3-SEER2-7.5-HSPF2,DMo&0&rDXHP&Ex&dxHP_equip,RE-dxHP_eq-pkgSEER-14.3-SEER2-7.5-HSPF2,,,,,,,,,,,,,,,,,,,,,,,,,,,,,,,,,,,,,,,
SWHC049-09 SEER Rated AC HP_DMo/runs/CZ03/DMo&0&rDXHP&Ex&dxHP_equip/RE-dxHP_eq-pkgSEER-15.2-SEER2-7.7-HSPF2/instance-out.sql,CZ03,DMo,0,rDXHP,Ex,dxHP_equip,,RE-dxHP_eq-pkgSEER-15.2-SEER2-7.7-HSPF2,DMo&0&rDXHP&Ex&dxHP_equip,RE-dxHP_eq-pkgSEER-15.2-SEER2-7.7-HSPF2,,,,,,,,,,,,,,,,,,,,,,,,,,,,,,,,,,,,,,,
SWHC049-09 SEER Rated AC HP_DMo/runs/CZ03/DMo&0&rDXHP&Ex&dxHP_equip/RE-dxHP_eq-pkgSEER-16.0-SEER2-8.0-HSPF2/instance-out.sql,CZ03,DMo,0,rDXHP,Ex,dxHP_equip,,RE-dxHP_eq-pkgSEER-16.0-SEER2-8.0-HSPF2,DMo&0&rDXHP&Ex&dxHP_equip,RE-dxHP_eq-pkgSEER-16.0-SEER2-8.0-HSPF2,,,,,,,,,,,,,,,,,,,,,,,,,,,,,,,,,,,,,,,
SWHC049-09 SEER Rated AC HP_DMo/runs/CZ03/DMo&0&rDXHP&Ex&dxHP_equip/RE-dxHP_eq-pkgSEER-17.8-SEER2-8.1-HSPF2/instance-out.sql,CZ03,DMo,0,rDXHP,Ex,dxHP_equip,,RE-dxHP_eq-pkgSEER-17.8-SEER2-8.1-HSPF2,DMo&0&rDXHP&Ex&dxHP_equip,RE-dxHP_eq-pkgSEER-17.8-SEER2-8.1-HSPF2,,,,,,,,,,,,,,,,,,,,,,,,,,,,,,,,,,,,,,,
SWHC049-09 SEER Rated AC HP_DMo/runs/CZ03/DMo&0&rDXHP&Ex&dxHP_equip/RE-dxHP_eq-pkgSEER-18.7-SEER2-8.5-HSPF2/instance-out.sql,CZ03,DMo,0,rDXHP,Ex,dxHP_equip,,RE-dxHP_eq-pkgSEER-18.7-SEER2-8.5-HSPF2,DMo&0&rDXHP&Ex&dxHP_equip,RE-dxHP_eq-pkgSEER-18.7-SEER2-8.5-HSPF2,,,,,,,,,,,,,,,,,,,,,,,,,,,,,,,,,,,,,,,
SWHC049-09 SEER Rated AC HP_DMo/runs/CZ03/DMo&0&rDXHP&Ex&dxHP_equip/RE-dxHP_eq-pkgSEER-19.6-SEER2-8.9-HSPF2/instance-out.sql,CZ03,DMo,0,rDXHP,Ex,dxHP_equip,,RE-dxHP_eq-pkgSEER-19.6-SEER2-8.9-HSPF2,DMo&0&rDXHP&Ex&dxHP_equip,RE-dxHP_eq-pkgSEER-19.6-SEER2-8.9-HSPF2,,,,,,,,,,,,,,,,,,,,,,,,,,,,,,,,,,,,,,,
SWHC049-09 SEER Rated AC HP_DMo/runs/CZ02/DMo&0&rDXHP&New&dxHP_equip/RE-dxAC_eq-pkgSEER-12.5-SEER2/instance-out.sql,CZ02,DMo,0,rDXHP,New,dxHP_equip,,RE-dxAC_eq-pkgSEER-12.5-SEER2,DMo&0&rDXHP&New&dxHP_equip,RE-dxAC_eq-pkgSEER-12.5-SEER2,"EnergyPlus, Version 9.5.0-de239b2e5f, YMD=2026.06.12 23:14",CA_SANTA-ROSA(AWOS) CA USA Custom-724957 WMO#=724957,230.77,11.58,65.46,0.0,1256.67,3129.96,0.0,5167.03,0.0,1279.18,135.79,0.0,0.0,0.0,0.0,0.0,0.0,10968.63,3723.55,0.0,0.0,0.0,7813.66,0.0,0.0,0.0,0.0,0.0,0.0,11383.63,0.0,0.0,22920.84,,,36470.5,45158.880000000005
SWHC049-09 SEER Rated AC HP_DMo/runs/CZ02/DMo&0&rDXHP&New&dxHP_equip/RE-dxAC_eq-pkgSEER-13.8-SEER2/instance-out.sql,CZ02,DMo,0,rDXHP,New,dxHP_equip,,RE-dxAC_eq-pkgSEER-13.8-SEER2,DMo&0&rDXHP&New&dxHP_equip,RE-dxAC_eq-pkgSEER-13.8-SEER2,"EnergyPlus, Version 9.5.0-de239b2e5f, YMD=2026.06.12 23:14",CA_SANTA-ROSA(AWOS) CA USA Custom-724957 WMO#=724957,230.77,11.24,65.46,0.0,1179.14,3129.96,0.0,5167.03,0.0,1279.18,135.79,0.0,0.0,0.0,0.0,0.0,0.0,10891.1,3723.55,0.0,0.0,0.0,7813.66,0.0,0.0,0.0,0.0,0.0,0.0,11383.63,0.0,0.0,22920.84,,,36470.5,45158.880000000005
SWHC049-09 SEER Rated AC HP_DMo/runs/CZ02/DMo&0&rDXHP&New&dxHP_equip/RE-dxAC_eq-pkgSEER-14.3-SEER2/instance-out.sql,CZ02,DMo,0,rDXHP,New,dxHP_equip,,RE-dxAC_eq-pkgSEER-14.3-SEER2,DMo&0&rDXHP&New&dxHP_equip,RE-dxAC_eq-pkgSEER-14.3-SEER2,"EnergyPlus, Version 9.5.0-de239b2e5f, YMD=2026.06.12 23:14",CA_SANTA-ROSA(AWOS) CA USA Custom-724957 WMO#=724957,230.77,11.14,65.46,0.0,1155.38,3129.96,0.0,5167.03,0.0,1279.18,135.79,0.0,0.0,0.0,0.0,0.0,0.0,10867.34,3723.55,0.0,0.0,0.0,7813.66,0.0,0.0,0.0,0.0,0.0,0.0,11383.63,0.0,0.0,22920.84,,,36470.5,45158.880000000005
SWHC049-09 SEER Rated AC HP_DMo/runs/CZ02/DMo&0&rDXHP&New&dxHP_equip/RE-dxAC_eq-pkgSEER-15.2-SEER2/instance-out.sql,CZ02,DMo,0,rDXHP,New,dxHP_equip,,RE-dxAC_eq-pkgSEER-15.2-SEER2,DMo&0&rDXHP&New&dxHP_equip,RE-dxAC_eq-pkgSEER-15.2-SEER2,"EnergyPlus, Version 9.5.0-de239b2e5f, YMD=2026.06.12 23:14",CA_SANTA-ROSA(AWOS) CA USA Custom-724957 WMO#=724957,230.77,10.97,65.46,0.0,1116.02,3129.96,0.0,5167.03,0.0,1279.18,135.79,0.0,0.0,0.0,0.0,0.0,0.0,10827.98,3723.55,0.0,0.0,0.0,7813.66,0.0,0.0,0.0,0.0,0.0,0.0,11383.63,0.0,0.0,22920.84,,,36470.5,45158.880000000005
SWHC049-09 SEER Rated AC HP_DMo/runs/CZ02/DMo&0&rDXHP&New&dxHP_equip/RE-dxAC_eq-pkgSEER-16.9-SEER2/instance-out.sql,CZ02,DMo,0,rDXHP,New,dxHP_equip,,RE-dxAC_eq-pkgSEER-16.9-SEER2,DMo&0&rDXHP&New&dxHP_equip,RE-dxAC_eq-pkgSEER-16.9-SEER2,"EnergyPlus, Version 9.5.0-de239b2e5f, YMD=2026.06.12 23:14",CA_SANTA-ROSA(AWOS) CA USA Custom-724957 WMO#=724957,230.77,8.89,67.74,0.0,1263.08,3129.96,0.0,5167.03,0.0,641.16,146.43,0.0,0.0,0.0,0.0,0.0,0.0,10347.65,4251.76,0.0,0.0,0.0,7813.66,0.0,0.0,0.0,0.0,0.0,0.0,11380.76,0.0,0.0,23446.18,,,36470.5,45158.880000000005
SWHC049-09 SEER Rated AC HP_DMo/runs/CZ02/DMo&0&rDXHP&New&dxHP_equip/RE-dxAC_eq-pkgSEER-17.8-SEER2/instance-out.sql,CZ02,DMo,0,rDXHP,New,dxHP_equip,,RE-dxAC_eq-pkgSEER-17.8-SEER2,DMo&0&rDXHP&New&dxHP_equip,RE-dxAC_eq-pkgSEER-17.8-SEER2,"EnergyPlus, Version 9.5.0-de239b2e5f, YMD=2026.06.12 23:14",CA_SANTA-ROSA(AWOS) CA USA Custom-724957 WMO#=724957,230.77,8.79,67.74,0.0,1240.45,3129.96,0.0,5167.03,0.0,641.16,146.43,0.0,0.0,0.0,0.0,0.0,0.0,10325.02,4251.76,0.0,0.0,0.0,7813.66,0.0,0.0,0.0,0.0,0.0,0.0,11380.76,0.0,0.0,23446.18,,,36470.5,45158.880000000005
SWHC049-09 SEER Rated AC HP_DMo/runs/CZ02/DMo&0&rDXHP&New&dxHP_equip/RE-dxAC_eq-pkgSEER-18.7-SEER2/instance-out.sql,CZ02,DMo,0,rDXHP,New,dxHP_equip,,RE-dxAC_eq-pkgSEER-18.7-SEER2,DMo&0&rDXHP&New&dxHP_equip,RE-dxAC_eq-pkgSEER-18.7-SEER2,"EnergyPlus, Version 9.5.0-de239b2e5f, YMD=2026.06.12 23:14",CA_SANTA-ROSA(AWOS) CA USA Custom-724957 WMO#=724957,230.77,8.71,67.74,0.0,1223.06,3129.96,0.0,5167.03,0.0,641.16,146.43,0.0,0.0,0.0,0.0,0.0,0.0,10307.64,4251.76,0.0,0.0,0.0,7813.66,0.0,0.0,0.0,0.0,0.0,0.0,11380.76,0.0,0.0,23446.18,,,36470.5,45158.880000000005
SWHC049-09 SEER Rated AC HP_DMo/runs/CZ02/DMo&0&rDXHP&New&dxHP_equip/RE-dxAC_eq-pkgSEER-19.6-SEER2/instance-out.sql,CZ02,DMo,0,rDXHP,New,dxHP_equip,,RE-dxAC_eq-pkgSEER-19.6-SEER2,DMo&0&rDXHP&New&dxHP_equip,RE-dxAC_eq-pkgSEER-19.6-SEER2,"EnergyPlus, Version 9.5.0-de239b2e5f, YMD=2026.06.12 23:14",CA_SANTA-ROSA(AWOS) CA USA Custom-724957 WMO#=724957,230.77,8.65,67.74,0.0,1208.35,3129.96,0.0,5167.03,0.0,641.16,146.43,0.0,0.0,0.0,0.0,0.0,0.0,10292.93,4251.76,0.0,0.0,0.0,7813.66,0.0,0.0,0.0,0.0,0.0,0.0,11380.76,0.0,0.0,23446.18,,,36470.5,45158.880000000005
SWHC049-09 SEER Rated AC HP_DMo/runs/CZ02/DMo&0&rDXHP&New&dxHP_equip/RE-dxHP_eq-pkgSEER-12.5-SEER2-6.4-HSPF2/instance-out.sql,CZ02,DMo,0,rDXHP,New,dxHP_equip,,RE-dxHP_eq-pkgSEER-12.5-SEER2-6.4-HSPF2,DMo&0&rDXHP&New&dxHP_equip,RE-dxHP_eq-pkgSEER-12.5-SEER2-6.4-HSPF2,,,,,,,,,,,,,,,,,,,,,,,,,,,,,,,,,,,,,,,
SWHC049-09 SEER Rated AC HP_DMo/runs/CZ02/DMo&0&rDXHP&New&dxHP_equip/RE-dxHP_eq-pkgSEER-14.3-SEER2-7.5-HSPF2/instance-out.sql,CZ02,DMo,0,rDXHP,New,dxHP_equip,,RE-dxHP_eq-pkgSEER-14.3-SEER2-7.5-HSPF2,DMo&0&rDXHP&New&dxHP_equip,RE-dxHP_eq-pkgSEER-14.3-SEER2-7.5-HSPF2,,,,,,,,,,,,,,,,,,,,,,,,,,,,,,,,,,,,,,,
SWHC049-09 SEER Rated AC HP_DMo/runs/CZ02/DMo&0&rDXHP&New&dxHP_equip/RE-dxHP_eq-pkgSEER-15.2-SEER2-7.7-HSPF2/instance-out.sql,CZ02,DMo,0,rDXHP,New,dxHP_equip,,RE-dxHP_eq-pkgSEER-15.2-SEER2-7.7-HSPF2,DMo&0&rDXHP&New&dxHP_equip,RE-dxHP_eq-pkgSEER-15.2-SEER2-7.7-HSPF2,,,,,,,,,,,,,,,,,,,,,,,,,,,,,,,,,,,,,,,
SWHC049-09 SEER Rated AC HP_DMo/runs/CZ02/DMo&0&rDXHP&New&dxHP_equip/RE-dxHP_eq-pkgSEER-16.0-SEER2-8.0-HSPF2/instance-out.sql,CZ02,DMo,0,rDXHP,New,dxHP_equip,,RE-dxHP_eq-pkgSEER-16.0-SEER2-8.0-HSPF2,DMo&0&rDXHP&New&dxHP_equip,RE-dxHP_eq-pkgSEER-16.0-SEER2-8.0-HSPF2,,,,,,,,,,,,,,,,,,,,,,,,,,,,,,,,,,,,,,,
SWHC049-09 SEER Rated AC HP_DMo/runs/CZ02/DMo&0&rDXHP&New&dxHP_equip/RE-dxHP_eq-pkgSEER-17.8-SEER2-8.1-HSPF2/instance-out.sql,CZ02,DMo,0,rDXHP,New,dxHP_equip,,RE-dxHP_eq-pkgSEER-17.8-SEER2-8.1-HSPF2,DMo&0&rDXHP&New&dxHP_equip,RE-dxHP_eq-pkgSEER-17.8-SEER2-8.1-HSPF2,,,,,,,,,,,,,,,,,,,,,,,,,,,,,,,,,,,,,,,
SWHC049-09 SEER Rated AC HP_DMo/runs/CZ02/DMo&0&rDXHP&New&dxHP_equip/RE-dxHP_eq-pkgSEER-18.7-SEER2-8.5-HSPF2/instance-out.sql,CZ02,DMo,0,rDXHP,New,dxHP_equip,,RE-dxHP_eq-pkgSEER-18.7-SEER2-8.5-HSPF2,DMo&0&rDXHP&New&dxHP_equip,RE-dxHP_eq-pkgSEER-18.7-SEER2-8.5-HSPF2,,,,,,,,,,,,,,,,,,,,,,,,,,,,,,,,,,,,,,,
SWHC049-09 SEER Rated AC HP_DMo/runs/CZ02/DMo&0&rDXHP&New&dxHP_equip/RE-dxHP_eq-pkgSEER-19.6-SEER2-8.9-HSPF2/instance-out.sql,CZ02,DMo,0,rDXHP,New,dxHP_equip,,RE-dxHP_eq-pkgSEER-19.6-SEER2-8.9-HSPF2,DMo&0&rDXHP&New&dxHP_equip,RE-dxHP_eq-pkgSEER-19.6-SEER2-8.9-HSPF2,,,,,,,,,,,,,,,,,,,,,,,,,,,,,,,,,,,,,,,
SWHC049-09 SEER Rated AC HP_DMo/runs/CZ02/DMo&0&rDXHP&Ex&dxHP_equip/RE-dxAC_eq-pkgSEER-12.5-SEER2/instance-out.sql,CZ02,DMo,0,rDXHP,Ex,dxHP_equip,,RE-dxAC_eq-pkgSEER-12.5-SEER2,DMo&0&rDXHP&Ex&dxHP_equip,RE-dxAC_eq-pkgSEER-12.5-SEER2,"EnergyPlus, Version 9.5.0-de239b2e5f, YMD=2026.06.12 23:12",CA_SANTA-ROSA(AWOS) CA USA Custom-724957 WMO#=724957,230.77,15.84,75.72,0.0,1643.85,3129.96,0.0,5167.03,0.0,1812.59,197.85,0.0,0.0,0.0,0.0,0.0,0.0,11951.27,6113.49,0.0,0.0,0.0,7813.66,0.0,0.0,0.0,0.0,0.0,0.0,11361.06,0.0,0.0,25288.21,,,39334.94,48705.71
SWHC049-09 SEER Rated AC HP_DMo/runs/CZ02/DMo&0&rDXHP&Ex&dxHP_equip/RE-dxAC_eq-pkgSEER-13.8-SEER2/instance-out.sql,CZ02,DMo,0,rDXHP,Ex,dxHP_equip,,RE-dxAC_eq-pkgSEER-13.8-SEER2,DMo&0&rDXHP&Ex&dxHP_equip,RE-dxAC_eq-pkgSEER-13.8-SEER2,"EnergyPlus, Version 9.5.0-de239b2e5f, YMD=2026.06.12 23:12",CA_SANTA-ROSA(AWOS) CA USA Custom-724957 WMO#=724957,230.77,15.4,75.72,0.0,1542.43,3129.96,0.0,5167.03,0.0,1812.59,197.85,0.0,0.0,0.0,0.0,0.0,0.0,11849.86,6113.49,0.0,0.0,0.0,7813.66,0.0,0.0,0.0,0.0,0.0,0.0,11361.06,0.0,0.0,25288.21,,,39334.94,48705.71
SWHC049-09 SEER Rated AC HP_DMo/runs/CZ02/DMo&0&rDXHP&Ex&dxHP_equip/RE-dxAC_eq-pkgSEER-14.3-SEER2/instance-out.sql,CZ02,DMo,0,rDXHP,Ex,dxHP_equip,,RE-dxAC_eq-pkgSEER-14.3-SEER2,DMo&0&rDXHP&Ex&dxHP_equip,RE-dxAC_eq-pkgSEER-14.3-SEER2,"EnergyPlus, Version 9.5.0-de239b2e5f, YMD=2026.06.12 23:12",CA_SANTA-ROSA(AWOS) CA USA Custom-724957 WMO#=724957,230.77,15.26,75.72,0.0,1511.35,3129.96,0.0,5167.03,0.0,1812.59,197.85,0.0,0.0,0.0,0.0,0.0,0.0,11818.77,6113.49,0.0,0.0,0.0,7813.66,0.0,0.0,0.0,0.0,0.0,0.0,11361.06,0.0,0.0,25288.21,,,39334.94,48705.71
SWHC049-09 SEER Rated AC HP_DMo/runs/CZ02/DMo&0&rDXHP&Ex&dxHP_equip/RE-dxAC_eq-pkgSEER-15.2-SEER2/instance-out.sql,CZ02,DMo,0,rDXHP,Ex,dxHP_equip,,RE-dxAC_eq-pkgSEER-15.2-SEER2,DMo&0&rDXHP&Ex&dxHP_equip,RE-dxAC_eq-pkgSEER-15.2-SEER2,"EnergyPlus, Version 9.5.0-de239b2e5f, YMD=2026.06.12 23:12",CA_SANTA-ROSA(AWOS) CA USA Custom-724957 WMO#=724957,230.77,15.04,75.72,0.0,1459.86,3129.96,0.0,5167.03,0.0,1812.59,197.85,0.0,0.0,0.0,0.0,0.0,0.0,11767.29,6113.49,0.0,0.0,0.0,7813.66,0.0,0.0,0.0,0.0,0.0,0.0,11361.06,0.0,0.0,25288.21,,,39334.94,48705.71
SWHC049-09 SEER Rated AC HP_DMo/runs/CZ02/DMo&0&rDXHP&Ex&dxHP_equip/RE-dxAC_eq-pkgSEER-16.9-SEER2/instance-out.sql,CZ02,DMo,0,rDXHP,Ex,dxHP_equip,,RE-dxAC_eq-pkgSEER-16.9-SEER2,DMo&0&rDXHP&Ex&dxHP_equip,RE-dxAC_eq-pkgSEER-16.9-SEER2,"EnergyPlus, Version 9.5.0-de239b2e5f, YMD=2026.06.12 23:12",CA_SANTA-ROSA(AWOS) CA USA Custom-724957 WMO#=724957,230.77,11.61,79.02,0.0,1563.95,3129.96,0.0,5167.03,0.0,903.41,211.45,0.0,0.0,0.0,0.0,0.0,0.0,10975.79,6879.31,0.0,0.0,0.0,7813.66,0.0,0.0,0.0,0.0,0.0,0.0,11357.1,0.0,0.0,26050.08,,,39334.94,48705.71
SWHC049-09 SEER Rated AC HP_DMo/runs/CZ02/DMo&0&rDXHP&Ex&dxHP_equip/RE-dxAC_eq-pkgSEER-17.8-SEER2/instance-out.sql,CZ02,DMo,0,rDXHP,Ex,dxHP_equip,,RE-dxAC_eq-pkgSEER-17.8-SEER2,DMo&0&rDXHP&Ex&dxHP_equip,RE-dxAC_eq-pkgSEER-17.8-SEER2,"EnergyPlus, Version 9.5.0-de239b2e5f, YMD=2026.06.12 23:12",CA_SANTA-ROSA(AWOS) CA USA Custom-724957 WMO#=724957,230.77,11.48,79.02,0.0,1534.52,3129.96,0.0,5167.03,0.0,903.41,211.45,0.0,0.0,0.0,0.0,0.0,0.0,10946.37,6879.31,0.0,0.0,0.0,7813.66,0.0,0.0,0.0,0.0,0.0,0.0,11357.1,0.0,0.0,26050.08,,,39334.94,48705.71
SWHC049-09 SEER Rated AC HP_DMo/runs/CZ02/DMo&0&rDXHP&Ex&dxHP_equip/RE-dxAC_eq-pkgSEER-18.7-SEER2/instance-out.sql,CZ02,DMo,0,rDXHP,Ex,dxHP_equip,,RE-dxAC_eq-pkgSEER-18.7-SEER2,DMo&0&rDXHP&Ex&dxHP_equip,RE-dxAC_eq-pkgSEER-18.7-SEER2,"EnergyPlus, Version 9.5.0-de239b2e5f, YMD=2026.06.12 23:14",CA_SANTA-ROSA(AWOS) CA USA Custom-724957 WMO#=724957,230.77,11.38,79.02,0.0,1511.93,3129.96,0.0,5167.03,0.0,903.41,211.45,0.0,0.0,0.0,0.0,0.0,0.0,10923.77,6879.31,0.0,0.0,0.0,7813.66,0.0,0.0,0.0,0.0,0.0,0.0,11357.1,0.0,0.0,26050.08,,,39334.94,48705.71
SWHC049-09 SEER Rated AC HP_DMo/runs/CZ02/DMo&0&rDXHP&Ex&dxHP_equip/RE-dxAC_eq-pkgSEER-19.6-SEER2/instance-out.sql,CZ02,DMo,0,rDXHP,Ex,dxHP_equip,,RE-dxAC_eq-pkgSEER-19.6-SEER2,DMo&0&rDXHP&Ex&dxHP_equip,RE-dxAC_eq-pkgSEER-19.6-SEER2,"EnergyPlus, Version 9.5.0-de239b2e5f, YMD=2026.06.12 23:14",CA_SANTA-ROSA(AWOS) CA USA Custom-724957 WMO#=724957,230.77,11.3,79.02,0.0,1492.8,3129.96,0.0,5167.03,0.0,903.41,211.45,0.0,0.0,0.0,0.0,0.0,0.0,10904.64,6879.31,0.0,0.0,0.0,7813.66,0.0,0.0,0.0,0.0,0.0,0.0,11357.1,0.0,0.0,26050.08,,,39334.94,48705.71
SWHC049-09 SEER Rated AC HP_DMo/runs/CZ02/DMo&0&rDXHP&Ex&dxHP_equip/RE-dxHP_eq-pkgSEER-12.5-SEER2-6.4-HSPF2/instance-out.sql,CZ02,DMo,0,rDXHP,Ex,dxHP_equip,,RE-dxHP_eq-pkgSEER-12.5-SEER2-6.4-HSPF2,DMo&0&rDXHP&Ex&dxHP_equip,RE-dxHP_eq-pkgSEER-12.5-SEER2-6.4-HSPF2,,,,,,,,,,,,,,,,,,,,,,,,,,,,,,,,,,,,,,,
SWHC049-09 SEER Rated AC HP_DMo/runs/CZ02/DMo&0&rDXHP&Ex&dxHP_equip/RE-dxHP_eq-pkgSEER-14.3-SEER2-7.5-HSPF2/instance-out.sql,CZ02,DMo,0,rDXHP,Ex,dxHP_equip,,RE-dxHP_eq-pkgSEER-14.3-SEER2-7.5-HSPF2,DMo&0&rDXHP&Ex&dxHP_equip,RE-dxHP_eq-pkgSEER-14.3-SEER2-7.5-HSPF2,,,,,,,,,,,,,,,,,,,,,,,,,,,,,,,,,,,,,,,
SWHC049-09 SEER Rated AC HP_DMo/runs/CZ02/DMo&0&rDXHP&Ex&dxHP_equip/RE-dxHP_eq-pkgSEER-15.2-SEER2-7.7-HSPF2/instance-out.sql,CZ02,DMo,0,rDXHP,Ex,dxHP_equip,,RE-dxHP_eq-pkgSEER-15.2-SEER2-7.7-HSPF2,DMo&0&rDXHP&Ex&dxHP_equip,RE-dxHP_eq-pkgSEER-15.2-SEER2-7.7-HSPF2,,,,,,,,,,,,,,,,,,,,,,,,,,,,,,,,,,,,,,,
SWHC049-09 SEER Rated AC HP_DMo/runs/CZ02/DMo&0&rDXHP&Ex&dxHP_equip/RE-dxHP_eq-pkgSEER-16.0-SEER2-8.0-HSPF2/instance-out.sql,CZ02,DMo,0,rDXHP,Ex,dxHP_equip,,RE-dxHP_eq-pkgSEER-16.0-SEER2-8.0-HSPF2,DMo&0&rDXHP&Ex&dxHP_equip,RE-dxHP_eq-pkgSEER-16.0-SEER2-8.0-HSPF2,,,,,,,,,,,,,,,,,,,,,,,,,,,,,,,,,,,,,,,
SWHC049-09 SEER Rated AC HP_DMo/runs/CZ02/DMo&0&rDXHP&Ex&dxHP_equip/RE-dxHP_eq-pkgSEER-17.8-SEER2-8.1-HSPF2/instance-out.sql,CZ02,DMo,0,rDXHP,Ex,dxHP_equip,,RE-dxHP_eq-pkgSEER-17.8-SEER2-8.1-HSPF2,DMo&0&rDXHP&Ex&dxHP_equip,RE-dxHP_eq-pkgSEER-17.8-SEER2-8.1-HSPF2,,,,,,,,,,,,,,,,,,,,,,,,,,,,,,,,,,,,,,,
SWHC049-09 SEER Rated AC HP_DMo/runs/CZ02/DMo&0&rDXHP&Ex&dxHP_equip/RE-dxHP_eq-pkgSEER-18.7-SEER2-8.5-HSPF2/instance-out.sql,CZ02,DMo,0,rDXHP,Ex,dxHP_equip,,RE-dxHP_eq-pkgSEER-18.7-SEER2-8.5-HSPF2,DMo&0&rDXHP&Ex&dxHP_equip,RE-dxHP_eq-pkgSEER-18.7-SEER2-8.5-HSPF2,,,,,,,,,,,,,,,,,,,,,,,,,,,,,,,,,,,,,,,
SWHC049-09 SEER Rated AC HP_DMo/runs/CZ02/DMo&0&rDXHP&Ex&dxHP_equip/RE-dxHP_eq-pkgSEER-19.6-SEER2-8.9-HSPF2/instance-out.sql,CZ02,DMo,0,rDXHP,Ex,dxHP_equip,,RE-dxHP_eq-pkgSEER-19.6-SEER2-8.9-HSPF2,DMo&0&rDXHP&Ex&dxHP_equip,RE-dxHP_eq-pkgSEER-19.6-SEER2-8.9-HSPF2,,,,,,,,,,,,,,,,,,,,,,,,,,,,,,,,,,,,,,,
SWHC049-09 SEER Rated AC HP_DMo/runs/CZ01/DMo&0&rDXHP&New&dxHP_equip/RE-dxAC_eq-pkgSEER-12.5-SEER2/instance-out.sql,CZ01,DMo,0,rDXHP,New,dxHP_equip,,RE-dxAC_eq-pkgSEER-12.5-SEER2,DMo&0&rDXHP&New&dxHP_equip,RE-dxAC_eq-pkgSEER-12.5-SEER2,"EnergyPlus, Version 9.5.0-de239b2e5f, YMD=2026.06.12 23:11",CA_ARCATA-AP CA USA Custom-725945 WMO#=725945,230.77,4.59,59.32,0.0,367.21,3129.96,0.0,5167.03,0.0,619.82,72.22,0.0,0.0,0.0,0.0,0.0,0.0,9356.23,1947.89,0.0,0.0,0.0,7813.66,0.0,0.0,0.0,0.0,0.0,0.0,11742.12,0.0,0.0,21503.67,,,29759.309999999998,36967.5
SWHC049-09 SEER Rated AC HP_DMo/runs/CZ01/DMo&0&rDXHP&New&dxHP_equip/RE-dxAC_eq-pkgSEER-13.8-SEER2/instance-out.sql,CZ01,DMo,0,rDXHP,New,dxHP_equip,,RE-dxAC_eq-pkgSEER-13.8-SEER2,DMo&0&rDXHP&New&dxHP_equip,RE-dxAC_eq-pkgSEER-13.8-SEER2,"EnergyPlus, Version 9.5.0-de239b2e5f, YMD=2026.06.12 23:11",CA_ARCATA-AP CA USA Custom-725945 WMO#=725945,230.77,4.49,59.32,0.0,344.55,3129.96,0.0,5167.03,0.0,619.82,72.22,0.0,0.0,0.0,0.0,0.0,0.0,9333.58,1947.89,0.0,0.0,0.0,7813.66,0.0,0.0,0.0,0.0,0.0,0.0,11742.12,0.0,0.0,21503.67,,,29759.309999999998,36967.5
SWHC049-09 SEER Rated AC HP_DMo/runs/CZ01/DMo&0&rDXHP&New&dxHP_equip/RE-dxAC_eq-pkgSEER-14.3-SEER2/instance-out.sql,CZ01,DMo,0,rDXHP,New,dxHP_equip,,RE-dxAC_eq-pkgSEER-14.3-SEER2,DMo&0&rDXHP&New&dxHP_equip,RE-dxAC_eq-pkgSEER-14.3-SEER2,"EnergyPlus, Version 9.5.0-de239b2e5f, YMD=2026.06.12 23:11",CA_ARCATA-AP CA USA Custom-725945 WMO#=725945,230.77,4.46,59.32,0.0,337.61,3129.96,0.0,5167.03,0.0,619.82,72.22,0.0,0.0,0.0,0.0,0.0,0.0,9326.63,1947.89,0.0,0.0,0.0,7813.66,0.0,0.0,0.0,0.0,0.0,0.0,11742.12,0.0,0.0,21503.67,,,29759.309999999998,36967.5
SWHC049-09 SEER Rated AC HP_DMo/runs/CZ01/DMo&0&rDXHP&New&dxHP_equip/RE-dxAC_eq-pkgSEER-15.2-SEER2/instance-out.sql,CZ01,DMo,0,rDXHP,New,dxHP_equip,,RE-dxAC_eq-pkgSEER-15.2-SEER2,DMo&0&rDXHP&New&dxHP_equip,RE-dxAC_eq-pkgSEER-15.2-SEER2,"EnergyPlus, Version 9.5.0-de239b2e5f, YMD=2026.06.12 23:12",CA_ARCATA-AP CA USA Custom-725945 WMO#=725945,230.77,4.41,59.32,0.0,326.11,3129.96,0.0,5167.03,0.0,619.82,72.22,0.0,0.0,0.0,0.0,0.0,0.0,9315.13,1947.89,0.0,0.0,0.0,7813.66,0.0,0.0,0.0,0.0,0.0,0.0,11742.12,0.0,0.0,21503.67,,,29759.309999999998,36967.5
SWHC049-09 SEER Rated AC HP_DMo/runs/CZ01/DMo&0&rDXHP&New&dxHP_equip/RE-dxAC_eq-pkgSEER-16.9-SEER2/instance-out.sql,CZ01,DMo,0,rDXHP,New,dxHP_equip,,RE-dxAC_eq-pkgSEER-16.9-SEER2,DMo&0&rDXHP&New&dxHP_equip,RE-dxAC_eq-pkgSEER-16.9-SEER2,"EnergyPlus, Version 9.5.0-de239b2e5f, YMD=2026.06.12 23:12",CA_ARCATA-AP CA USA Custom-725945 WMO#=725945,230.77,4.35,60.57,0.0,610.42,3129.96,0.0,5167.03,0.0,315.31,78.22,0.0,0.0,0.0,0.0,0.0,0.0,9300.94,2235.81,0.0,0.0,0.0,7813.66,0.0,0.0,0.0,0.0,0.0,0.0,11741.11,0.0,0.0,21790.58,,,29759.309999999998,36967.5
SWHC049-09 SEER Rated AC HP_DMo/runs/CZ01/DMo&0&rDXHP&New&dxHP_equip/RE-dxAC_eq-pkgSEER-17.8-SEER2/instance-out.sql,CZ01,DMo,0,rDXHP,New,dxHP_equip,,RE-dxAC_eq-pkgSEER-17.8-SEER2,DMo&0&rDXHP&New&dxHP_equip,RE-dxAC_eq-pkgSEER-17.8-SEER2,"EnergyPlus, Version 9.5.0-de239b2e5f, YMD=2026.06.12 23:12",CA_ARCATA-AP CA USA Custom-725945 WMO#=725945,230.77,4.32,60.57,0.0,603.75,3129.96,0.0,5167.03,0.0,315.31,78.22,0.0,0.0,0.0,0.0,0.0,0.0,9294.27,2235.81,0.0,0.0,0.0,7813.66,0.0,0.0,0.0,0.0,0.0,0.0,11741.11,0.0,0.0,21790.58,,,29759.309999999998,36967.5
SWHC049-09 SEER Rated AC HP_DMo/runs/CZ01/DMo&0&rDXHP&New&dxHP_equip/RE-dxAC_eq-pkgSEER-18.7-SEER2/instance-out.sql,CZ01,DMo,0,rDXHP,New,dxHP_equip,,RE-dxAC_eq-pkgSEER-18.7-SEER2,DMo&0&rDXHP&New&dxHP_equip,RE-dxAC_eq-pkgSEER-18.7-SEER2,"EnergyPlus, Version 9.5.0-de239b2e5f, YMD=2026.06.12 23:12",CA_ARCATA-AP CA USA Custom-725945 WMO#=725945,230.77,4.3,60.57,0.0,598.62,3129.96,0.0,5167.03,0.0,315.31,78.22,0.0,0.0,0.0,0.0,0.0,0.0,9289.14,2235.81,0.0,0.0,0.0,7813.66,0.0,0.0,0.0,0.0,0.0,0.0,11741.11,0.0,0.0,21790.58,,,29759.309999999998,36967.5
SWHC049-09 SEER Rated AC HP_DMo/runs/CZ01/DMo&0&rDXHP&New&dxHP_equip/RE-dxAC_eq-pkgSEER-19.6-SEER2/instance-out.sql,CZ01,DMo,0,rDXHP,New,dxHP_equip,,RE-dxAC_eq-pkgSEER-19.6-SEER2,DMo&0&rDXHP&New&dxHP_equip,RE-dxAC_eq-pkgSEER-19.6-SEER2,"EnergyPlus, Version 9.5.0-de239b2e5f, YMD=2026.06.12 23:12",CA_ARCATA-AP CA USA Custom-725945 WMO#=725945,230.77,4.28,60.57,0.0,594.29,3129.96,0.0,5167.03,0.0,315.31,78.22,0.0,0.0,0.0,0.0,0.0,0.0,9284.81,2235.81,0.0,0.0,0.0,7813.66,0.0,0.0,0.0,0.0,0.0,0.0,11741.11,0.0,0.0,21790.58,,,29759.309999999998,36967.5
SWHC049-09 SEER Rated AC HP_DMo/runs/CZ01/DMo&0&rDXHP&New&dxHP_equip/RE-dxHP_eq-pkgSEER-12.5-SEER2-6.4-HSPF2/instance-out.sql,CZ01,DMo,0,rDXHP,New,dxHP_equip,,RE-dxHP_eq-pkgSEER-12.5-SEER2-6.4-HSPF2,DMo&0&rDXHP&New&dxHP_equip,RE-dxHP_eq-pkgSEER-12.5-SEER2-6.4-HSPF2,,,,,,,,,,,,,,,,,,,,,,,,,,,,,,,,,,,,,,,
SWHC049-09 SEER Rated AC HP_DMo/runs/CZ01/DMo&0&rDXHP&New&dxHP_equip/RE-dxHP_eq-pkgSEER-14.3-SEER2-7.5-HSPF2/instance-out.sql,CZ01,DMo,0,rDXHP,New,dxHP_equip,,RE-dxHP_eq-pkgSEER-14.3-SEER2-7.5-HSPF2,DMo&0&rDXHP&New&dxHP_equip,RE-dxHP_eq-pkgSEER-14.3-SEER2-7.5-HSPF2,,,,,,,,,,,,,,,,,,,,,,,,,,,,,,,,,,,,,,,
SWHC049-09 SEER Rated AC HP_DMo/runs/CZ01/DMo&0&rDXHP&New&dxHP_equip/RE-dxHP_eq-pkgSEER-15.2-SEER2-7.7-HSPF2/instance-out.sql,CZ01,DMo,0,rDXHP,New,dxHP_equip,,RE-dxHP_eq-pkgSEER-15.2-SEER2-7.7-HSPF2,DMo&0&rDXHP&New&dxHP_equip,RE-dxHP_eq-pkgSEER-15.2-SEER2-7.7-HSPF2,,,,,,,,,,,,,,,,,,,,,,,,,,,,,,,,,,,,,,,
SWHC049-09 SEER Rated AC HP_DMo/runs/CZ01/DMo&0&rDXHP&New&dxHP_equip/RE-dxHP_eq-pkgSEER-16.0-SEER2-8.0-HSPF2/instance-out.sql,CZ01,DMo,0,rDXHP,New,dxHP_equip,,RE-dxHP_eq-pkgSEER-16.0-SEER2-8.0-HSPF2,DMo&0&rDXHP&New&dxHP_equip,RE-dxHP_eq-pkgSEER-16.0-SEER2-8.0-HSPF2,,,,,,,,,,,,,,,,,,,,,,,,,,,,,,,,,,,,,,,
SWHC049-09 SEER Rated AC HP_DMo/runs/CZ01/DMo&0&rDXHP&New&dxHP_equip/RE-dxHP_eq-pkgSEER-17.8-SEER2-8.1-HSPF2/instance-out.sql,CZ01,DMo,0,rDXHP,New,dxHP_equip,,RE-dxHP_eq-pkgSEER-17.8-SEER2-8.1-HSPF2,DMo&0&rDXHP&New&dxHP_equip,RE-dxHP_eq-pkgSEER-17.8-SEER2-8.1-HSPF2,,,,,,,,,,,,,,,,,,,,,,,,,,,,,,,,,,,,,,,
SWHC049-09 SEER Rated AC HP_DMo/runs/CZ01/DMo&0&rDXHP&New&dxHP_equip/RE-dxHP_eq-pkgSEER-18.7-SEER2-8.5-HSPF2/instance-out.sql,CZ01,DMo,0,rDXHP,New,dxHP_equip,,RE-dxHP_eq-pkgSEER-18.7-SEER2-8.5-HSPF2,DMo&0&rDXHP&New&dxHP_equip,RE-dxHP_eq-pkgSEER-18.7-SEER2-8.5-HSPF2,,,,,,,,,,,,,,,,,,,,,,,,,,,,,,,,,,,,,,,
SWHC049-09 SEER Rated AC HP_DMo/runs/CZ01/DMo&0&rDXHP&New&dxHP_equip/RE-dxHP_eq-pkgSEER-19.6-SEER2-8.9-HSPF2/instance-out.sql,CZ01,DMo,0,rDXHP,New,dxHP_equip,,RE-dxHP_eq-pkgSEER-19.6-SEER2-8.9-HSPF2,DMo&0&rDXHP&New&dxHP_equip,RE-dxHP_eq-pkgSEER-19.6-SEER2-8.9-HSPF2,,,,,,,,,,,,,,,,,,,,,,,,,,,,,,,,,,,,,,,
SWHC049-09 SEER Rated AC HP_DMo/runs/CZ01/DMo&0&rDXHP&Ex&dxHP_equip/RE-dxAC_eq-pkgSEER-12.5-SEER2/instance-out.sql,CZ01,DMo,0,rDXHP,Ex,dxHP_equip,,RE-dxAC_eq-pkgSEER-12.5-SEER2,DMo&0&rDXHP&Ex&dxHP_equip,RE-dxAC_eq-pkgSEER-12.5-SEER2,"EnergyPlus, Version 9.5.0-de239b2e5f, YMD=2026.06.12 23:11",CA_ARCATA-AP CA USA Custom-725945 WMO#=725945,230.77,6.12,66.61,0.0,361.56,3129.96,0.0,5167.03,0.0,932.96,117.34,0.0,0.0,0.0,0.0,0.0,0.0,9708.85,3651.93,0.0,0.0,0.0,7813.66,0.0,0.0,0.0,0.0,0.0,0.0,11719.02,0.0,0.0,23184.61,,,29858.97,37091.240000000005
SWHC049-09 SEER Rated AC HP_DMo/runs/CZ01/DMo&0&rDXHP&Ex&dxHP_equip/RE-dxAC_eq-pkgSEER-13.8-SEER2/instance-out.sql,CZ01,DMo,0,rDXHP,Ex,dxHP_equip,,RE-dxAC_eq-pkgSEER-13.8-SEER2,DMo&0&rDXHP&Ex&dxHP_equip,RE-dxAC_eq-pkgSEER-13.8-SEER2,"EnergyPlus, Version 9.5.0-de239b2e5f, YMD=2026.06.12 23:11",CA_ARCATA-AP CA USA Custom-725945 WMO#=725945,230.77,6.02,66.61,0.0,339.25,3129.96,0.0,5167.03,0.0,932.96,117.34,0.0,0.0,0.0,0.0,0.0,0.0,9686.54,3651.93,0.0,0.0,0.0,7813.66,0.0,0.0,0.0,0.0,0.0,0.0,11719.02,0.0,0.0,23184.61,,,29858.97,37091.240000000005
SWHC049-09 SEER Rated AC HP_DMo/runs/CZ01/DMo&0&rDXHP&Ex&dxHP_equip/RE-dxAC_eq-pkgSEER-14.3-SEER2/instance-out.sql,CZ01,DMo,0,rDXHP,Ex,dxHP_equip,,RE-dxAC_eq-pkgSEER-14.3-SEER2,DMo&0&rDXHP&Ex&dxHP_equip,RE-dxAC_eq-pkgSEER-14.3-SEER2,"EnergyPlus, Version 9.5.0-de239b2e5f, YMD=2026.06.12 23:11",CA_ARCATA-AP CA USA Custom-725945 WMO#=725945,230.77,5.99,66.61,0.0,332.41,3129.96,0.0,5167.03,0.0,932.96,117.34,0.0,0.0,0.0,0.0,0.0,0.0,9679.71,3651.93,0.0,0.0,0.0,7813.66,0.0,0.0,0.0,0.0,0.0,0.0,11719.02,0.0,0.0,23184.61,,,29858.97,37091.240000000005
SWHC049-09 SEER Rated AC HP_DMo/runs/CZ01/DMo&0&rDXHP&Ex&dxHP_equip/RE-dxAC_eq-pkgSEER-15.2-SEER2/instance-out.sql,CZ01,DMo,0,rDXHP,Ex,dxHP_equip,,RE-dxAC_eq-pkgSEER-15.2-SEER2,DMo&0&rDXHP&Ex&dxHP_equip,RE-dxAC_eq-pkgSEER-15.2-SEER2,"EnergyPlus, Version 9.5.0-de239b2e5f, YMD=2026.06.12 23:11",CA_ARCATA-AP CA USA Custom-725945 WMO#=725945,230.77,5.94,66.61,0.0,321.09,3129.96,0.0,5167.03,0.0,932.96,117.34,0.0,0.0,0.0,0.0,0.0,0.0,9668.38,3651.93,0.0,0.0,0.0,7813.66,0.0,0.0,0.0,0.0,0.0,0.0,11719.02,0.0,0.0,23184.61,,,29858.97,37091.240000000005
SWHC049-09 SEER Rated AC HP_DMo/runs/CZ01/DMo&0&rDXHP&Ex&dxHP_equip/RE-dxAC_eq-pkgSEER-16.9-SEER2/instance-out.sql,CZ01,DMo,0,rDXHP,Ex,dxHP_equip,,RE-dxAC_eq-pkgSEER-16.9-SEER2,DMo&0&rDXHP&Ex&dxHP_equip,RE-dxAC_eq-pkgSEER-16.9-SEER2,"EnergyPlus, Version 9.5.0-de239b2e5f, YMD=2026.06.12 23:11",CA_ARCATA-AP CA USA Custom-725945 WMO#=725945,230.77,5.22,68.62,0.0,604.49,3129.96,0.0,5167.03,0.0,473.71,125.81,0.0,0.0,0.0,0.0,0.0,0.0,9501.0,4117.87,0.0,0.0,0.0,7813.66,0.0,0.0,0.0,0.0,0.0,0.0,11717.16,0.0,0.0,23648.68,,,29858.97,37091.240000000005
SWHC049-09 SEER Rated AC HP_DMo/runs/CZ01/DMo&0&rDXHP&Ex&dxHP_equip/RE-dxAC_eq-pkgSEER-17.8-SEER2/instance-out.sql,CZ01,DMo,0,rDXHP,Ex,dxHP_equip,,RE-dxAC_eq-pkgSEER-17.8-SEER2,DMo&0&rDXHP&Ex&dxHP_equip,RE-dxAC_eq-pkgSEER-17.8-SEER2,"EnergyPlus, Version 9.5.0-de239b2e5f, YMD=2026.06.12 23:11",CA_ARCATA-AP CA USA Custom-725945 WMO#=725945,230.77,5.19,68.62,0.0,597.95,3129.96,0.0,5167.03,0.0,473.71,125.81,0.0,0.0,0.0,0.0,0.0,0.0,9494.46,4117.87,0.0,0.0,0.0,7813.66,0.0,0.0,0.0,0.0,0.0,0.0,11717.16,0.0,0.0,23648.68,,,29858.97,37091.240000000005
SWHC049-09 SEER Rated AC HP_DMo/runs/CZ01/DMo&0&rDXHP&Ex&dxHP_equip/RE-dxAC_eq-pkgSEER-18.7-SEER2/instance-out.sql,CZ01,DMo,0,rDXHP,Ex,dxHP_equip,,RE-dxAC_eq-pkgSEER-18.7-SEER2,DMo&0&rDXHP&Ex&dxHP_equip,RE-dxAC_eq-pkgSEER-18.7-SEER2,"EnergyPlus, Version 9.5.0-de239b2e5f, YMD=2026.06.12 23:11",CA_ARCATA-AP CA USA Custom-725945 WMO#=725945,230.77,5.17,68.62,0.0,592.93,3129.96,0.0,5167.03,0.0,473.71,125.81,0.0,0.0,0.0,0.0,0.0,0.0,9489.44,4117.87,0.0,0.0,0.0,7813.66,0.0,0.0,0.0,0.0,0.0,0.0,11717.16,0.0,0.0,23648.68,,,29858.97,37091.240000000005
SWHC049-09 SEER Rated AC HP_DMo/runs/CZ01/DMo&0&rDXHP&Ex&dxHP_equip/RE-dxAC_eq-pkgSEER-19.6-SEER2/instance-out.sql,CZ01,DMo,0,rDXHP,Ex,dxHP_equip,,RE-dxAC_eq-pkgSEER-19.6-SEER2,DMo&0&rDXHP&Ex&dxHP_equip,RE-dxAC_eq-pkgSEER-19.6-SEER2,"EnergyPlus, Version 9.5.0-de239b2e5f, YMD=2026.06.12 23:11",CA_ARCATA-AP CA USA Custom-725945 WMO#=725945,230.77,5.15,68.62,0.0,588.68,3129.96,0.0,5167.03,0.0,473.71,125.81,0.0,0.0,0.0,0.0,0.0,0.0,9485.18,4117.87,0.0,0.0,0.0,7813.66,0.0,0.0,0.0,0.0,0.0,0.0,11717.16,0.0,0.0,23648.68,,,29858.97,37091.240000000005
SWHC049-09 SEER Rated AC HP_DMo/runs/CZ01/DMo&0&rDXHP&Ex&dxHP_equip/RE-dxHP_eq-pkgSEER-12.5-SEER2-6.4-HSPF2/instance-out.sql,CZ01,DMo,0,rDXHP,Ex,dxHP_equip,,RE-dxHP_eq-pkgSEER-12.5-SEER2-6.4-HSPF2,DMo&0&rDXHP&Ex&dxHP_equip,RE-dxHP_eq-pkgSEER-12.5-SEER2-6.4-HSPF2,,,,,,,,,,,,,,,,,,,,,,,,,,,,,,,,,,,,,,,
SWHC049-09 SEER Rated AC HP_DMo/runs/CZ01/DMo&0&rDXHP&Ex&dxHP_equip/RE-dxHP_eq-pkgSEER-14.3-SEER2-7.5-HSPF2/instance-out.sql,CZ01,DMo,0,rDXHP,Ex,dxHP_equip,,RE-dxHP_eq-pkgSEER-14.3-SEER2-7.5-HSPF2,DMo&0&rDXHP&Ex&dxHP_equip,RE-dxHP_eq-pkgSEER-14.3-SEER2-7.5-HSPF2,,,,,,,,,,,,,,,,,,,,,,,,,,,,,,,,,,,,,,,
SWHC049-09 SEER Rated AC HP_DMo/runs/CZ01/DMo&0&rDXHP&Ex&dxHP_equip/RE-dxHP_eq-pkgSEER-15.2-SEER2-7.7-HSPF2/instance-out.sql,CZ01,DMo,0,rDXHP,Ex,dxHP_equip,,RE-dxHP_eq-pkgSEER-15.2-SEER2-7.7-HSPF2,DMo&0&rDXHP&Ex&dxHP_equip,RE-dxHP_eq-pkgSEER-15.2-SEER2-7.7-HSPF2,,,,,,,,,,,,,,,,,,,,,,,,,,,,,,,,,,,,,,,
SWHC049-09 SEER Rated AC HP_DMo/runs/CZ01/DMo&0&rDXHP&Ex&dxHP_equip/RE-dxHP_eq-pkgSEER-16.0-SEER2-8.0-HSPF2/instance-out.sql,CZ01,DMo,0,rDXHP,Ex,dxHP_equip,,RE-dxHP_eq-pkgSEER-16.0-SEER2-8.0-HSPF2,DMo&0&rDXHP&Ex&dxHP_equip,RE-dxHP_eq-pkgSEER-16.0-SEER2-8.0-HSPF2,,,,,,,,,,,,,,,,,,,,,,,,,,,,,,,,,,,,,,,
SWHC049-09 SEER Rated AC HP_DMo/runs/CZ01/DMo&0&rDXHP&Ex&dxHP_equip/RE-dxHP_eq-pkgSEER-17.8-SEER2-8.1-HSPF2/instance-out.sql,CZ01,DMo,0,rDXHP,Ex,dxHP_equip,,RE-dxHP_eq-pkgSEER-17.8-SEER2-8.1-HSPF2,DMo&0&rDXHP&Ex&dxHP_equip,RE-dxHP_eq-pkgSEER-17.8-SEER2-8.1-HSPF2,,,,,,,,,,,,,,,,,,,,,,,,,,,,,,,,,,,,,,,
SWHC049-09 SEER Rated AC HP_DMo/runs/CZ01/DMo&0&rDXHP&Ex&dxHP_equip/RE-dxHP_eq-pkgSEER-18.7-SEER2-8.5-HSPF2/instance-out.sql,CZ01,DMo,0,rDXHP,Ex,dxHP_equip,,RE-dxHP_eq-pkgSEER-18.7-SEER2-8.5-HSPF2,DMo&0&rDXHP&Ex&dxHP_equip,RE-dxHP_eq-pkgSEER-18.7-SEER2-8.5-HSPF2,,,,,,,,,,,,,,,,,,,,,,,,,,,,,,,,,,,,,,,
SWHC049-09 SEER Rated AC HP_DMo/runs/CZ01/DMo&0&rDXHP&Ex&dxHP_equip/RE-dxHP_eq-pkgSEER-19.6-SEER2-8.9-HSPF2/instance-out.sql,CZ01,DMo,0,rDXHP,Ex,dxHP_equip,,RE-dxHP_eq-pkgSEER-19.6-SEER2-8.9-HSPF2,DMo&0&rDXHP&Ex&dxHP_equip,RE-dxHP_eq-pkgSEER-19.6-SEER2-8.9-HSPF2,,,,,,,,,,,,,,,,,,,,,,,,,,,,,,,,,,,,,,,
