File Name,Net Site EUI (kWh/m2),Net Site Energy (kWh),Net Source EUI (kWh/m2),Net Source Energy (kWh)
CZ01/Asm&0&rDXHP&New&HV_AirDist__SupFanMtr/NE-HVAC-FanBelt-VBelt-Std/instance-out.sql,103.57,654329.67,337.10,2129833.17
CZ01/Asm&0&rDXHP&New&HV_AirDist__SupFanMtr/NE-HVAC-FanBelt-CoggedVBelt-Msr/instance-out.sql,102.67,648674.57,334.11,2110945.13
CZ01/Asm&0&rDXHP&New&HV_AirDist__SupFanMtr/NE-HVAC-FanBelt-SynchVBelt-Msr/instance-out.sql,101.39,640611.40,329.85,2084014.15
CZ01/ECC&0&rDXHP&New&HV_AirDist__SupFanMtr/NE-HVAC-FanBelt-VBelt-Std/instance-out.sql,95.50,2521522.31,270.17,7133166.87
CZ01/ECC&0&rDXHP&New&HV_AirDist__SupFanMtr/NE-HVAC-FanBelt-CoggedVBelt-Msr/instance-out.sql,95.03,2508938.73,268.58,7091165.80
CZ01/ECC&0&rDXHP&New&HV_AirDist__SupFanMtr/NE-HVAC-FanBelt-SynchVBelt-Msr/instance-out.sql,94.35,2491012.21,266.31,7031270.88
CZ01/EPr&0&rDXHP&New&HV_AirDist__SupFanMtr/NE-HVAC-FanBelt-VBelt-Std/instance-out.sql,99.96,378394.15,251.22,950971.43
CZ01/EPr&0&rDXHP&New&HV_AirDist__SupFanMtr/NE-HVAC-FanBelt-CoggedVBelt-Msr/instance-out.sql,99.54,376808.41,249.82,945675.06
CZ01/EPr&0&rDXHP&New&HV_AirDist__SupFanMtr/NE-HVAC-FanBelt-SynchVBelt-Msr/instance-out.sql,98.95,374549.87,247.83,938131.54
CZ01/ERC&0&rDXHP&New&HV_AirDist__SupFanMtr/NE-HVAC-FanBelt-VBelt-Std/instance-out.sql,67.69,18135.01,144.10,38602.96
CZ01/ERC&0&rDXHP&New&HV_AirDist__SupFanMtr/NE-HVAC-FanBelt-CoggedVBelt-Msr/instance-out.sql,67.44,18065.58,143.23,38371.10
CZ01/ERC&0&rDXHP&New&HV_AirDist__SupFanMtr/NE-HVAC-FanBelt-SynchVBelt-Msr/instance-out.sql,67.06,17965.08,141.98,38035.43
CZ01/ESe&0&rDXHP&New&HV_AirDist__SupFanMtr/NE-HVAC-FanBelt-VBelt-Std/instance-out.sql,172.00,1188908.65,415.85,2874467.97
CZ01/ESe&0&rDXHP&New&HV_AirDist__SupFanMtr/NE-HVAC-FanBelt-CoggedVBelt-Msr/instance-out.sql,171.72,1186986.81,414.92,2867987.11
CZ01/ESe&0&rDXHP&New&HV_AirDist__SupFanMtr/NE-HVAC-FanBelt-SynchVBelt-Msr/instance-out.sql,171.33,1184275.05,413.59,2858851.03
CZ01/EUn&0&rDXHP&New&HV_AirDist__SupFanMtr/NE-HVAC-FanBelt-VBelt-Std/instance-out.sql,101.40,8080374.04,311.01,24784561.28
CZ01/EUn&0&rDXHP&New&HV_AirDist__SupFanMtr/NE-HVAC-FanBelt-CoggedVBelt-Msr/instance-out.sql,100.85,8036824.97,309.18,24639098.56
CZ01/EUn&0&rDXHP&New&HV_AirDist__SupFanMtr/NE-HVAC-FanBelt-SynchVBelt-Msr/instance-out.sql,100.07,7974735.80,306.58,24431708.45
CZ01/Hsp&0&rDXHP&New&HV_AirDist__SupFanMtr/NE-HVAC-FanBelt-VBelt-Std/instance-out.sql,68.79,3157564.07,200.84,9218493.34
CZ01/Hsp&0&rDXHP&New&HV_AirDist__SupFanMtr/NE-HVAC-FanBelt-CoggedVBelt-Msr/instance-out.sql,68.61,3149010.10,200.21,9189379.54
CZ01/Hsp&0&rDXHP&New&HV_AirDist__SupFanMtr/NE-HVAC-FanBelt-SynchVBelt-Msr/instance-out.sql,68.34,3136923.13,199.31,9148030.27
CZ01/MBT&0&rDXHP&New&HV_AirDist__SupFanMtr/NE-HVAC-FanBelt-VBelt-Std/instance-out.sql,218.90,8133631.27,433.25,16098061.23
CZ01/MBT&0&rDXHP&New&HV_AirDist__SupFanMtr/NE-HVAC-FanBelt-CoggedVBelt-Msr/instance-out.sql,218.69,8125862.99,432.53,16071272.34
CZ01/MBT&0&rDXHP&New&HV_AirDist__SupFanMtr/NE-HVAC-FanBelt-SynchVBelt-Msr/instance-out.sql,218.40,8114797.18,431.50,16033093.82
CZ01/MLI&0&rDXHP&New&HV_AirDist__SupFanMtr/NE-HVAC-FanBelt-VBelt-Std/instance-out.sql,115.89,1076844.46,373.98,3474910.32
CZ01/MLI&0&rDXHP&New&HV_AirDist__SupFanMtr/NE-HVAC-FanBelt-CoggedVBelt-Msr/instance-out.sql,114.65,1065308.81,369.84,3436381.23
CZ01/MLI&0&rDXHP&New&HV_AirDist__SupFanMtr/NE-HVAC-FanBelt-SynchVBelt-Msr/instance-out.sql,112.89,1048885.21,363.93,3381526.40
CZ01/Mtl&0&rDXHP&New&HV_AirDist__SupFanMtr/NE-HVAC-FanBelt-VBelt-Std/instance-out.sql,60.03,167245.06,193.16,538095.58
CZ01/Mtl&0&rDXHP&New&HV_AirDist__SupFanMtr/NE-HVAC-FanBelt-CoggedVBelt-Msr/instance-out.sql,59.42,165524.38,191.09,532340.87
CZ01/Mtl&0&rDXHP&New&HV_AirDist__SupFanMtr/NE-HVAC-FanBelt-SynchVBelt-Msr/instance-out.sql,58.54,163075.02,188.15,524149.84
CZ01/Nrs&0&rDXHP&New&HV_AirDist__SupFanMtr/NE-HVAC-FanBelt-VBelt-Std/instance-out.sql,80.85,833733.02,216.81,2235726.32
CZ01/Nrs&0&rDXHP&New&HV_AirDist__SupFanMtr/NE-HVAC-FanBelt-CoggedVBelt-Msr/instance-out.sql,80.60,831116.77,215.94,2226750.10
CZ01/Nrs&0&rDXHP&New&HV_AirDist__SupFanMtr/NE-HVAC-FanBelt-SynchVBelt-Msr/instance-out.sql,80.24,827404.53,214.70,2213966.35
CZ01/OfL&0&rDXHP&New&HV_AirDist__SupFanMtr/NE-HVAC-FanBelt-VBelt-Std/instance-out.sql,70.94,2306050.58,224.37,7293975.58
CZ01/OfL&0&rDXHP&New&HV_AirDist__SupFanMtr/NE-HVAC-FanBelt-CoggedVBelt-Msr/instance-out.sql,70.33,2286183.00,222.33,7227616.44
CZ01/OfL&0&rDXHP&New&HV_AirDist__SupFanMtr/NE-HVAC-FanBelt-SynchVBelt-Msr/instance-out.sql,69.45,2257809.15,219.41,7132850.28
CZ01/OfS&0&rDXHP&New&HV_AirDist__SupFanMtr/NE-HVAC-FanBelt-VBelt-Std/instance-out.sql,65.95,122567.87,190.63,354278.34
CZ01/OfS&0&rDXHP&New&HV_AirDist__SupFanMtr/NE-HVAC-FanBelt-CoggedVBelt-Msr/instance-out.sql,65.40,121551.44,188.80,350883.45
CZ01/OfS&0&rDXHP&New&HV_AirDist__SupFanMtr/NE-HVAC-FanBelt-SynchVBelt-Msr/instance-out.sql,64.62,120097.90,186.19,346028.65
CZ01/RFF&0&rDXHP&New&HV_AirDist__SupFanMtr/NE-HVAC-FanBelt-VBelt-Std/instance-out.sql,267.74,99399.91,602.23,223584.55
CZ01/RFF&0&rDXHP&New&HV_AirDist__SupFanMtr/NE-HVAC-FanBelt-CoggedVBelt-Msr/instance-out.sql,267.04,99141.35,599.91,222720.95
CZ01/RFF&0&rDXHP&New&HV_AirDist__SupFanMtr/NE-HVAC-FanBelt-SynchVBelt-Msr/instance-out.sql,266.05,98773.15,596.59,221491.19
CZ01/RSD&0&rDXHP&New&HV_AirDist__SupFanMtr/NE-HVAC-FanBelt-VBelt-Std/instance-out.sql,238.72,248501.74,463.49,482486.01
CZ01/RSD&0&rDXHP&New&HV_AirDist__SupFanMtr/NE-HVAC-FanBelt-CoggedVBelt-Msr/instance-out.sql,238.58,248359.35,463.02,481995.14
CZ01/RSD&0&rDXHP&New&HV_AirDist__SupFanMtr/NE-HVAC-FanBelt-SynchVBelt-Msr/instance-out.sql,238.39,248156.64,462.35,481296.38
CZ01/Rt3&0&rDXHP&New&HV_AirDist__SupFanMtr/NE-HVAC-FanBelt-VBelt-Std/instance-out.sql,81.17,1809918.05,251.33,5603884.02
CZ01/Rt3&0&rDXHP&New&HV_AirDist__SupFanMtr/NE-HVAC-FanBelt-CoggedVBelt-Msr/instance-out.sql,80.53,1795597.81,249.19,5556015.23
CZ01/Rt3&0&rDXHP&New&HV_AirDist__SupFanMtr/NE-HVAC-FanBelt-SynchVBelt-Msr/instance-out.sql,79.62,1775157.89,246.12,5487691.69
CZ01/RtL&0&rDXHP&New&HV_AirDist__SupFanMtr/NE-HVAC-FanBelt-VBelt-Std/instance-out.sql,153.77,1864363.29,479.53,5813813.62
CZ01/RtL&0&rDXHP&New&HV_AirDist__SupFanMtr/NE-HVAC-FanBelt-CoggedVBelt-Msr/instance-out.sql,152.53,1849311.87,475.38,5763541.89
CZ01/RtL&0&rDXHP&New&HV_AirDist__SupFanMtr/NE-HVAC-FanBelt-SynchVBelt-Msr/instance-out.sql,150.75,1827669.81,469.42,5691257.40
CZ01/RtS&0&rDXHP&New&HV_AirDist__SupFanMtr/NE-HVAC-FanBelt-VBelt-Std/instance-out.sql,72.06,107138.14,214.95,319562.28
CZ01/RtS&0&rDXHP&New&HV_AirDist__SupFanMtr/NE-HVAC-FanBelt-CoggedVBelt-Msr/instance-out.sql,71.61,106461.15,213.43,317301.16
CZ01/RtS&0&rDXHP&New&HV_AirDist__SupFanMtr/NE-HVAC-FanBelt-SynchVBelt-Msr/instance-out.sql,70.96,105497.02,211.26,314080.94
CZ01/SCn&0&rDXHP&New&HV_AirDist__SupFanMtr/NE-HVAC-FanBelt-VBelt-Std/instance-out.sql,67.79,3148993.37,221.82,10303588.06
CZ01/SCn&0&rDXHP&New&HV_AirDist__SupFanMtr/NE-HVAC-FanBelt-CoggedVBelt-Msr/instance-out.sql,67.13,3118165.16,219.60,10200621.82
CZ01/SCn&0&rDXHP&New&HV_AirDist__SupFanMtr/NE-HVAC-FanBelt-SynchVBelt-Msr/instance-out.sql,66.18,3074306.95,216.45,10054135.38
CZ02/Asm&0&rDXHP&New&HV_AirDist__SupFanMtr/NE-HVAC-FanBelt-VBelt-Std/instance-out.sql,112.40,710172.72,367.15,2319670.38
CZ02/Asm&0&rDXHP&New&HV_AirDist__SupFanMtr/NE-HVAC-FanBelt-CoggedVBelt-Msr/instance-out.sql,111.30,703168.64,363.45,2296276.76
CZ02/Asm&0&rDXHP&New&HV_AirDist__SupFanMtr/NE-HVAC-FanBelt-SynchVBelt-Msr/instance-out.sql,109.71,693178.18,358.17,2262908.63
CZ02/ECC&0&rDXHP&New&HV_AirDist__SupFanMtr/NE-HVAC-FanBelt-VBelt-Std/instance-out.sql,103.71,2738312.09,300.91,7944839.47
CZ02/ECC&0&rDXHP&New&HV_AirDist__SupFanMtr/NE-HVAC-FanBelt-CoggedVBelt-Msr/instance-out.sql,103.11,2722453.09,298.91,7891862.60
CZ02/ECC&0&rDXHP&New&HV_AirDist__SupFanMtr/NE-HVAC-FanBelt-SynchVBelt-Msr/instance-out.sql,102.24,2699452.49,296.00,7815030.24
CZ02/EPr&0&rDXHP&New&HV_AirDist__SupFanMtr/NE-HVAC-FanBelt-VBelt-Std/instance-out.sql,104.20,394421.19,269.74,1021061.02
CZ02/EPr&0&rDXHP&New&HV_AirDist__SupFanMtr/NE-HVAC-FanBelt-CoggedVBelt-Msr/instance-out.sql,103.67,392445.65,267.99,1014462.71
CZ02/EPr&0&rDXHP&New&HV_AirDist__SupFanMtr/NE-HVAC-FanBelt-SynchVBelt-Msr/instance-out.sql,102.93,389631.78,265.51,1005064.38
CZ02/ERC&0&rDXHP&New&HV_AirDist__SupFanMtr/NE-HVAC-FanBelt-VBelt-Std/instance-out.sql,70.41,18862.86,155.41,41634.45
CZ02/ERC&0&rDXHP&New&HV_AirDist__SupFanMtr/NE-HVAC-FanBelt-CoggedVBelt-Msr/instance-out.sql,70.05,18765.91,154.20,41310.61
CZ02/ERC&0&rDXHP&New&HV_AirDist__SupFanMtr/NE-HVAC-FanBelt-SynchVBelt-Msr/instance-out.sql,69.54,18629.27,152.50,40854.24
CZ02/ESe&0&rDXHP&New&HV_AirDist__SupFanMtr/NE-HVAC-FanBelt-VBelt-Std/instance-out.sql,187.33,1294874.10,488.19,3374496.44
CZ02/ESe&0&rDXHP&New&HV_AirDist__SupFanMtr/NE-HVAC-FanBelt-CoggedVBelt-Msr/instance-out.sql,186.95,1292267.66,486.93,3365782.56
CZ02/ESe&0&rDXHP&New&HV_AirDist__SupFanMtr/NE-HVAC-FanBelt-SynchVBelt-Msr/instance-out.sql,186.41,1288516.52,485.12,3353226.73
CZ02/EUn&0&rDXHP&New&HV_AirDist__SupFanMtr/NE-HVAC-FanBelt-VBelt-Std/instance-out.sql,106.78,8509262.32,330.92,26371324.13
CZ02/EUn&0&rDXHP&New&HV_AirDist__SupFanMtr/NE-HVAC-FanBelt-CoggedVBelt-Msr/instance-out.sql,106.17,8460423.49,328.87,26208196.39
CZ02/EUn&0&rDXHP&New&HV_AirDist__SupFanMtr/NE-HVAC-FanBelt-SynchVBelt-Msr/instance-out.sql,105.29,8390707.78,325.95,25975337.31
CZ02/Hsp&0&rDXHP&New&HV_AirDist__SupFanMtr/NE-HVAC-FanBelt-VBelt-Std/instance-out.sql,99.07,4547250.31,274.94,12619391.52
CZ02/Hsp&0&rDXHP&New&HV_AirDist__SupFanMtr/NE-HVAC-FanBelt-CoggedVBelt-Msr/instance-out.sql,98.85,4536987.15,274.15,12583073.16
CZ02/Hsp&0&rDXHP&New&HV_AirDist__SupFanMtr/NE-HVAC-FanBelt-SynchVBelt-Msr/instance-out.sql,98.49,4520689.98,272.97,12529317.97
CZ02/MBT&0&rDXHP&New&HV_AirDist__SupFanMtr/NE-HVAC-FanBelt-VBelt-Std/instance-out.sql,190.23,7068142.44,420.75,15633358.36
CZ02/MBT&0&rDXHP&New&HV_AirDist__SupFanMtr/NE-HVAC-FanBelt-CoggedVBelt-Msr/instance-out.sql,189.97,7058459.71,419.86,15600573.20
CZ02/MBT&0&rDXHP&New&HV_AirDist__SupFanMtr/NE-HVAC-FanBelt-SynchVBelt-Msr/instance-out.sql,189.59,7044654.33,418.60,15553817.87
CZ02/MLI&0&rDXHP&New&HV_AirDist__SupFanMtr/NE-HVAC-FanBelt-VBelt-Std/instance-out.sql,125.54,1166443.79,407.14,3782956.63
CZ02/MLI&0&rDXHP&New&HV_AirDist__SupFanMtr/NE-HVAC-FanBelt-CoggedVBelt-Msr/instance-out.sql,124.13,1153343.88,402.43,3739202.94
CZ02/MLI&0&rDXHP&New&HV_AirDist__SupFanMtr/NE-HVAC-FanBelt-SynchVBelt-Msr/instance-out.sql,122.12,1134659.30,395.71,3676796.46
CZ02/Mtl&0&rDXHP&New&HV_AirDist__SupFanMtr/NE-HVAC-FanBelt-VBelt-Std/instance-out.sql,69.81,194474.77,226.20,630156.19
CZ02/Mtl&0&rDXHP&New&HV_AirDist__SupFanMtr/NE-HVAC-FanBelt-CoggedVBelt-Msr/instance-out.sql,69.05,192352.41,223.66,623061.97
CZ02/Mtl&0&rDXHP&New&HV_AirDist__SupFanMtr/NE-HVAC-FanBelt-SynchVBelt-Msr/instance-out.sql,67.96,189324.59,220.02,612941.14
CZ02/Nrs&0&rDXHP&New&HV_AirDist__SupFanMtr/NE-HVAC-FanBelt-VBelt-Std/instance-out.sql,86.20,888877.70,237.75,2451697.21
CZ02/Nrs&0&rDXHP&New&HV_AirDist__SupFanMtr/NE-HVAC-FanBelt-CoggedVBelt-Msr/instance-out.sql,85.90,885794.37,236.73,2441159.61
CZ02/Nrs&0&rDXHP&New&HV_AirDist__SupFanMtr/NE-HVAC-FanBelt-SynchVBelt-Msr/instance-out.sql,85.47,881347.25,235.26,2426073.04
CZ02/OfL&0&rDXHP&New&HV_AirDist__SupFanMtr/NE-HVAC-FanBelt-VBelt-Std/instance-out.sql,78.55,2553620.77,250.73,8150856.48
CZ02/OfL&0&rDXHP&New&HV_AirDist__SupFanMtr/NE-HVAC-FanBelt-CoggedVBelt-Msr/instance-out.sql,77.87,2531296.43,248.44,8076296.73
CZ02/OfL&0&rDXHP&New&HV_AirDist__SupFanMtr/NE-HVAC-FanBelt-SynchVBelt-Msr/instance-out.sql,76.89,2499510.53,245.17,7970049.26
CZ02/OfS&0&rDXHP&New&HV_AirDist__SupFanMtr/NE-HVAC-FanBelt-VBelt-Std/instance-out.sql,73.48,136552.69,217.74,404658.81
CZ02/OfS&0&rDXHP&New&HV_AirDist__SupFanMtr/NE-HVAC-FanBelt-CoggedVBelt-Msr/instance-out.sql,72.77,135248.59,215.39,400303.11
CZ02/OfS&0&rDXHP&New&HV_AirDist__SupFanMtr/NE-HVAC-FanBelt-SynchVBelt-Msr/instance-out.sql,71.78,133399.94,212.07,394128.62
CZ02/RFF&0&rDXHP&New&HV_AirDist__SupFanMtr/NE-HVAC-FanBelt-VBelt-Std/instance-out.sql,312.72,116100.76,762.96,283256.54
CZ02/RFF&0&rDXHP&New&HV_AirDist__SupFanMtr/NE-HVAC-FanBelt-CoggedVBelt-Msr/instance-out.sql,311.51,115649.26,758.90,281748.22
CZ02/RFF&0&rDXHP&New&HV_AirDist__SupFanMtr/NE-HVAC-FanBelt-SynchVBelt-Msr/instance-out.sql,309.77,115005.83,753.11,279598.79
CZ02/RSD&0&rDXHP&New&HV_AirDist__SupFanMtr/NE-HVAC-FanBelt-VBelt-Std/instance-out.sql,257.55,268101.13,523.43,544884.75
CZ02/RSD&0&rDXHP&New&HV_AirDist__SupFanMtr/NE-HVAC-FanBelt-CoggedVBelt-Msr/instance-out.sql,257.36,267910.17,522.81,544238.71
CZ02/RSD&0&rDXHP&New&HV_AirDist__SupFanMtr/NE-HVAC-FanBelt-SynchVBelt-Msr/instance-out.sql,257.10,267641.90,521.93,543322.65
CZ02/Rt3&0&rDXHP&New&HV_AirDist__SupFanMtr/NE-HVAC-FanBelt-VBelt-Std/instance-out.sql,100.89,2249481.06,318.65,7104793.66
CZ02/Rt3&0&rDXHP&New&HV_AirDist__SupFanMtr/NE-HVAC-FanBelt-CoggedVBelt-Msr/instance-out.sql,99.94,2228365.61,315.48,7034250.25
CZ02/Rt3&0&rDXHP&New&HV_AirDist__SupFanMtr/NE-HVAC-FanBelt-SynchVBelt-Msr/instance-out.sql,98.59,2198261.00,310.97,6933680.16
CZ02/RtL&0&rDXHP&New&HV_AirDist__SupFanMtr/NE-HVAC-FanBelt-VBelt-Std/instance-out.sql,165.58,2007444.96,520.99,6316456.94
CZ02/RtL&0&rDXHP&New&HV_AirDist__SupFanMtr/NE-HVAC-FanBelt-CoggedVBelt-Msr/instance-out.sql,164.18,1990518.90,516.33,6259924.02
CZ02/RtL&0&rDXHP&New&HV_AirDist__SupFanMtr/NE-HVAC-FanBelt-SynchVBelt-Msr/instance-out.sql,162.19,1966365.86,509.67,6179252.84
CZ02/RtS&0&rDXHP&New&HV_AirDist__SupFanMtr/NE-HVAC-FanBelt-VBelt-Std/instance-out.sql,95.14,141448.04,293.35,436122.25
CZ02/RtS&0&rDXHP&New&HV_AirDist__SupFanMtr/NE-HVAC-FanBelt-CoggedVBelt-Msr/instance-out.sql,94.28,140167.74,290.47,431846.03
CZ02/RtS&0&rDXHP&New&HV_AirDist__SupFanMtr/NE-HVAC-FanBelt-SynchVBelt-Msr/instance-out.sql,93.05,138337.78,286.36,425733.96
CZ02/SCn&0&rDXHP&New&HV_AirDist__SupFanMtr/NE-HVAC-FanBelt-VBelt-Std/instance-out.sql,73.46,3412166.66,241.09,11198776.91
CZ02/SCn&0&rDXHP&New&HV_AirDist__SupFanMtr/NE-HVAC-FanBelt-CoggedVBelt-Msr/instance-out.sql,72.63,3373755.19,238.33,11070482.58
CZ02/SCn&0&rDXHP&New&HV_AirDist__SupFanMtr/NE-HVAC-FanBelt-SynchVBelt-Msr/instance-out.sql,71.45,3318909.70,234.38,10887298.64
CZ03/Asm&0&rDXHP&New&HV_AirDist__SupFanMtr/NE-HVAC-FanBelt-VBelt-Std/instance-out.sql,103.38,653152.73,337.03,2129368.01
CZ03/Asm&0&rDXHP&New&HV_AirDist__SupFanMtr/NE-HVAC-FanBelt-CoggedVBelt-Msr/instance-out.sql,102.30,646323.38,333.42,2106557.97
CZ03/Asm&0&rDXHP&New&HV_AirDist__SupFanMtr/NE-HVAC-FanBelt-SynchVBelt-Msr/instance-out.sql,100.76,636583.10,328.27,2074026.36
CZ03/ECC&0&rDXHP&New&HV_AirDist__SupFanMtr/NE-HVAC-FanBelt-VBelt-Std/instance-out.sql,98.63,2604167.25,284.16,7502458.91
CZ03/ECC&0&rDXHP&New&HV_AirDist__SupFanMtr/NE-HVAC-FanBelt-CoggedVBelt-Msr/instance-out.sql,98.07,2589285.85,282.28,7452748.75
CZ03/ECC&0&rDXHP&New&HV_AirDist__SupFanMtr/NE-HVAC-FanBelt-SynchVBelt-Msr/instance-out.sql,97.26,2567897.89,279.57,7381303.43
CZ03/EPr&0&rDXHP&New&HV_AirDist__SupFanMtr/NE-HVAC-FanBelt-VBelt-Std/instance-out.sql,100.57,380702.50,257.77,975757.19
CZ03/EPr&0&rDXHP&New&HV_AirDist__SupFanMtr/NE-HVAC-FanBelt-CoggedVBelt-Msr/instance-out.sql,100.06,378780.65,256.07,969338.21
CZ03/EPr&0&rDXHP&New&HV_AirDist__SupFanMtr/NE-HVAC-FanBelt-SynchVBelt-Msr/instance-out.sql,99.34,376034.65,253.65,960166.55
CZ03/ERC&0&rDXHP&New&HV_AirDist__SupFanMtr/NE-HVAC-FanBelt-VBelt-Std/instance-out.sql,68.33,18305.37,148.53,39790.98
CZ03/ERC&0&rDXHP&New&HV_AirDist__SupFanMtr/NE-HVAC-FanBelt-CoggedVBelt-Msr/instance-out.sql,67.97,18209.63,147.34,39471.22
CZ03/ERC&0&rDXHP&New&HV_AirDist__SupFanMtr/NE-HVAC-FanBelt-SynchVBelt-Msr/instance-out.sql,67.47,18073.52,145.64,39016.60
CZ03/ESe&0&rDXHP&New&HV_AirDist__SupFanMtr/NE-HVAC-FanBelt-VBelt-Std/instance-out.sql,174.21,1204178.32,456.29,3153980.09
CZ03/ESe&0&rDXHP&New&HV_AirDist__SupFanMtr/NE-HVAC-FanBelt-CoggedVBelt-Msr/instance-out.sql,173.86,1201752.13,455.12,3145851.22
CZ03/ESe&0&rDXHP&New&HV_AirDist__SupFanMtr/NE-HVAC-FanBelt-SynchVBelt-Msr/instance-out.sql,173.36,1198294.77,453.45,3134306.19
CZ03/EUn&0&rDXHP&New&HV_AirDist__SupFanMtr/NE-HVAC-FanBelt-VBelt-Std/instance-out.sql,103.24,8227174.00,319.18,25435510.37
CZ03/EUn&0&rDXHP&New&HV_AirDist__SupFanMtr/NE-HVAC-FanBelt-CoggedVBelt-Msr/instance-out.sql,102.64,8179653.14,317.19,25276789.67
CZ03/EUn&0&rDXHP&New&HV_AirDist__SupFanMtr/NE-HVAC-FanBelt-SynchVBelt-Msr/instance-out.sql,101.79,8111818.96,314.34,25050221.93
CZ03/Hsp&0&rDXHP&New&HV_AirDist__SupFanMtr/NE-HVAC-FanBelt-VBelt-Std/instance-out.sql,84.92,3897761.12,242.96,11151679.44
CZ03/Hsp&0&rDXHP&New&HV_AirDist__SupFanMtr/NE-HVAC-FanBelt-CoggedVBelt-Msr/instance-out.sql,84.69,3887335.51,242.19,11116523.41
CZ03/Hsp&0&rDXHP&New&HV_AirDist__SupFanMtr/NE-HVAC-FanBelt-SynchVBelt-Msr/instance-out.sql,84.37,3872492.12,241.10,11066293.48
CZ03/MBT&0&rDXHP&New&HV_AirDist__SupFanMtr/NE-HVAC-FanBelt-VBelt-Std/instance-out.sql,174.27,6475077.66,396.63,14737358.77
CZ03/MBT&0&rDXHP&New&HV_AirDist__SupFanMtr/NE-HVAC-FanBelt-CoggedVBelt-Msr/instance-out.sql,174.01,6465666.99,395.77,14705506.76
CZ03/MBT&0&rDXHP&New&HV_AirDist__SupFanMtr/NE-HVAC-FanBelt-SynchVBelt-Msr/instance-out.sql,173.65,6452243.34,394.55,14660056.77
CZ03/MLI&0&rDXHP&New&HV_AirDist__SupFanMtr/NE-HVAC-FanBelt-VBelt-Std/instance-out.sql,119.61,1111379.27,387.38,3599418.10
CZ03/MLI&0&rDXHP&New&HV_AirDist__SupFanMtr/NE-HVAC-FanBelt-CoggedVBelt-Msr/instance-out.sql,118.25,1098714.16,382.83,3557116.64
CZ03/MLI&0&rDXHP&New&HV_AirDist__SupFanMtr/NE-HVAC-FanBelt-SynchVBelt-Msr/instance-out.sql,116.30,1080649.55,376.34,3496780.84
CZ03/Mtl&0&rDXHP&New&HV_AirDist__SupFanMtr/NE-HVAC-FanBelt-VBelt-Std/instance-out.sql,63.69,177421.82,205.87,573517.36
CZ03/Mtl&0&rDXHP&New&HV_AirDist__SupFanMtr/NE-HVAC-FanBelt-CoggedVBelt-Msr/instance-out.sql,62.97,175432.51,203.49,566873.09
CZ03/Mtl&0&rDXHP&New&HV_AirDist__SupFanMtr/NE-HVAC-FanBelt-SynchVBelt-Msr/instance-out.sql,61.96,172595.00,200.08,557394.65
CZ03/Nrs&0&rDXHP&New&HV_AirDist__SupFanMtr/NE-HVAC-FanBelt-VBelt-Std/instance-out.sql,81.82,843693.62,226.73,2338025.90
CZ03/Nrs&0&rDXHP&New&HV_AirDist__SupFanMtr/NE-HVAC-FanBelt-CoggedVBelt-Msr/instance-out.sql,81.51,840567.60,225.71,2327541.68
CZ03/Nrs&0&rDXHP&New&HV_AirDist__SupFanMtr/NE-HVAC-FanBelt-SynchVBelt-Msr/instance-out.sql,81.09,836214.30,224.27,2312731.15
CZ03/OfL&0&rDXHP&New&HV_AirDist__SupFanMtr/NE-HVAC-FanBelt-VBelt-Std/instance-out.sql,74.73,2429486.84,239.28,7778808.46
CZ03/OfL&0&rDXHP&New&HV_AirDist__SupFanMtr/NE-HVAC-FanBelt-CoggedVBelt-Msr/instance-out.sql,74.07,2407889.09,237.07,7706670.52
CZ03/OfL&0&rDXHP&New&HV_AirDist__SupFanMtr/NE-HVAC-FanBelt-SynchVBelt-Msr/instance-out.sql,73.12,2377051.82,233.90,7603678.42
CZ03/OfS&0&rDXHP&New&HV_AirDist__SupFanMtr/NE-HVAC-FanBelt-VBelt-Std/instance-out.sql,70.43,130888.61,207.64,385900.36
CZ03/OfS&0&rDXHP&New&HV_AirDist__SupFanMtr/NE-HVAC-FanBelt-CoggedVBelt-Msr/instance-out.sql,69.75,129627.97,205.38,381689.83
CZ03/OfS&0&rDXHP&New&HV_AirDist__SupFanMtr/NE-HVAC-FanBelt-SynchVBelt-Msr/instance-out.sql,68.78,127829.44,202.14,375682.73
CZ03/RFF&0&rDXHP&New&HV_AirDist__SupFanMtr/NE-HVAC-FanBelt-VBelt-Std/instance-out.sql,297.68,110515.42,713.58,264924.07
CZ03/RFF&0&rDXHP&New&HV_AirDist__SupFanMtr/NE-HVAC-FanBelt-CoggedVBelt-Msr/instance-out.sql,296.55,110097.26,709.82,263527.34
CZ03/RFF&0&rDXHP&New&HV_AirDist__SupFanMtr/NE-HVAC-FanBelt-SynchVBelt-Msr/instance-out.sql,294.94,109500.81,704.45,261535.09
CZ03/RSD&0&rDXHP&New&HV_AirDist__SupFanMtr/NE-HVAC-FanBelt-VBelt-Std/instance-out.sql,227.98,237327.75,466.97,486111.79
CZ03/RSD&0&rDXHP&New&HV_AirDist__SupFanMtr/NE-HVAC-FanBelt-CoggedVBelt-Msr/instance-out.sql,227.80,237138.91,466.36,485469.76
CZ03/RSD&0&rDXHP&New&HV_AirDist__SupFanMtr/NE-HVAC-FanBelt-SynchVBelt-Msr/instance-out.sql,227.54,236868.88,465.48,484553.02
CZ03/Rt3&0&rDXHP&New&HV_AirDist__SupFanMtr/NE-HVAC-FanBelt-VBelt-Std/instance-out.sql,93.83,2092138.58,295.30,6584141.57
CZ03/Rt3&0&rDXHP&New&HV_AirDist__SupFanMtr/NE-HVAC-FanBelt-CoggedVBelt-Msr/instance-out.sql,92.95,2072506.70,292.35,6518560.22
CZ03/Rt3&0&rDXHP&New&HV_AirDist__SupFanMtr/NE-HVAC-FanBelt-SynchVBelt-Msr/instance-out.sql,91.69,2044468.32,288.15,6424903.13
CZ03/RtL&0&rDXHP&New&HV_AirDist__SupFanMtr/NE-HVAC-FanBelt-VBelt-Std/instance-out.sql,158.68,1923781.72,498.03,6038099.10
CZ03/RtL&0&rDXHP&New&HV_AirDist__SupFanMtr/NE-HVAC-FanBelt-CoggedVBelt-Msr/instance-out.sql,157.33,1907410.00,493.52,5983417.54
CZ03/RtL&0&rDXHP&New&HV_AirDist__SupFanMtr/NE-HVAC-FanBelt-SynchVBelt-Msr/instance-out.sql,155.40,1884036.82,487.08,5905351.12
CZ03/RtS&0&rDXHP&New&HV_AirDist__SupFanMtr/NE-HVAC-FanBelt-VBelt-Std/instance-out.sql,85.76,127493.22,262.06,389598.12
CZ03/RtS&0&rDXHP&New&HV_AirDist__SupFanMtr/NE-HVAC-FanBelt-CoggedVBelt-Msr/instance-out.sql,84.99,126359.54,259.51,385811.61
CZ03/RtS&0&rDXHP&New&HV_AirDist__SupFanMtr/NE-HVAC-FanBelt-SynchVBelt-Msr/instance-out.sql,83.91,124742.16,255.88,380409.55
CZ03/SCn&0&rDXHP&New&HV_AirDist__SupFanMtr/NE-HVAC-FanBelt-VBelt-Std/instance-out.sql,66.55,3091481.39,218.05,10128377.21
CZ03/SCn&0&rDXHP&New&HV_AirDist__SupFanMtr/NE-HVAC-FanBelt-CoggedVBelt-Msr/instance-out.sql,65.80,3056652.89,215.54,10012050.02
CZ03/SCn&0&rDXHP&New&HV_AirDist__SupFanMtr/NE-HVAC-FanBelt-SynchVBelt-Msr/instance-out.sql,64.74,3007043.11,211.97,9846353.36
CZ04/Asm&0&rDXHP&New&HV_AirDist__SupFanMtr/NE-HVAC-FanBelt-VBelt-Std/instance-out.sql,111.85,706695.53,365.54,2309483.89
CZ04/Asm&0&rDXHP&New&HV_AirDist__SupFanMtr/NE-HVAC-FanBelt-CoggedVBelt-Msr/instance-out.sql,110.70,699389.04,361.68,2285080.21
CZ04/Asm&0&rDXHP&New&HV_AirDist__SupFanMtr/NE-HVAC-FanBelt-SynchVBelt-Msr/instance-out.sql,109.05,688967.60,356.17,2250272.60
CZ04/ECC&0&rDXHP&New&HV_AirDist__SupFanMtr/NE-HVAC-FanBelt-VBelt-Std/instance-out.sql,104.01,2745992.10,303.47,8012438.27
CZ04/ECC&0&rDXHP&New&HV_AirDist__SupFanMtr/NE-HVAC-FanBelt-CoggedVBelt-Msr/instance-out.sql,103.37,2729210.57,301.35,7956387.22
CZ04/ECC&0&rDXHP&New&HV_AirDist__SupFanMtr/NE-HVAC-FanBelt-SynchVBelt-Msr/instance-out.sql,102.46,2705199.82,298.31,7876186.32
CZ04/EPr&0&rDXHP&New&HV_AirDist__SupFanMtr/NE-HVAC-FanBelt-VBelt-Std/instance-out.sql,103.99,393626.65,270.90,1025455.99
CZ04/EPr&0&rDXHP&New&HV_AirDist__SupFanMtr/NE-HVAC-FanBelt-CoggedVBelt-Msr/instance-out.sql,103.44,391563.98,269.08,1018566.68
CZ04/EPr&0&rDXHP&New&HV_AirDist__SupFanMtr/NE-HVAC-FanBelt-SynchVBelt-Msr/instance-out.sql,102.66,388623.77,266.48,1008746.36
CZ04/ERC&0&rDXHP&New&HV_AirDist__SupFanMtr/NE-HVAC-FanBelt-VBelt-Std/instance-out.sql,69.56,18635.00,153.53,41129.00
CZ04/ERC&0&rDXHP&New&HV_AirDist__SupFanMtr/NE-HVAC-FanBelt-CoggedVBelt-Msr/instance-out.sql,69.18,18532.97,152.25,40788.20
CZ04/ERC&0&rDXHP&New&HV_AirDist__SupFanMtr/NE-HVAC-FanBelt-SynchVBelt-Msr/instance-out.sql,68.64,18388.47,150.45,40305.57
CZ04/ESe&0&rDXHP&New&HV_AirDist__SupFanMtr/NE-HVAC-FanBelt-VBelt-Std/instance-out.sql,179.82,1242954.59,482.23,3333279.59
CZ04/ESe&0&rDXHP&New&HV_AirDist__SupFanMtr/NE-HVAC-FanBelt-CoggedVBelt-Msr/instance-out.sql,179.42,1240192.35,480.90,3324061.87
CZ04/ESe&0&rDXHP&New&HV_AirDist__SupFanMtr/NE-HVAC-FanBelt-SynchVBelt-Msr/instance-out.sql,178.86,1236296.11,479.01,3310982.76
CZ04/EUn&0&rDXHP&New&HV_AirDist__SupFanMtr/NE-HVAC-FanBelt-VBelt-Std/instance-out.sql,107.19,8542138.80,333.13,26547479.55
CZ04/EUn&0&rDXHP&New&HV_AirDist__SupFanMtr/NE-HVAC-FanBelt-CoggedVBelt-Msr/instance-out.sql,106.56,8492068.46,331.03,26380244.35
CZ04/EUn&0&rDXHP&New&HV_AirDist__SupFanMtr/NE-HVAC-FanBelt-SynchVBelt-Msr/instance-out.sql,105.67,8420580.28,328.04,26141473.50
CZ04/Hsp&0&rDXHP&New&HV_AirDist__SupFanMtr/NE-HVAC-FanBelt-VBelt-Std/instance-out.sql,96.57,4432421.71,274.88,12617005.98
CZ04/Hsp&0&rDXHP&New&HV_AirDist__SupFanMtr/NE-HVAC-FanBelt-CoggedVBelt-Msr/instance-out.sql,96.32,4421010.81,274.05,12578619.92
CZ04/Hsp&0&rDXHP&New&HV_AirDist__SupFanMtr/NE-HVAC-FanBelt-SynchVBelt-Msr/instance-out.sql,95.97,4404837.12,272.86,12524055.41
CZ04/MBT&0&rDXHP&New&HV_AirDist__SupFanMtr/NE-HVAC-FanBelt-VBelt-Std/instance-out.sql,172.16,6396963.94,405.55,15068847.09
CZ04/MBT&0&rDXHP&New&HV_AirDist__SupFanMtr/NE-HVAC-FanBelt-CoggedVBelt-Msr/instance-out.sql,171.89,6386810.88,404.63,15034596.85
CZ04/MBT&0&rDXHP&New&HV_AirDist__SupFanMtr/NE-HVAC-FanBelt-SynchVBelt-Msr/instance-out.sql,171.50,6372325.41,403.32,14985714.82
CZ04/MLI&0&rDXHP&New&HV_AirDist__SupFanMtr/NE-HVAC-FanBelt-VBelt-Std/instance-out.sql,125.53,1166419.59,407.53,3786655.74
CZ04/MLI&0&rDXHP&New&HV_AirDist__SupFanMtr/NE-HVAC-FanBelt-CoggedVBelt-Msr/instance-out.sql,124.10,1153120.89,402.75,3742238.08
CZ04/MLI&0&rDXHP&New&HV_AirDist__SupFanMtr/NE-HVAC-FanBelt-SynchVBelt-Msr/instance-out.sql,122.07,1134199.59,395.95,3679040.96
CZ04/Mtl&0&rDXHP&New&HV_AirDist__SupFanMtr/NE-HVAC-FanBelt-VBelt-Std/instance-out.sql,70.22,195630.55,227.79,634569.05
CZ04/Mtl&0&rDXHP&New&HV_AirDist__SupFanMtr/NE-HVAC-FanBelt-CoggedVBelt-Msr/instance-out.sql,69.44,193453.19,225.18,627295.58
CZ04/Mtl&0&rDXHP&New&HV_AirDist__SupFanMtr/NE-HVAC-FanBelt-SynchVBelt-Msr/instance-out.sql,68.33,190348.64,221.45,616925.92
CZ04/Nrs&0&rDXHP&New&HV_AirDist__SupFanMtr/NE-HVAC-FanBelt-VBelt-Std/instance-out.sql,85.65,883243.28,240.00,2474888.23
CZ04/Nrs&0&rDXHP&New&HV_AirDist__SupFanMtr/NE-HVAC-FanBelt-CoggedVBelt-Msr/instance-out.sql,85.33,879959.80,238.93,2463852.71
CZ04/Nrs&0&rDXHP&New&HV_AirDist__SupFanMtr/NE-HVAC-FanBelt-SynchVBelt-Msr/instance-out.sql,84.88,875298.20,237.40,2448128.57
CZ04/OfL&0&rDXHP&New&HV_AirDist__SupFanMtr/NE-HVAC-FanBelt-VBelt-Std/instance-out.sql,79.28,2577417.95,254.21,8263993.59
CZ04/OfL&0&rDXHP&New&HV_AirDist__SupFanMtr/NE-HVAC-FanBelt-CoggedVBelt-Msr/instance-out.sql,78.58,2554688.34,251.88,8188136.57
CZ04/OfL&0&rDXHP&New&HV_AirDist__SupFanMtr/NE-HVAC-FanBelt-SynchVBelt-Msr/instance-out.sql,77.59,2522401.15,248.55,8080175.98
CZ04/OfS&0&rDXHP&New&HV_AirDist__SupFanMtr/NE-HVAC-FanBelt-VBelt-Std/instance-out.sql,74.23,137948.44,221.09,410901.02
CZ04/OfS&0&rDXHP&New&HV_AirDist__SupFanMtr/NE-HVAC-FanBelt-CoggedVBelt-Msr/instance-out.sql,73.50,136595.13,218.66,406380.98
CZ04/OfS&0&rDXHP&New&HV_AirDist__SupFanMtr/NE-HVAC-FanBelt-SynchVBelt-Msr/instance-out.sql,72.46,134662.16,215.19,399924.85
CZ04/RFF&0&rDXHP&New&HV_AirDist__SupFanMtr/NE-HVAC-FanBelt-VBelt-Std/instance-out.sql,314.46,116747.34,773.92,287323.69
CZ04/RFF&0&rDXHP&New&HV_AirDist__SupFanMtr/NE-HVAC-FanBelt-CoggedVBelt-Msr/instance-out.sql,313.18,116271.85,769.64,285735.50
CZ04/RFF&0&rDXHP&New&HV_AirDist__SupFanMtr/NE-HVAC-FanBelt-SynchVBelt-Msr/instance-out.sql,311.36,115593.50,763.54,283469.71
CZ04/RSD&0&rDXHP&New&HV_AirDist__SupFanMtr/NE-HVAC-FanBelt-VBelt-Std/instance-out.sql,252.35,262690.42,523.78,545250.44
CZ04/RSD&0&rDXHP&New&HV_AirDist__SupFanMtr/NE-HVAC-FanBelt-CoggedVBelt-Msr/instance-out.sql,252.15,262488.68,523.13,544567.71
CZ04/RSD&0&rDXHP&New&HV_AirDist__SupFanMtr/NE-HVAC-FanBelt-SynchVBelt-Msr/instance-out.sql,251.87,262198.22,522.19,543590.65
CZ04/Rt3&0&rDXHP&New&HV_AirDist__SupFanMtr/NE-HVAC-FanBelt-VBelt-Std/instance-out.sql,101.20,2256462.14,320.53,7146749.53
CZ04/Rt3&0&rDXHP&New&HV_AirDist__SupFanMtr/NE-HVAC-FanBelt-CoggedVBelt-Msr/instance-out.sql,100.23,2234771.34,317.28,7074296.90
CZ04/Rt3&0&rDXHP&New&HV_AirDist__SupFanMtr/NE-HVAC-FanBelt-SynchVBelt-Msr/instance-out.sql,98.84,2203771.92,312.64,6970747.72
CZ04/RtL&0&rDXHP&New&HV_AirDist__SupFanMtr/NE-HVAC-FanBelt-VBelt-Std/instance-out.sql,167.11,2026078.64,527.00,6389346.25
CZ04/RtL&0&rDXHP&New&HV_AirDist__SupFanMtr/NE-HVAC-FanBelt-CoggedVBelt-Msr/instance-out.sql,165.69,2008781.93,522.24,6331575.23
CZ04/RtL&0&rDXHP&New&HV_AirDist__SupFanMtr/NE-HVAC-FanBelt-SynchVBelt-Msr/instance-out.sql,163.65,1984096.76,515.43,6249126.78
CZ04/RtS&0&rDXHP&New&HV_AirDist__SupFanMtr/NE-HVAC-FanBelt-VBelt-Std/instance-out.sql,94.99,141221.83,293.41,436212.61
CZ04/RtS&0&rDXHP&New&HV_AirDist__SupFanMtr/NE-HVAC-FanBelt-CoggedVBelt-Msr/instance-out.sql,94.10,139895.34,290.43,431782.14
CZ04/RtS&0&rDXHP&New&HV_AirDist__SupFanMtr/NE-HVAC-FanBelt-SynchVBelt-Msr/instance-out.sql,92.82,138001.86,286.18,425457.93
CZ04/SCn&0&rDXHP&New&HV_AirDist__SupFanMtr/NE-HVAC-FanBelt-VBelt-Std/instance-out.sql,73.20,3400073.52,240.37,11165350.60
CZ04/SCn&0&rDXHP&New&HV_AirDist__SupFanMtr/NE-HVAC-FanBelt-CoggedVBelt-Msr/instance-out.sql,72.34,3360207.86,237.50,11032199.30
CZ04/SCn&0&rDXHP&New&HV_AirDist__SupFanMtr/NE-HVAC-FanBelt-SynchVBelt-Msr/instance-out.sql,71.12,3303553.50,233.43,10842973.75
CZ05/Asm&0&rDXHP&New&HV_AirDist__SupFanMtr/NE-HVAC-FanBelt-VBelt-Std/instance-out.sql,105.34,665545.21,343.58,2170755.32
CZ05/Asm&0&rDXHP&New&HV_AirDist__SupFanMtr/NE-HVAC-FanBelt-CoggedVBelt-Msr/instance-out.sql,104.24,658584.74,339.90,2147507.29
CZ05/Asm&0&rDXHP&New&HV_AirDist__SupFanMtr/NE-HVAC-FanBelt-SynchVBelt-Msr/instance-out.sql,102.67,648655.97,334.65,2114345.20
CZ05/ECC&0&rDXHP&New&HV_AirDist__SupFanMtr/NE-HVAC-FanBelt-VBelt-Std/instance-out.sql,99.71,2632611.21,287.75,7597385.53
CZ05/ECC&0&rDXHP&New&HV_AirDist__SupFanMtr/NE-HVAC-FanBelt-CoggedVBelt-Msr/instance-out.sql,99.14,2617505.82,285.84,7546929.83
CZ05/ECC&0&rDXHP&New&HV_AirDist__SupFanMtr/NE-HVAC-FanBelt-SynchVBelt-Msr/instance-out.sql,98.32,2595897.00,283.11,7474753.86
CZ05/EPr&0&rDXHP&New&HV_AirDist__SupFanMtr/NE-HVAC-FanBelt-VBelt-Std/instance-out.sql,101.78,385261.78,261.79,990973.12
CZ05/EPr&0&rDXHP&New&HV_AirDist__SupFanMtr/NE-HVAC-FanBelt-CoggedVBelt-Msr/instance-out.sql,101.26,383295.80,260.05,984406.77
CZ05/EPr&0&rDXHP&New&HV_AirDist__SupFanMtr/NE-HVAC-FanBelt-SynchVBelt-Msr/instance-out.sql,100.52,380494.93,257.58,975051.86
CZ05/ERC&0&rDXHP&New&HV_AirDist__SupFanMtr/NE-HVAC-FanBelt-VBelt-Std/instance-out.sql,68.50,18349.84,149.09,39939.18
CZ05/ERC&0&rDXHP&New&HV_AirDist__SupFanMtr/NE-HVAC-FanBelt-CoggedVBelt-Msr/instance-out.sql,68.14,18253.86,147.89,39618.25
CZ05/ERC&0&rDXHP&New&HV_AirDist__SupFanMtr/NE-HVAC-FanBelt-SynchVBelt-Msr/instance-out.sql,67.62,18115.41,146.16,39156.15
CZ05/ESe&0&rDXHP&New&HV_AirDist__SupFanMtr/NE-HVAC-FanBelt-VBelt-Std/instance-out.sql,173.72,1200817.75,455.71,3149941.73
CZ05/ESe&0&rDXHP&New&HV_AirDist__SupFanMtr/NE-HVAC-FanBelt-CoggedVBelt-Msr/instance-out.sql,173.37,1198359.60,454.52,3141715.44
CZ05/ESe&0&rDXHP&New&HV_AirDist__SupFanMtr/NE-HVAC-FanBelt-SynchVBelt-Msr/instance-out.sql,172.86,1194826.42,452.81,3129893.71
CZ05/EUn&0&rDXHP&New&HV_AirDist__SupFanMtr/NE-HVAC-FanBelt-VBelt-Std/instance-out.sql,104.67,8341565.81,323.97,25817738.04
CZ05/EUn&0&rDXHP&New&HV_AirDist__SupFanMtr/NE-HVAC-FanBelt-CoggedVBelt-Msr/instance-out.sql,104.07,8293393.61,321.95,25656842.61
CZ05/EUn&0&rDXHP&New&HV_AirDist__SupFanMtr/NE-HVAC-FanBelt-SynchVBelt-Msr/instance-out.sql,103.21,8224722.15,319.08,25427479.62
CZ05/Hsp&0&rDXHP&New&HV_AirDist__SupFanMtr/NE-HVAC-FanBelt-VBelt-Std/instance-out.sql,89.15,4092009.65,254.33,11673432.11
CZ05/Hsp&0&rDXHP&New&HV_AirDist__SupFanMtr/NE-HVAC-FanBelt-CoggedVBelt-Msr/instance-out.sql,88.92,4081456.01,253.55,11637855.43
CZ05/Hsp&0&rDXHP&New&HV_AirDist__SupFanMtr/NE-HVAC-FanBelt-SynchVBelt-Msr/instance-out.sql,88.60,4066538.06,252.45,11587359.80
CZ05/MBT&0&rDXHP&New&HV_AirDist__SupFanMtr/NE-HVAC-FanBelt-VBelt-Std/instance-out.sql,178.39,6628182.60,403.01,14974427.33
CZ05/MBT&0&rDXHP&New&HV_AirDist__SupFanMtr/NE-HVAC-FanBelt-CoggedVBelt-Msr/instance-out.sql,178.13,6618736.70,402.15,14942496.94
CZ05/MBT&0&rDXHP&New&HV_AirDist__SupFanMtr/NE-HVAC-FanBelt-SynchVBelt-Msr/instance-out.sql,177.77,6605262.63,400.93,14896935.59
CZ05/MLI&0&rDXHP&New&HV_AirDist__SupFanMtr/NE-HVAC-FanBelt-VBelt-Std/instance-out.sql,120.96,1123953.80,391.90,3641405.67
CZ05/MLI&0&rDXHP&New&HV_AirDist__SupFanMtr/NE-HVAC-FanBelt-CoggedVBelt-Msr/instance-out.sql,119.58,1111046.51,387.26,3598295.32
CZ05/MLI&0&rDXHP&New&HV_AirDist__SupFanMtr/NE-HVAC-FanBelt-SynchVBelt-Msr/instance-out.sql,117.59,1092632.23,380.64,3536791.60
CZ05/Mtl&0&rDXHP&New&HV_AirDist__SupFanMtr/NE-HVAC-FanBelt-VBelt-Std/instance-out.sql,64.74,180356.26,209.59,583882.09
CZ05/Mtl&0&rDXHP&New&HV_AirDist__SupFanMtr/NE-HVAC-FanBelt-CoggedVBelt-Msr/instance-out.sql,64.02,178353.11,207.19,577191.10
CZ05/Mtl&0&rDXHP&New&HV_AirDist__SupFanMtr/NE-HVAC-FanBelt-SynchVBelt-Msr/instance-out.sql,63.00,175494.77,203.76,567643.62
CZ05/Nrs&0&rDXHP&New&HV_AirDist__SupFanMtr/NE-HVAC-FanBelt-VBelt-Std/instance-out.sql,83.07,856600.67,230.54,2377324.71
CZ05/Nrs&0&rDXHP&New&HV_AirDist__SupFanMtr/NE-HVAC-FanBelt-CoggedVBelt-Msr/instance-out.sql,82.77,853534.88,229.53,2366978.94
CZ05/Nrs&0&rDXHP&New&HV_AirDist__SupFanMtr/NE-HVAC-FanBelt-SynchVBelt-Msr/instance-out.sql,82.34,849147.97,228.10,2352189.27
CZ05/OfL&0&rDXHP&New&HV_AirDist__SupFanMtr/NE-HVAC-FanBelt-VBelt-Std/instance-out.sql,75.66,2459605.89,242.21,7874011.92
CZ05/OfL&0&rDXHP&New&HV_AirDist__SupFanMtr/NE-HVAC-FanBelt-CoggedVBelt-Msr/instance-out.sql,75.00,2437996.62,239.99,7801734.36
CZ05/OfL&0&rDXHP&New&HV_AirDist__SupFanMtr/NE-HVAC-FanBelt-SynchVBelt-Msr/instance-out.sql,74.04,2407057.36,236.81,7698418.05
CZ05/OfS&0&rDXHP&New&HV_AirDist__SupFanMtr/NE-HVAC-FanBelt-VBelt-Std/instance-out.sql,70.33,130708.03,207.32,385293.11
CZ05/OfS&0&rDXHP&New&HV_AirDist__SupFanMtr/NE-HVAC-FanBelt-CoggedVBelt-Msr/instance-out.sql,69.66,129463.43,205.08,381136.12
CZ05/OfS&0&rDXHP&New&HV_AirDist__SupFanMtr/NE-HVAC-FanBelt-SynchVBelt-Msr/instance-out.sql,68.70,127686.77,201.89,375202.09
CZ05/RFF&0&rDXHP&New&HV_AirDist__SupFanMtr/NE-HVAC-FanBelt-VBelt-Std/instance-out.sql,298.67,110883.65,716.82,266125.87
CZ05/RFF&0&rDXHP&New&HV_AirDist__SupFanMtr/NE-HVAC-FanBelt-CoggedVBelt-Msr/instance-out.sql,297.56,110471.34,713.11,264748.62
CZ05/RFF&0&rDXHP&New&HV_AirDist__SupFanMtr/NE-HVAC-FanBelt-SynchVBelt-Msr/instance-out.sql,295.98,109883.55,707.82,262785.21
CZ05/RSD&0&rDXHP&New&HV_AirDist__SupFanMtr/NE-HVAC-FanBelt-VBelt-Std/instance-out.sql,238.72,248504.15,486.62,506565.98
CZ05/RSD&0&rDXHP&New&HV_AirDist__SupFanMtr/NE-HVAC-FanBelt-CoggedVBelt-Msr/instance-out.sql,238.54,248315.86,486.01,505927.48
CZ05/RSD&0&rDXHP&New&HV_AirDist__SupFanMtr/NE-HVAC-FanBelt-SynchVBelt-Msr/instance-out.sql,238.28,248046.87,485.13,505016.36
CZ05/Rt3&0&rDXHP&New&HV_AirDist__SupFanMtr/NE-HVAC-FanBelt-VBelt-Std/instance-out.sql,95.06,2119439.45,299.38,6675139.60
CZ05/Rt3&0&rDXHP&New&HV_AirDist__SupFanMtr/NE-HVAC-FanBelt-CoggedVBelt-Msr/instance-out.sql,94.16,2099430.45,296.38,6608300.47
CZ05/Rt3&0&rDXHP&New&HV_AirDist__SupFanMtr/NE-HVAC-FanBelt-SynchVBelt-Msr/instance-out.sql,92.88,2070868.13,292.10,6512891.62
CZ05/RtL&0&rDXHP&New&HV_AirDist__SupFanMtr/NE-HVAC-FanBelt-VBelt-Std/instance-out.sql,160.67,1947944.03,504.68,6118769.62
CZ05/RtL&0&rDXHP&New&HV_AirDist__SupFanMtr/NE-HVAC-FanBelt-CoggedVBelt-Msr/instance-out.sql,159.30,1931293.01,500.10,6063155.19
CZ05/RtL&0&rDXHP&New&HV_AirDist__SupFanMtr/NE-HVAC-FanBelt-SynchVBelt-Msr/instance-out.sql,157.33,1907526.02,493.55,5983773.44
CZ05/RtS&0&rDXHP&New&HV_AirDist__SupFanMtr/NE-HVAC-FanBelt-VBelt-Std/instance-out.sql,87.13,129532.45,266.64,396407.13
CZ05/RtS&0&rDXHP&New&HV_AirDist__SupFanMtr/NE-HVAC-FanBelt-CoggedVBelt-Msr/instance-out.sql,86.34,128359.03,264.00,392487.95
CZ05/RtS&0&rDXHP&New&HV_AirDist__SupFanMtr/NE-HVAC-FanBelt-SynchVBelt-Msr/instance-out.sql,85.21,126687.46,260.25,386904.97
CZ05/SCn&0&rDXHP&New&HV_AirDist__SupFanMtr/NE-HVAC-FanBelt-VBelt-Std/instance-out.sql,66.77,3101626.16,218.78,10162240.93
CZ05/SCn&0&rDXHP&New&HV_AirDist__SupFanMtr/NE-HVAC-FanBelt-CoggedVBelt-Msr/instance-out.sql,66.00,3065708.60,216.19,10042276.27
CZ05/SCn&0&rDXHP&New&HV_AirDist__SupFanMtr/NE-HVAC-FanBelt-SynchVBelt-Msr/instance-out.sql,64.90,3014482.44,212.51,9871180.92
CZ06/Asm&0&rDXHP&New&HV_AirDist__SupFanMtr/NE-HVAC-FanBelt-VBelt-Std/instance-out.sql,106.30,671626.54,347.26,2194022.45
CZ06/Asm&0&rDXHP&New&HV_AirDist__SupFanMtr/NE-HVAC-FanBelt-CoggedVBelt-Msr/instance-out.sql,105.10,664023.80,343.24,2168629.32
CZ06/Asm&0&rDXHP&New&HV_AirDist__SupFanMtr/NE-HVAC-FanBelt-SynchVBelt-Msr/instance-out.sql,103.38,653180.11,337.51,2132411.40
CZ06/ECC&0&rDXHP&New&HV_AirDist__SupFanMtr/NE-HVAC-FanBelt-VBelt-Std/instance-out.sql,101.76,2686799.61,297.69,7859603.83
CZ06/ECC&0&rDXHP&New&HV_AirDist__SupFanMtr/NE-HVAC-FanBelt-CoggedVBelt-Msr/instance-out.sql,101.14,2670222.48,295.59,7804236.22
CZ06/ECC&0&rDXHP&New&HV_AirDist__SupFanMtr/NE-HVAC-FanBelt-SynchVBelt-Msr/instance-out.sql,100.24,2646538.52,292.59,7725132.47
CZ06/EPr&0&rDXHP&New&HV_AirDist__SupFanMtr/NE-HVAC-FanBelt-VBelt-Std/instance-out.sql,103.90,393298.49,272.71,1032306.00
CZ06/EPr&0&rDXHP&New&HV_AirDist__SupFanMtr/NE-HVAC-FanBelt-CoggedVBelt-Msr/instance-out.sql,103.31,391071.25,270.74,1024867.02
CZ06/EPr&0&rDXHP&New&HV_AirDist__SupFanMtr/NE-HVAC-FanBelt-SynchVBelt-Msr/instance-out.sql,102.47,387893.80,267.94,1014254.32
CZ06/ERC&0&rDXHP&New&HV_AirDist__SupFanMtr/NE-HVAC-FanBelt-VBelt-Std/instance-out.sql,69.14,18521.11,153.18,41036.26
CZ06/ERC&0&rDXHP&New&HV_AirDist__SupFanMtr/NE-HVAC-FanBelt-CoggedVBelt-Msr/instance-out.sql,68.72,18408.83,151.78,40661.26
CZ06/ERC&0&rDXHP&New&HV_AirDist__SupFanMtr/NE-HVAC-FanBelt-SynchVBelt-Msr/instance-out.sql,68.12,18248.70,149.78,40126.42
CZ06/ESe&0&rDXHP&New&HV_AirDist__SupFanMtr/NE-HVAC-FanBelt-VBelt-Std/instance-out.sql,165.36,1143011.95,452.34,3126691.88
CZ06/ESe&0&rDXHP&New&HV_AirDist__SupFanMtr/NE-HVAC-FanBelt-CoggedVBelt-Msr/instance-out.sql,164.97,1140301.38,451.03,3117630.00
CZ06/ESe&0&rDXHP&New&HV_AirDist__SupFanMtr/NE-HVAC-FanBelt-SynchVBelt-Msr/instance-out.sql,164.40,1136393.43,449.14,3104577.90
CZ06/EUn&0&rDXHP&New&HV_AirDist__SupFanMtr/NE-HVAC-FanBelt-VBelt-Std/instance-out.sql,106.28,8469699.65,331.04,26380904.33
CZ06/EUn&0&rDXHP&New&HV_AirDist__SupFanMtr/NE-HVAC-FanBelt-CoggedVBelt-Msr/instance-out.sql,105.65,8419111.23,328.92,26211938.98
CZ06/EUn&0&rDXHP&New&HV_AirDist__SupFanMtr/NE-HVAC-FanBelt-SynchVBelt-Msr/instance-out.sql,104.74,8346868.37,325.89,25970647.85
CZ06/Hsp&0&rDXHP&New&HV_AirDist__SupFanMtr/NE-HVAC-FanBelt-VBelt-Std/instance-out.sql,91.38,4194052.93,274.32,12590979.31
CZ06/Hsp&0&rDXHP&New&HV_AirDist__SupFanMtr/NE-HVAC-FanBelt-CoggedVBelt-Msr/instance-out.sql,91.13,4182805.01,273.50,12553248.27
CZ06/Hsp&0&rDXHP&New&HV_AirDist__SupFanMtr/NE-HVAC-FanBelt-SynchVBelt-Msr/instance-out.sql,90.78,4166700.71,272.32,12499265.51
CZ06/MBT&0&rDXHP&New&HV_AirDist__SupFanMtr/NE-HVAC-FanBelt-VBelt-Std/instance-out.sql,144.03,5351564.08,374.50,13914869.91
CZ06/MBT&0&rDXHP&New&HV_AirDist__SupFanMtr/NE-HVAC-FanBelt-CoggedVBelt-Msr/instance-out.sql,143.75,5341213.70,373.56,13880145.44
CZ06/MBT&0&rDXHP&New&HV_AirDist__SupFanMtr/NE-HVAC-FanBelt-SynchVBelt-Msr/instance-out.sql,143.35,5326443.20,372.23,13830585.17
CZ06/MLI&0&rDXHP&New&HV_AirDist__SupFanMtr/NE-HVAC-FanBelt-VBelt-Std/instance-out.sql,124.15,1153526.44,403.37,3747987.59
CZ06/MLI&0&rDXHP&New&HV_AirDist__SupFanMtr/NE-HVAC-FanBelt-CoggedVBelt-Msr/instance-out.sql,122.70,1140067.80,398.54,3703035.76
CZ06/MLI&0&rDXHP&New&HV_AirDist__SupFanMtr/NE-HVAC-FanBelt-SynchVBelt-Msr/instance-out.sql,120.63,1120857.62,391.63,3638873.76
CZ06/Mtl&0&rDXHP&New&HV_AirDist__SupFanMtr/NE-HVAC-FanBelt-VBelt-Std/instance-out.sql,67.53,188113.66,219.02,610148.13
CZ06/Mtl&0&rDXHP&New&HV_AirDist__SupFanMtr/NE-HVAC-FanBelt-CoggedVBelt-Msr/instance-out.sql,66.77,186016.52,216.51,603143.69
CZ06/Mtl&0&rDXHP&New&HV_AirDist__SupFanMtr/NE-HVAC-FanBelt-SynchVBelt-Msr/instance-out.sql,65.70,183021.30,212.91,593139.66
CZ06/Nrs&0&rDXHP&New&HV_AirDist__SupFanMtr/NE-HVAC-FanBelt-VBelt-Std/instance-out.sql,85.41,880734.43,241.74,2492835.07
CZ06/Nrs&0&rDXHP&New&HV_AirDist__SupFanMtr/NE-HVAC-FanBelt-CoggedVBelt-Msr/instance-out.sql,85.09,877411.41,240.65,2481653.49
CZ06/Nrs&0&rDXHP&New&HV_AirDist__SupFanMtr/NE-HVAC-FanBelt-SynchVBelt-Msr/instance-out.sql,84.62,872585.38,239.10,2465594.44
CZ06/OfL&0&rDXHP&New&HV_AirDist__SupFanMtr/NE-HVAC-FanBelt-VBelt-Std/instance-out.sql,78.50,2551765.93,253.41,8238059.73
CZ06/OfL&0&rDXHP&New&HV_AirDist__SupFanMtr/NE-HVAC-FanBelt-CoggedVBelt-Msr/instance-out.sql,77.80,2529198.04,251.09,8162683.30
CZ06/OfL&0&rDXHP&New&HV_AirDist__SupFanMtr/NE-HVAC-FanBelt-SynchVBelt-Msr/instance-out.sql,76.81,2496975.65,247.78,8055057.98
CZ06/OfS&0&rDXHP&New&HV_AirDist__SupFanMtr/NE-HVAC-FanBelt-VBelt-Std/instance-out.sql,73.27,136164.18,218.88,406782.79
CZ06/OfS&0&rDXHP&New&HV_AirDist__SupFanMtr/NE-HVAC-FanBelt-CoggedVBelt-Msr/instance-out.sql,72.53,134799.22,216.43,402223.83
CZ06/OfS&0&rDXHP&New&HV_AirDist__SupFanMtr/NE-HVAC-FanBelt-SynchVBelt-Msr/instance-out.sql,71.48,132850.70,212.92,395715.76
CZ06/RFF&0&rDXHP&New&HV_AirDist__SupFanMtr/NE-HVAC-FanBelt-VBelt-Std/instance-out.sql,305.90,113569.53,750.87,278767.08
CZ06/RFF&0&rDXHP&New&HV_AirDist__SupFanMtr/NE-HVAC-FanBelt-CoggedVBelt-Msr/instance-out.sql,304.67,113111.80,746.75,277238.25
CZ06/RFF&0&rDXHP&New&HV_AirDist__SupFanMtr/NE-HVAC-FanBelt-SynchVBelt-Msr/instance-out.sql,302.91,112458.48,740.87,275056.17
CZ06/RSD&0&rDXHP&New&HV_AirDist__SupFanMtr/NE-HVAC-FanBelt-VBelt-Std/instance-out.sql,233.07,242627.00,498.15,518566.70
CZ06/RSD&0&rDXHP&New&HV_AirDist__SupFanMtr/NE-HVAC-FanBelt-CoggedVBelt-Msr/instance-out.sql,232.87,242410.94,497.45,517841.79
CZ06/RSD&0&rDXHP&New&HV_AirDist__SupFanMtr/NE-HVAC-FanBelt-SynchVBelt-Msr/instance-out.sql,232.57,242102.66,496.46,516807.30
CZ06/Rt3&0&rDXHP&New&HV_AirDist__SupFanMtr/NE-HVAC-FanBelt-VBelt-Std/instance-out.sql,97.18,2166846.74,307.96,6866532.71
CZ06/Rt3&0&rDXHP&New&HV_AirDist__SupFanMtr/NE-HVAC-FanBelt-CoggedVBelt-Msr/instance-out.sql,96.24,2145763.92,304.80,6796115.32
CZ06/Rt3&0&rDXHP&New&HV_AirDist__SupFanMtr/NE-HVAC-FanBelt-SynchVBelt-Msr/instance-out.sql,94.89,2115669.07,300.30,6695597.37
CZ06/RtL&0&rDXHP&New&HV_AirDist__SupFanMtr/NE-HVAC-FanBelt-VBelt-Std/instance-out.sql,166.25,2015618.10,525.14,6366823.62
CZ06/RtL&0&rDXHP&New&HV_AirDist__SupFanMtr/NE-HVAC-FanBelt-CoggedVBelt-Msr/instance-out.sql,164.79,1997890.23,520.26,6307612.53
CZ06/RtL&0&rDXHP&New&HV_AirDist__SupFanMtr/NE-HVAC-FanBelt-SynchVBelt-Msr/instance-out.sql,162.70,1972583.12,513.29,6223086.79
CZ06/RtS&0&rDXHP&New&HV_AirDist__SupFanMtr/NE-HVAC-FanBelt-VBelt-Std/instance-out.sql,89.94,133706.74,277.19,412097.47
CZ06/RtS&0&rDXHP&New&HV_AirDist__SupFanMtr/NE-HVAC-FanBelt-CoggedVBelt-Msr/instance-out.sql,89.07,132425.93,274.31,407819.58
CZ06/RtS&0&rDXHP&New&HV_AirDist__SupFanMtr/NE-HVAC-FanBelt-SynchVBelt-Msr/instance-out.sql,87.84,130598.28,270.21,401715.22
CZ06/SCn&0&rDXHP&New&HV_AirDist__SupFanMtr/NE-HVAC-FanBelt-VBelt-Std/instance-out.sql,71.18,3306345.71,233.81,10860393.89
CZ06/SCn&0&rDXHP&New&HV_AirDist__SupFanMtr/NE-HVAC-FanBelt-CoggedVBelt-Msr/instance-out.sql,70.28,3264706.89,230.81,10721320.25
CZ06/SCn&0&rDXHP&New&HV_AirDist__SupFanMtr/NE-HVAC-FanBelt-SynchVBelt-Msr/instance-out.sql,69.00,3205312.08,226.54,10522941.59
CZ07/Asm&0&rDXHP&New&HV_AirDist__SupFanMtr/NE-HVAC-FanBelt-VBelt-Std/instance-out.sql,108.86,687761.33,355.86,2248339.42
CZ07/Asm&0&rDXHP&New&HV_AirDist__SupFanMtr/NE-HVAC-FanBelt-CoggedVBelt-Msr/instance-out.sql,107.65,680145.76,351.83,2222903.41
CZ07/Asm&0&rDXHP&New&HV_AirDist__SupFanMtr/NE-HVAC-FanBelt-SynchVBelt-Msr/instance-out.sql,105.93,669277.19,346.09,2186602.38
CZ07/ECC&0&rDXHP&New&HV_AirDist__SupFanMtr/NE-HVAC-FanBelt-VBelt-Std/instance-out.sql,103.13,2722983.45,302.74,7992954.91
CZ07/ECC&0&rDXHP&New&HV_AirDist__SupFanMtr/NE-HVAC-FanBelt-CoggedVBelt-Msr/instance-out.sql,102.50,2706335.59,300.63,7937351.03
CZ07/ECC&0&rDXHP&New&HV_AirDist__SupFanMtr/NE-HVAC-FanBelt-SynchVBelt-Msr/instance-out.sql,101.60,2682544.58,297.62,7857889.02
CZ07/EPr&0&rDXHP&New&HV_AirDist__SupFanMtr/NE-HVAC-FanBelt-VBelt-Std/instance-out.sql,104.97,397342.62,276.87,1048069.93
CZ07/EPr&0&rDXHP&New&HV_AirDist__SupFanMtr/NE-HVAC-FanBelt-CoggedVBelt-Msr/instance-out.sql,104.38,395105.66,274.90,1040598.50
CZ07/EPr&0&rDXHP&New&HV_AirDist__SupFanMtr/NE-HVAC-FanBelt-SynchVBelt-Msr/instance-out.sql,103.53,391913.27,272.08,1029935.90
CZ07/ERC&0&rDXHP&New&HV_AirDist__SupFanMtr/NE-HVAC-FanBelt-VBelt-Std/instance-out.sql,69.99,18748.93,156.33,41879.34
CZ07/ERC&0&rDXHP&New&HV_AirDist__SupFanMtr/NE-HVAC-FanBelt-CoggedVBelt-Msr/instance-out.sql,69.56,18635.92,154.92,41501.89
CZ07/ERC&0&rDXHP&New&HV_AirDist__SupFanMtr/NE-HVAC-FanBelt-SynchVBelt-Msr/instance-out.sql,68.96,18474.67,152.91,40963.31
CZ07/ESe&0&rDXHP&New&HV_AirDist__SupFanMtr/NE-HVAC-FanBelt-VBelt-Std/instance-out.sql,165.11,1141305.50,453.02,3131344.86
CZ07/ESe&0&rDXHP&New&HV_AirDist__SupFanMtr/NE-HVAC-FanBelt-CoggedVBelt-Msr/instance-out.sql,164.72,1138581.02,451.70,3122248.32
CZ07/ESe&0&rDXHP&New&HV_AirDist__SupFanMtr/NE-HVAC-FanBelt-SynchVBelt-Msr/instance-out.sql,164.16,1134708.97,449.83,3109308.53
CZ07/EUn&0&rDXHP&New&HV_AirDist__SupFanMtr/NE-HVAC-FanBelt-VBelt-Std/instance-out.sql,107.64,8577985.94,335.83,26762936.88
CZ07/EUn&0&rDXHP&New&HV_AirDist__SupFanMtr/NE-HVAC-FanBelt-CoggedVBelt-Msr/instance-out.sql,107.00,8527202.85,333.71,26593321.35
CZ07/EUn&0&rDXHP&New&HV_AirDist__SupFanMtr/NE-HVAC-FanBelt-SynchVBelt-Msr/instance-out.sql,106.09,8454701.13,330.67,26351165.60
CZ07/Hsp&0&rDXHP&New&HV_AirDist__SupFanMtr/NE-HVAC-FanBelt-VBelt-Std/instance-out.sql,95.03,4362032.91,284.20,13044788.53
CZ07/Hsp&0&rDXHP&New&HV_AirDist__SupFanMtr/NE-HVAC-FanBelt-CoggedVBelt-Msr/instance-out.sql,94.79,4350698.15,283.38,13006837.41
CZ07/Hsp&0&rDXHP&New&HV_AirDist__SupFanMtr/NE-HVAC-FanBelt-SynchVBelt-Msr/instance-out.sql,94.44,4334551.90,282.20,12952664.95
CZ07/MBT&0&rDXHP&New&HV_AirDist__SupFanMtr/NE-HVAC-FanBelt-VBelt-Std/instance-out.sql,143.24,5322170.40,376.23,13979150.68
CZ07/MBT&0&rDXHP&New&HV_AirDist__SupFanMtr/NE-HVAC-FanBelt-CoggedVBelt-Msr/instance-out.sql,142.96,5311704.16,375.28,13944055.61
CZ07/MBT&0&rDXHP&New&HV_AirDist__SupFanMtr/NE-HVAC-FanBelt-SynchVBelt-Msr/instance-out.sql,142.55,5296763.16,373.93,13893947.61
CZ07/MLI&0&rDXHP&New&HV_AirDist__SupFanMtr/NE-HVAC-FanBelt-VBelt-Std/instance-out.sql,127.77,1187196.89,415.60,3861592.43
CZ07/MLI&0&rDXHP&New&HV_AirDist__SupFanMtr/NE-HVAC-FanBelt-CoggedVBelt-Msr/instance-out.sql,126.29,1173444.78,410.66,3815660.38
CZ07/MLI&0&rDXHP&New&HV_AirDist__SupFanMtr/NE-HVAC-FanBelt-SynchVBelt-Msr/instance-out.sql,124.18,1153802.86,403.60,3750056.38
CZ07/Mtl&0&rDXHP&New&HV_AirDist__SupFanMtr/NE-HVAC-FanBelt-VBelt-Std/instance-out.sql,68.34,190370.69,221.74,617719.86
CZ07/Mtl&0&rDXHP&New&HV_AirDist__SupFanMtr/NE-HVAC-FanBelt-CoggedVBelt-Msr/instance-out.sql,67.59,188299.25,219.25,610801.24
CZ07/Mtl&0&rDXHP&New&HV_AirDist__SupFanMtr/NE-HVAC-FanBelt-SynchVBelt-Msr/instance-out.sql,66.53,185341.18,215.71,600921.31
CZ07/Nrs&0&rDXHP&New&HV_AirDist__SupFanMtr/NE-HVAC-FanBelt-VBelt-Std/instance-out.sql,86.46,891560.79,245.43,2530947.38
CZ07/Nrs&0&rDXHP&New&HV_AirDist__SupFanMtr/NE-HVAC-FanBelt-CoggedVBelt-Msr/instance-out.sql,86.14,888260.75,244.34,2519682.77
CZ07/Nrs&0&rDXHP&New&HV_AirDist__SupFanMtr/NE-HVAC-FanBelt-SynchVBelt-Msr/instance-out.sql,85.66,883371.82,242.76,2503404.56
CZ07/OfL&0&rDXHP&New&HV_AirDist__SupFanMtr/NE-HVAC-FanBelt-VBelt-Std/instance-out.sql,80.12,2604684.60,258.71,8410304.50
CZ07/OfL&0&rDXHP&New&HV_AirDist__SupFanMtr/NE-HVAC-FanBelt-CoggedVBelt-Msr/instance-out.sql,79.43,2582110.97,256.39,8334911.09
CZ07/OfL&0&rDXHP&New&HV_AirDist__SupFanMtr/NE-HVAC-FanBelt-SynchVBelt-Msr/instance-out.sql,78.44,2549874.06,253.08,8227241.54
CZ07/OfS&0&rDXHP&New&HV_AirDist__SupFanMtr/NE-HVAC-FanBelt-VBelt-Std/instance-out.sql,74.68,138798.11,223.87,416057.39
CZ07/OfS&0&rDXHP&New&HV_AirDist__SupFanMtr/NE-HVAC-FanBelt-CoggedVBelt-Msr/instance-out.sql,73.95,137427.08,221.40,411478.16
CZ07/OfS&0&rDXHP&New&HV_AirDist__SupFanMtr/NE-HVAC-FanBelt-SynchVBelt-Msr/instance-out.sql,72.89,135469.16,217.89,404938.71
CZ07/RFF&0&rDXHP&New&HV_AirDist__SupFanMtr/NE-HVAC-FanBelt-VBelt-Std/instance-out.sql,307.81,114276.82,758.66,281658.03
CZ07/RFF&0&rDXHP&New&HV_AirDist__SupFanMtr/NE-HVAC-FanBelt-CoggedVBelt-Msr/instance-out.sql,306.58,113818.85,754.54,280128.42
CZ07/RFF&0&rDXHP&New&HV_AirDist__SupFanMtr/NE-HVAC-FanBelt-SynchVBelt-Msr/instance-out.sql,304.81,113165.09,748.65,277944.84
CZ07/RSD&0&rDXHP&New&HV_AirDist__SupFanMtr/NE-HVAC-FanBelt-VBelt-Std/instance-out.sql,244.71,254738.35,522.25,543653.23
CZ07/RSD&0&rDXHP&New&HV_AirDist__SupFanMtr/NE-HVAC-FanBelt-CoggedVBelt-Msr/instance-out.sql,244.50,254518.77,521.54,542919.67
CZ07/RSD&0&rDXHP&New&HV_AirDist__SupFanMtr/NE-HVAC-FanBelt-SynchVBelt-Msr/instance-out.sql,244.19,254198.03,520.53,541861.59
CZ07/Rt3&0&rDXHP&New&HV_AirDist__SupFanMtr/NE-HVAC-FanBelt-VBelt-Std/instance-out.sql,98.99,2207149.82,314.20,7005625.12
CZ07/Rt3&0&rDXHP&New&HV_AirDist__SupFanMtr/NE-HVAC-FanBelt-CoggedVBelt-Msr/instance-out.sql,98.04,2186059.20,311.04,6935181.81
CZ07/Rt3&0&rDXHP&New&HV_AirDist__SupFanMtr/NE-HVAC-FanBelt-SynchVBelt-Msr/instance-out.sql,96.69,2155933.55,306.53,6834561.39
CZ07/RtL&0&rDXHP&New&HV_AirDist__SupFanMtr/NE-HVAC-FanBelt-VBelt-Std/instance-out.sql,170.34,2065260.59,539.08,6535841.09
CZ07/RtL&0&rDXHP&New&HV_AirDist__SupFanMtr/NE-HVAC-FanBelt-CoggedVBelt-Msr/instance-out.sql,168.87,2047327.87,534.14,6475945.81
CZ07/RtL&0&rDXHP&New&HV_AirDist__SupFanMtr/NE-HVAC-FanBelt-SynchVBelt-Msr/instance-out.sql,166.75,2021715.59,527.09,6390400.80
CZ07/RtS&0&rDXHP&New&HV_AirDist__SupFanMtr/NE-HVAC-FanBelt-VBelt-Std/instance-out.sql,91.59,136173.21,282.90,420590.85
CZ07/RtS&0&rDXHP&New&HV_AirDist__SupFanMtr/NE-HVAC-FanBelt-CoggedVBelt-Msr/instance-out.sql,90.74,134895.97,280.03,416324.87
CZ07/RtS&0&rDXHP&New&HV_AirDist__SupFanMtr/NE-HVAC-FanBelt-SynchVBelt-Msr/instance-out.sql,89.51,133072.67,275.94,410235.04
CZ07/SCn&0&rDXHP&New&HV_AirDist__SupFanMtr/NE-HVAC-FanBelt-VBelt-Std/instance-out.sql,74.13,3443328.68,243.70,11320030.18
CZ07/SCn&0&rDXHP&New&HV_AirDist__SupFanMtr/NE-HVAC-FanBelt-CoggedVBelt-Msr/instance-out.sql,73.19,3399900.18,240.58,11174978.98
CZ07/SCn&0&rDXHP&New&HV_AirDist__SupFanMtr/NE-HVAC-FanBelt-SynchVBelt-Msr/instance-out.sql,71.86,3337902.41,236.12,10967906.42
CZ08/Asm&0&rDXHP&New&HV_AirDist__SupFanMtr/NE-HVAC-FanBelt-VBelt-Std/instance-out.sql,114.04,720499.16,373.18,2357743.18
CZ08/Asm&0&rDXHP&New&HV_AirDist__SupFanMtr/NE-HVAC-FanBelt-CoggedVBelt-Msr/instance-out.sql,112.81,712732.99,369.07,2331804.18
CZ08/Asm&0&rDXHP&New&HV_AirDist__SupFanMtr/NE-HVAC-FanBelt-SynchVBelt-Msr/instance-out.sql,111.06,701650.62,363.21,2294789.06
CZ08/ECC&0&rDXHP&New&HV_AirDist__SupFanMtr/NE-HVAC-FanBelt-VBelt-Std/instance-out.sql,106.40,2809100.93,313.70,8282292.75
CZ08/ECC&0&rDXHP&New&HV_AirDist__SupFanMtr/NE-HVAC-FanBelt-CoggedVBelt-Msr/instance-out.sql,105.73,2791449.09,311.46,8223336.78
CZ08/ECC&0&rDXHP&New&HV_AirDist__SupFanMtr/NE-HVAC-FanBelt-SynchVBelt-Msr/instance-out.sql,104.77,2766282.95,308.28,8139273.12
CZ08/EPr&0&rDXHP&New&HV_AirDist__SupFanMtr/NE-HVAC-FanBelt-VBelt-Std/instance-out.sql,107.59,407262.01,285.71,1081529.89
CZ08/EPr&0&rDXHP&New&HV_AirDist__SupFanMtr/NE-HVAC-FanBelt-CoggedVBelt-Msr/instance-out.sql,106.98,404941.57,283.66,1073779.62
CZ08/EPr&0&rDXHP&New&HV_AirDist__SupFanMtr/NE-HVAC-FanBelt-SynchVBelt-Msr/instance-out.sql,106.10,401628.92,280.74,1062715.42
CZ08/ERC&0&rDXHP&New&HV_AirDist__SupFanMtr/NE-HVAC-FanBelt-VBelt-Std/instance-out.sql,72.43,19403.29,164.53,44076.97
CZ08/ERC&0&rDXHP&New&HV_AirDist__SupFanMtr/NE-HVAC-FanBelt-CoggedVBelt-Msr/instance-out.sql,71.98,19282.44,163.02,43673.35
CZ08/ERC&0&rDXHP&New&HV_AirDist__SupFanMtr/NE-HVAC-FanBelt-SynchVBelt-Msr/instance-out.sql,71.33,19109.59,160.87,43096.04
CZ08/ESe&0&rDXHP&New&HV_AirDist__SupFanMtr/NE-HVAC-FanBelt-VBelt-Std/instance-out.sql,173.59,1199864.88,479.20,3312301.01
CZ08/ESe&0&rDXHP&New&HV_AirDist__SupFanMtr/NE-HVAC-FanBelt-CoggedVBelt-Msr/instance-out.sql,173.16,1196927.97,477.78,3302479.57
CZ08/ESe&0&rDXHP&New&HV_AirDist__SupFanMtr/NE-HVAC-FanBelt-SynchVBelt-Msr/instance-out.sql,172.56,1192764.70,475.76,3288573.43
CZ08/EUn&0&rDXHP&New&HV_AirDist__SupFanMtr/NE-HVAC-FanBelt-VBelt-Std/instance-out.sql,109.59,8733529.76,342.39,27285348.66
CZ08/EUn&0&rDXHP&New&HV_AirDist__SupFanMtr/NE-HVAC-FanBelt-CoggedVBelt-Msr/instance-out.sql,108.94,8681690.83,340.22,27112206.75
CZ08/EUn&0&rDXHP&New&HV_AirDist__SupFanMtr/NE-HVAC-FanBelt-SynchVBelt-Msr/instance-out.sql,108.01,8607700.29,337.12,26865078.27
CZ08/Hsp&0&rDXHP&New&HV_AirDist__SupFanMtr/NE-HVAC-FanBelt-VBelt-Std/instance-out.sql,103.09,4731771.75,301.15,13822641.28
CZ08/Hsp&0&rDXHP&New&HV_AirDist__SupFanMtr/NE-HVAC-FanBelt-CoggedVBelt-Msr/instance-out.sql,102.83,4719950.56,300.29,13782980.88
CZ08/Hsp&0&rDXHP&New&HV_AirDist__SupFanMtr/NE-HVAC-FanBelt-SynchVBelt-Msr/instance-out.sql,102.46,4703044.10,299.05,13726296.15
CZ08/MBT&0&rDXHP&New&HV_AirDist__SupFanMtr/NE-HVAC-FanBelt-VBelt-Std/instance-out.sql,151.44,5627058.60,390.97,14527056.66
CZ08/MBT&0&rDXHP&New&HV_AirDist__SupFanMtr/NE-HVAC-FanBelt-CoggedVBelt-Msr/instance-out.sql,151.15,5616349.55,390.00,14491125.33
CZ08/MBT&0&rDXHP&New&HV_AirDist__SupFanMtr/NE-HVAC-FanBelt-SynchVBelt-Msr/instance-out.sql,150.74,5601065.25,388.62,14439836.13
CZ08/MLI&0&rDXHP&New&HV_AirDist__SupFanMtr/NE-HVAC-FanBelt-VBelt-Std/instance-out.sql,130.18,1209548.30,423.65,3936405.15
CZ08/MLI&0&rDXHP&New&HV_AirDist__SupFanMtr/NE-HVAC-FanBelt-CoggedVBelt-Msr/instance-out.sql,128.67,1195573.74,418.63,3889730.11
CZ08/MLI&0&rDXHP&New&HV_AirDist__SupFanMtr/NE-HVAC-FanBelt-SynchVBelt-Msr/instance-out.sql,126.53,1175660.31,411.47,3823219.28
CZ08/Mtl&0&rDXHP&New&HV_AirDist__SupFanMtr/NE-HVAC-FanBelt-VBelt-Std/instance-out.sql,73.16,203797.43,237.84,662568.23
CZ08/Mtl&0&rDXHP&New&HV_AirDist__SupFanMtr/NE-HVAC-FanBelt-CoggedVBelt-Msr/instance-out.sql,72.35,201557.31,235.15,655086.22
CZ08/Mtl&0&rDXHP&New&HV_AirDist__SupFanMtr/NE-HVAC-FanBelt-SynchVBelt-Msr/instance-out.sql,71.20,198358.45,231.32,644402.02
CZ08/Nrs&0&rDXHP&New&HV_AirDist__SupFanMtr/NE-HVAC-FanBelt-VBelt-Std/instance-out.sql,89.67,924735.56,253.94,2618704.99
CZ08/Nrs&0&rDXHP&New&HV_AirDist__SupFanMtr/NE-HVAC-FanBelt-CoggedVBelt-Msr/instance-out.sql,89.35,921361.27,252.83,2607221.47
CZ08/Nrs&0&rDXHP&New&HV_AirDist__SupFanMtr/NE-HVAC-FanBelt-SynchVBelt-Msr/instance-out.sql,88.87,916414.18,251.23,2590668.22
CZ08/OfL&0&rDXHP&New&HV_AirDist__SupFanMtr/NE-HVAC-FanBelt-VBelt-Std/instance-out.sql,82.33,2676551.36,265.22,8621931.15
CZ08/OfL&0&rDXHP&New&HV_AirDist__SupFanMtr/NE-HVAC-FanBelt-CoggedVBelt-Msr/instance-out.sql,81.62,2653331.41,262.83,8544376.51
CZ08/OfL&0&rDXHP&New&HV_AirDist__SupFanMtr/NE-HVAC-FanBelt-SynchVBelt-Msr/instance-out.sql,80.60,2620197.85,259.43,8433706.15
CZ08/OfS&0&rDXHP&New&HV_AirDist__SupFanMtr/NE-HVAC-FanBelt-VBelt-Std/instance-out.sql,77.43,143893.77,233.06,433142.09
CZ08/OfS&0&rDXHP&New&HV_AirDist__SupFanMtr/NE-HVAC-FanBelt-CoggedVBelt-Msr/instance-out.sql,76.65,142448.81,230.46,428315.96
CZ08/OfS&0&rDXHP&New&HV_AirDist__SupFanMtr/NE-HVAC-FanBelt-SynchVBelt-Msr/instance-out.sql,75.54,140384.63,226.75,421421.57
CZ08/RFF&0&rDXHP&New&HV_AirDist__SupFanMtr/NE-HVAC-FanBelt-VBelt-Std/instance-out.sql,319.60,118654.02,798.23,296349.51
CZ08/RFF&0&rDXHP&New&HV_AirDist__SupFanMtr/NE-HVAC-FanBelt-CoggedVBelt-Msr/instance-out.sql,318.26,118158.22,793.77,294693.52
CZ08/RFF&0&rDXHP&New&HV_AirDist__SupFanMtr/NE-HVAC-FanBelt-SynchVBelt-Msr/instance-out.sql,316.36,117450.67,787.40,292330.29
CZ08/RSD&0&rDXHP&New&HV_AirDist__SupFanMtr/NE-HVAC-FanBelt-VBelt-Std/instance-out.sql,264.42,275252.85,559.99,582941.61
CZ08/RSD&0&rDXHP&New&HV_AirDist__SupFanMtr/NE-HVAC-FanBelt-CoggedVBelt-Msr/instance-out.sql,264.20,275031.33,559.27,582188.50
CZ08/RSD&0&rDXHP&New&HV_AirDist__SupFanMtr/NE-HVAC-FanBelt-SynchVBelt-Msr/instance-out.sql,263.89,274707.44,558.22,581102.69
CZ08/Rt3&0&rDXHP&New&HV_AirDist__SupFanMtr/NE-HVAC-FanBelt-VBelt-Std/instance-out.sql,103.80,2314478.11,330.29,7364426.48
CZ08/Rt3&0&rDXHP&New&HV_AirDist__SupFanMtr/NE-HVAC-FanBelt-CoggedVBelt-Msr/instance-out.sql,102.79,2291958.09,326.92,7289208.51
CZ08/Rt3&0&rDXHP&New&HV_AirDist__SupFanMtr/NE-HVAC-FanBelt-SynchVBelt-Msr/instance-out.sql,101.35,2259826.07,322.10,7181886.48
CZ08/RtL&0&rDXHP&New&HV_AirDist__SupFanMtr/NE-HVAC-FanBelt-VBelt-Std/instance-out.sql,173.82,2107406.53,550.73,6677051.66
CZ08/RtL&0&rDXHP&New&HV_AirDist__SupFanMtr/NE-HVAC-FanBelt-CoggedVBelt-Msr/instance-out.sql,172.31,2089074.43,545.68,6615822.46
CZ08/RtL&0&rDXHP&New&HV_AirDist__SupFanMtr/NE-HVAC-FanBelt-SynchVBelt-Msr/instance-out.sql,170.15,2062897.81,538.47,6528392.53
CZ08/RtS&0&rDXHP&New&HV_AirDist__SupFanMtr/NE-HVAC-FanBelt-VBelt-Std/instance-out.sql,98.32,146172.02,305.39,454022.28
CZ08/RtS&0&rDXHP&New&HV_AirDist__SupFanMtr/NE-HVAC-FanBelt-CoggedVBelt-Msr/instance-out.sql,97.36,144749.86,302.20,449272.27
CZ08/RtS&0&rDXHP&New&HV_AirDist__SupFanMtr/NE-HVAC-FanBelt-SynchVBelt-Msr/instance-out.sql,96.00,142720.12,297.64,442492.93
CZ08/SCn&0&rDXHP&New&HV_AirDist__SupFanMtr/NE-HVAC-FanBelt-VBelt-Std/instance-out.sql,77.36,3593559.74,254.51,11822093.89
CZ08/SCn&0&rDXHP&New&HV_AirDist__SupFanMtr/NE-HVAC-FanBelt-CoggedVBelt-Msr/instance-out.sql,76.40,3548598.10,251.28,11671922.00
CZ08/SCn&0&rDXHP&New&HV_AirDist__SupFanMtr/NE-HVAC-FanBelt-SynchVBelt-Msr/instance-out.sql,75.01,3484456.28,246.66,11457688.34
CZ09/Asm&0&rDXHP&New&HV_AirDist__SupFanMtr/NE-HVAC-FanBelt-VBelt-Std/instance-out.sql,117.18,740345.59,383.74,2424497.97
CZ09/Asm&0&rDXHP&New&HV_AirDist__SupFanMtr/NE-HVAC-FanBelt-CoggedVBelt-Msr/instance-out.sql,115.92,732363.53,379.52,2397837.94
CZ09/Asm&0&rDXHP&New&HV_AirDist__SupFanMtr/NE-HVAC-FanBelt-SynchVBelt-Msr/instance-out.sql,114.11,720974.94,373.50,2359799.80
CZ09/ECC&0&rDXHP&New&HV_AirDist__SupFanMtr/NE-HVAC-FanBelt-VBelt-Std/instance-out.sql,109.74,2897308.78,325.33,8589556.67
CZ09/ECC&0&rDXHP&New&HV_AirDist__SupFanMtr/NE-HVAC-FanBelt-CoggedVBelt-Msr/instance-out.sql,109.02,2878499.88,322.95,8526735.00
CZ09/ECC&0&rDXHP&New&HV_AirDist__SupFanMtr/NE-HVAC-FanBelt-SynchVBelt-Msr/instance-out.sql,108.01,2851652.37,319.56,8437064.27
CZ09/EPr&0&rDXHP&New&HV_AirDist__SupFanMtr/NE-HVAC-FanBelt-VBelt-Std/instance-out.sql,107.49,406903.15,286.00,1082624.30
CZ09/EPr&0&rDXHP&New&HV_AirDist__SupFanMtr/NE-HVAC-FanBelt-CoggedVBelt-Msr/instance-out.sql,106.90,404638.76,284.00,1075061.24
CZ09/EPr&0&rDXHP&New&HV_AirDist__SupFanMtr/NE-HVAC-FanBelt-SynchVBelt-Msr/instance-out.sql,106.04,401407.04,281.15,1064267.29
CZ09/ERC&0&rDXHP&New&HV_AirDist__SupFanMtr/NE-HVAC-FanBelt-VBelt-Std/instance-out.sql,71.47,19147.70,161.66,43306.54
CZ09/ERC&0&rDXHP&New&HV_AirDist__SupFanMtr/NE-HVAC-FanBelt-CoggedVBelt-Msr/instance-out.sql,71.04,19032.23,160.22,42920.87
CZ09/ERC&0&rDXHP&New&HV_AirDist__SupFanMtr/NE-HVAC-FanBelt-SynchVBelt-Msr/instance-out.sql,70.43,18867.17,158.16,42369.56
CZ09/ESe&0&rDXHP&New&HV_AirDist__SupFanMtr/NE-HVAC-FanBelt-VBelt-Std/instance-out.sql,176.33,1218799.66,491.41,3396757.65
CZ09/ESe&0&rDXHP&New&HV_AirDist__SupFanMtr/NE-HVAC-FanBelt-CoggedVBelt-Msr/instance-out.sql,175.88,1215724.24,489.93,3386474.73
CZ09/ESe&0&rDXHP&New&HV_AirDist__SupFanMtr/NE-HVAC-FanBelt-SynchVBelt-Msr/instance-out.sql,175.24,1211321.41,487.80,3371773.58
CZ09/EUn&0&rDXHP&New&HV_AirDist__SupFanMtr/NE-HVAC-FanBelt-VBelt-Std/instance-out.sql,111.02,8847532.77,347.44,27687498.08
CZ09/EUn&0&rDXHP&New&HV_AirDist__SupFanMtr/NE-HVAC-FanBelt-CoggedVBelt-Msr/instance-out.sql,110.36,8794759.31,345.22,27511234.67
CZ09/EUn&0&rDXHP&New&HV_AirDist__SupFanMtr/NE-HVAC-FanBelt-SynchVBelt-Msr/instance-out.sql,109.42,8719422.27,342.07,27259608.89
CZ09/Hsp&0&rDXHP&New&HV_AirDist__SupFanMtr/NE-HVAC-FanBelt-VBelt-Std/instance-out.sql,108.88,4997369.05,316.30,14517744.28
CZ09/Hsp&0&rDXHP&New&HV_AirDist__SupFanMtr/NE-HVAC-FanBelt-CoggedVBelt-Msr/instance-out.sql,108.61,4984907.93,315.39,14476048.19
CZ09/Hsp&0&rDXHP&New&HV_AirDist__SupFanMtr/NE-HVAC-FanBelt-SynchVBelt-Msr/instance-out.sql,108.22,4967153.64,314.09,14416533.28
CZ09/MBT&0&rDXHP&New&HV_AirDist__SupFanMtr/NE-HVAC-FanBelt-VBelt-Std/instance-out.sql,150.87,5605920.15,396.13,14718587.75
CZ09/MBT&0&rDXHP&New&HV_AirDist__SupFanMtr/NE-HVAC-FanBelt-CoggedVBelt-Msr/instance-out.sql,150.57,5594806.55,395.12,14681326.47
CZ09/MBT&0&rDXHP&New&HV_AirDist__SupFanMtr/NE-HVAC-FanBelt-SynchVBelt-Msr/instance-out.sql,150.15,5578944.54,393.69,14628139.27
CZ09/MLI&0&rDXHP&New&HV_AirDist__SupFanMtr/NE-HVAC-FanBelt-VBelt-Std/instance-out.sql,133.43,1239768.19,434.65,4038573.91
CZ09/MLI&0&rDXHP&New&HV_AirDist__SupFanMtr/NE-HVAC-FanBelt-CoggedVBelt-Msr/instance-out.sql,131.89,1225465.98,429.51,3990804.54
CZ09/MLI&0&rDXHP&New&HV_AirDist__SupFanMtr/NE-HVAC-FanBelt-SynchVBelt-Msr/instance-out.sql,129.69,1205041.83,422.16,3922587.85
CZ09/Mtl&0&rDXHP&New&HV_AirDist__SupFanMtr/NE-HVAC-FanBelt-VBelt-Std/instance-out.sql,77.23,215150.97,251.46,700525.26
CZ09/Mtl&0&rDXHP&New&HV_AirDist__SupFanMtr/NE-HVAC-FanBelt-CoggedVBelt-Msr/instance-out.sql,76.37,212753.49,248.59,692517.67
CZ09/Mtl&0&rDXHP&New&HV_AirDist__SupFanMtr/NE-HVAC-FanBelt-SynchVBelt-Msr/instance-out.sql,75.14,209327.57,244.48,681075.12
CZ09/Nrs&0&rDXHP&New&HV_AirDist__SupFanMtr/NE-HVAC-FanBelt-VBelt-Std/instance-out.sql,90.36,931844.74,257.47,2655101.00
CZ09/Nrs&0&rDXHP&New&HV_AirDist__SupFanMtr/NE-HVAC-FanBelt-CoggedVBelt-Msr/instance-out.sql,90.01,928215.04,256.32,2643163.82
CZ09/Nrs&0&rDXHP&New&HV_AirDist__SupFanMtr/NE-HVAC-FanBelt-SynchVBelt-Msr/instance-out.sql,89.53,923255.71,254.69,2626367.13
CZ09/OfL&0&rDXHP&New&HV_AirDist__SupFanMtr/NE-HVAC-FanBelt-VBelt-Std/instance-out.sql,83.78,2723525.25,269.65,8765889.19
CZ09/OfL&0&rDXHP&New&HV_AirDist__SupFanMtr/NE-HVAC-FanBelt-CoggedVBelt-Msr/instance-out.sql,83.06,2700063.70,267.24,8687528.24
CZ09/OfL&0&rDXHP&New&HV_AirDist__SupFanMtr/NE-HVAC-FanBelt-SynchVBelt-Msr/instance-out.sql,82.03,2666563.61,263.80,8575636.56
CZ09/OfS&0&rDXHP&New&HV_AirDist__SupFanMtr/NE-HVAC-FanBelt-VBelt-Std/instance-out.sql,77.02,143147.18,232.00,431165.40
CZ09/OfS&0&rDXHP&New&HV_AirDist__SupFanMtr/NE-HVAC-FanBelt-CoggedVBelt-Msr/instance-out.sql,76.26,141725.34,229.44,426416.43
CZ09/OfS&0&rDXHP&New&HV_AirDist__SupFanMtr/NE-HVAC-FanBelt-SynchVBelt-Msr/instance-out.sql,75.17,139695.22,225.79,419635.84
CZ09/RFF&0&rDXHP&New&HV_AirDist__SupFanMtr/NE-HVAC-FanBelt-VBelt-Std/instance-out.sql,328.44,121936.02,829.30,307884.17
CZ09/RFF&0&rDXHP&New&HV_AirDist__SupFanMtr/NE-HVAC-FanBelt-CoggedVBelt-Msr/instance-out.sql,327.02,121410.53,824.57,306129.05
CZ09/RFF&0&rDXHP&New&HV_AirDist__SupFanMtr/NE-HVAC-FanBelt-SynchVBelt-Msr/instance-out.sql,325.00,120660.13,817.82,303622.72
CZ09/RSD&0&rDXHP&New&HV_AirDist__SupFanMtr/NE-HVAC-FanBelt-VBelt-Std/instance-out.sql,268.46,279465.72,573.47,596970.59
CZ09/RSD&0&rDXHP&New&HV_AirDist__SupFanMtr/NE-HVAC-FanBelt-CoggedVBelt-Msr/instance-out.sql,268.25,279245.07,572.76,596230.78
CZ09/RSD&0&rDXHP&New&HV_AirDist__SupFanMtr/NE-HVAC-FanBelt-SynchVBelt-Msr/instance-out.sql,267.95,278930.59,571.74,595174.99
CZ09/Rt3&0&rDXHP&New&HV_AirDist__SupFanMtr/NE-HVAC-FanBelt-VBelt-Std/instance-out.sql,109.53,2442111.83,349.64,7795741.56
CZ09/Rt3&0&rDXHP&New&HV_AirDist__SupFanMtr/NE-HVAC-FanBelt-CoggedVBelt-Msr/instance-out.sql,108.43,2417702.21,345.98,7714212.50
CZ09/Rt3&0&rDXHP&New&HV_AirDist__SupFanMtr/NE-HVAC-FanBelt-SynchVBelt-Msr/instance-out.sql,106.87,2382836.30,340.76,7597759.18
CZ09/RtL&0&rDXHP&New&HV_AirDist__SupFanMtr/NE-HVAC-FanBelt-VBelt-Std/instance-out.sql,177.24,2148890.97,562.45,6819089.98
CZ09/RtL&0&rDXHP&New&HV_AirDist__SupFanMtr/NE-HVAC-FanBelt-CoggedVBelt-Msr/instance-out.sql,175.70,2130145.34,557.28,6756479.56
CZ09/RtL&0&rDXHP&New&HV_AirDist__SupFanMtr/NE-HVAC-FanBelt-SynchVBelt-Msr/instance-out.sql,173.49,2103379.17,549.91,6667080.55
CZ09/RtS&0&rDXHP&New&HV_AirDist__SupFanMtr/NE-HVAC-FanBelt-VBelt-Std/instance-out.sql,101.66,151129.89,316.71,470857.94
CZ09/RtS&0&rDXHP&New&HV_AirDist__SupFanMtr/NE-HVAC-FanBelt-CoggedVBelt-Msr/instance-out.sql,100.65,149642.11,313.37,465888.74
CZ09/RtS&0&rDXHP&New&HV_AirDist__SupFanMtr/NE-HVAC-FanBelt-SynchVBelt-Msr/instance-out.sql,99.23,147519.12,308.60,458797.96
CZ09/SCn&0&rDXHP&New&HV_AirDist__SupFanMtr/NE-HVAC-FanBelt-VBelt-Std/instance-out.sql,80.83,3754722.46,266.15,12362654.40
CZ09/SCn&0&rDXHP&New&HV_AirDist__SupFanMtr/NE-HVAC-FanBelt-CoggedVBelt-Msr/instance-out.sql,79.81,3707382.09,262.74,12204537.59
CZ09/SCn&0&rDXHP&New&HV_AirDist__SupFanMtr/NE-HVAC-FanBelt-SynchVBelt-Msr/instance-out.sql,78.36,3639807.35,257.88,11978837.96
CZ10/Asm&0&rDXHP&New&HV_AirDist__SupFanMtr/NE-HVAC-FanBelt-VBelt-Std/instance-out.sql,130.56,824880.03,428.47,2707110.23
CZ10/Asm&0&rDXHP&New&HV_AirDist__SupFanMtr/NE-HVAC-FanBelt-CoggedVBelt-Msr/instance-out.sql,129.25,816600.19,424.10,2679455.57
CZ10/Asm&0&rDXHP&New&HV_AirDist__SupFanMtr/NE-HVAC-FanBelt-SynchVBelt-Msr/instance-out.sql,127.38,804779.89,417.85,2639975.76
CZ10/ECC&0&rDXHP&New&HV_AirDist__SupFanMtr/NE-HVAC-FanBelt-VBelt-Std/instance-out.sql,115.64,3053241.10,345.44,9120303.25
CZ10/ECC&0&rDXHP&New&HV_AirDist__SupFanMtr/NE-HVAC-FanBelt-CoggedVBelt-Msr/instance-out.sql,114.89,3033330.87,342.92,9053807.02
CZ10/ECC&0&rDXHP&New&HV_AirDist__SupFanMtr/NE-HVAC-FanBelt-SynchVBelt-Msr/instance-out.sql,113.82,3005003.74,339.33,8959190.57
CZ10/EPr&0&rDXHP&New&HV_AirDist__SupFanMtr/NE-HVAC-FanBelt-VBelt-Std/instance-out.sql,113.16,428372.06,305.45,1156233.98
CZ10/EPr&0&rDXHP&New&HV_AirDist__SupFanMtr/NE-HVAC-FanBelt-CoggedVBelt-Msr/instance-out.sql,112.54,426000.01,303.35,1148311.33
CZ10/EPr&0&rDXHP&New&HV_AirDist__SupFanMtr/NE-HVAC-FanBelt-SynchVBelt-Msr/instance-out.sql,111.64,422614.13,300.37,1137002.49
CZ10/ERC&0&rDXHP&New&HV_AirDist__SupFanMtr/NE-HVAC-FanBelt-VBelt-Std/instance-out.sql,76.39,20464.32,178.33,47773.72
CZ10/ERC&0&rDXHP&New&HV_AirDist__SupFanMtr/NE-HVAC-FanBelt-CoggedVBelt-Msr/instance-out.sql,75.91,20336.79,176.74,47347.75
CZ10/ERC&0&rDXHP&New&HV_AirDist__SupFanMtr/NE-HVAC-FanBelt-SynchVBelt-Msr/instance-out.sql,75.24,20155.67,174.48,46742.82
CZ10/ESe&0&rDXHP&New&HV_AirDist__SupFanMtr/NE-HVAC-FanBelt-VBelt-Std/instance-out.sql,189.62,1310685.34,529.73,3661603.66
CZ10/ESe&0&rDXHP&New&HV_AirDist__SupFanMtr/NE-HVAC-FanBelt-CoggedVBelt-Msr/instance-out.sql,189.15,1307410.98,528.15,3650655.65
CZ10/ESe&0&rDXHP&New&HV_AirDist__SupFanMtr/NE-HVAC-FanBelt-SynchVBelt-Msr/instance-out.sql,188.47,1302739.83,525.89,3635035.88
CZ10/EUn&0&rDXHP&New&HV_AirDist__SupFanMtr/NE-HVAC-FanBelt-VBelt-Std/instance-out.sql,116.31,9268851.07,365.28,29109560.70
CZ10/EUn&0&rDXHP&New&HV_AirDist__SupFanMtr/NE-HVAC-FanBelt-CoggedVBelt-Msr/instance-out.sql,115.62,9213734.38,362.97,28925470.74
CZ10/EUn&0&rDXHP&New&HV_AirDist__SupFanMtr/NE-HVAC-FanBelt-SynchVBelt-Msr/instance-out.sql,114.63,9135016.34,359.67,28662552.13
CZ10/Hsp&0&rDXHP&New&HV_AirDist__SupFanMtr/NE-HVAC-FanBelt-VBelt-Std/instance-out.sql,117.51,5393519.24,334.66,15360705.69
CZ10/Hsp&0&rDXHP&New&HV_AirDist__SupFanMtr/NE-HVAC-FanBelt-CoggedVBelt-Msr/instance-out.sql,117.23,5380691.51,333.72,15317400.96
CZ10/Hsp&0&rDXHP&New&HV_AirDist__SupFanMtr/NE-HVAC-FanBelt-SynchVBelt-Msr/instance-out.sql,116.83,5362356.11,332.38,15255849.86
CZ10/MBT&0&rDXHP&New&HV_AirDist__SupFanMtr/NE-HVAC-FanBelt-VBelt-Std/instance-out.sql,170.43,6332595.62,433.39,16103310.44
CZ10/MBT&0&rDXHP&New&HV_AirDist__SupFanMtr/NE-HVAC-FanBelt-CoggedVBelt-Msr/instance-out.sql,170.12,6321044.04,432.35,16064538.91
CZ10/MBT&0&rDXHP&New&HV_AirDist__SupFanMtr/NE-HVAC-FanBelt-SynchVBelt-Msr/instance-out.sql,169.68,6304553.85,430.86,16009185.64
CZ10/MLI&0&rDXHP&New&HV_AirDist__SupFanMtr/NE-HVAC-FanBelt-VBelt-Std/instance-out.sql,138.97,1291229.30,453.22,4211186.48
CZ10/MLI&0&rDXHP&New&HV_AirDist__SupFanMtr/NE-HVAC-FanBelt-CoggedVBelt-Msr/instance-out.sql,137.40,1276666.33,447.99,4162546.18
CZ10/MLI&0&rDXHP&New&HV_AirDist__SupFanMtr/NE-HVAC-FanBelt-SynchVBelt-Msr/instance-out.sql,135.16,1255874.01,440.52,4093099.81
CZ10/Mtl&0&rDXHP&New&HV_AirDist__SupFanMtr/NE-HVAC-FanBelt-VBelt-Std/instance-out.sql,82.53,229906.61,269.16,749829.80
CZ10/Mtl&0&rDXHP&New&HV_AirDist__SupFanMtr/NE-HVAC-FanBelt-CoggedVBelt-Msr/instance-out.sql,81.64,227436.15,266.20,741578.46
CZ10/Mtl&0&rDXHP&New&HV_AirDist__SupFanMtr/NE-HVAC-FanBelt-SynchVBelt-Msr/instance-out.sql,80.37,223908.47,261.97,729796.01
CZ10/Nrs&0&rDXHP&New&HV_AirDist__SupFanMtr/NE-HVAC-FanBelt-VBelt-Std/instance-out.sql,96.55,995634.27,274.15,2827081.12
CZ10/Nrs&0&rDXHP&New&HV_AirDist__SupFanMtr/NE-HVAC-FanBelt-CoggedVBelt-Msr/instance-out.sql,96.19,991903.38,272.95,2814692.31
CZ10/Nrs&0&rDXHP&New&HV_AirDist__SupFanMtr/NE-HVAC-FanBelt-SynchVBelt-Msr/instance-out.sql,95.69,986723.07,271.25,2797172.90
CZ10/OfL&0&rDXHP&New&HV_AirDist__SupFanMtr/NE-HVAC-FanBelt-VBelt-Std/instance-out.sql,89.05,2894950.91,286.27,9306110.63
CZ10/OfL&0&rDXHP&New&HV_AirDist__SupFanMtr/NE-HVAC-FanBelt-CoggedVBelt-Msr/instance-out.sql,88.29,2870054.49,283.70,9222813.53
CZ10/OfL&0&rDXHP&New&HV_AirDist__SupFanMtr/NE-HVAC-FanBelt-SynchVBelt-Msr/instance-out.sql,87.18,2834233.22,280.03,9103538.74
CZ10/OfS&0&rDXHP&New&HV_AirDist__SupFanMtr/NE-HVAC-FanBelt-VBelt-Std/instance-out.sql,82.86,154003.42,251.67,467722.72
CZ10/OfS&0&rDXHP&New&HV_AirDist__SupFanMtr/NE-HVAC-FanBelt-CoggedVBelt-Msr/instance-out.sql,82.04,152466.17,248.91,462588.31
CZ10/OfS&0&rDXHP&New&HV_AirDist__SupFanMtr/NE-HVAC-FanBelt-SynchVBelt-Msr/instance-out.sql,80.86,150271.98,244.96,455259.72
CZ10/RFF&0&rDXHP&New&HV_AirDist__SupFanMtr/NE-HVAC-FanBelt-VBelt-Std/instance-out.sql,341.59,126816.65,874.07,324506.72
CZ10/RFF&0&rDXHP&New&HV_AirDist__SupFanMtr/NE-HVAC-FanBelt-CoggedVBelt-Msr/instance-out.sql,340.10,126265.43,869.11,322665.60
CZ10/RFF&0&rDXHP&New&HV_AirDist__SupFanMtr/NE-HVAC-FanBelt-SynchVBelt-Msr/instance-out.sql,337.98,125478.97,862.04,320038.76
CZ10/RSD&0&rDXHP&New&HV_AirDist__SupFanMtr/NE-HVAC-FanBelt-VBelt-Std/instance-out.sql,301.12,313466.30,639.84,666065.09
CZ10/RSD&0&rDXHP&New&HV_AirDist__SupFanMtr/NE-HVAC-FanBelt-CoggedVBelt-Msr/instance-out.sql,300.89,313226.63,639.07,665267.07
CZ10/RSD&0&rDXHP&New&HV_AirDist__SupFanMtr/NE-HVAC-FanBelt-SynchVBelt-Msr/instance-out.sql,300.57,312889.35,637.99,664134.46
CZ10/Rt3&0&rDXHP&New&HV_AirDist__SupFanMtr/NE-HVAC-FanBelt-VBelt-Std/instance-out.sql,113.86,2538626.70,364.17,8119854.99
CZ10/Rt3&0&rDXHP&New&HV_AirDist__SupFanMtr/NE-HVAC-FanBelt-CoggedVBelt-Msr/instance-out.sql,112.76,2514107.66,360.50,8037963.04
CZ10/Rt3&0&rDXHP&New&HV_AirDist__SupFanMtr/NE-HVAC-FanBelt-SynchVBelt-Msr/instance-out.sql,111.19,2479118.28,355.26,7921095.81
CZ10/RtL&0&rDXHP&New&HV_AirDist__SupFanMtr/NE-HVAC-FanBelt-VBelt-Std/instance-out.sql,184.03,2231198.01,585.29,7095995.21
CZ10/RtL&0&rDXHP&New&HV_AirDist__SupFanMtr/NE-HVAC-FanBelt-CoggedVBelt-Msr/instance-out.sql,182.47,2212214.01,580.06,7032588.65
CZ10/RtL&0&rDXHP&New&HV_AirDist__SupFanMtr/NE-HVAC-FanBelt-SynchVBelt-Msr/instance-out.sql,180.23,2185103.69,572.59,6942040.16
CZ10/RtS&0&rDXHP&New&HV_AirDist__SupFanMtr/NE-HVAC-FanBelt-VBelt-Std/instance-out.sql,110.20,163827.41,345.35,513427.75
CZ10/RtS&0&rDXHP&New&HV_AirDist__SupFanMtr/NE-HVAC-FanBelt-CoggedVBelt-Msr/instance-out.sql,109.12,162232.02,341.76,508099.12
CZ10/RtS&0&rDXHP&New&HV_AirDist__SupFanMtr/NE-HVAC-FanBelt-SynchVBelt-Msr/instance-out.sql,107.59,159960.21,336.66,500511.28
CZ10/SCn&0&rDXHP&New&HV_AirDist__SupFanMtr/NE-HVAC-FanBelt-VBelt-Std/instance-out.sql,84.18,3910189.88,277.35,12883273.70
CZ10/SCn&0&rDXHP&New&HV_AirDist__SupFanMtr/NE-HVAC-FanBelt-CoggedVBelt-Msr/instance-out.sql,83.18,3863713.61,274.01,12728042.97
CZ10/SCn&0&rDXHP&New&HV_AirDist__SupFanMtr/NE-HVAC-FanBelt-SynchVBelt-Msr/instance-out.sql,81.76,3797656.82,269.26,12507413.28
CZ11/Asm&0&rDXHP&New&HV_AirDist__SupFanMtr/NE-HVAC-FanBelt-VBelt-Std/instance-out.sql,137.55,869051.90,451.70,2853881.77
CZ11/Asm&0&rDXHP&New&HV_AirDist__SupFanMtr/NE-HVAC-FanBelt-CoggedVBelt-Msr/instance-out.sql,136.30,861124.69,447.51,2827404.90
CZ11/Asm&0&rDXHP&New&HV_AirDist__SupFanMtr/NE-HVAC-FanBelt-SynchVBelt-Msr/instance-out.sql,134.51,849809.59,441.53,2789612.39
CZ11/ECC&0&rDXHP&New&HV_AirDist__SupFanMtr/NE-HVAC-FanBelt-VBelt-Std/instance-out.sql,112.08,2959095.18,332.84,8787850.50
CZ11/ECC&0&rDXHP&New&HV_AirDist__SupFanMtr/NE-HVAC-FanBelt-CoggedVBelt-Msr/instance-out.sql,111.41,2941492.15,330.62,8729050.43
CZ11/ECC&0&rDXHP&New&HV_AirDist__SupFanMtr/NE-HVAC-FanBelt-SynchVBelt-Msr/instance-out.sql,110.46,2916339.01,327.43,8645045.51
CZ11/EPr&0&rDXHP&New&HV_AirDist__SupFanMtr/NE-HVAC-FanBelt-VBelt-Std/instance-out.sql,115.68,437894.20,312.96,1184670.36
CZ11/EPr&0&rDXHP&New&HV_AirDist__SupFanMtr/NE-HVAC-FanBelt-CoggedVBelt-Msr/instance-out.sql,115.07,435570.69,310.91,1176909.85
CZ11/EPr&0&rDXHP&New&HV_AirDist__SupFanMtr/NE-HVAC-FanBelt-SynchVBelt-Msr/instance-out.sql,114.19,432252.84,307.98,1165828.22
CZ11/ERC&0&rDXHP&New&HV_AirDist__SupFanMtr/NE-HVAC-FanBelt-VBelt-Std/instance-out.sql,80.73,21626.37,192.36,51533.39
CZ11/ERC&0&rDXHP&New&HV_AirDist__SupFanMtr/NE-HVAC-FanBelt-CoggedVBelt-Msr/instance-out.sql,80.24,21495.31,190.73,51095.63
CZ11/ERC&0&rDXHP&New&HV_AirDist__SupFanMtr/NE-HVAC-FanBelt-SynchVBelt-Msr/instance-out.sql,79.53,21306.71,188.38,50465.72
CZ11/ESe&0&rDXHP&New&HV_AirDist__SupFanMtr/NE-HVAC-FanBelt-VBelt-Std/instance-out.sql,182.54,1261768.55,490.69,3391737.38
CZ11/ESe&0&rDXHP&New&HV_AirDist__SupFanMtr/NE-HVAC-FanBelt-CoggedVBelt-Msr/instance-out.sql,182.14,1258965.04,489.33,3382351.11
CZ11/ESe&0&rDXHP&New&HV_AirDist__SupFanMtr/NE-HVAC-FanBelt-SynchVBelt-Msr/instance-out.sql,181.57,1255037.22,487.41,3369057.98
CZ11/EUn&0&rDXHP&New&HV_AirDist__SupFanMtr/NE-HVAC-FanBelt-VBelt-Std/instance-out.sql,116.88,9314046.10,366.74,29225653.48
CZ11/EUn&0&rDXHP&New&HV_AirDist__SupFanMtr/NE-HVAC-FanBelt-CoggedVBelt-Msr/instance-out.sql,116.20,9260157.62,364.48,29045662.12
CZ11/EUn&0&rDXHP&New&HV_AirDist__SupFanMtr/NE-HVAC-FanBelt-SynchVBelt-Msr/instance-out.sql,115.24,9183262.00,361.26,28788814.93
CZ11/Hsp&0&rDXHP&New&HV_AirDist__SupFanMtr/NE-HVAC-FanBelt-VBelt-Std/instance-out.sql,109.44,5023394.12,315.89,14499325.48
CZ11/Hsp&0&rDXHP&New&HV_AirDist__SupFanMtr/NE-HVAC-FanBelt-CoggedVBelt-Msr/instance-out.sql,109.21,5012807.46,315.11,14463475.25
CZ11/Hsp&0&rDXHP&New&HV_AirDist__SupFanMtr/NE-HVAC-FanBelt-SynchVBelt-Msr/instance-out.sql,108.88,4997508.59,313.99,14411882.52
CZ11/MBT&0&rDXHP&New&HV_AirDist__SupFanMtr/NE-HVAC-FanBelt-VBelt-Std/instance-out.sql,194.56,7229013.71,466.90,17348342.02
CZ11/MBT&0&rDXHP&New&HV_AirDist__SupFanMtr/NE-HVAC-FanBelt-CoggedVBelt-Msr/instance-out.sql,194.25,7217541.72,465.86,17309617.70
CZ11/MBT&0&rDXHP&New&HV_AirDist__SupFanMtr/NE-HVAC-FanBelt-SynchVBelt-Msr/instance-out.sql,193.81,7201175.05,464.37,17254364.76
CZ11/MLI&0&rDXHP&New&HV_AirDist__SupFanMtr/NE-HVAC-FanBelt-VBelt-Std/instance-out.sql,142.86,1327398.36,466.01,4329986.23
CZ11/MLI&0&rDXHP&New&HV_AirDist__SupFanMtr/NE-HVAC-FanBelt-CoggedVBelt-Msr/instance-out.sql,141.29,1312851.42,460.78,4281399.44
CZ11/MLI&0&rDXHP&New&HV_AirDist__SupFanMtr/NE-HVAC-FanBelt-SynchVBelt-Msr/instance-out.sql,139.06,1292101.06,453.32,4212093.24
CZ11/Mtl&0&rDXHP&New&HV_AirDist__SupFanMtr/NE-HVAC-FanBelt-VBelt-Std/instance-out.sql,85.25,237494.53,277.88,774114.02
CZ11/Mtl&0&rDXHP&New&HV_AirDist__SupFanMtr/NE-HVAC-FanBelt-CoggedVBelt-Msr/instance-out.sql,84.38,235057.07,274.95,765964.45
CZ11/Mtl&0&rDXHP&New&HV_AirDist__SupFanMtr/NE-HVAC-FanBelt-SynchVBelt-Msr/instance-out.sql,83.13,231574.83,270.77,754320.30
CZ11/Nrs&0&rDXHP&New&HV_AirDist__SupFanMtr/NE-HVAC-FanBelt-VBelt-Std/instance-out.sql,100.89,1040347.67,281.00,2897691.31
CZ11/Nrs&0&rDXHP&New&HV_AirDist__SupFanMtr/NE-HVAC-FanBelt-CoggedVBelt-Msr/instance-out.sql,100.55,1036873.00,279.83,2885649.97
CZ11/Nrs&0&rDXHP&New&HV_AirDist__SupFanMtr/NE-HVAC-FanBelt-SynchVBelt-Msr/instance-out.sql,100.06,1031790.40,278.15,2868298.27
CZ11/OfL&0&rDXHP&New&HV_AirDist__SupFanMtr/NE-HVAC-FanBelt-VBelt-Std/instance-out.sql,89.41,2906736.88,285.81,9291142.14
CZ11/OfL&0&rDXHP&New&HV_AirDist__SupFanMtr/NE-HVAC-FanBelt-CoggedVBelt-Msr/instance-out.sql,88.66,2882208.20,283.29,9209210.63
CZ11/OfL&0&rDXHP&New&HV_AirDist__SupFanMtr/NE-HVAC-FanBelt-SynchVBelt-Msr/instance-out.sql,87.58,2847144.04,279.68,9092169.18
CZ11/OfS&0&rDXHP&New&HV_AirDist__SupFanMtr/NE-HVAC-FanBelt-VBelt-Std/instance-out.sql,83.95,156023.63,254.84,473626.64
CZ11/OfS&0&rDXHP&New&HV_AirDist__SupFanMtr/NE-HVAC-FanBelt-CoggedVBelt-Msr/instance-out.sql,83.14,154521.34,252.14,468609.01
CZ11/OfS&0&rDXHP&New&HV_AirDist__SupFanMtr/NE-HVAC-FanBelt-SynchVBelt-Msr/instance-out.sql,81.99,152379.80,248.30,461456.26
CZ11/RFF&0&rDXHP&New&HV_AirDist__SupFanMtr/NE-HVAC-FanBelt-VBelt-Std/instance-out.sql,308.79,114639.32,762.03,282909.19
CZ11/RFF&0&rDXHP&New&HV_AirDist__SupFanMtr/NE-HVAC-FanBelt-CoggedVBelt-Msr/instance-out.sql,307.67,114225.65,758.31,281527.54
CZ11/RFF&0&rDXHP&New&HV_AirDist__SupFanMtr/NE-HVAC-FanBelt-SynchVBelt-Msr/instance-out.sql,306.08,113635.29,752.99,279555.74
CZ11/RSD&0&rDXHP&New&HV_AirDist__SupFanMtr/NE-HVAC-FanBelt-VBelt-Std/instance-out.sql,319.92,333033.75,667.94,695314.51
CZ11/RSD&0&rDXHP&New&HV_AirDist__SupFanMtr/NE-HVAC-FanBelt-CoggedVBelt-Msr/instance-out.sql,319.70,332806.89,667.21,694553.31
CZ11/RSD&0&rDXHP&New&HV_AirDist__SupFanMtr/NE-HVAC-FanBelt-SynchVBelt-Msr/instance-out.sql,319.39,332484.07,666.16,693468.04
CZ11/Rt3&0&rDXHP&New&HV_AirDist__SupFanMtr/NE-HVAC-FanBelt-VBelt-Std/instance-out.sql,99.19,2211619.67,314.82,7019385.98
CZ11/Rt3&0&rDXHP&New&HV_AirDist__SupFanMtr/NE-HVAC-FanBelt-CoggedVBelt-Msr/instance-out.sql,98.35,2192934.00,312.02,6956952.17
CZ11/Rt3&0&rDXHP&New&HV_AirDist__SupFanMtr/NE-HVAC-FanBelt-SynchVBelt-Msr/instance-out.sql,97.15,2166194.19,308.01,6867616.38
CZ11/RtL&0&rDXHP&New&HV_AirDist__SupFanMtr/NE-HVAC-FanBelt-VBelt-Std/instance-out.sql,188.51,2285464.39,599.77,7271554.51
CZ11/RtL&0&rDXHP&New&HV_AirDist__SupFanMtr/NE-HVAC-FanBelt-CoggedVBelt-Msr/instance-out.sql,186.91,2266145.62,594.44,7207029.82
CZ11/RtL&0&rDXHP&New&HV_AirDist__SupFanMtr/NE-HVAC-FanBelt-SynchVBelt-Msr/instance-out.sql,184.65,2238635.67,586.87,7115146.59
CZ11/RtS&0&rDXHP&New&HV_AirDist__SupFanMtr/NE-HVAC-FanBelt-VBelt-Std/instance-out.sql,93.35,138789.33,288.80,429350.04
CZ11/RtS&0&rDXHP&New&HV_AirDist__SupFanMtr/NE-HVAC-FanBelt-CoggedVBelt-Msr/instance-out.sql,92.61,137682.62,286.31,425653.63
CZ11/RtS&0&rDXHP&New&HV_AirDist__SupFanMtr/NE-HVAC-FanBelt-SynchVBelt-Msr/instance-out.sql,91.55,136103.28,282.76,420378.62
CZ11/SCn&0&rDXHP&New&HV_AirDist__SupFanMtr/NE-HVAC-FanBelt-VBelt-Std/instance-out.sql,92.42,4292982.77,304.80,14158115.12
CZ11/SCn&0&rDXHP&New&HV_AirDist__SupFanMtr/NE-HVAC-FanBelt-CoggedVBelt-Msr/instance-out.sql,91.37,4244282.00,301.30,13995454.55
CZ11/SCn&0&rDXHP&New&HV_AirDist__SupFanMtr/NE-HVAC-FanBelt-SynchVBelt-Msr/instance-out.sql,89.86,4174071.05,296.25,13760950.00
CZ12/Asm&0&rDXHP&New&HV_AirDist__SupFanMtr/NE-HVAC-FanBelt-VBelt-Std/instance-out.sql,128.44,811481.24,421.12,2660649.43
CZ12/Asm&0&rDXHP&New&HV_AirDist__SupFanMtr/NE-HVAC-FanBelt-CoggedVBelt-Msr/instance-out.sql,127.23,803849.03,417.09,2635157.84
CZ12/Asm&0&rDXHP&New&HV_AirDist__SupFanMtr/NE-HVAC-FanBelt-SynchVBelt-Msr/instance-out.sql,125.51,792956.55,411.33,2598776.97
CZ12/ECC&0&rDXHP&New&HV_AirDist__SupFanMtr/NE-HVAC-FanBelt-VBelt-Std/instance-out.sql,107.38,2835031.16,316.08,8345304.02
CZ12/ECC&0&rDXHP&New&HV_AirDist__SupFanMtr/NE-HVAC-FanBelt-CoggedVBelt-Msr/instance-out.sql,106.76,2818675.87,314.01,8290701.29
CZ12/ECC&0&rDXHP&New&HV_AirDist__SupFanMtr/NE-HVAC-FanBelt-SynchVBelt-Msr/instance-out.sql,105.88,2795443.87,311.07,8213091.55
CZ12/EPr&0&rDXHP&New&HV_AirDist__SupFanMtr/NE-HVAC-FanBelt-VBelt-Std/instance-out.sql,111.19,420909.22,296.65,1122923.14
CZ12/EPr&0&rDXHP&New&HV_AirDist__SupFanMtr/NE-HVAC-FanBelt-CoggedVBelt-Msr/instance-out.sql,110.62,418725.42,294.72,1115629.26
CZ12/EPr&0&rDXHP&New&HV_AirDist__SupFanMtr/NE-HVAC-FanBelt-SynchVBelt-Msr/instance-out.sql,109.79,415605.37,291.97,1105208.31
CZ12/ERC&0&rDXHP&New&HV_AirDist__SupFanMtr/NE-HVAC-FanBelt-VBelt-Std/instance-out.sql,76.23,20421.44,176.66,47326.35
CZ12/ERC&0&rDXHP&New&HV_AirDist__SupFanMtr/NE-HVAC-FanBelt-CoggedVBelt-Msr/instance-out.sql,75.81,20307.76,175.24,46946.68
CZ12/ERC&0&rDXHP&New&HV_AirDist__SupFanMtr/NE-HVAC-FanBelt-SynchVBelt-Msr/instance-out.sql,75.19,20143.19,173.19,46397.01
CZ12/ESe&0&rDXHP&New&HV_AirDist__SupFanMtr/NE-HVAC-FanBelt-VBelt-Std/instance-out.sql,177.32,1225664.93,470.49,3252131.29
CZ12/ESe&0&rDXHP&New&HV_AirDist__SupFanMtr/NE-HVAC-FanBelt-CoggedVBelt-Msr/instance-out.sql,176.94,1223079.55,469.24,3243476.14
CZ12/ESe&0&rDXHP&New&HV_AirDist__SupFanMtr/NE-HVAC-FanBelt-SynchVBelt-Msr/instance-out.sql,176.42,1219419.47,467.47,3231222.04
CZ12/EUn&0&rDXHP&New&HV_AirDist__SupFanMtr/NE-HVAC-FanBelt-VBelt-Std/instance-out.sql,112.79,8988473.78,352.52,28092821.60
CZ12/EUn&0&rDXHP&New&HV_AirDist__SupFanMtr/NE-HVAC-FanBelt-CoggedVBelt-Msr/instance-out.sql,112.15,8937299.68,350.38,27921893.75
CZ12/EUn&0&rDXHP&New&HV_AirDist__SupFanMtr/NE-HVAC-FanBelt-SynchVBelt-Msr/instance-out.sql,111.23,8864231.39,347.31,27677836.97
CZ12/Hsp&0&rDXHP&New&HV_AirDist__SupFanMtr/NE-HVAC-FanBelt-VBelt-Std/instance-out.sql,105.46,4840550.07,303.55,13932543.00
CZ12/Hsp&0&rDXHP&New&HV_AirDist__SupFanMtr/NE-HVAC-FanBelt-CoggedVBelt-Msr/instance-out.sql,105.24,4830284.15,302.79,13897694.84
CZ12/Hsp&0&rDXHP&New&HV_AirDist__SupFanMtr/NE-HVAC-FanBelt-SynchVBelt-Msr/instance-out.sql,104.92,4815546.81,301.70,13847733.57
CZ12/MBT&0&rDXHP&New&HV_AirDist__SupFanMtr/NE-HVAC-FanBelt-VBelt-Std/instance-out.sql,187.91,6981884.82,442.88,16455841.37
CZ12/MBT&0&rDXHP&New&HV_AirDist__SupFanMtr/NE-HVAC-FanBelt-CoggedVBelt-Msr/instance-out.sql,187.62,6971332.20,441.92,16420220.38
CZ12/MBT&0&rDXHP&New&HV_AirDist__SupFanMtr/NE-HVAC-FanBelt-SynchVBelt-Msr/instance-out.sql,187.22,6956274.40,440.55,16369388.95
CZ12/MLI&0&rDXHP&New&HV_AirDist__SupFanMtr/NE-HVAC-FanBelt-VBelt-Std/instance-out.sql,135.98,1263448.74,442.75,4113874.27
CZ12/MLI&0&rDXHP&New&HV_AirDist__SupFanMtr/NE-HVAC-FanBelt-CoggedVBelt-Msr/instance-out.sql,134.48,1249558.98,437.76,4067482.49
CZ12/MLI&0&rDXHP&New&HV_AirDist__SupFanMtr/NE-HVAC-FanBelt-SynchVBelt-Msr/instance-out.sql,132.35,1229745.78,430.64,4001306.39
CZ12/Mtl&0&rDXHP&New&HV_AirDist__SupFanMtr/NE-HVAC-FanBelt-VBelt-Std/instance-out.sql,78.49,218647.79,255.04,710481.17
CZ12/Mtl&0&rDXHP&New&HV_AirDist__SupFanMtr/NE-HVAC-FanBelt-CoggedVBelt-Msr/instance-out.sql,77.69,216417.14,252.36,703025.55
CZ12/Mtl&0&rDXHP&New&HV_AirDist__SupFanMtr/NE-HVAC-FanBelt-SynchVBelt-Msr/instance-out.sql,76.54,213231.62,248.54,692377.01
CZ12/Nrs&0&rDXHP&New&HV_AirDist__SupFanMtr/NE-HVAC-FanBelt-VBelt-Std/instance-out.sql,95.61,985899.60,265.61,2738980.95
CZ12/Nrs&0&rDXHP&New&HV_AirDist__SupFanMtr/NE-HVAC-FanBelt-CoggedVBelt-Msr/instance-out.sql,95.28,982581.77,264.51,2727610.34
CZ12/Nrs&0&rDXHP&New&HV_AirDist__SupFanMtr/NE-HVAC-FanBelt-SynchVBelt-Msr/instance-out.sql,94.82,977766.69,262.92,2711311.85
CZ12/OfL&0&rDXHP&New&HV_AirDist__SupFanMtr/NE-HVAC-FanBelt-VBelt-Std/instance-out.sql,84.94,2761341.95,271.27,8818731.22
CZ12/OfL&0&rDXHP&New&HV_AirDist__SupFanMtr/NE-HVAC-FanBelt-CoggedVBelt-Msr/instance-out.sql,84.23,2738268.53,268.90,8741660.68
CZ12/OfL&0&rDXHP&New&HV_AirDist__SupFanMtr/NE-HVAC-FanBelt-SynchVBelt-Msr/instance-out.sql,83.22,2705362.77,265.52,8631765.59
CZ12/OfS&0&rDXHP&New&HV_AirDist__SupFanMtr/NE-HVAC-FanBelt-VBelt-Std/instance-out.sql,78.70,146266.15,236.75,439988.41
CZ12/OfS&0&rDXHP&New&HV_AirDist__SupFanMtr/NE-HVAC-FanBelt-CoggedVBelt-Msr/instance-out.sql,77.96,144896.17,234.28,435412.67
CZ12/OfS&0&rDXHP&New&HV_AirDist__SupFanMtr/NE-HVAC-FanBelt-SynchVBelt-Msr/instance-out.sql,76.91,142943.49,230.77,428890.71
CZ12/RFF&0&rDXHP&New&HV_AirDist__SupFanMtr/NE-HVAC-FanBelt-VBelt-Std/instance-out.sql,299.92,111347.34,729.28,270753.10
CZ12/RFF&0&rDXHP&New&HV_AirDist__SupFanMtr/NE-HVAC-FanBelt-CoggedVBelt-Msr/instance-out.sql,298.89,110964.68,725.84,269475.03
CZ12/RFF&0&rDXHP&New&HV_AirDist__SupFanMtr/NE-HVAC-FanBelt-SynchVBelt-Msr/instance-out.sql,297.42,110418.61,720.93,267651.13
CZ12/RSD&0&rDXHP&New&HV_AirDist__SupFanMtr/NE-HVAC-FanBelt-VBelt-Std/instance-out.sql,296.52,308671.11,615.05,640262.87
CZ12/RSD&0&rDXHP&New&HV_AirDist__SupFanMtr/NE-HVAC-FanBelt-CoggedVBelt-Msr/instance-out.sql,296.32,308460.80,614.37,639553.87
CZ12/RSD&0&rDXHP&New&HV_AirDist__SupFanMtr/NE-HVAC-FanBelt-SynchVBelt-Msr/instance-out.sql,296.03,308160.10,613.40,638541.61
CZ12/Rt3&0&rDXHP&New&HV_AirDist__SupFanMtr/NE-HVAC-FanBelt-VBelt-Std/instance-out.sql,96.05,2141541.06,303.84,6774733.94
CZ12/Rt3&0&rDXHP&New&HV_AirDist__SupFanMtr/NE-HVAC-FanBelt-CoggedVBelt-Msr/instance-out.sql,95.23,2123413.89,301.13,6714170.77
CZ12/Rt3&0&rDXHP&New&HV_AirDist__SupFanMtr/NE-HVAC-FanBelt-SynchVBelt-Msr/instance-out.sql,94.08,2097576.89,297.26,6627847.64
CZ12/RtL&0&rDXHP&New&HV_AirDist__SupFanMtr/NE-HVAC-FanBelt-VBelt-Std/instance-out.sql,179.22,2172816.24,568.15,6888250.27
CZ12/RtL&0&rDXHP&New&HV_AirDist__SupFanMtr/NE-HVAC-FanBelt-CoggedVBelt-Msr/instance-out.sql,177.73,2154793.12,563.19,6828053.04
CZ12/RtL&0&rDXHP&New&HV_AirDist__SupFanMtr/NE-HVAC-FanBelt-SynchVBelt-Msr/instance-out.sql,175.61,2129068.27,556.10,6742132.02
CZ12/RtS&0&rDXHP&New&HV_AirDist__SupFanMtr/NE-HVAC-FanBelt-VBelt-Std/instance-out.sql,90.08,133926.79,277.49,412547.20
CZ12/RtS&0&rDXHP&New&HV_AirDist__SupFanMtr/NE-HVAC-FanBelt-CoggedVBelt-Msr/instance-out.sql,89.36,132856.85,275.09,408973.63
CZ12/RtS&0&rDXHP&New&HV_AirDist__SupFanMtr/NE-HVAC-FanBelt-SynchVBelt-Msr/instance-out.sql,88.34,131330.54,271.66,403875.73
CZ12/SCn&0&rDXHP&New&HV_AirDist__SupFanMtr/NE-HVAC-FanBelt-VBelt-Std/instance-out.sql,81.82,3800525.48,269.29,12508658.48
CZ12/SCn&0&rDXHP&New&HV_AirDist__SupFanMtr/NE-HVAC-FanBelt-CoggedVBelt-Msr/instance-out.sql,80.92,3758706.98,266.28,12368984.72
CZ12/SCn&0&rDXHP&New&HV_AirDist__SupFanMtr/NE-HVAC-FanBelt-SynchVBelt-Msr/instance-out.sql,79.63,3699011.14,261.99,12169600.59
CZ13/Asm&0&rDXHP&New&HV_AirDist__SupFanMtr/NE-HVAC-FanBelt-VBelt-Std/instance-out.sql,138.86,877347.09,456.25,2882573.44
CZ13/Asm&0&rDXHP&New&HV_AirDist__SupFanMtr/NE-HVAC-FanBelt-CoggedVBelt-Msr/instance-out.sql,137.58,869265.69,451.97,2855581.57
CZ13/Asm&0&rDXHP&New&HV_AirDist__SupFanMtr/NE-HVAC-FanBelt-SynchVBelt-Msr/instance-out.sql,135.76,857728.14,445.87,2817046.17
CZ13/ECC&0&rDXHP&New&HV_AirDist__SupFanMtr/NE-HVAC-FanBelt-VBelt-Std/instance-out.sql,113.10,2986123.76,337.28,8905055.85
CZ13/ECC&0&rDXHP&New&HV_AirDist__SupFanMtr/NE-HVAC-FanBelt-CoggedVBelt-Msr/instance-out.sql,112.42,2968217.52,335.02,8845249.11
CZ13/ECC&0&rDXHP&New&HV_AirDist__SupFanMtr/NE-HVAC-FanBelt-SynchVBelt-Msr/instance-out.sql,111.45,2942594.02,331.78,8759669.10
CZ13/EPr&0&rDXHP&New&HV_AirDist__SupFanMtr/NE-HVAC-FanBelt-VBelt-Std/instance-out.sql,116.88,442436.68,318.26,1204735.97
CZ13/EPr&0&rDXHP&New&HV_AirDist__SupFanMtr/NE-HVAC-FanBelt-CoggedVBelt-Msr/instance-out.sql,116.25,440036.46,316.14,1196719.29
CZ13/EPr&0&rDXHP&New&HV_AirDist__SupFanMtr/NE-HVAC-FanBelt-SynchVBelt-Msr/instance-out.sql,115.34,436617.52,313.13,1185300.03
CZ13/ERC&0&rDXHP&New&HV_AirDist__SupFanMtr/NE-HVAC-FanBelt-VBelt-Std/instance-out.sql,82.60,22128.50,199.29,53387.84
CZ13/ERC&0&rDXHP&New&HV_AirDist__SupFanMtr/NE-HVAC-FanBelt-CoggedVBelt-Msr/instance-out.sql,82.08,21987.61,197.53,52917.28
CZ13/ERC&0&rDXHP&New&HV_AirDist__SupFanMtr/NE-HVAC-FanBelt-SynchVBelt-Msr/instance-out.sql,81.33,21786.54,195.02,52245.70
CZ13/ESe&0&rDXHP&New&HV_AirDist__SupFanMtr/NE-HVAC-FanBelt-VBelt-Std/instance-out.sql,181.29,1253087.58,493.27,3409608.73
CZ13/ESe&0&rDXHP&New&HV_AirDist__SupFanMtr/NE-HVAC-FanBelt-CoggedVBelt-Msr/instance-out.sql,180.87,1250215.90,491.88,3399995.25
CZ13/ESe&0&rDXHP&New&HV_AirDist__SupFanMtr/NE-HVAC-FanBelt-SynchVBelt-Msr/instance-out.sql,180.28,1246158.52,489.92,3386413.33
CZ13/EUn&0&rDXHP&New&HV_AirDist__SupFanMtr/NE-HVAC-FanBelt-VBelt-Std/instance-out.sql,117.68,9377892.75,370.00,29485415.18
CZ13/EUn&0&rDXHP&New&HV_AirDist__SupFanMtr/NE-HVAC-FanBelt-CoggedVBelt-Msr/instance-out.sql,117.00,9323650.28,367.72,29304241.69
CZ13/EUn&0&rDXHP&New&HV_AirDist__SupFanMtr/NE-HVAC-FanBelt-SynchVBelt-Msr/instance-out.sql,116.03,9246258.64,364.48,29045748.04
CZ13/Hsp&0&rDXHP&New&HV_AirDist__SupFanMtr/NE-HVAC-FanBelt-VBelt-Std/instance-out.sql,111.92,5136933.45,324.96,14915317.20
CZ13/Hsp&0&rDXHP&New&HV_AirDist__SupFanMtr/NE-HVAC-FanBelt-CoggedVBelt-Msr/instance-out.sql,111.68,5125996.63,324.16,14878790.91
CZ13/Hsp&0&rDXHP&New&HV_AirDist__SupFanMtr/NE-HVAC-FanBelt-SynchVBelt-Msr/instance-out.sql,111.34,5110493.21,323.03,14826664.09
CZ13/MBT&0&rDXHP&New&HV_AirDist__SupFanMtr/NE-HVAC-FanBelt-VBelt-Std/instance-out.sql,188.06,6987632.36,464.82,17271132.44
CZ13/MBT&0&rDXHP&New&HV_AirDist__SupFanMtr/NE-HVAC-FanBelt-CoggedVBelt-Msr/instance-out.sql,187.75,6976073.13,463.77,17232182.09
CZ13/MBT&0&rDXHP&New&HV_AirDist__SupFanMtr/NE-HVAC-FanBelt-SynchVBelt-Msr/instance-out.sql,187.31,6959578.33,462.28,17176595.94
CZ13/MLI&0&rDXHP&New&HV_AirDist__SupFanMtr/NE-HVAC-FanBelt-VBelt-Std/instance-out.sql,144.33,1341103.53,471.22,4378372.74
CZ13/MLI&0&rDXHP&New&HV_AirDist__SupFanMtr/NE-HVAC-FanBelt-CoggedVBelt-Msr/instance-out.sql,142.75,1326352.61,465.92,4329104.64
CZ13/MLI&0&rDXHP&New&HV_AirDist__SupFanMtr/NE-HVAC-FanBelt-SynchVBelt-Msr/instance-out.sql,140.48,1305305.08,458.35,4258805.91
CZ13/Mtl&0&rDXHP&New&HV_AirDist__SupFanMtr/NE-HVAC-FanBelt-VBelt-Std/instance-out.sql,85.69,238727.22,279.38,778293.68
CZ13/Mtl&0&rDXHP&New&HV_AirDist__SupFanMtr/NE-HVAC-FanBelt-CoggedVBelt-Msr/instance-out.sql,84.83,236319.48,276.49,770247.25
CZ13/Mtl&0&rDXHP&New&HV_AirDist__SupFanMtr/NE-HVAC-FanBelt-SynchVBelt-Msr/instance-out.sql,83.60,232884.07,272.37,758767.20
CZ13/Nrs&0&rDXHP&New&HV_AirDist__SupFanMtr/NE-HVAC-FanBelt-VBelt-Std/instance-out.sql,100.79,1039364.41,283.86,2927202.10
CZ13/Nrs&0&rDXHP&New&HV_AirDist__SupFanMtr/NE-HVAC-FanBelt-CoggedVBelt-Msr/instance-out.sql,100.44,1035725.03,282.66,2914846.11
CZ13/Nrs&0&rDXHP&New&HV_AirDist__SupFanMtr/NE-HVAC-FanBelt-SynchVBelt-Msr/instance-out.sql,99.93,1030536.79,280.95,2897228.48
CZ13/OfL&0&rDXHP&New&HV_AirDist__SupFanMtr/NE-HVAC-FanBelt-VBelt-Std/instance-out.sql,89.81,2919719.63,287.66,9351485.95
CZ13/OfL&0&rDXHP&New&HV_AirDist__SupFanMtr/NE-HVAC-FanBelt-CoggedVBelt-Msr/instance-out.sql,89.06,2895264.51,285.15,9269810.40
CZ13/OfL&0&rDXHP&New&HV_AirDist__SupFanMtr/NE-HVAC-FanBelt-SynchVBelt-Msr/instance-out.sql,87.99,2860388.17,281.56,9153291.32
CZ13/OfS&0&rDXHP&New&HV_AirDist__SupFanMtr/NE-HVAC-FanBelt-VBelt-Std/instance-out.sql,84.46,156960.73,257.12,477847.99
CZ13/OfS&0&rDXHP&New&HV_AirDist__SupFanMtr/NE-HVAC-FanBelt-CoggedVBelt-Msr/instance-out.sql,83.65,155454.64,254.41,472817.65
CZ13/OfS&0&rDXHP&New&HV_AirDist__SupFanMtr/NE-HVAC-FanBelt-SynchVBelt-Msr/instance-out.sql,82.49,153303.47,250.54,465632.75
CZ13/RFF&0&rDXHP&New&HV_AirDist__SupFanMtr/NE-HVAC-FanBelt-VBelt-Std/instance-out.sql,311.59,115681.56,774.66,287599.06
CZ13/RFF&0&rDXHP&New&HV_AirDist__SupFanMtr/NE-HVAC-FanBelt-CoggedVBelt-Msr/instance-out.sql,310.46,115262.11,770.89,286198.09
CZ13/RFF&0&rDXHP&New&HV_AirDist__SupFanMtr/NE-HVAC-FanBelt-SynchVBelt-Msr/instance-out.sql,308.85,114663.73,765.50,284199.48
CZ13/RSD&0&rDXHP&New&HV_AirDist__SupFanMtr/NE-HVAC-FanBelt-VBelt-Std/instance-out.sql,325.84,339198.96,686.80,714949.32
CZ13/RSD&0&rDXHP&New&HV_AirDist__SupFanMtr/NE-HVAC-FanBelt-CoggedVBelt-Msr/instance-out.sql,325.62,338965.15,686.05,714163.57
CZ13/RSD&0&rDXHP&New&HV_AirDist__SupFanMtr/NE-HVAC-FanBelt-SynchVBelt-Msr/instance-out.sql,325.30,338635.23,684.98,713049.49
CZ13/Rt3&0&rDXHP&New&HV_AirDist__SupFanMtr/NE-HVAC-FanBelt-VBelt-Std/instance-out.sql,100.37,2237821.40,319.22,7117501.05
CZ13/Rt3&0&rDXHP&New&HV_AirDist__SupFanMtr/NE-HVAC-FanBelt-CoggedVBelt-Msr/instance-out.sql,99.51,2218758.27,316.36,7053817.54
CZ13/Rt3&0&rDXHP&New&HV_AirDist__SupFanMtr/NE-HVAC-FanBelt-SynchVBelt-Msr/instance-out.sql,98.29,2191561.78,312.29,6962962.27
CZ13/RtL&0&rDXHP&New&HV_AirDist__SupFanMtr/NE-HVAC-FanBelt-VBelt-Std/instance-out.sql,190.38,2308189.34,606.63,7354811.64
CZ13/RtL&0&rDXHP&New&HV_AirDist__SupFanMtr/NE-HVAC-FanBelt-CoggedVBelt-Msr/instance-out.sql,188.77,2288652.65,601.25,7289559.09
CZ13/RtL&0&rDXHP&New&HV_AirDist__SupFanMtr/NE-HVAC-FanBelt-SynchVBelt-Msr/instance-out.sql,186.47,2260766.12,593.57,7196418.10
CZ13/RtS&0&rDXHP&New&HV_AirDist__SupFanMtr/NE-HVAC-FanBelt-VBelt-Std/instance-out.sql,94.84,141004.31,294.16,437332.04
CZ13/RtS&0&rDXHP&New&HV_AirDist__SupFanMtr/NE-HVAC-FanBelt-CoggedVBelt-Msr/instance-out.sql,94.08,139867.66,291.61,433535.64
CZ13/RtS&0&rDXHP&New&HV_AirDist__SupFanMtr/NE-HVAC-FanBelt-SynchVBelt-Msr/instance-out.sql,92.99,138245.84,287.97,428118.75
CZ13/SCn&0&rDXHP&New&HV_AirDist__SupFanMtr/NE-HVAC-FanBelt-VBelt-Std/instance-out.sql,92.94,4316982.09,306.63,14243089.24
CZ13/SCn&0&rDXHP&New&HV_AirDist__SupFanMtr/NE-HVAC-FanBelt-CoggedVBelt-Msr/instance-out.sql,91.88,4267822.51,303.09,14078896.25
CZ13/SCn&0&rDXHP&New&HV_AirDist__SupFanMtr/NE-HVAC-FanBelt-SynchVBelt-Msr/instance-out.sql,90.37,4197643.82,298.05,13844499.41
CZ14/Asm&0&rDXHP&New&HV_AirDist__SupFanMtr/NE-HVAC-FanBelt-VBelt-Std/instance-out.sql,152.46,963229.97,501.92,3171114.79
CZ14/Asm&0&rDXHP&New&HV_AirDist__SupFanMtr/NE-HVAC-FanBelt-CoggedVBelt-Msr/instance-out.sql,151.03,954193.68,497.14,3140933.59
CZ14/Asm&0&rDXHP&New&HV_AirDist__SupFanMtr/NE-HVAC-FanBelt-SynchVBelt-Msr/instance-out.sql,148.99,941294.39,490.32,3097849.98
CZ14/ECC&0&rDXHP&New&HV_AirDist__SupFanMtr/NE-HVAC-FanBelt-VBelt-Std/instance-out.sql,120.99,3194295.35,365.43,9648101.86
CZ14/ECC&0&rDXHP&New&HV_AirDist__SupFanMtr/NE-HVAC-FanBelt-CoggedVBelt-Msr/instance-out.sql,120.22,3174070.59,362.87,9580553.00
CZ14/ECC&0&rDXHP&New&HV_AirDist__SupFanMtr/NE-HVAC-FanBelt-SynchVBelt-Msr/instance-out.sql,119.12,3145167.64,359.21,9484017.21
CZ14/EPr&0&rDXHP&New&HV_AirDist__SupFanMtr/NE-HVAC-FanBelt-VBelt-Std/instance-out.sql,124.92,472860.71,347.38,1314982.88
CZ14/EPr&0&rDXHP&New&HV_AirDist__SupFanMtr/NE-HVAC-FanBelt-CoggedVBelt-Msr/instance-out.sql,124.19,470122.96,344.97,1305838.81
CZ14/EPr&0&rDXHP&New&HV_AirDist__SupFanMtr/NE-HVAC-FanBelt-SynchVBelt-Msr/instance-out.sql,123.16,466215.67,341.52,1292788.42
CZ14/ERC&0&rDXHP&New&HV_AirDist__SupFanMtr/NE-HVAC-FanBelt-VBelt-Std/instance-out.sql,89.80,24057.18,224.50,60143.21
CZ14/ERC&0&rDXHP&New&HV_AirDist__SupFanMtr/NE-HVAC-FanBelt-CoggedVBelt-Msr/instance-out.sql,89.16,23886.76,222.38,59574.02
CZ14/ERC&0&rDXHP&New&HV_AirDist__SupFanMtr/NE-HVAC-FanBelt-SynchVBelt-Msr/instance-out.sql,88.25,23641.71,219.32,58755.55
CZ14/ESe&0&rDXHP&New&HV_AirDist__SupFanMtr/NE-HVAC-FanBelt-VBelt-Std/instance-out.sql,187.87,1298617.84,527.55,3646542.23
CZ14/ESe&0&rDXHP&New&HV_AirDist__SupFanMtr/NE-HVAC-FanBelt-CoggedVBelt-Msr/instance-out.sql,187.40,1295374.74,525.98,3635700.92
CZ14/ESe&0&rDXHP&New&HV_AirDist__SupFanMtr/NE-HVAC-FanBelt-SynchVBelt-Msr/instance-out.sql,186.73,1290729.96,523.74,3620173.21
CZ14/EUn&0&rDXHP&New&HV_AirDist__SupFanMtr/NE-HVAC-FanBelt-VBelt-Std/instance-out.sql,125.38,9991473.85,396.71,31613894.27
CZ14/EUn&0&rDXHP&New&HV_AirDist__SupFanMtr/NE-HVAC-FanBelt-CoggedVBelt-Msr/instance-out.sql,124.62,9931390.71,394.19,31413212.87
CZ14/EUn&0&rDXHP&New&HV_AirDist__SupFanMtr/NE-HVAC-FanBelt-SynchVBelt-Msr/instance-out.sql,123.55,9845645.27,390.59,31126817.55
CZ14/Hsp&0&rDXHP&New&HV_AirDist__SupFanMtr/NE-HVAC-FanBelt-VBelt-Std/instance-out.sql,121.68,5585176.43,353.40,16220695.50
CZ14/Hsp&0&rDXHP&New&HV_AirDist__SupFanMtr/NE-HVAC-FanBelt-CoggedVBelt-Msr/instance-out.sql,121.42,5573254.97,352.53,16180842.43
CZ14/Hsp&0&rDXHP&New&HV_AirDist__SupFanMtr/NE-HVAC-FanBelt-SynchVBelt-Msr/instance-out.sql,121.05,5556172.24,351.28,16123510.98
CZ14/MBT&0&rDXHP&New&HV_AirDist__SupFanMtr/NE-HVAC-FanBelt-VBelt-Std/instance-out.sql,191.46,7113880.59,496.98,18466074.11
CZ14/MBT&0&rDXHP&New&HV_AirDist__SupFanMtr/NE-HVAC-FanBelt-CoggedVBelt-Msr/instance-out.sql,191.11,7100887.74,495.81,18422425.82
CZ14/MBT&0&rDXHP&New&HV_AirDist__SupFanMtr/NE-HVAC-FanBelt-SynchVBelt-Msr/instance-out.sql,190.61,7082343.42,494.13,18360118.87
CZ14/MLI&0&rDXHP&New&HV_AirDist__SupFanMtr/NE-HVAC-FanBelt-VBelt-Std/instance-out.sql,156.33,1452531.59,511.76,4755038.34
CZ14/MLI&0&rDXHP&New&HV_AirDist__SupFanMtr/NE-HVAC-FanBelt-CoggedVBelt-Msr/instance-out.sql,154.58,1436280.95,505.91,4700761.21
CZ14/MLI&0&rDXHP&New&HV_AirDist__SupFanMtr/NE-HVAC-FanBelt-SynchVBelt-Msr/instance-out.sql,152.08,1413082.97,497.58,4623279.96
CZ14/Mtl&0&rDXHP&New&HV_AirDist__SupFanMtr/NE-HVAC-FanBelt-VBelt-Std/instance-out.sql,95.17,265127.01,311.32,867268.21
CZ14/Mtl&0&rDXHP&New&HV_AirDist__SupFanMtr/NE-HVAC-FanBelt-CoggedVBelt-Msr/instance-out.sql,94.19,262387.94,308.03,858117.62
CZ14/Mtl&0&rDXHP&New&HV_AirDist__SupFanMtr/NE-HVAC-FanBelt-SynchVBelt-Msr/instance-out.sql,92.78,258478.93,303.34,845059.36
CZ14/Nrs&0&rDXHP&New&HV_AirDist__SupFanMtr/NE-HVAC-FanBelt-VBelt-Std/instance-out.sql,108.84,1122329.16,309.26,3189116.07
CZ14/Nrs&0&rDXHP&New&HV_AirDist__SupFanMtr/NE-HVAC-FanBelt-CoggedVBelt-Msr/instance-out.sql,108.43,1118188.03,307.92,3175279.02
CZ14/Nrs&0&rDXHP&New&HV_AirDist__SupFanMtr/NE-HVAC-FanBelt-SynchVBelt-Msr/instance-out.sql,107.88,1112451.38,306.02,3155736.57
CZ14/OfL&0&rDXHP&New&HV_AirDist__SupFanMtr/NE-HVAC-FanBelt-VBelt-Std/instance-out.sql,97.88,3181923.19,314.57,10226181.13
CZ14/OfL&0&rDXHP&New&HV_AirDist__SupFanMtr/NE-HVAC-FanBelt-CoggedVBelt-Msr/instance-out.sql,97.04,3154631.79,311.76,10135028.35
CZ14/OfL&0&rDXHP&New&HV_AirDist__SupFanMtr/NE-HVAC-FanBelt-SynchVBelt-Msr/instance-out.sql,95.84,3115682.23,307.76,10004939.07
CZ14/OfS&0&rDXHP&New&HV_AirDist__SupFanMtr/NE-HVAC-FanBelt-VBelt-Std/instance-out.sql,92.91,172666.97,286.35,532180.34
CZ14/OfS&0&rDXHP&New&HV_AirDist__SupFanMtr/NE-HVAC-FanBelt-CoggedVBelt-Msr/instance-out.sql,91.97,170932.56,283.23,526387.41
CZ14/OfS&0&rDXHP&New&HV_AirDist__SupFanMtr/NE-HVAC-FanBelt-SynchVBelt-Msr/instance-out.sql,90.64,168452.96,278.78,518105.54
CZ14/RFF&0&rDXHP&New&HV_AirDist__SupFanMtr/NE-HVAC-FanBelt-VBelt-Std/instance-out.sql,327.48,121578.40,833.30,309370.18
CZ14/RFF&0&rDXHP&New&HV_AirDist__SupFanMtr/NE-HVAC-FanBelt-CoggedVBelt-Msr/instance-out.sql,326.18,121096.33,828.96,307760.05
CZ14/RFF&0&rDXHP&New&HV_AirDist__SupFanMtr/NE-HVAC-FanBelt-SynchVBelt-Msr/instance-out.sql,324.32,120408.35,822.77,305462.21
CZ14/RSD&0&rDXHP&New&HV_AirDist__SupFanMtr/NE-HVAC-FanBelt-VBelt-Std/instance-out.sql,348.56,362843.84,747.80,778448.03
CZ14/RSD&0&rDXHP&New&HV_AirDist__SupFanMtr/NE-HVAC-FanBelt-CoggedVBelt-Msr/instance-out.sql,348.30,362575.94,746.94,777549.12
CZ14/RSD&0&rDXHP&New&HV_AirDist__SupFanMtr/NE-HVAC-FanBelt-SynchVBelt-Msr/instance-out.sql,347.93,362187.98,745.70,776257.72
CZ14/Rt3&0&rDXHP&New&HV_AirDist__SupFanMtr/NE-HVAC-FanBelt-VBelt-Std/instance-out.sql,107.38,2394302.59,343.47,7658202.03
CZ14/Rt3&0&rDXHP&New&HV_AirDist__SupFanMtr/NE-HVAC-FanBelt-CoggedVBelt-Msr/instance-out.sql,106.45,2373411.49,340.34,7588425.56
CZ14/Rt3&0&rDXHP&New&HV_AirDist__SupFanMtr/NE-HVAC-FanBelt-SynchVBelt-Msr/instance-out.sql,105.11,2343565.14,335.87,7488735.97
CZ14/RtL&0&rDXHP&New&HV_AirDist__SupFanMtr/NE-HVAC-FanBelt-VBelt-Std/instance-out.sql,204.93,2484612.75,656.28,7956694.01
CZ14/RtL&0&rDXHP&New&HV_AirDist__SupFanMtr/NE-HVAC-FanBelt-CoggedVBelt-Msr/instance-out.sql,203.15,2462929.11,650.30,7884270.76
CZ14/RtL&0&rDXHP&New&HV_AirDist__SupFanMtr/NE-HVAC-FanBelt-SynchVBelt-Msr/instance-out.sql,200.59,2431970.20,641.77,7780867.98
CZ14/RtS&0&rDXHP&New&HV_AirDist__SupFanMtr/NE-HVAC-FanBelt-VBelt-Std/instance-out.sql,103.42,153752.62,323.48,480914.91
CZ14/RtS&0&rDXHP&New&HV_AirDist__SupFanMtr/NE-HVAC-FanBelt-CoggedVBelt-Msr/instance-out.sql,102.53,152428.00,320.50,476490.67
CZ14/RtS&0&rDXHP&New&HV_AirDist__SupFanMtr/NE-HVAC-FanBelt-SynchVBelt-Msr/instance-out.sql,101.26,150536.73,316.25,470173.83
CZ14/SCn&0&rDXHP&New&HV_AirDist__SupFanMtr/NE-HVAC-FanBelt-VBelt-Std/instance-out.sql,103.18,4792697.77,341.01,15840268.70
CZ14/SCn&0&rDXHP&New&HV_AirDist__SupFanMtr/NE-HVAC-FanBelt-CoggedVBelt-Msr/instance-out.sql,101.95,4735634.14,336.91,15649676.18
CZ14/SCn&0&rDXHP&New&HV_AirDist__SupFanMtr/NE-HVAC-FanBelt-SynchVBelt-Msr/instance-out.sql,100.18,4653585.27,331.01,15375632.95
CZ15/Asm&0&rDXHP&New&HV_AirDist__SupFanMtr/NE-HVAC-FanBelt-VBelt-Std/instance-out.sql,163.52,1033097.28,539.41,3407980.15
CZ15/Asm&0&rDXHP&New&HV_AirDist__SupFanMtr/NE-HVAC-FanBelt-CoggedVBelt-Msr/instance-out.sql,162.06,1023911.00,534.55,3377297.95
CZ15/Asm&0&rDXHP&New&HV_AirDist__SupFanMtr/NE-HVAC-FanBelt-SynchVBelt-Msr/instance-out.sql,159.99,1010796.35,527.62,3333495.04
CZ15/ECC&0&rDXHP&New&HV_AirDist__SupFanMtr/NE-HVAC-FanBelt-VBelt-Std/instance-out.sql,127.29,3360769.57,390.07,10298720.41
CZ15/ECC&0&rDXHP&New&HV_AirDist__SupFanMtr/NE-HVAC-FanBelt-CoggedVBelt-Msr/instance-out.sql,126.49,3339594.08,387.39,10227994.24
CZ15/ECC&0&rDXHP&New&HV_AirDist__SupFanMtr/NE-HVAC-FanBelt-SynchVBelt-Msr/instance-out.sql,125.34,3309335.91,383.56,10126931.88
CZ15/EPr&0&rDXHP&New&HV_AirDist__SupFanMtr/NE-HVAC-FanBelt-VBelt-Std/instance-out.sql,130.11,492521.96,369.26,1397777.19
CZ15/EPr&0&rDXHP&New&HV_AirDist__SupFanMtr/NE-HVAC-FanBelt-CoggedVBelt-Msr/instance-out.sql,129.37,489725.86,366.79,1388438.21
CZ15/EPr&0&rDXHP&New&HV_AirDist__SupFanMtr/NE-HVAC-FanBelt-SynchVBelt-Msr/instance-out.sql,128.32,485731.99,363.27,1375098.70
CZ15/ERC&0&rDXHP&New&HV_AirDist__SupFanMtr/NE-HVAC-FanBelt-VBelt-Std/instance-out.sql,94.14,25219.85,241.32,64647.11
CZ15/ERC&0&rDXHP&New&HV_AirDist__SupFanMtr/NE-HVAC-FanBelt-CoggedVBelt-Msr/instance-out.sql,93.45,25034.39,239.00,64027.70
CZ15/ERC&0&rDXHP&New&HV_AirDist__SupFanMtr/NE-HVAC-FanBelt-SynchVBelt-Msr/instance-out.sql,92.46,24769.53,235.70,63143.06
CZ15/ESe&0&rDXHP&New&HV_AirDist__SupFanMtr/NE-HVAC-FanBelt-VBelt-Std/instance-out.sql,190.34,1315656.97,551.75,3813832.04
CZ15/ESe&0&rDXHP&New&HV_AirDist__SupFanMtr/NE-HVAC-FanBelt-CoggedVBelt-Msr/instance-out.sql,189.85,1312269.59,550.12,3802516.39
CZ15/ESe&0&rDXHP&New&HV_AirDist__SupFanMtr/NE-HVAC-FanBelt-SynchVBelt-Msr/instance-out.sql,189.15,1307434.66,547.78,3786363.68
CZ15/EUn&0&rDXHP&New&HV_AirDist__SupFanMtr/NE-HVAC-FanBelt-VBelt-Std/instance-out.sql,129.82,10345676.08,413.57,32957558.62
CZ15/EUn&0&rDXHP&New&HV_AirDist__SupFanMtr/NE-HVAC-FanBelt-CoggedVBelt-Msr/instance-out.sql,129.07,10285750.99,411.06,32757408.78
CZ15/EUn&0&rDXHP&New&HV_AirDist__SupFanMtr/NE-HVAC-FanBelt-SynchVBelt-Msr/instance-out.sql,128.00,10200138.53,407.47,32471463.11
CZ15/Hsp&0&rDXHP&New&HV_AirDist__SupFanMtr/NE-HVAC-FanBelt-VBelt-Std/instance-out.sql,133.24,6115730.50,388.70,17840931.74
CZ15/Hsp&0&rDXHP&New&HV_AirDist__SupFanMtr/NE-HVAC-FanBelt-CoggedVBelt-Msr/instance-out.sql,132.98,6103797.23,387.83,17800982.30
CZ15/Hsp&0&rDXHP&New&HV_AirDist__SupFanMtr/NE-HVAC-FanBelt-SynchVBelt-Msr/instance-out.sql,132.61,6086882.06,386.59,17744193.49
CZ15/MBT&0&rDXHP&New&HV_AirDist__SupFanMtr/NE-HVAC-FanBelt-VBelt-Std/instance-out.sql,182.79,6791861.52,510.84,18980891.86
CZ15/MBT&0&rDXHP&New&HV_AirDist__SupFanMtr/NE-HVAC-FanBelt-CoggedVBelt-Msr/instance-out.sql,182.43,6778261.47,509.61,18935395.88
CZ15/MBT&0&rDXHP&New&HV_AirDist__SupFanMtr/NE-HVAC-FanBelt-SynchVBelt-Msr/instance-out.sql,181.90,6758845.54,507.87,18870427.97
CZ15/MLI&0&rDXHP&New&HV_AirDist__SupFanMtr/NE-HVAC-FanBelt-VBelt-Std/instance-out.sql,166.84,1550172.12,547.85,5090438.45
CZ15/MLI&0&rDXHP&New&HV_AirDist__SupFanMtr/NE-HVAC-FanBelt-CoggedVBelt-Msr/instance-out.sql,165.00,1533151.27,541.73,5033588.81
CZ15/MLI&0&rDXHP&New&HV_AirDist__SupFanMtr/NE-HVAC-FanBelt-SynchVBelt-Msr/instance-out.sql,162.39,1508839.67,533.00,4952388.08
CZ15/Mtl&0&rDXHP&New&HV_AirDist__SupFanMtr/NE-HVAC-FanBelt-VBelt-Std/instance-out.sql,102.97,286861.94,337.60,940483.74
CZ15/Mtl&0&rDXHP&New&HV_AirDist__SupFanMtr/NE-HVAC-FanBelt-CoggedVBelt-Msr/instance-out.sql,101.97,284068.83,334.25,931154.75
CZ15/Mtl&0&rDXHP&New&HV_AirDist__SupFanMtr/NE-HVAC-FanBelt-SynchVBelt-Msr/instance-out.sql,100.54,280077.61,329.46,917824.08

File Name,Total (kWh),Heating (kWh),Cooling (kWh),Interior Lighting (kWh),Exterior Lighting (kWh),Interior Equipment (kWh),Exterior Equipment (kWh),Fans (kWh),Pumps (kWh),Heat Rejection (kWh),Humidification (kWh),Heat Recovery (kWh),Water Systems (kWh),Refrigeration (kWh),Generators (kWh),Heating Elec (kWh),Cooling Elec (kWh),Heating NG (kWh),Cooling NG (kWh),Interior Equipment Elec (kWh),Interior Equipment NG (kWh)
CZ01/Asm&0&rDXHP&New&HV_AirDist__SupFanMtr/NE-HVAC-FanBelt-VBelt-Std/instance-out.sql,654329.67,63721.47,918.48,76844.55,0.0,145823.51,0.0,342758.42,3.36,0.0,0.0,0.0,24259.89,0.0,0.0,63721.47,918.48,0.00,0.00,145823.51,0.00
CZ01/Asm&0&rDXHP&New&HV_AirDist__SupFanMtr/NE-HVAC-FanBelt-CoggedVBelt-Msr/instance-out.sql,648674.5700000001,64800.06,905.53,76844.55,0.0,145823.51,0.0,336037.66,3.36,0.0,0.0,0.0,24259.89,0.0,0.0,64800.06,905.53,0.00,0.00,145823.51,0.00
CZ01/Asm&0&rDXHP&New&HV_AirDist__SupFanMtr/NE-HVAC-FanBelt-SynchVBelt-Msr/instance-out.sql,640611.4,66355.88,887.62,76844.55,0.0,145823.51,0.0,326436.59,3.36,0.0,0.0,0.0,24259.89,0.0,0.0,66355.88,887.62,0.00,0.00,145823.51,0.00
CZ01/ECC&0&rDXHP&New&HV_AirDist__SupFanMtr/NE-HVAC-FanBelt-VBelt-Std/instance-out.sql,2521522.31,19117.43,28841.15,167224.54,0.0,1013813.91,0.0,798063.91,1249.07,0.0,0.0,0.0,493212.3,0.0,0.0,18931.18,28841.15,186.25,0.00,945189.93,68623.98
CZ01/ECC&0&rDXHP&New&HV_AirDist__SupFanMtr/NE-HVAC-FanBelt-CoggedVBelt-Msr/instance-out.sql,2508938.74,19780.75,28786.45,167224.54,0.0,1013813.91,0.0,784885.05,1248.21,0.0,0.0,0.0,493199.81,0.0,0.0,19594.27,28786.45,186.48,0.00,945189.93,68623.98
CZ01/ECC&0&rDXHP&New&HV_AirDist__SupFanMtr/NE-HVAC-FanBelt-SynchVBelt-Msr/instance-out.sql,2491012.21,20764.17,28705.72,167224.54,0.0,1013813.91,0.0,766048.2,1247.41,0.0,0.0,0.0,493208.25,0.0,0.0,20577.26,28705.72,186.91,0.00,945189.93,68623.98
CZ01/EPr&0&rDXHP&New&HV_AirDist__SupFanMtr/NE-HVAC-FanBelt-VBelt-Std/instance-out.sql,378394.15,9352.21,9009.84,30835.78,0.0,125897.03,0.0,109522.66,3.37,0.0,0.0,0.0,93773.25,0.0,0.0,9352.21,9009.84,0.00,0.00,83226.75,42670.28
CZ01/EPr&0&rDXHP&New&HV_AirDist__SupFanMtr/NE-HVAC-FanBelt-CoggedVBelt-Msr/instance-out.sql,376808.41000000003,9560.61,9001.49,30835.78,0.0,125897.03,0.0,107736.88,3.37,0.0,0.0,0.0,93773.25,0.0,0.0,9560.61,9001.49,0.00,0.00,83226.75,42670.28
CZ01/EPr&0&rDXHP&New&HV_AirDist__SupFanMtr/NE-HVAC-FanBelt-SynchVBelt-Msr/instance-out.sql,374549.88,9864.2,8989.83,30835.78,0.0,125897.03,0.0,105186.4,3.37,0.0,0.0,0.0,93773.25,0.0,0.0,9864.20,8989.83,0.00,0.00,83226.75,42670.28
CZ01/ERC&0&rDXHP&New&HV_AirDist__SupFanMtr/NE-HVAC-FanBelt-VBelt-Std/instance-out.sql,18135.010000000002,844.39,10.67,1016.35,0.0,2196.82,0.0,4482.97,3.36,0.0,0.0,0.0,9580.45,0.0,0.0,844.39,10.67,0.00,0.00,2196.82,0.00
CZ01/ERC&0&rDXHP&New&HV_AirDist__SupFanMtr/NE-HVAC-FanBelt-CoggedVBelt-Msr/instance-out.sql,18065.57,858.2,10.55,1016.35,0.0,2196.82,0.0,4399.87,3.36,0.0,0.0,0.0,9580.43,0.0,0.0,858.20,10.55,0.00,0.00,2196.82,0.00
CZ01/ERC&0&rDXHP&New&HV_AirDist__SupFanMtr/NE-HVAC-FanBelt-SynchVBelt-Msr/instance-out.sql,17965.08,877.65,10.39,1016.35,0.0,2196.82,0.0,4280.08,3.36,0.0,0.0,0.0,9580.43,0.0,0.0,877.65,10.39,0.00,0.00,2196.82,0.00
CZ01/ESe&0&rDXHP&New&HV_AirDist__SupFanMtr/NE-HVAC-FanBelt-VBelt-Std/instance-out.sql,1188908.65,160880.14,13953.73,94750.45,0.0,323176.74,0.0,339190.51,3.39,0.0,0.0,0.0,256953.69,0.0,0.0,3735.95,13953.73,157144.19,0.00,259085.82,64090.92
CZ01/ESe&0&rDXHP&New&HV_AirDist__SupFanMtr/NE-HVAC-FanBelt-CoggedVBelt-Msr/instance-out.sql,1186986.81,161026.13,13941.29,94750.45,0.0,323176.74,0.0,337135.12,3.39,0.0,0.0,0.0,256953.69,0.0,0.0,3854.93,13941.29,157171.20,0.00,259085.82,64090.92
CZ01/ESe&0&rDXHP&New&HV_AirDist__SupFanMtr/NE-HVAC-FanBelt-SynchVBelt-Msr/instance-out.sql,1184275.06,161235.77000000002,13922.57,94750.45,0.0,323176.74,0.0,334232.45,3.39,0.0,0.0,0.0,256953.69,0.0,0.0,4030.20,13922.57,157205.57,0.00,259085.82,64090.92
CZ01/EUn&0&rDXHP&New&HV_AirDist__SupFanMtr/NE-HVAC-FanBelt-VBelt-Std/instance-out.sql,8080374.04,37671.0,67929.78,644388.1,0.0,3682881.23,0.0,2814676.16,3.37,0.0,0.0,0.0,832824.4,0.0,0.0,36780.10,67929.78,890.90,0.00,3555459.15,127422.08
CZ01/EUn&0&rDXHP&New&HV_AirDist__SupFanMtr/NE-HVAC-FanBelt-CoggedVBelt-Msr/instance-out.sql,8036824.98,39055.53,67785.85,644388.1,0.0,3682881.23,0.0,2769886.49,3.37,0.0,0.0,0.0,832824.4,0.0,0.0,38160.78,67785.85,894.75,0.00,3555459.15,127422.08
CZ01/EUn&0&rDXHP&New&HV_AirDist__SupFanMtr/NE-HVAC-FanBelt-SynchVBelt-Msr/instance-out.sql,7974735.8,41113.689999999995,67586.99,644388.1,0.0,3682881.23,0.0,2705938.0,3.37,0.0,0.0,0.0,832824.41,0.0,0.0,40213.60,67586.99,900.09,0.00,3555459.15,127422.08
CZ01/Hsp&0&rDXHP&New&HV_AirDist__SupFanMtr/NE-HVAC-FanBelt-VBelt-Std/instance-out.sql,3157564.0700000003,251540.47,168941.63,625795.42,0.0,1182847.3,0.0,588855.52,50078.45,0.0,0.0,0.0,289505.28,0.0,0.0,5727.03,168941.63,245813.44,0.00,1139112.10,43735.20
CZ01/Hsp&0&rDXHP&New&HV_AirDist__SupFanMtr/NE-HVAC-FanBelt-CoggedVBelt-Msr/instance-out.sql,3149010.11,251964.31000000003,168901.4,625795.42,0.0,1182847.3,0.0,579939.89,50077.66,0.0,0.0,0.0,289484.14,0.0,0.0,5892.67,168901.40,246071.64,0.00,1139112.10,43735.20
CZ01/Hsp&0&rDXHP&New&HV_AirDist__SupFanMtr/NE-HVAC-FanBelt-SynchVBelt-Msr/instance-out.sql,3136923.13,252626.53,168885.83,625795.42,0.0,1182847.3,0.0,567198.5,50076.7,0.0,0.0,0.0,289492.85,0.0,0.0,6136.76,168885.83,246489.77,0.00,1139112.10,43735.20
CZ01/MBT&0&rDXHP&New&HV_AirDist__SupFanMtr/NE-HVAC-FanBelt-VBelt-Std/instance-out.sql,8133631.28,3883366.6100000003,33512.53,438466.02,0.0,2167645.51,0.0,1417684.78,1044.98,0.0,0.0,0.0,191910.84,0.0,0.0,21884.14,33512.53,3861482.47,0.00,1394057.91,773587.60
CZ01/MBT&0&rDXHP&New&HV_AirDist__SupFanMtr/NE-HVAC-FanBelt-CoggedVBelt-Msr/instance-out.sql,8125862.99,3884320.79,33495.79,438466.02,0.0,2167645.51,0.0,1408979.09,1044.93,0.0,0.0,0.0,191910.85,0.0,0.0,22470.77,33495.79,3861850.02,0.00,1394057.91,773587.60
CZ01/MBT&0&rDXHP&New&HV_AirDist__SupFanMtr/NE-HVAC-FanBelt-SynchVBelt-Msr/instance-out.sql,8114797.18,3885714.23,33472.63,438466.02,0.0,2167645.51,0.0,1396543.03,1044.91,0.0,0.0,0.0,191910.84,0.0,0.0,23332.71,33472.63,3862381.52,0.00,1394057.91,773587.60
CZ01/MLI&0&rDXHP&New&HV_AirDist__SupFanMtr/NE-HVAC-FanBelt-VBelt-Std/instance-out.sql,1076844.46,11566.16,888.55,153603.74,0.0,239893.0,0.0,617793.18,3.37,0.0,0.0,0.0,53096.46,0.0,0.0,11566.16,888.55,0.00,0.00,239893.00,0.00
CZ01/MLI&0&rDXHP&New&HV_AirDist__SupFanMtr/NE-HVAC-FanBelt-CoggedVBelt-Msr/instance-out.sql,1065308.81,12159.87,872.77,153603.74,0.0,239893.0,0.0,605679.59,3.37,0.0,0.0,0.0,53096.46,0.0,0.0,12159.87,872.77,0.00,0.00,239893.00,0.00
CZ01/MLI&0&rDXHP&New&HV_AirDist__SupFanMtr/NE-HVAC-FanBelt-SynchVBelt-Msr/instance-out.sql,1048885.2,13063.56,850.61,153603.74,0.0,239893.0,0.0,588374.45,3.37,0.0,0.0,0.0,53096.46,0.0,0.0,13063.56,850.61,0.00,0.00,239893.00,0.00
CZ01/Mtl&0&rDXHP&New&HV_AirDist__SupFanMtr/NE-HVAC-FanBelt-VBelt-Std/instance-out.sql,167245.05,6000.63,1353.38,34352.14,0.0,22443.33,0.0,95210.66,3.36,0.0,0.0,0.0,7881.55,0.0,0.0,5192.63,1353.38,808.00,0.00,22191.36,251.97
CZ01/Mtl&0&rDXHP&New&HV_AirDist__SupFanMtr/NE-HVAC-FanBelt-CoggedVBelt-Msr/instance-out.sql,165524.38,6153.99,1343.43,34352.14,0.0,22443.33,0.0,93346.57,3.36,0.0,0.0,0.0,7881.55,0.0,0.0,5342.66,1343.43,811.33,0.00,22191.36,251.97
CZ01/Mtl&0&rDXHP&New&HV_AirDist__SupFanMtr/NE-HVAC-FanBelt-SynchVBelt-Msr/instance-out.sql,163075.02000000002,6378.389999999999,1329.22,34352.14,0.0,22443.33,0.0,90687.02,3.36,0.0,0.0,0.0,7881.55,0.0,0.0,5562.62,1329.22,815.77,0.00,22191.36,251.97
CZ01/Nrs&0&rDXHP&New&HV_AirDist__SupFanMtr/NE-HVAC-FanBelt-VBelt-Std/instance-out.sql,833733.02,50048.05,17716.89,103109.51,0.0,347425.87,0.0,185093.81,27.37,0.0,0.0,0.0,130311.52,0.0,0.0,6811.83,17716.89,43236.22,0.00,281574.59,65851.28
CZ01/Nrs&0&rDXHP&New&HV_AirDist__SupFanMtr/NE-HVAC-FanBelt-CoggedVBelt-Msr/instance-out.sql,831116.77,50311.770000000004,17707.17,103109.51,0.0,347425.87,0.0,182226.17,27.39,0.0,0.0,0.0,130308.9,0.0,0.0,6969.15,17707.17,43342.62,0.00,281574.59,65851.28
CZ01/Nrs&0&rDXHP&New&HV_AirDist__SupFanMtr/NE-HVAC-FanBelt-SynchVBelt-Msr/instance-out.sql,827404.53,50707.18,17694.31,103109.51,0.0,347425.87,0.0,178128.18,27.44,0.0,0.0,0.0,130312.05,0.0,0.0,7199.87,17694.31,43507.31,0.00,281574.59,65851.28
CZ01/OfL&0&rDXHP&New&HV_AirDist__SupFanMtr/NE-HVAC-FanBelt-VBelt-Std/instance-out.sql,2306050.5700000003,50228.07,12099.34,239041.7,0.0,829334.66,0.0,1042599.21,874.32,0.0,0.0,0.0,131873.27,0.0,0.0,4066.73,12099.34,46161.34,0.00,829334.66,0.00
CZ01/OfL&0&rDXHP&New&HV_AirDist__SupFanMtr/NE-HVAC-FanBelt-CoggedVBelt-Msr/instance-out.sql,2286183.0,50404.72,12060.25,239041.7,0.0,829334.66,0.0,1022594.08,874.32,0.0,0.0,0.0,131873.26,0.0,0.0,4242.75,12060.25,46161.97,0.00,829334.66,0.00
CZ01/OfL&0&rDXHP&New&HV_AirDist__SupFanMtr/NE-HVAC-FanBelt-SynchVBelt-Msr/instance-out.sql,2257809.15,50669.49,12007.19,239041.7,0.0,829334.66,0.0,994008.52,874.32,0.0,0.0,0.0,131873.26,0.0,0.0,4508.61,12007.19,46160.88,0.00,829334.66,0.00
CZ01/OfS&0&rDXHP&New&HV_AirDist__SupFanMtr/NE-HVAC-FanBelt-VBelt-Std/instance-out.sql,122567.87,1965.14,122.7,12106.19,0.0,29387.4,0.0,54956.37,1.13,0.0,0.0,0.0,24028.93,0.0,0.0,1965.14,122.70,0.00,0.00,29387.40,0.00
CZ01/OfS&0&rDXHP&New&HV_AirDist__SupFanMtr/NE-HVAC-FanBelt-CoggedVBelt-Msr/instance-out.sql,121551.43,2026.89,121.05,12106.19,0.0,29387.4,0.0,53879.84,1.13,0.0,0.0,0.0,24028.93,0.0,0.0,2026.89,121.05,0.00,0.00,29387.40,0.00
CZ01/OfS&0&rDXHP&New&HV_AirDist__SupFanMtr/NE-HVAC-FanBelt-SynchVBelt-Msr/instance-out.sql,120097.9,2116.08,118.8,12106.19,0.0,29387.4,0.0,52339.36,1.13,0.0,0.0,0.0,24028.93,0.0,0.0,2116.08,118.80,0.00,0.00,29387.40,0.00
CZ01/RFF&0&rDXHP&New&HV_AirDist__SupFanMtr/NE-HVAC-FanBelt-VBelt-Std/instance-out.sql,99399.92,1615.27,3206.29,6626.33,0.0,37903.17,0.0,22246.0,3.37,0.0,0.0,0.0,27799.47,0.0,0.0,1615.27,3206.29,0.00,0.00,18423.46,19479.71
CZ01/RFF&0&rDXHP&New&HV_AirDist__SupFanMtr/NE-HVAC-FanBelt-CoggedVBelt-Msr/instance-out.sql,99141.35,1652.46,3203.87,6626.33,0.0,37903.17,0.0,21952.66,3.37,0.0,0.0,0.0,27799.47,0.0,0.0,1652.46,3203.87,0.00,0.00,18423.46,19479.71
CZ01/RFF&0&rDXHP&New&HV_AirDist__SupFanMtr/NE-HVAC-FanBelt-SynchVBelt-Msr/instance-out.sql,98773.14000000001,1706.77,3200.43,6626.33,0.0,37903.17,0.0,21533.61,3.37,0.0,0.0,0.0,27799.45,0.0,0.0,1706.77,3200.43,0.00,0.00,18423.46,19479.71
CZ01/RSD&0&rDXHP&New&HV_AirDist__SupFanMtr/NE-HVAC-FanBelt-VBelt-Std/instance-out.sql,248501.74,41446.270000000004,9471.98,16225.45,0.0,76546.73,0.0,32724.52,15.67,0.0,0.0,0.0,72071.12,0.0,0.0,1036.05,9471.98,40410.22,0.00,37475.60,39071.13
CZ01/RSD&0&rDXHP&New&HV_AirDist__SupFanMtr/NE-HVAC-FanBelt-CoggedVBelt-Msr/instance-out.sql,248359.35,41475.58,9470.07,16225.45,0.0,76546.73,0.0,32554.74,15.67,0.0,0.0,0.0,72071.12,0.0,0.0,1058.69,9470.07,40416.89,0.00,37475.60,39071.13
CZ01/RSD&0&rDXHP&New&HV_AirDist__SupFanMtr/NE-HVAC-FanBelt-SynchVBelt-Msr/instance-out.sql,248156.64,41517.95,9467.35,16225.45,0.0,76546.73,0.0,32312.37,15.67,0.0,0.0,0.0,72071.12,0.0,0.0,1091.60,9467.35,40426.35,0.00,37475.60,39071.13
CZ01/Rt3&0&rDXHP&New&HV_AirDist__SupFanMtr/NE-HVAC-FanBelt-VBelt-Std/instance-out.sql,1809918.0499999998,12490.36,1627.6,394371.6,0.0,436362.0,0.0,774922.15,3.38,0.0,0.0,0.0,190140.95,0.0,0.0,10201.19,1627.60,2289.17,0.00,436362.00,0.00
CZ01/Rt3&0&rDXHP&New&HV_AirDist__SupFanMtr/NE-HVAC-FanBelt-CoggedVBelt-Msr/instance-out.sql,1795597.81,12961.19,1606.61,394371.6,0.0,436362.0,0.0,760152.07,3.38,0.0,0.0,0.0,190140.96,0.0,0.0,10654.94,1606.61,2306.25,0.00,436362.00,0.00
CZ01/Rt3&0&rDXHP&New&HV_AirDist__SupFanMtr/NE-HVAC-FanBelt-SynchVBelt-Msr/instance-out.sql,1775157.8900000001,13669.92,1577.02,394371.6,0.0,436362.0,0.0,739032.99,3.38,0.0,0.0,0.0,190140.96,0.0,0.0,11340.03,1577.02,2329.89,0.00,436362.00,0.00
CZ01/RtL&0&rDXHP&New&HV_AirDist__SupFanMtr/NE-HVAC-FanBelt-VBelt-Std/instance-out.sql,1864363.29,4934.16,11744.47,395231.18,0.0,509200.67,0.0,803419.3,3.39,0.0,0.0,0.0,139830.11,0.0,0.0,4934.16,11744.47,0.00,0.00,468847.72,40352.95
CZ01/RtL&0&rDXHP&New&HV_AirDist__SupFanMtr/NE-HVAC-FanBelt-CoggedVBelt-Msr/instance-out.sql,1849311.87,5338.33,11709.45,395231.18,0.0,509200.67,0.0,787998.73,3.39,0.0,0.0,0.0,139830.11,0.0,0.0,5338.33,11709.45,0.00,0.00,468847.72,40352.95
CZ01/RtL&0&rDXHP&New&HV_AirDist__SupFanMtr/NE-HVAC-FanBelt-SynchVBelt-Msr/instance-out.sql,1827669.81,5772.73,11662.37,395231.18,0.0,509200.67,0.0,765969.35,3.39,0.0,0.0,0.0,139830.11,0.0,0.0,5772.73,11662.37,0.00,0.00,468847.72,40352.95
CZ01/RtS&0&rDXHP&New&HV_AirDist__SupFanMtr/NE-HVAC-FanBelt-VBelt-Std/instance-out.sql,107138.14000000001,3554.1,83.78,23251.32,0.0,24440.79,0.0,39110.88,3.36,0.0,0.0,0.0,16693.9,0.0,0.0,3554.10,83.78,0.00,0.00,24440.79,0.00
CZ01/RtS&0&rDXHP&New&HV_AirDist__SupFanMtr/NE-HVAC-FanBelt-CoggedVBelt-Msr/instance-out.sql,106461.15,3645.04,82.75,23251.32,0.0,24440.79,0.0,38344.0,3.36,0.0,0.0,0.0,16693.89,0.0,0.0,3645.04,82.75,0.00,0.00,24440.79,0.00
CZ01/RtS&0&rDXHP&New&HV_AirDist__SupFanMtr/NE-HVAC-FanBelt-SynchVBelt-Msr/instance-out.sql,105497.01999999999,3777.93,81.26,23251.32,0.0,24440.79,0.0,37248.46,3.36,0.0,0.0,0.0,16693.9,0.0,0.0,3777.93,81.26,0.00,0.00,24440.79,0.00
CZ01/SCn&0&rDXHP&New&HV_AirDist__SupFanMtr/NE-HVAC-FanBelt-VBelt-Std/instance-out.sql,3148993.37,169513.66,1871.0,571539.04,0.0,449066.39,0.0,1863650.68,3.36,0.0,0.0,0.0,93349.24,0.0,0.0,169513.66,1871.00,0.00,0.00,449066.39,0.00
CZ01/SCn&0&rDXHP&New&HV_AirDist__SupFanMtr/NE-HVAC-FanBelt-CoggedVBelt-Msr/instance-out.sql,3118165.16,175236.97,1834.86,571539.04,0.0,449066.39,0.0,1827135.3,3.36,0.0,0.0,0.0,93349.24,0.0,0.0,175236.97,1834.86,0.00,0.00,449066.39,0.00
CZ01/SCn&0&rDXHP&New&HV_AirDist__SupFanMtr/NE-HVAC-FanBelt-SynchVBelt-Msr/instance-out.sql,3074306.9400000004,183660.19,1783.31,571539.04,0.0,449066.39,0.0,1774905.42,3.36,0.0,0.0,0.0,93349.24,0.0,0.0,183660.19,1783.31,0.00,0.00,449066.39,0.00
CZ02/Asm&0&rDXHP&New&HV_AirDist__SupFanMtr/NE-HVAC-FanBelt-VBelt-Std/instance-out.sql,710172.72,40375.09,62583.41,76844.55,0.0,145823.51,0.0,361731.42,3.36,0.0,0.0,0.0,22811.38,0.0,0.0,40375.09,62583.41,0.00,0.00,145823.51,0.00
CZ02/Asm&0&rDXHP&New&HV_AirDist__SupFanMtr/NE-HVAC-FanBelt-CoggedVBelt-Msr/instance-out.sql,703168.64,40972.07,62075.12,76844.55,0.0,145823.51,0.0,354638.65,3.36,0.0,0.0,0.0,22811.38,0.0,0.0,40972.07,62075.12,0.00,0.00,145823.51,0.00
CZ02/Asm&0&rDXHP&New&HV_AirDist__SupFanMtr/NE-HVAC-FanBelt-SynchVBelt-Msr/instance-out.sql,693178.18,41836.3,61352.97,76844.55,0.0,145823.51,0.0,344506.12,3.36,0.0,0.0,0.0,22811.38,0.0,0.0,41836.30,61352.97,0.00,0.00,145823.51,0.00
CZ02/ECC&0&rDXHP&New&HV_AirDist__SupFanMtr/NE-HVAC-FanBelt-VBelt-Std/instance-out.sql,2738312.09,24932.120000000003,149982.61,167224.54,0.0,1013813.91,0.0,927616.35,1366.48,0.0,0.0,0.0,453376.06,0.0,0.0,23110.58,149982.61,1821.54,0.00,945189.93,68623.98
CZ02/ECC&0&rDXHP&New&HV_AirDist__SupFanMtr/NE-HVAC-FanBelt-CoggedVBelt-Msr/instance-out.sql,2722453.09,25495.98,148943.78,167224.54,0.0,1013813.91,0.0,912235.76,1366.03,0.0,0.0,0.0,453373.08,0.0,0.0,23668.04,148943.78,1827.94,0.00,945189.93,68623.98
CZ02/ECC&0&rDXHP&New&HV_AirDist__SupFanMtr/NE-HVAC-FanBelt-SynchVBelt-Msr/instance-out.sql,2699452.49,26305.82,147468.31,167224.54,0.0,1013813.91,0.0,889897.62,1365.58,0.0,0.0,0.0,453376.71,0.0,0.0,24477.00,147468.31,1828.82,0.00,945189.93,68623.98
CZ02/EPr&0&rDXHP&New&HV_AirDist__SupFanMtr/NE-HVAC-FanBelt-VBelt-Std/instance-out.sql,394421.19,5864.59,26996.46,30835.78,0.0,125897.03,0.0,118272.37,3.37,0.0,0.0,0.0,86551.58,0.0,0.0,5864.59,26996.46,0.00,0.00,83226.75,42670.28
CZ02/EPr&0&rDXHP&New&HV_AirDist__SupFanMtr/NE-HVAC-FanBelt-CoggedVBelt-Msr/instance-out.sql,392445.65,5975.28,26850.6,30835.78,0.0,125897.03,0.0,116331.99,3.37,0.0,0.0,0.0,86551.59,0.0,0.0,5975.28,26850.60,0.00,0.00,83226.75,42670.28
CZ02/EPr&0&rDXHP&New&HV_AirDist__SupFanMtr/NE-HVAC-FanBelt-SynchVBelt-Msr/instance-out.sql,389631.77,6135.07,26643.67,30835.78,0.0,125897.03,0.0,113565.26,3.37,0.0,0.0,0.0,86551.59,0.0,0.0,6135.07,26643.67,0.00,0.00,83226.75,42670.28
CZ02/ERC&0&rDXHP&New&HV_AirDist__SupFanMtr/NE-HVAC-FanBelt-VBelt-Std/instance-out.sql,18862.870000000003,416.14,606.06,1016.35,0.0,2196.82,0.0,5305.55,3.36,0.0,0.0,0.0,9318.59,0.0,0.0,416.14,606.06,0.00,0.00,2196.82,0.00
CZ02/ERC&0&rDXHP&New&HV_AirDist__SupFanMtr/NE-HVAC-FanBelt-CoggedVBelt-Msr/instance-out.sql,18765.91,423.56,600.05,1016.35,0.0,2196.82,0.0,5207.18,3.36,0.0,0.0,0.0,9318.59,0.0,0.0,423.56,600.05,0.00,0.00,2196.82,0.00
CZ02/ERC&0&rDXHP&New&HV_AirDist__SupFanMtr/NE-HVAC-FanBelt-SynchVBelt-Msr/instance-out.sql,18629.27,434.17,591.53,1016.35,0.0,2196.82,0.0,5068.45,3.36,0.0,0.0,0.0,9318.59,0.0,0.0,434.17,591.53,0.00,0.00,2196.82,0.00
CZ02/ESe&0&rDXHP&New&HV_AirDist__SupFanMtr/NE-HVAC-FanBelt-VBelt-Std/instance-out.sql,1294874.1,118441.9,72302.39,94750.45,0.0,323176.74,0.0,449470.7,3.39,0.0,0.0,0.0,236728.53,0.0,0.0,4789.89,72302.39,113652.01,0.00,259085.82,64090.92
CZ02/ESe&0&rDXHP&New&HV_AirDist__SupFanMtr/NE-HVAC-FanBelt-CoggedVBelt-Msr/instance-out.sql,1292267.67,118553.34,72119.14,94750.45,0.0,323176.74,0.0,446936.09,3.39,0.0,0.0,0.0,236728.52,0.0,0.0,4897.66,72119.14,113655.68,0.00,259085.82,64090.92
CZ02/ESe&0&rDXHP&New&HV_AirDist__SupFanMtr/NE-HVAC-FanBelt-SynchVBelt-Msr/instance-out.sql,1288516.52,118721.34999999999,71858.6,94750.45,0.0,323176.74,0.0,443277.47,3.39,0.0,0.0,0.0,236728.53,0.0,0.0,5053.90,71858.60,113667.45,0.00,259085.82,64090.92
CZ02/EUn&0&rDXHP&New&HV_AirDist__SupFanMtr/NE-HVAC-FanBelt-VBelt-Std/instance-out.sql,8509262.32,33708.12,450538.95,644388.1,0.0,3682881.23,0.0,2931691.26,3.37,0.0,0.0,0.0,766051.28,0.0,0.0,33325.39,450538.95,382.73,0.00,3555459.15,127422.08
CZ02/EUn&0&rDXHP&New&HV_AirDist__SupFanMtr/NE-HVAC-FanBelt-CoggedVBelt-Msr/instance-out.sql,8460423.49,34721.47,447614.76,644388.1,0.0,3682881.23,0.0,2884763.27,3.37,0.0,0.0,0.0,766051.29,0.0,0.0,34336.12,447614.76,385.35,0.00,3555459.15,127422.08
CZ02/EUn&0&rDXHP&New&HV_AirDist__SupFanMtr/NE-HVAC-FanBelt-SynchVBelt-Msr/instance-out.sql,8390707.78,36213.52,443457.62,644388.1,0.0,3682881.23,0.0,2817712.62,3.37,0.0,0.0,0.0,766051.31,0.0,0.0,35824.43,443457.62,389.09,0.00,3555459.15,127422.08
CZ02/Hsp&0&rDXHP&New&HV_AirDist__SupFanMtr/NE-HVAC-FanBelt-VBelt-Std/instance-out.sql,4547250.3100000005,816912.24,787086.73,625795.42,0.0,1182847.3,0.0,801135.98,66674.45,0.0,0.0,0.0,266798.18,0.0,0.0,7330.27,787086.73,809581.97,0.00,1139112.10,43735.20
CZ02/Hsp&0&rDXHP&New&HV_AirDist__SupFanMtr/NE-HVAC-FanBelt-CoggedVBelt-Msr/instance-out.sql,4536987.15,818113.79,786417.75,625795.42,0.0,1182847.3,0.0,790356.53,66658.69,0.0,0.0,0.0,266797.68,0.0,0.0,7641.91,786417.75,810471.88,0.00,1139112.10,43735.20
CZ02/Hsp&0&rDXHP&New&HV_AirDist__SupFanMtr/NE-HVAC-FanBelt-SynchVBelt-Msr/instance-out.sql,4520689.970000001,818086.09,785597.55,625795.42,0.0,1182847.3,0.0,774896.77,66666.02,0.0,0.0,0.0,266800.83,0.0,0.0,7912.77,785597.55,810173.32,0.00,1139112.10,43735.20
CZ02/MBT&0&rDXHP&New&HV_AirDist__SupFanMtr/NE-HVAC-FanBelt-VBelt-Std/instance-out.sql,7068142.4399999995,2541328.11,195246.21,438466.02,0.0,2167645.51,0.0,1547419.35,1101.51,0.0,0.0,0.0,176935.72,0.0,0.0,14207.57,195246.21,2527120.54,0.00,1394057.91,773587.60
CZ02/MBT&0&rDXHP&New&HV_AirDist__SupFanMtr/NE-HVAC-FanBelt-CoggedVBelt-Msr/instance-out.sql,7058459.699999999,2541888.29,194696.76,438466.02,0.0,2167645.51,0.0,1537725.89,1101.51,0.0,0.0,0.0,176935.72,0.0,0.0,14573.75,194696.76,2527314.54,0.00,1394057.91,773587.60
CZ02/MBT&0&rDXHP&New&HV_AirDist__SupFanMtr/NE-HVAC-FanBelt-SynchVBelt-Msr/instance-out.sql,7044654.34,2542709.8000000003,193918.01,438466.02,0.0,2167645.51,0.0,1523877.76,1101.51,0.0,0.0,0.0,176935.72,0.0,0.0,15113.81,193918.01,2527595.99,0.00,1394057.91,773587.60
CZ02/MLI&0&rDXHP&New&HV_AirDist__SupFanMtr/NE-HVAC-FanBelt-VBelt-Std/instance-out.sql,1166443.78,9401.04,58509.79,153603.74,0.0,239893.0,0.0,655767.42,3.37,0.0,0.0,0.0,49265.42,0.0,0.0,9401.04,58509.79,0.00,0.00,239893.00,0.00
CZ02/MLI&0&rDXHP&New&HV_AirDist__SupFanMtr/NE-HVAC-FanBelt-CoggedVBelt-Msr/instance-out.sql,1153343.8699999999,9833.97,57835.14,153603.74,0.0,239893.0,0.0,642909.23,3.37,0.0,0.0,0.0,49265.42,0.0,0.0,9833.97,57835.14,0.00,0.00,239893.00,0.00
CZ02/MLI&0&rDXHP&New&HV_AirDist__SupFanMtr/NE-HVAC-FanBelt-SynchVBelt-Msr/instance-out.sql,1134659.2999999998,10478.35,56875.01,153603.74,0.0,239893.0,0.0,624540.4,3.37,0.0,0.0,0.0,49265.42,0.0,0.0,10478.35,56875.01,0.00,0.00,239893.00,0.00
CZ02/Mtl&0&rDXHP&New&HV_AirDist__SupFanMtr/NE-HVAC-FanBelt-VBelt-Std/instance-out.sql,194474.78,4193.34,18594.6,34352.14,0.0,22443.33,0.0,107118.5,3.36,0.0,0.0,0.0,7769.5,0.0,0.0,3758.83,18594.60,434.51,0.00,22191.36,251.97
CZ02/Mtl&0&rDXHP&New&HV_AirDist__SupFanMtr/NE-HVAC-FanBelt-CoggedVBelt-Msr/instance-out.sql,192352.4,4294.02,18460.84,34352.14,0.0,22443.33,0.0,105029.21,3.36,0.0,0.0,0.0,7769.5,0.0,0.0,3857.11,18460.84,436.91,0.00,22191.36,251.97
CZ02/Mtl&0&rDXHP&New&HV_AirDist__SupFanMtr/NE-HVAC-FanBelt-SynchVBelt-Msr/instance-out.sql,189324.59,4442.22,18270.88,34352.14,0.0,22443.33,0.0,102043.16,3.36,0.0,0.0,0.0,7769.5,0.0,0.0,4001.85,18270.88,440.37,0.00,22191.36,251.97
CZ02/Nrs&0&rDXHP&New&HV_AirDist__SupFanMtr/NE-HVAC-FanBelt-VBelt-Std/instance-out.sql,888877.7,45232.14,63341.84,103109.51,0.0,347425.87,0.0,210549.05,52.37,0.0,0.0,0.0,119166.93,0.0,0.0,4714.23,63341.84,40517.91,0.00,281574.59,65851.28
CZ02/Nrs&0&rDXHP&New&HV_AirDist__SupFanMtr/NE-HVAC-FanBelt-CoggedVBelt-Msr/instance-out.sql,885794.37,45438.01,63160.83,103109.51,0.0,347425.87,0.0,207450.18,52.36,0.0,0.0,0.0,119157.6,0.0,0.0,4806.43,63160.83,40631.58,0.00,281574.59,65851.28
CZ02/Nrs&0&rDXHP&New&HV_AirDist__SupFanMtr/NE-HVAC-FanBelt-SynchVBelt-Msr/instance-out.sql,881347.25,45692.09,62907.15,103109.51,0.0,347425.87,0.0,203019.06,52.51,0.0,0.0,0.0,119141.06,0.0,0.0,4942.27,62907.15,40749.82,0.00,281574.59,65851.28
CZ02/OfL&0&rDXHP&New&HV_AirDist__SupFanMtr/NE-HVAC-FanBelt-VBelt-Std/instance-out.sql,2553620.78,46933.670000000006,203249.33,239041.7,0.0,829334.66,0.0,1109334.79,4018.99,0.0,0.0,0.0,121707.63,0.0,0.0,3688.44,203249.33,43245.23,0.00,829334.66,0.00
CZ02/OfL&0&rDXHP&New&HV_AirDist__SupFanMtr/NE-HVAC-FanBelt-CoggedVBelt-Msr/instance-out.sql,2531296.42,47076.520000000004,202042.81,239041.7,0.0,829334.66,0.0,1088074.12,4018.99,0.0,0.0,0.0,121707.63,0.0,0.0,3832.84,202042.81,43243.68,0.00,829334.66,0.00
CZ02/OfL&0&rDXHP&New&HV_AirDist__SupFanMtr/NE-HVAC-FanBelt-SynchVBelt-Msr/instance-out.sql,2499510.5300000003,47332.5,200341.18,239041.7,0.0,829334.66,0.0,1057732.76,4020.09,0.0,0.0,0.0,121707.63,0.0,0.0,4052.82,200341.18,43279.68,0.00,829334.66,0.00
CZ02/OfS&0&rDXHP&New&HV_AirDist__SupFanMtr/NE-HVAC-FanBelt-VBelt-Std/instance-out.sql,136552.69,1226.47,6917.3,12106.19,0.0,29387.4,0.0,64486.29,1.13,0.0,0.0,0.0,22427.9,0.0,0.0,1226.47,6917.30,0.00,0.00,29387.40,0.00
CZ02/OfS&0&rDXHP&New&HV_AirDist__SupFanMtr/NE-HVAC-FanBelt-CoggedVBelt-Msr/instance-out.sql,135248.59,1259.3,6848.15,12106.19,0.0,29387.4,0.0,63218.51,1.13,0.0,0.0,0.0,22427.9,0.0,0.0,1259.30,6848.15,0.00,0.00,29387.40,0.00
CZ02/OfS&0&rDXHP&New&HV_AirDist__SupFanMtr/NE-HVAC-FanBelt-SynchVBelt-Msr/instance-out.sql,133399.94,1313.88,6749.57,12106.19,0.0,29387.4,0.0,61413.86,1.13,0.0,0.0,0.0,22427.9,0.0,0.0,1313.88,6749.57,0.00,0.00,29387.40,0.00
CZ02/RFF&0&rDXHP&New&HV_AirDist__SupFanMtr/NE-HVAC-FanBelt-VBelt-Std/instance-out.sql,116100.76000000001,1329.2,8086.74,6626.33,0.0,37903.17,0.0,36125.94,3.37,0.0,0.0,0.0,26025.99,0.0,0.0,1252.70,8086.74,76.50,0.00,18423.46,19479.71
CZ02/RFF&0&rDXHP&New&HV_AirDist__SupFanMtr/NE-HVAC-FanBelt-CoggedVBelt-Msr/instance-out.sql,115649.26,1361.21,8062.44,6626.33,0.0,37903.17,0.0,35666.74,3.37,0.0,0.0,0.0,26025.99,0.0,0.0,1284.57,8062.44,76.64,0.00,18423.46,19479.71
CZ02/RFF&0&rDXHP&New&HV_AirDist__SupFanMtr/NE-HVAC-FanBelt-SynchVBelt-Msr/instance-out.sql,115005.84,1408.03,8027.84,6626.33,0.0,37903.17,0.0,35011.09,3.37,0.0,0.0,0.0,26025.99,0.0,0.0,1331.22,8027.84,76.81,0.00,18423.46,19479.71
CZ02/RSD&0&rDXHP&New&HV_AirDist__SupFanMtr/NE-HVAC-FanBelt-VBelt-Std/instance-out.sql,268101.13,47737.89,22954.85,16225.45,0.0,76546.73,0.0,37879.43,34.68,0.0,0.0,0.0,66722.11,0.0,0.0,642.76,22954.85,47095.13,0.00,37475.60,39071.13
CZ02/RSD&0&rDXHP&New&HV_AirDist__SupFanMtr/NE-HVAC-FanBelt-CoggedVBelt-Msr/instance-out.sql,267910.18,47754.530000000006,22942.68,16225.45,0.0,76546.73,0.0,37684.01,34.68,0.0,0.0,0.0,66722.11,0.0,0.0,655.80,22942.68,47098.73,0.00,37475.60,39071.13
CZ02/RSD&0&rDXHP&New&HV_AirDist__SupFanMtr/NE-HVAC-FanBelt-SynchVBelt-Msr/instance-out.sql,267641.89,47782.19,22925.92,16225.45,0.0,76546.73,0.0,37404.83,34.68,0.0,0.0,0.0,66722.11,0.0,0.0,674.73,22925.92,47107.46,0.00,37475.60,39071.13
CZ02/Rt3&0&rDXHP&New&HV_AirDist__SupFanMtr/NE-HVAC-FanBelt-VBelt-Std/instance-out.sql,2249481.06,21596.559999999998,135386.89,394371.6,0.0,436362.0,0.0,1086433.93,3.38,0.0,0.0,0.0,175326.69,0.0,0.0,18784.10,135386.89,2812.46,0.00,436362.00,0.00
CZ02/Rt3&0&rDXHP&New&HV_AirDist__SupFanMtr/NE-HVAC-FanBelt-CoggedVBelt-Msr/instance-out.sql,2228365.61,22266.81,134081.35,394371.6,0.0,436362.0,0.0,1065953.77,3.38,0.0,0.0,0.0,175326.69,0.0,0.0,19446.58,134081.35,2820.23,0.00,436362.00,0.00
CZ02/Rt3&0&rDXHP&New&HV_AirDist__SupFanMtr/NE-HVAC-FanBelt-SynchVBelt-Msr/instance-out.sql,2198261.0,23262.36,132224.28,394371.6,0.0,436362.0,0.0,1036710.68,3.38,0.0,0.0,0.0,175326.69,0.0,0.0,20433.11,132224.28,2829.25,0.00,436362.00,0.00
CZ02/RtL&0&rDXHP&New&HV_AirDist__SupFanMtr/NE-HVAC-FanBelt-VBelt-Std/instance-out.sql,2007444.96,6224.03,127872.9,395231.18,0.0,509200.67,0.0,839876.64,3.39,0.0,0.0,0.0,129036.16,0.0,0.0,6224.03,127872.90,0.00,0.00,468847.72,40352.95
CZ02/RtL&0&rDXHP&New&HV_AirDist__SupFanMtr/NE-HVAC-FanBelt-CoggedVBelt-Msr/instance-out.sql,1990518.9000000001,6519.31,126765.55,395231.18,0.0,509200.67,0.0,823762.7,3.39,0.0,0.0,0.0,129036.11,0.0,0.0,6519.31,126765.55,0.00,0.00,468847.72,40352.95
CZ02/RtL&0&rDXHP&New&HV_AirDist__SupFanMtr/NE-HVAC-FanBelt-SynchVBelt-Msr/instance-out.sql,1966365.86,6962.03,125189.68,395231.18,0.0,509200.67,0.0,800742.79,3.39,0.0,0.0,0.0,129036.12,0.0,0.0,6962.03,125189.68,0.00,0.00,468847.72,40352.95
CZ02/RtS&0&rDXHP&New&HV_AirDist__SupFanMtr/NE-HVAC-FanBelt-VBelt-Std/instance-out.sql,141448.04,3453.67,8571.1,23251.32,0.0,24440.79,0.0,65890.81,3.36,0.0,0.0,0.0,15836.99,0.0,0.0,3453.67,8571.10,0.00,0.00,24440.79,0.00
CZ02/RtS&0&rDXHP&New&HV_AirDist__SupFanMtr/NE-HVAC-FanBelt-CoggedVBelt-Msr/instance-out.sql,140167.74,3536.59,8489.72,23251.32,0.0,24440.79,0.0,64608.96,3.36,0.0,0.0,0.0,15836.99,0.0,0.0,3536.59,8489.72,0.00,0.00,24440.79,0.00
CZ02/RtS&0&rDXHP&New&HV_AirDist__SupFanMtr/NE-HVAC-FanBelt-SynchVBelt-Msr/instance-out.sql,138337.78,3658.06,8373.92,23251.32,0.0,24440.79,0.0,62773.34,3.36,0.0,0.0,0.0,15836.99,0.0,0.0,3658.06,8373.92,0.00,0.00,24440.79,0.00
CZ02/SCn&0&rDXHP&New&HV_AirDist__SupFanMtr/NE-HVAC-FanBelt-VBelt-Std/instance-out.sql,3412166.6599999997,108650.57,184110.4,571539.04,0.0,449066.39,0.0,2012508.32,3.36,0.0,0.0,0.0,86288.59,0.0,0.0,108650.57,184110.40,0.00,0.00,449066.39,0.00
CZ02/SCn&0&rDXHP&New&HV_AirDist__SupFanMtr/NE-HVAC-FanBelt-CoggedVBelt-Msr/instance-out.sql,3373755.1799999997,111891.66,181860.92,571539.04,0.0,449066.39,0.0,1973105.23,3.36,0.0,0.0,0.0,86288.59,0.0,0.0,111891.66,181860.92,0.00,0.00,449066.39,0.00
CZ02/SCn&0&rDXHP&New&HV_AirDist__SupFanMtr/NE-HVAC-FanBelt-SynchVBelt-Msr/instance-out.sql,3318909.69,116611.8,178669.73,571539.04,0.0,449066.39,0.0,1916730.8,3.36,0.0,0.0,0.0,86288.59,0.0,0.0,116611.80,178669.73,0.00,0.00,449066.39,0.00
CZ03/Asm&0&rDXHP&New&HV_AirDist__SupFanMtr/NE-HVAC-FanBelt-VBelt-Std/instance-out.sql,653152.73,23513.07,26003.22,76844.55,0.0,145823.51,0.0,358216.61,3.36,0.0,0.0,0.0,22748.41,0.0,0.0,23513.07,26003.22,0.00,0.00,145823.51,0.00
CZ03/Asm&0&rDXHP&New&HV_AirDist__SupFanMtr/NE-HVAC-FanBelt-CoggedVBelt-Msr/instance-out.sql,646323.37,24005.28,25705.51,76844.55,0.0,145823.51,0.0,351192.76,3.36,0.0,0.0,0.0,22748.41,0.0,0.0,24005.28,25705.51,0.00,0.00,145823.51,0.00
CZ03/Asm&0&rDXHP&New&HV_AirDist__SupFanMtr/NE-HVAC-FanBelt-SynchVBelt-Msr/instance-out.sql,636583.11,24722.4,25282.59,76844.55,0.0,145823.51,0.0,341158.68,3.36,0.0,0.0,0.0,22748.02,0.0,0.0,24722.40,25282.59,0.00,0.00,145823.51,0.00
CZ03/ECC&0&rDXHP&New&HV_AirDist__SupFanMtr/NE-HVAC-FanBelt-VBelt-Std/instance-out.sql,2604167.25,11398.22,75684.9,167224.54,0.0,1013813.91,0.0,882444.17,1458.67,0.0,0.0,0.0,452142.84,0.0,0.0,10813.23,75684.90,584.99,0.00,945189.93,68623.98
CZ03/ECC&0&rDXHP&New&HV_AirDist__SupFanMtr/NE-HVAC-FanBelt-CoggedVBelt-Msr/instance-out.sql,2589285.85,11741.55,75160.31,167224.54,0.0,1013813.91,0.0,867748.25,1458.19,0.0,0.0,0.0,452139.09,0.0,0.0,11150.07,75160.31,591.48,0.00,945189.93,68623.98
CZ03/ECC&0&rDXHP&New&HV_AirDist__SupFanMtr/NE-HVAC-FanBelt-SynchVBelt-Msr/instance-out.sql,2567897.89,12228.99,74419.73,167224.54,0.0,1013813.91,0.0,846610.26,1457.6,0.0,0.0,0.0,452142.85,0.0,0.0,11637.11,74419.73,591.88,0.00,945189.93,68623.98
CZ03/EPr&0&rDXHP&New&HV_AirDist__SupFanMtr/NE-HVAC-FanBelt-VBelt-Std/instance-out.sql,380702.5,3068.59,17651.25,30835.78,0.0,125897.03,0.0,116920.17,3.37,0.0,0.0,0.0,86326.29,0.0,0.0,3068.59,17651.25,0.00,0.00,83226.75,42670.28
CZ03/EPr&0&rDXHP&New&HV_AirDist__SupFanMtr/NE-HVAC-FanBelt-CoggedVBelt-Msr/instance-out.sql,378780.65,3148.82,17569.58,30835.78,0.0,125897.03,0.0,114999.77,3.37,0.0,0.0,0.0,86326.29,0.0,0.0,3148.82,17569.58,0.00,0.00,83226.75,42670.28
CZ03/EPr&0&rDXHP&New&HV_AirDist__SupFanMtr/NE-HVAC-FanBelt-SynchVBelt-Msr/instance-out.sql,376034.65,3266.41,17453.98,30835.78,0.0,125897.03,0.0,112251.77,3.37,0.0,0.0,0.0,86326.3,0.0,0.0,3266.41,17453.98,0.00,0.00,83226.75,42670.28
CZ03/ERC&0&rDXHP&New&HV_AirDist__SupFanMtr/NE-HVAC-FanBelt-VBelt-Std/instance-out.sql,18305.37,268.01,252.42,1016.35,0.0,2196.82,0.0,5257.92,3.36,0.0,0.0,0.0,9310.49,0.0,0.0,268.01,252.42,0.00,0.00,2196.82,0.00
CZ03/ERC&0&rDXHP&New&HV_AirDist__SupFanMtr/NE-HVAC-FanBelt-CoggedVBelt-Msr/instance-out.sql,18209.64,274.33,249.43,1016.35,0.0,2196.82,0.0,5158.85,3.36,0.0,0.0,0.0,9310.49,0.0,0.0,274.33,249.43,0.00,0.00,2196.82,0.00
CZ03/ERC&0&rDXHP&New&HV_AirDist__SupFanMtr/NE-HVAC-FanBelt-SynchVBelt-Msr/instance-out.sql,18073.52,283.48,245.21,1016.35,0.0,2196.82,0.0,5017.8,3.36,0.0,0.0,0.0,9310.49,0.0,0.0,283.48,245.21,0.00,0.00,2196.82,0.00
CZ03/ESe&0&rDXHP&New&HV_AirDist__SupFanMtr/NE-HVAC-FanBelt-VBelt-Std/instance-out.sql,1204178.32,80712.36,38775.92,94750.45,0.0,323176.74,0.0,430866.06,3.39,0.0,0.0,0.0,235893.38,0.0,0.0,2163.96,38775.92,78548.40,0.00,259085.82,64090.92
CZ03/ESe&0&rDXHP&New&HV_AirDist__SupFanMtr/NE-HVAC-FanBelt-CoggedVBelt-Msr/instance-out.sql,1201752.13,80786.73000000001,38679.68,94750.45,0.0,323176.74,0.0,428461.77,3.39,0.0,0.0,0.0,235893.38,0.0,0.0,2227.24,38679.68,78559.49,0.00,259085.82,64090.92
CZ03/ESe&0&rDXHP&New&HV_AirDist__SupFanMtr/NE-HVAC-FanBelt-SynchVBelt-Msr/instance-out.sql,1198294.78,80878.99,38542.85,94750.45,0.0,323176.74,0.0,425048.97,3.39,0.0,0.0,0.0,235893.38,0.0,0.0,2320.61,38542.85,78558.38,0.00,259085.82,64090.92
CZ03/EUn&0&rDXHP&New&HV_AirDist__SupFanMtr/NE-HVAC-FanBelt-VBelt-Std/instance-out.sql,8227174.0,12255.96,215721.68,644388.1,0.0,3682881.23,0.0,2908391.17,3.37,0.0,0.0,0.0,763532.49,0.0,0.0,12128.63,215721.68,127.33,0.00,3555459.15,127422.08
CZ03/EUn&0&rDXHP&New&HV_AirDist__SupFanMtr/NE-HVAC-FanBelt-CoggedVBelt-Msr/instance-out.sql,8179653.14,12777.92,214160.24,644388.1,0.0,3682881.23,0.0,2861909.78,3.37,0.0,0.0,0.0,763532.49,0.0,0.0,12650.15,214160.24,127.77,0.00,3555459.15,127422.08
CZ03/EUn&0&rDXHP&New&HV_AirDist__SupFanMtr/NE-HVAC-FanBelt-SynchVBelt-Msr/instance-out.sql,8111818.96,13560.04,211948.15,644388.1,0.0,3682881.23,0.0,2795505.54,3.37,0.0,0.0,0.0,763532.53,0.0,0.0,13431.61,211948.15,128.43,0.00,3555459.15,127422.08
CZ03/Hsp&0&rDXHP&New&HV_AirDist__SupFanMtr/NE-HVAC-FanBelt-VBelt-Std/instance-out.sql,3897761.13,508057.13,530840.82,625795.42,0.0,1182847.3,0.0,722418.17,61965.34,0.0,0.0,0.0,265836.95,0.0,0.0,3480.70,530840.82,504576.43,0.00,1139112.10,43735.20
CZ03/Hsp&0&rDXHP&New&HV_AirDist__SupFanMtr/NE-HVAC-FanBelt-CoggedVBelt-Msr/instance-out.sql,3887335.51,508334.48,530553.87,625795.42,0.0,1182847.3,0.0,712004.89,61965.55,0.0,0.0,0.0,265834.01,0.0,0.0,3609.23,530553.87,504725.25,0.00,1139112.10,43735.20
CZ03/Hsp&0&rDXHP&New&HV_AirDist__SupFanMtr/NE-HVAC-FanBelt-SynchVBelt-Msr/instance-out.sql,3872492.12,508809.0,530112.3,625795.42,0.0,1182847.3,0.0,697126.83,61964.31,0.0,0.0,0.0,265836.96,0.0,0.0,3801.92,530112.30,505007.08,0.00,1139112.10,43735.20
CZ03/MBT&0&rDXHP&New&HV_AirDist__SupFanMtr/NE-HVAC-FanBelt-VBelt-Std/instance-out.sql,6475077.67,2061386.24,90021.35,438466.02,0.0,2167645.51,0.0,1540152.6,1113.27,0.0,0.0,0.0,176292.67,0.0,0.0,6730.69,90021.35,2054655.55,0.00,1394057.91,773587.60
CZ03/MBT&0&rDXHP&New&HV_AirDist__SupFanMtr/NE-HVAC-FanBelt-CoggedVBelt-Msr/instance-out.sql,6465667.0,2061786.5,89744.35,438466.02,0.0,2167645.51,0.0,1530618.68,1113.27,0.0,0.0,0.0,176292.67,0.0,0.0,6947.62,89744.35,2054838.88,0.00,1394057.91,773587.60
CZ03/MBT&0&rDXHP&New&HV_AirDist__SupFanMtr/NE-HVAC-FanBelt-SynchVBelt-Msr/instance-out.sql,6452243.33,2062376.3900000001,89350.9,438466.02,0.0,2167645.51,0.0,1516998.56,1113.27,0.0,0.0,0.0,176292.67,0.0,0.0,7269.32,89350.90,2055107.07,0.00,1394057.91,773587.60
CZ03/MLI&0&rDXHP&New&HV_AirDist__SupFanMtr/NE-HVAC-FanBelt-VBelt-Std/instance-out.sql,1111379.27,4510.47,22591.94,153603.74,0.0,239893.0,0.0,641675.71,3.37,0.0,0.0,0.0,49101.03,0.0,0.0,4510.47,22591.94,0.00,0.00,239893.00,0.00
CZ03/MLI&0&rDXHP&New&HV_AirDist__SupFanMtr/NE-HVAC-FanBelt-CoggedVBelt-Msr/instance-out.sql,1098714.16,4743.26,22275.93,153603.74,0.0,239893.0,0.0,629093.83,3.37,0.0,0.0,0.0,49101.03,0.0,0.0,4743.26,22275.93,0.00,0.00,239893.00,0.00
CZ03/MLI&0&rDXHP&New&HV_AirDist__SupFanMtr/NE-HVAC-FanBelt-SynchVBelt-Msr/instance-out.sql,1080649.55,5095.73,21832.96,153603.74,0.0,239893.0,0.0,611119.72,3.37,0.0,0.0,0.0,49101.03,0.0,0.0,5095.73,21832.96,0.00,0.00,239893.00,0.00
CZ03/Mtl&0&rDXHP&New&HV_AirDist__SupFanMtr/NE-HVAC-FanBelt-VBelt-Std/instance-out.sql,177421.82,2099.39,9806.11,34352.14,0.0,22443.33,0.0,100953.23,3.36,0.0,0.0,0.0,7764.25,0.0,0.0,1798.33,9806.11,301.06,0.00,22191.36,251.97
CZ03/Mtl&0&rDXHP&New&HV_AirDist__SupFanMtr/NE-HVAC-FanBelt-CoggedVBelt-Msr/instance-out.sql,175432.50999999998,2157.14,9730.11,34352.14,0.0,22443.33,0.0,98982.18,3.36,0.0,0.0,0.0,7764.25,0.0,0.0,1856.09,9730.11,301.05,0.00,22191.36,251.97
CZ03/Mtl&0&rDXHP&New&HV_AirDist__SupFanMtr/NE-HVAC-FanBelt-SynchVBelt-Msr/instance-out.sql,172595.0,2243.2000000000003,9621.68,34352.14,0.0,22443.33,0.0,96167.03,3.36,0.0,0.0,0.0,7764.25,0.0,0.0,1941.65,9621.68,301.55,0.00,22191.36,251.97
CZ03/Nrs&0&rDXHP&New&HV_AirDist__SupFanMtr/NE-HVAC-FanBelt-VBelt-Std/instance-out.sql,843693.62,26499.65,44077.65,103109.51,0.0,347425.87,0.0,203132.74,37.85,0.0,0.0,0.0,119410.35,0.0,0.0,2467.43,44077.65,24032.22,0.00,281574.59,65851.28
CZ03/Nrs&0&rDXHP&New&HV_AirDist__SupFanMtr/NE-HVAC-FanBelt-CoggedVBelt-Msr/instance-out.sql,840567.6,26588.47,43977.01,103109.51,0.0,347425.87,0.0,200026.47,37.86,0.0,0.0,0.0,119402.41,0.0,0.0,2529.42,43977.01,24059.05,0.00,281574.59,65851.28
CZ03/Nrs&0&rDXHP&New&HV_AirDist__SupFanMtr/NE-HVAC-FanBelt-SynchVBelt-Msr/instance-out.sql,836214.2999999999,26768.440000000002,43844.12,103109.51,0.0,347425.87,0.0,195596.3,37.9,0.0,0.0,0.0,119432.16,0.0,0.0,2621.17,43844.12,24147.27,0.00,281574.59,65851.28
CZ03/OfL&0&rDXHP&New&HV_AirDist__SupFanMtr/NE-HVAC-FanBelt-VBelt-Std/instance-out.sql,2429486.84,26644.010000000002,114636.82,239041.7,0.0,829334.66,0.0,1094656.05,3900.21,0.0,0.0,0.0,121273.39,0.0,0.0,1525.08,114636.82,25118.93,0.00,829334.66,0.00
CZ03/OfL&0&rDXHP&New&HV_AirDist__SupFanMtr/NE-HVAC-FanBelt-CoggedVBelt-Msr/instance-out.sql,2407889.0900000003,26712.5,114021.21,239041.7,0.0,829334.66,0.0,1073605.43,3900.21,0.0,0.0,0.0,121273.38,0.0,0.0,1592.92,114021.21,25119.58,0.00,829334.66,0.00
CZ03/OfL&0&rDXHP&New&HV_AirDist__SupFanMtr/NE-HVAC-FanBelt-SynchVBelt-Msr/instance-out.sql,2377051.82,26814.230000000003,113151.78,239041.7,0.0,829334.66,0.0,1043535.84,3900.22,0.0,0.0,0.0,121273.39,0.0,0.0,1696.58,113151.78,25117.65,0.00,829334.66,0.00
CZ03/OfS&0&rDXHP&New&HV_AirDist__SupFanMtr/NE-HVAC-FanBelt-VBelt-Std/instance-out.sql,130888.61,566.88,2845.75,12106.19,0.0,29387.4,0.0,63622.94,1.13,0.0,0.0,0.0,22358.31,0.0,0.0,566.88,2845.75,0.00,0.00,29387.40,0.00
CZ03/OfS&0&rDXHP&New&HV_AirDist__SupFanMtr/NE-HVAC-FanBelt-CoggedVBelt-Msr/instance-out.sql,129627.98,588.9,2810.38,12106.19,0.0,29387.4,0.0,62375.66,1.13,0.0,0.0,0.0,22358.31,0.0,0.0,588.90,2810.38,0.00,0.00,29387.40,0.00
CZ03/OfS&0&rDXHP&New&HV_AirDist__SupFanMtr/NE-HVAC-FanBelt-SynchVBelt-Msr/instance-out.sql,127829.44,621.9,2760.38,12106.19,0.0,29387.4,0.0,60594.12,1.13,0.0,0.0,0.0,22358.31,0.0,0.0,621.90,2760.38,0.00,0.00,29387.40,0.00
CZ03/RFF&0&rDXHP&New&HV_AirDist__SupFanMtr/NE-HVAC-FanBelt-VBelt-Std/instance-out.sql,110515.42,585.1,6117.29,6626.33,0.0,37903.17,0.0,33330.95,3.37,0.0,0.0,0.0,25949.2,0.0,0.0,572.48,6117.29,12.62,0.00,18423.46,19479.71
CZ03/RFF&0&rDXHP&New&HV_AirDist__SupFanMtr/NE-HVAC-FanBelt-CoggedVBelt-Msr/instance-out.sql,110097.26000000001,605.24,6104.79,6626.33,0.0,37903.17,0.0,32905.14,3.37,0.0,0.0,0.0,25949.2,0.0,0.0,592.59,6104.79,12.65,0.00,18423.46,19479.71
CZ03/RFF&0&rDXHP&New&HV_AirDist__SupFanMtr/NE-HVAC-FanBelt-SynchVBelt-Msr/instance-out.sql,109500.81,634.7900000000001,6087.09,6626.33,0.0,37903.17,0.0,32296.85,3.37,0.0,0.0,0.0,25949.2,0.0,0.0,622.09,6087.09,12.70,0.00,18423.46,19479.71
CZ03/RSD&0&rDXHP&New&HV_AirDist__SupFanMtr/NE-HVAC-FanBelt-VBelt-Std/instance-out.sql,237327.75,28433.539999999997,16614.42,16225.45,0.0,76546.73,0.0,32998.05,19.49,0.0,0.0,0.0,66490.07,0.0,0.0,299.62,16614.42,28133.92,0.00,37475.60,39071.13
CZ03/RSD&0&rDXHP&New&HV_AirDist__SupFanMtr/NE-HVAC-FanBelt-CoggedVBelt-Msr/instance-out.sql,237138.91,28447.5,16607.4,16225.45,0.0,76546.73,0.0,32802.27,19.5,0.0,0.0,0.0,66490.07,0.0,0.0,308.65,16607.40,28138.85,0.00,37475.60,39071.13
CZ03/RSD&0&rDXHP&New&HV_AirDist__SupFanMtr/NE-HVAC-FanBelt-SynchVBelt-Msr/instance-out.sql,236868.88,28467.16,16597.35,16225.45,0.0,76546.73,0.0,32522.61,19.5,0.0,0.0,0.0,66490.08,0.0,0.0,321.86,16597.35,28145.30,0.00,37475.60,39071.13
CZ03/Rt3&0&rDXHP&New&HV_AirDist__SupFanMtr/NE-HVAC-FanBelt-VBelt-Std/instance-out.sql,2092138.58,10358.64,53302.24,394371.6,0.0,436362.0,0.0,1023056.04,3.38,0.0,0.0,0.0,174684.68,0.0,0.0,9028.81,53302.24,1329.83,0.00,436362.00,0.00
CZ03/Rt3&0&rDXHP&New&HV_AirDist__SupFanMtr/NE-HVAC-FanBelt-CoggedVBelt-Msr/instance-out.sql,2072506.69,10716.63,52672.18,394371.6,0.0,436362.0,0.0,1003696.21,3.38,0.0,0.0,0.0,174684.69,0.0,0.0,9382.07,52672.18,1334.56,0.00,436362.00,0.00
CZ03/Rt3&0&rDXHP&New&HV_AirDist__SupFanMtr/NE-HVAC-FanBelt-SynchVBelt-Msr/instance-out.sql,2044468.31,11226.68,51780.93,394371.6,0.0,436362.0,0.0,976039.04,3.38,0.0,0.0,0.0,174684.69,0.0,0.0,9888.23,51780.93,1338.45,0.00,436362.00,0.00
CZ03/RtL&0&rDXHP&New&HV_AirDist__SupFanMtr/NE-HVAC-FanBelt-VBelt-Std/instance-out.sql,1923781.72,1841.58,59517.93,395231.18,0.0,509200.67,0.0,829420.67,3.39,0.0,0.0,0.0,128566.3,0.0,0.0,1841.58,59517.93,0.00,0.00,468847.72,40352.95
CZ03/RtL&0&rDXHP&New&HV_AirDist__SupFanMtr/NE-HVAC-FanBelt-CoggedVBelt-Msr/instance-out.sql,1907409.99,1951.46,58947.32,395231.18,0.0,509200.67,0.0,813509.67,3.39,0.0,0.0,0.0,128566.3,0.0,0.0,1951.46,58947.32,0.00,0.00,468847.72,40352.95
CZ03/RtL&0&rDXHP&New&HV_AirDist__SupFanMtr/NE-HVAC-FanBelt-SynchVBelt-Msr/instance-out.sql,1884036.81,2118.91,58136.68,395231.18,0.0,509200.67,0.0,790779.69,3.39,0.0,0.0,0.0,128566.3,0.0,0.0,2118.91,58136.68,0.00,0.00,468847.72,40352.95
CZ03/RtS&0&rDXHP&New&HV_AirDist__SupFanMtr/NE-HVAC-FanBelt-VBelt-Std/instance-out.sql,127493.22,1934.96,3323.45,23251.32,0.0,24440.79,0.0,58739.41,3.36,0.0,0.0,0.0,15799.93,0.0,0.0,1934.96,3323.45,0.00,0.00,24440.79,0.00
CZ03/RtS&0&rDXHP&New&HV_AirDist__SupFanMtr/NE-HVAC-FanBelt-CoggedVBelt-Msr/instance-out.sql,126359.53,1990.78,3285.19,23251.32,0.0,24440.79,0.0,57588.16,3.36,0.0,0.0,0.0,15799.93,0.0,0.0,1990.78,3285.19,0.00,0.00,24440.79,0.00
CZ03/RtS&0&rDXHP&New&HV_AirDist__SupFanMtr/NE-HVAC-FanBelt-SynchVBelt-Msr/instance-out.sql,124742.15,2072.93,3231.03,23251.32,0.0,24440.79,0.0,55942.78,3.36,0.0,0.0,0.0,15799.93,0.0,0.0,2072.93,3231.03,0.00,0.00,24440.79,0.00
CZ03/SCn&0&rDXHP&New&HV_AirDist__SupFanMtr/NE-HVAC-FanBelt-VBelt-Std/instance-out.sql,3091481.39,68085.89,64153.44,571539.04,0.0,449066.39,0.0,1852645.22,3.36,0.0,0.0,0.0,85988.06,0.0,0.0,68085.89,64153.44,0.00,0.00,449066.39,0.00
CZ03/SCn&0&rDXHP&New&HV_AirDist__SupFanMtr/NE-HVAC-FanBelt-CoggedVBelt-Msr/instance-out.sql,3056652.89,70508.16,63202.42,571539.04,0.0,449066.39,0.0,1816345.47,3.36,0.0,0.0,0.0,85988.06,0.0,0.0,70508.16,63202.42,0.00,0.00,449066.39,0.00
CZ03/SCn&0&rDXHP&New&HV_AirDist__SupFanMtr/NE-HVAC-FanBelt-SynchVBelt-Msr/instance-out.sql,3007043.11,74097.9,61847.06,571539.04,0.0,449066.39,0.0,1764501.3,3.36,0.0,0.0,0.0,85988.06,0.0,0.0,74097.90,61847.06,0.00,0.00,449066.39,0.00
CZ04/Asm&0&rDXHP&New&HV_AirDist__SupFanMtr/NE-HVAC-FanBelt-VBelt-Std/instance-out.sql,706695.53,21466.36,76164.67,76844.55,0.0,145823.51,0.0,364204.17,3.36,0.0,0.0,0.0,22188.91,0.0,0.0,21466.36,76164.67,0.00,0.00,145823.51,0.00
CZ04/Asm&0&rDXHP&New&HV_AirDist__SupFanMtr/NE-HVAC-FanBelt-CoggedVBelt-Msr/instance-out.sql,699389.03,21887.22,75578.57,76844.55,0.0,145823.51,0.0,357062.92,3.36,0.0,0.0,0.0,22188.91,0.0,0.0,21887.22,75578.57,0.00,0.00,145823.51,0.00
CZ04/Asm&0&rDXHP&New&HV_AirDist__SupFanMtr/NE-HVAC-FanBelt-SynchVBelt-Msr/instance-out.sql,688967.6,22500.96,74745.19,76844.55,0.0,145823.51,0.0,346861.12,3.36,0.0,0.0,0.0,22188.91,0.0,0.0,22500.96,74745.19,0.00,0.00,145823.51,0.00
CZ04/ECC&0&rDXHP&New&HV_AirDist__SupFanMtr/NE-HVAC-FanBelt-VBelt-Std/instance-out.sql,2745992.0999999996,9594.71,182031.78,167224.54,0.0,1013813.91,0.0,935326.16,1580.85,0.0,0.0,0.0,436420.14,0.0,0.0,9110.99,182031.78,483.72,0.00,945189.93,68623.98
CZ04/ECC&0&rDXHP&New&HV_AirDist__SupFanMtr/NE-HVAC-FanBelt-CoggedVBelt-Msr/instance-out.sql,2729210.5700000003,9889.5,180780.26,167224.54,0.0,1013813.91,0.0,919502.2,1580.59,0.0,0.0,0.0,436419.56,0.0,0.0,9404.88,180780.26,484.62,0.00,945189.93,68623.98
CZ04/ECC&0&rDXHP&New&HV_AirDist__SupFanMtr/NE-HVAC-FanBelt-SynchVBelt-Msr/instance-out.sql,2705199.8200000003,10326.179999999998,179004.41,167224.54,0.0,1013813.91,0.0,896830.2,1580.42,0.0,0.0,0.0,436420.15,0.0,0.0,9839.97,179004.41,486.21,0.00,945189.93,68623.98
CZ04/EPr&0&rDXHP&New&HV_AirDist__SupFanMtr/NE-HVAC-FanBelt-VBelt-Std/instance-out.sql,393626.65,2502.7,31856.99,30835.78,0.0,125897.03,0.0,119053.2,3.37,0.0,0.0,0.0,83477.57,0.0,0.0,2502.70,31856.99,0.00,0.00,83226.75,42670.28
CZ04/EPr&0&rDXHP&New&HV_AirDist__SupFanMtr/NE-HVAC-FanBelt-CoggedVBelt-Msr/instance-out.sql,391563.98,2572.52,31688.65,30835.78,0.0,125897.03,0.0,117089.06,3.37,0.0,0.0,0.0,83477.57,0.0,0.0,2572.52,31688.65,0.00,0.00,83226.75,42670.28
CZ04/EPr&0&rDXHP&New&HV_AirDist__SupFanMtr/NE-HVAC-FanBelt-SynchVBelt-Msr/instance-out.sql,388623.77,2674.62,31448.99,30835.78,0.0,125897.03,0.0,114286.41,3.37,0.0,0.0,0.0,83477.57,0.0,0.0,2674.62,31448.99,0.00,0.00,83226.75,42670.28
CZ04/ERC&0&rDXHP&New&HV_AirDist__SupFanMtr/NE-HVAC-FanBelt-VBelt-Std/instance-out.sql,18635.0,192.91,791.42,1016.35,0.0,2196.82,0.0,5227.03,3.36,0.0,0.0,0.0,9207.11,0.0,0.0,192.91,791.42,0.00,0.00,2196.82,0.00
CZ04/ERC&0&rDXHP&New&HV_AirDist__SupFanMtr/NE-HVAC-FanBelt-CoggedVBelt-Msr/instance-out.sql,18532.97,197.78,784.1,1016.35,0.0,2196.82,0.0,5127.45,3.36,0.0,0.0,0.0,9207.11,0.0,0.0,197.78,784.10,0.00,0.00,2196.82,0.00
CZ04/ERC&0&rDXHP&New&HV_AirDist__SupFanMtr/NE-HVAC-FanBelt-SynchVBelt-Msr/instance-out.sql,18388.46,204.81,773.71,1016.35,0.0,2196.82,0.0,4986.31,3.36,0.0,0.0,0.0,9207.11,0.0,0.0,204.81,773.71,0.00,0.00,2196.82,0.00
CZ04/ESe&0&rDXHP&New&HV_AirDist__SupFanMtr/NE-HVAC-FanBelt-VBelt-Std/instance-out.sql,1242954.59,66570.09999999999,88185.21,94750.45,0.0,323176.74,0.0,442230.79,3.39,0.0,0.0,0.0,228037.91,0.0,0.0,1878.72,88185.21,64691.38,0.00,259085.82,64090.92
CZ04/ESe&0&rDXHP&New&HV_AirDist__SupFanMtr/NE-HVAC-FanBelt-CoggedVBelt-Msr/instance-out.sql,1240192.35,66623.85,87969.38,94750.45,0.0,323176.74,0.0,439630.63,3.39,0.0,0.0,0.0,228037.91,0.0,0.0,1936.03,87969.38,64687.82,0.00,259085.82,64090.92
CZ04/ESe&0&rDXHP&New&HV_AirDist__SupFanMtr/NE-HVAC-FanBelt-SynchVBelt-Msr/instance-out.sql,1236296.1099999999,66737.31999999999,87662.01,94750.45,0.0,323176.74,0.0,435928.29,3.39,0.0,0.0,0.0,228037.91,0.0,0.0,2020.86,87662.01,64716.46,0.00,259085.82,64090.92
CZ04/EUn&0&rDXHP&New&HV_AirDist__SupFanMtr/NE-HVAC-FanBelt-VBelt-Std/instance-out.sql,8542138.799999999,11148.43,516735.59,644388.1,0.0,3682881.23,0.0,2949542.97,3.37,0.0,0.0,0.0,737439.11,0.0,0.0,11088.54,516735.59,59.89,0.00,3555459.15,127422.08
CZ04/EUn&0&rDXHP&New&HV_AirDist__SupFanMtr/NE-HVAC-FanBelt-CoggedVBelt-Msr/instance-out.sql,8492068.45,11620.15,513445.51,644388.1,0.0,3682881.23,0.0,2902290.97,3.37,0.0,0.0,0.0,737439.12,0.0,0.0,11560.16,513445.51,59.99,0.00,3555459.15,127422.08
CZ04/EUn&0&rDXHP&New&HV_AirDist__SupFanMtr/NE-HVAC-FanBelt-SynchVBelt-Msr/instance-out.sql,8420580.290000001,12329.939999999999,508745.56,644388.1,0.0,3682881.23,0.0,2834792.95,3.37,0.0,0.0,0.0,737439.13,0.0,0.0,12269.81,508745.56,60.13,0.00,3555459.15,127422.08
CZ04/Hsp&0&rDXHP&New&HV_AirDist__SupFanMtr/NE-HVAC-FanBelt-VBelt-Std/instance-out.sql,4432421.71,655930.1900000001,831732.1,625795.42,0.0,1182847.3,0.0,811442.67,67683.98,0.0,0.0,0.0,256990.05,0.0,0.0,2759.88,831732.10,653170.31,0.00,1139112.10,43735.20
CZ04/Hsp&0&rDXHP&New&HV_AirDist__SupFanMtr/NE-HVAC-FanBelt-CoggedVBelt-Msr/instance-out.sql,4421010.81,656159.3,831016.54,625795.42,0.0,1182847.3,0.0,800512.92,67683.93,0.0,0.0,0.0,256995.39,0.0,0.0,2874.99,831016.54,653284.31,0.00,1139112.10,43735.20
CZ04/Hsp&0&rDXHP&New&HV_AirDist__SupFanMtr/NE-HVAC-FanBelt-SynchVBelt-Msr/instance-out.sql,4404837.12,656572.6900000001,830040.52,625795.42,0.0,1182847.3,0.0,784908.64,67682.33,0.0,0.0,0.0,256990.22,0.0,0.0,3045.79,830040.52,653526.90,0.00,1139112.10,43735.20
CZ04/MBT&0&rDXHP&New&HV_AirDist__SupFanMtr/NE-HVAC-FanBelt-VBelt-Std/instance-out.sql,6396963.9399999995,1807672.89,233324.34,438466.02,0.0,2167645.51,0.0,1578243.08,1121.9,0.0,0.0,0.0,170490.2,0.0,0.0,5561.21,233324.34,1802111.68,0.00,1394057.91,773587.60
CZ04/MBT&0&rDXHP&New&HV_AirDist__SupFanMtr/NE-HVAC-FanBelt-CoggedVBelt-Msr/instance-out.sql,6386810.88,1808012.62,232693.54,438466.02,0.0,2167645.51,0.0,1568381.1,1121.9,0.0,0.0,0.0,170490.19,0.0,0.0,5753.08,232693.54,1802259.54,0.00,1394057.91,773587.60
CZ04/MBT&0&rDXHP&New&HV_AirDist__SupFanMtr/NE-HVAC-FanBelt-SynchVBelt-Msr/instance-out.sql,6372325.41,1808514.3800000001,231795.09,438466.02,0.0,2167645.51,0.0,1554292.32,1121.9,0.0,0.0,0.0,170490.18,0.0,0.0,6036.54,231795.09,1802477.84,0.00,1394057.91,773587.60
CZ04/MLI&0&rDXHP&New&HV_AirDist__SupFanMtr/NE-HVAC-FanBelt-VBelt-Std/instance-out.sql,1166419.5899999999,3633.14,73254.7,153603.74,0.0,239893.0,0.0,648414.67,3.37,0.0,0.0,0.0,47616.96,0.0,0.0,3633.14,73254.70,0.00,0.00,239893.00,0.00
CZ04/MLI&0&rDXHP&New&HV_AirDist__SupFanMtr/NE-HVAC-FanBelt-CoggedVBelt-Msr/instance-out.sql,1153120.88,3821.2,72481.96,153603.74,0.0,239893.0,0.0,635700.65,3.37,0.0,0.0,0.0,47616.95,0.0,0.0,3821.20,72481.96,0.00,0.00,239893.00,0.00
CZ04/MLI&0&rDXHP&New&HV_AirDist__SupFanMtr/NE-HVAC-FanBelt-SynchVBelt-Msr/instance-out.sql,1134199.5899999999,4159.64,71385.1,153603.74,0.0,239893.0,0.0,617537.78,3.37,0.0,0.0,0.0,47616.95,0.0,0.0,4159.64,71385.10,0.00,0.00,239893.00,0.00
CZ04/Mtl&0&rDXHP&New&HV_AirDist__SupFanMtr/NE-HVAC-FanBelt-VBelt-Std/instance-out.sql,195630.55,1691.74,22867.68,34352.14,0.0,22443.33,0.0,106551.56,3.36,0.0,0.0,0.0,7720.72,0.0,0.0,1449.45,22867.68,242.29,0.00,22191.36,251.97
CZ04/Mtl&0&rDXHP&New&HV_AirDist__SupFanMtr/NE-HVAC-FanBelt-CoggedVBelt-Msr/instance-out.sql,193453.18,1741.1,22718.68,34352.14,0.0,22443.33,0.0,104473.85,3.36,0.0,0.0,0.0,7720.72,0.0,0.0,1498.33,22718.68,242.77,0.00,22191.36,251.97
CZ04/Mtl&0&rDXHP&New&HV_AirDist__SupFanMtr/NE-HVAC-FanBelt-SynchVBelt-Msr/instance-out.sql,190348.64,1814.3500000000001,22505.63,34352.14,0.0,22443.33,0.0,101509.09,3.36,0.0,0.0,0.0,7720.72,0.0,0.0,1571.38,22505.63,242.97,0.00,22191.36,251.97
CZ04/Nrs&0&rDXHP&New&HV_AirDist__SupFanMtr/NE-HVAC-FanBelt-VBelt-Std/instance-out.sql,883243.28,28260.75,73503.0,103109.51,0.0,347425.87,0.0,215862.94,50.75,0.0,0.0,0.0,115030.46,0.0,0.0,1927.35,73503.00,26333.40,0.00,281574.59,65851.28
CZ04/Nrs&0&rDXHP&New&HV_AirDist__SupFanMtr/NE-HVAC-FanBelt-CoggedVBelt-Msr/instance-out.sql,879959.7999999999,28335.35,73298.18,103109.51,0.0,347425.87,0.0,212703.9,50.72,0.0,0.0,0.0,115036.27,0.0,0.0,1977.80,73298.18,26357.55,0.00,281574.59,65851.28
CZ04/Nrs&0&rDXHP&New&HV_AirDist__SupFanMtr/NE-HVAC-FanBelt-SynchVBelt-Msr/instance-out.sql,875298.2,28452.949999999997,73005.93,103109.51,0.0,347425.87,0.0,208193.37,50.7,0.0,0.0,0.0,115059.88,0.0,0.0,2051.67,73005.93,26401.28,0.00,281574.59,65851.28
CZ04/OfL&0&rDXHP&New&HV_AirDist__SupFanMtr/NE-HVAC-FanBelt-VBelt-Std/instance-out.sql,2577417.9499999997,34190.659999999996,237579.66,239041.7,0.0,829334.66,0.0,1115327.95,4607.78,0.0,0.0,0.0,117335.54,0.0,0.0,1250.42,237579.66,32940.24,0.00,829334.66,0.00
CZ04/OfL&0&rDXHP&New&HV_AirDist__SupFanMtr/NE-HVAC-FanBelt-CoggedVBelt-Msr/instance-out.sql,2554688.34,34217.579999999994,236214.18,239041.7,0.0,829334.66,0.0,1093937.37,4607.3,0.0,0.0,0.0,117335.54,0.0,0.0,1303.45,236214.18,32914.13,0.00,829334.66,0.00
CZ04/OfL&0&rDXHP&New&HV_AirDist__SupFanMtr/NE-HVAC-FanBelt-SynchVBelt-Msr/instance-out.sql,2522401.1399999997,34350.649999999994,234290.89,239041.7,0.0,829334.66,0.0,1063438.9,4608.8,0.0,0.0,0.0,117335.53,0.0,0.0,1383.59,234290.89,32967.06,0.00,829334.66,0.00
CZ04/OfS&0&rDXHP&New&HV_AirDist__SupFanMtr/NE-HVAC-FanBelt-VBelt-Std/instance-out.sql,137948.44,386.44,8706.07,12106.19,0.0,29387.4,0.0,65622.53,1.13,0.0,0.0,0.0,21738.67,0.0,0.0,386.44,8706.07,0.00,0.00,29387.40,0.00
CZ04/OfS&0&rDXHP&New&HV_AirDist__SupFanMtr/NE-HVAC-FanBelt-CoggedVBelt-Msr/instance-out.sql,136595.13,399.8,8625.24,12106.19,0.0,29387.4,0.0,64336.7,1.13,0.0,0.0,0.0,21738.67,0.0,0.0,399.80,8625.24,0.00,0.00,29387.40,0.00
CZ04/OfS&0&rDXHP&New&HV_AirDist__SupFanMtr/NE-HVAC-FanBelt-SynchVBelt-Msr/instance-out.sql,134662.16,420.23,8510.2,12106.19,0.0,29387.4,0.0,62498.33,1.13,0.0,0.0,0.0,21738.67,0.0,0.0,420.23,8510.20,0.00,0.00,29387.40,0.00
CZ04/RFF&0&rDXHP&New&HV_AirDist__SupFanMtr/NE-HVAC-FanBelt-VBelt-Std/instance-out.sql,116747.34,468.43,9786.25,6626.33,0.0,37903.17,0.0,36696.99,3.37,0.0,0.0,0.0,25262.78,0.0,0.0,460.63,9786.25,7.80,0.00,18423.46,19479.71
CZ04/RFF&0&rDXHP&New&HV_AirDist__SupFanMtr/NE-HVAC-FanBelt-CoggedVBelt-Msr/instance-out.sql,116271.85,486.37,9757.93,6626.33,0.0,37903.17,0.0,36231.89,3.37,0.0,0.0,0.0,25262.78,0.0,0.0,478.54,9757.93,7.83,0.00,18423.46,19479.71
CZ04/RFF&0&rDXHP&New&HV_AirDist__SupFanMtr/NE-HVAC-FanBelt-SynchVBelt-Msr/instance-out.sql,115593.5,512.86,9717.65,6626.33,0.0,37903.17,0.0,35567.32,3.37,0.0,0.0,0.0,25262.78,0.0,0.0,505.00,9717.65,7.86,0.00,18423.46,19479.71
CZ04/RSD&0&rDXHP&New&HV_AirDist__SupFanMtr/NE-HVAC-FanBelt-VBelt-Std/instance-out.sql,262690.42,41600.829999999994,26135.75,16225.45,0.0,76546.73,0.0,37721.51,39.95,0.0,0.0,0.0,64420.21,0.0,0.0,244.56,26135.75,41356.27,0.00,37475.60,39071.13
CZ04/RSD&0&rDXHP&New&HV_AirDist__SupFanMtr/NE-HVAC-FanBelt-CoggedVBelt-Msr/instance-out.sql,262488.68,41612.68,26122.01,16225.45,0.0,76546.73,0.0,37521.67,39.94,0.0,0.0,0.0,64420.21,0.0,0.0,252.53,26122.01,41360.15,0.00,37475.60,39071.13
CZ04/RSD&0&rDXHP&New&HV_AirDist__SupFanMtr/NE-HVAC-FanBelt-SynchVBelt-Msr/instance-out.sql,262198.22,41627.420000000006,26102.38,16225.45,0.0,76546.73,0.0,37236.1,39.94,0.0,0.0,0.0,64420.21,0.0,0.0,264.23,26102.38,41363.19,0.00,37475.60,39071.13
CZ04/Rt3&0&rDXHP&New&HV_AirDist__SupFanMtr/NE-HVAC-FanBelt-VBelt-Std/instance-out.sql,2256462.14,8941.51,167850.49,394371.6,0.0,436362.0,0.0,1079984.73,3.38,0.0,0.0,0.0,168948.44,0.0,0.0,7879.47,167850.49,1062.04,0.00,436362.00,0.00
CZ04/Rt3&0&rDXHP&New&HV_AirDist__SupFanMtr/NE-HVAC-FanBelt-CoggedVBelt-Msr/instance-out.sql,2234771.34,9255.51,166344.74,394371.6,0.0,436362.0,0.0,1059485.67,3.38,0.0,0.0,0.0,168948.44,0.0,0.0,8191.14,166344.74,1064.37,0.00,436362.00,0.00
CZ04/Rt3&0&rDXHP&New&HV_AirDist__SupFanMtr/NE-HVAC-FanBelt-SynchVBelt-Msr/instance-out.sql,2203771.91,9717.07,164204.76,394371.6,0.0,436362.0,0.0,1030164.67,3.38,0.0,0.0,0.0,168948.44,0.0,0.0,8647.85,164204.76,1069.22,0.00,436362.00,0.00
CZ04/RtL&0&rDXHP&New&HV_AirDist__SupFanMtr/NE-HVAC-FanBelt-VBelt-Std/instance-out.sql,2026078.6400000001,1691.09,153907.12,395231.18,0.0,509200.67,0.0,841654.83,3.39,0.0,0.0,0.0,124390.36,0.0,0.0,1691.09,153907.12,0.00,0.00,468847.72,40352.95
CZ04/RtL&0&rDXHP&New&HV_AirDist__SupFanMtr/NE-HVAC-FanBelt-CoggedVBelt-Msr/instance-out.sql,2008781.9300000002,1787.42,152655.12,395231.18,0.0,509200.67,0.0,825513.79,3.39,0.0,0.0,0.0,124390.36,0.0,0.0,1787.42,152655.12,0.00,0.00,468847.72,40352.95
CZ04/RtL&0&rDXHP&New&HV_AirDist__SupFanMtr/NE-HVAC-FanBelt-SynchVBelt-Msr/instance-out.sql,1984096.76,1943.92,150872.08,395231.18,0.0,509200.67,0.0,802455.16,3.39,0.0,0.0,0.0,124390.36,0.0,0.0,1943.92,150872.08,0.00,0.00,468847.72,40352.95
CZ04/RtS&0&rDXHP&New&HV_AirDist__SupFanMtr/NE-HVAC-FanBelt-VBelt-Std/instance-out.sql,141221.82,1578.75,10960.14,23251.32,0.0,24440.79,0.0,65519.39,3.36,0.0,0.0,0.0,15468.07,0.0,0.0,1578.75,10960.14,0.00,0.00,24440.79,0.00
CZ04/RtS&0&rDXHP&New&HV_AirDist__SupFanMtr/NE-HVAC-FanBelt-CoggedVBelt-Msr/instance-out.sql,139895.34,1628.7,10866.12,23251.32,0.0,24440.79,0.0,64236.97,3.36,0.0,0.0,0.0,15468.07,0.0,0.0,1628.70,10866.12,0.00,0.00,24440.79,0.00
CZ04/RtS&0&rDXHP&New&HV_AirDist__SupFanMtr/NE-HVAC-FanBelt-SynchVBelt-Msr/instance-out.sql,138001.86,1702.07,10732.22,23251.32,0.0,24440.79,0.0,62404.02,3.36,0.0,0.0,0.0,15468.07,0.0,0.0,1702.07,10732.22,0.00,0.00,24440.79,0.00
CZ04/SCn&0&rDXHP&New&HV_AirDist__SupFanMtr/NE-HVAC-FanBelt-VBelt-Std/instance-out.sql,3400073.52,46273.36,239713.99,571539.04,0.0,449066.39,0.0,2010226.2,3.36,0.0,0.0,0.0,83251.18,0.0,0.0,46273.36,239713.99,0.00,0.00,449066.39,0.00
CZ04/SCn&0&rDXHP&New&HV_AirDist__SupFanMtr/NE-HVAC-FanBelt-CoggedVBelt-Msr/instance-out.sql,3360207.85,48382.27,237155.62,571539.04,0.0,449066.39,0.0,1970810.0,3.36,0.0,0.0,0.0,83251.17,0.0,0.0,48382.27,237155.62,0.00,0.00,449066.39,0.00
CZ04/SCn&0&rDXHP&New&HV_AirDist__SupFanMtr/NE-HVAC-FanBelt-SynchVBelt-Msr/instance-out.sql,3303553.5100000002,51472.82,233509.16,571539.04,0.0,449066.39,0.0,1914711.56,3.36,0.0,0.0,0.0,83251.18,0.0,0.0,51472.82,233509.16,0.00,0.00,449066.39,0.00
CZ05/Asm&0&rDXHP&New&HV_AirDist__SupFanMtr/NE-HVAC-FanBelt-VBelt-Std/instance-out.sql,665545.22,23503.12,38682.46,76844.55,0.0,145823.51,0.0,357938.24,3.36,0.0,0.0,0.0,22749.98,0.0,0.0,23503.12,38682.46,0.00,0.00,145823.51,0.00
CZ05/Asm&0&rDXHP&New&HV_AirDist__SupFanMtr/NE-HVAC-FanBelt-CoggedVBelt-Msr/instance-out.sql,658584.74,23976.8,38266.68,76844.55,0.0,145823.51,0.0,350919.84,3.36,0.0,0.0,0.0,22750.0,0.0,0.0,23976.80,38266.68,0.00,0.00,145823.51,0.00
CZ05/Asm&0&rDXHP&New&HV_AirDist__SupFanMtr/NE-HVAC-FanBelt-SynchVBelt-Msr/instance-out.sql,648655.97,24665.32,37675.67,76844.55,0.0,145823.51,0.0,340893.56,3.36,0.0,0.0,0.0,22749.99,0.0,0.0,24665.32,37675.67,0.00,0.00,145823.51,0.00
CZ05/ECC&0&rDXHP&New&HV_AirDist__SupFanMtr/NE-HVAC-FanBelt-VBelt-Std/instance-out.sql,2632611.21,12576.490000000002,114601.98,167224.54,0.0,1013813.91,0.0,870811.47,1408.11,0.0,0.0,0.0,452174.69,0.0,0.0,11990.12,114601.98,586.37,0.00,945189.93,68623.98
CZ05/ECC&0&rDXHP&New&HV_AirDist__SupFanMtr/NE-HVAC-FanBelt-CoggedVBelt-Msr/instance-out.sql,2617505.81,12893.64,113768.07,167224.54,0.0,1013813.91,0.0,856222.59,1407.79,0.0,0.0,0.0,452175.27,0.0,0.0,12306.24,113768.07,587.40,0.00,945189.93,68623.98
CZ05/ECC&0&rDXHP&New&HV_AirDist__SupFanMtr/NE-HVAC-FanBelt-SynchVBelt-Msr/instance-out.sql,2595897.0,13363.15,112579.33,167224.54,0.0,1013813.91,0.0,835333.51,1407.26,0.0,0.0,0.0,452175.29,0.0,0.0,12774.67,112579.33,588.48,0.00,945189.93,68623.98
CZ05/EPr&0&rDXHP&New&HV_AirDist__SupFanMtr/NE-HVAC-FanBelt-VBelt-Std/instance-out.sql,385261.78,3217.16,22874.37,30835.78,0.0,125897.03,0.0,116102.51,3.37,0.0,0.0,0.0,86331.56,0.0,0.0,3217.16,22874.37,0.00,0.00,83226.75,42670.28
CZ05/EPr&0&rDXHP&New&HV_AirDist__SupFanMtr/NE-HVAC-FanBelt-CoggedVBelt-Msr/instance-out.sql,383295.81,3292.48,22748.81,30835.78,0.0,125897.03,0.0,114186.77,3.37,0.0,0.0,0.0,86331.56,0.0,0.0,3292.48,22748.81,0.00,0.00,83226.75,42670.28
CZ05/EPr&0&rDXHP&New&HV_AirDist__SupFanMtr/NE-HVAC-FanBelt-SynchVBelt-Msr/instance-out.sql,380494.93,3402.53,22570.81,30835.78,0.0,125897.03,0.0,111453.86,3.37,0.0,0.0,0.0,86331.56,0.0,0.0,3402.53,22570.81,0.00,0.00,83226.75,42670.28
CZ05/ERC&0&rDXHP&New&HV_AirDist__SupFanMtr/NE-HVAC-FanBelt-VBelt-Std/instance-out.sql,18349.84,268.4,432.65,1016.35,0.0,2196.82,0.0,5121.61,3.36,0.0,0.0,0.0,9310.64,0.0,0.0,268.40,432.65,0.00,0.00,2196.82,0.00
CZ05/ERC&0&rDXHP&New&HV_AirDist__SupFanMtr/NE-HVAC-FanBelt-CoggedVBelt-Msr/instance-out.sql,18253.86,274.01,427.62,1016.35,0.0,2196.82,0.0,5024.91,3.36,0.0,0.0,0.0,9310.79,0.0,0.0,274.01,427.62,0.00,0.00,2196.82,0.00
CZ05/ERC&0&rDXHP&New&HV_AirDist__SupFanMtr/NE-HVAC-FanBelt-SynchVBelt-Msr/instance-out.sql,18115.41,282.15,420.47,1016.35,0.0,2196.82,0.0,4885.62,3.36,0.0,0.0,0.0,9310.65,0.0,0.0,282.15,420.47,0.00,0.00,2196.82,0.00
CZ05/ESe&0&rDXHP&New&HV_AirDist__SupFanMtr/NE-HVAC-FanBelt-VBelt-Std/instance-out.sql,1200817.75,77776.81,52328.19,94750.45,0.0,323176.74,0.0,416866.6,3.39,0.0,0.0,0.0,235915.56,0.0,0.0,2384.45,52328.19,75392.36,0.00,259085.82,64090.92
CZ05/ESe&0&rDXHP&New&HV_AirDist__SupFanMtr/NE-HVAC-FanBelt-CoggedVBelt-Msr/instance-out.sql,1198359.6099999999,77842.87000000001,52183.19,94750.45,0.0,323176.74,0.0,414487.41,3.39,0.0,0.0,0.0,235915.55,0.0,0.0,2443.49,52183.19,75399.38,0.00,259085.82,64090.92
CZ05/ESe&0&rDXHP&New&HV_AirDist__SupFanMtr/NE-HVAC-FanBelt-SynchVBelt-Msr/instance-out.sql,1194826.42,77938.48000000001,51977.43,94750.45,0.0,323176.74,0.0,411064.12,3.39,0.0,0.0,0.0,235915.81,0.0,0.0,2530.24,51977.43,75408.24,0.00,259085.82,64090.92
CZ05/EUn&0&rDXHP&New&HV_AirDist__SupFanMtr/NE-HVAC-FanBelt-VBelt-Std/instance-out.sql,8341565.81,17578.920000000002,330809.55,644388.1,0.0,3682881.23,0.0,2902317.35,3.37,0.0,0.0,0.0,763587.28,0.0,0.0,17575.74,330809.55,3.18,0.00,3555459.15,127422.08
CZ05/EUn&0&rDXHP&New&HV_AirDist__SupFanMtr/NE-HVAC-FanBelt-CoggedVBelt-Msr/instance-out.sql,8293393.600000001,18180.33,328397.38,644388.1,0.0,3682881.23,0.0,2855955.88,3.37,0.0,0.0,0.0,763587.31,0.0,0.0,18177.06,328397.38,3.27,0.00,3555459.15,127422.08
CZ05/EUn&0&rDXHP&New&HV_AirDist__SupFanMtr/NE-HVAC-FanBelt-SynchVBelt-Msr/instance-out.sql,8224722.15,19075.550000000003,324988.45,644388.1,0.0,3682881.23,0.0,2789798.12,3.37,0.0,0.0,0.0,763587.33,0.0,0.0,19072.15,324988.45,3.40,0.00,3555459.15,127422.08
CZ05/Hsp&0&rDXHP&New&HV_AirDist__SupFanMtr/NE-HVAC-FanBelt-VBelt-Std/instance-out.sql,4092009.65,564160.96,645496.03,625795.42,0.0,1182847.3,0.0,748003.4,59846.0,0.0,0.0,0.0,265860.55,0.0,0.0,4205.85,645496.03,559955.11,0.00,1139112.10,43735.20
CZ05/Hsp&0&rDXHP&New&HV_AirDist__SupFanMtr/NE-HVAC-FanBelt-CoggedVBelt-Msr/instance-out.sql,4081456.01,564443.8799999999,645003.81,625795.42,0.0,1182847.3,0.0,737655.88,59849.17,0.0,0.0,0.0,265860.55,0.0,0.0,4345.94,645003.81,560097.94,0.00,1139112.10,43735.20
CZ05/Hsp&0&rDXHP&New&HV_AirDist__SupFanMtr/NE-HVAC-FanBelt-SynchVBelt-Msr/instance-out.sql,4066538.06,564945.97,644339.41,625795.42,0.0,1182847.3,0.0,722902.56,59846.67,0.0,0.0,0.0,265860.73,0.0,0.0,4556.15,644339.41,560389.82,0.00,1139112.10,43735.20
CZ05/MBT&0&rDXHP&New&HV_AirDist__SupFanMtr/NE-HVAC-FanBelt-VBelt-Std/instance-out.sql,6628182.6,2181212.6999999997,125525.81,438466.02,0.0,2167645.51,0.0,1537951.03,1072.53,0.0,0.0,0.0,176308.99,0.0,0.0,6947.69,125525.81,2174265.01,0.00,1394057.91,773587.60
CZ05/MBT&0&rDXHP&New&HV_AirDist__SupFanMtr/NE-HVAC-FanBelt-CoggedVBelt-Msr/instance-out.sql,6618736.7,2181592.64,125094.17,438466.02,0.0,2167645.51,0.0,1528556.83,1072.53,0.0,0.0,0.0,176309.0,0.0,0.0,7161.44,125094.17,2174431.20,0.00,1394057.91,773587.60
CZ05/MBT&0&rDXHP&New&HV_AirDist__SupFanMtr/NE-HVAC-FanBelt-SynchVBelt-Msr/instance-out.sql,6605262.62,2182152.13,124480.63,438466.02,0.0,2167645.51,0.0,1515136.8,1072.53,0.0,0.0,0.0,176309.0,0.0,0.0,7477.61,124480.63,2174674.52,0.00,1394057.91,773587.60
CZ05/MLI&0&rDXHP&New&HV_AirDist__SupFanMtr/NE-HVAC-FanBelt-VBelt-Std/instance-out.sql,1123953.8,3794.7,35371.84,153603.74,0.0,239893.0,0.0,642181.15,3.37,0.0,0.0,0.0,49105.99,0.0,0.0,3794.70,35371.84,0.00,0.00,239893.00,0.00
CZ05/MLI&0&rDXHP&New&HV_AirDist__SupFanMtr/NE-HVAC-FanBelt-CoggedVBelt-Msr/instance-out.sql,1111046.51,4002.3,34848.74,153603.74,0.0,239893.0,0.0,629589.36,3.37,0.0,0.0,0.0,49105.99,0.0,0.0,4002.30,34848.74,0.00,0.00,239893.00,0.00
CZ05/MLI&0&rDXHP&New&HV_AirDist__SupFanMtr/NE-HVAC-FanBelt-SynchVBelt-Msr/instance-out.sql,1092632.23,4318.63,34106.39,153603.74,0.0,239893.0,0.0,611601.1,3.37,0.0,0.0,0.0,49105.99,0.0,0.0,4318.63,34106.39,0.00,0.00,239893.00,0.00
CZ05/Mtl&0&rDXHP&New&HV_AirDist__SupFanMtr/NE-HVAC-FanBelt-VBelt-Std/instance-out.sql,180356.26,2083.5499999999997,13738.74,34352.14,0.0,22443.33,0.0,99970.89,3.36,0.0,0.0,0.0,7764.24,0.0,0.0,2028.32,13738.74,55.23,0.00,22191.36,251.97
CZ05/Mtl&0&rDXHP&New&HV_AirDist__SupFanMtr/NE-HVAC-FanBelt-CoggedVBelt-Msr/instance-out.sql,178353.11,2139.95,13629.93,34352.14,0.0,22443.33,0.0,98020.15,3.36,0.0,0.0,0.0,7764.24,0.0,0.0,2084.52,13629.93,55.43,0.00,22191.36,251.97
CZ05/Mtl&0&rDXHP&New&HV_AirDist__SupFanMtr/NE-HVAC-FanBelt-SynchVBelt-Msr/instance-out.sql,175494.77000000002,2223.7,13474.43,34352.14,0.0,22443.33,0.0,95233.56,3.36,0.0,0.0,0.0,7764.24,0.0,0.0,2168.00,13474.43,55.70,0.00,22191.36,251.97
CZ05/Nrs&0&rDXHP&New&HV_AirDist__SupFanMtr/NE-HVAC-FanBelt-VBelt-Std/instance-out.sql,856600.67,29759.87,55135.76,103109.51,0.0,347425.87,0.0,202687.52,58.32,0.0,0.0,0.0,118423.83,0.0,0.0,3079.23,55135.76,26680.64,0.00,281574.59,65851.28
CZ05/Nrs&0&rDXHP&New&HV_AirDist__SupFanMtr/NE-HVAC-FanBelt-CoggedVBelt-Msr/instance-out.sql,853534.87,29908.89,54988.1,103109.51,0.0,347425.87,0.0,199653.41,58.32,0.0,0.0,0.0,118390.79,0.0,0.0,3148.97,54988.10,26759.92,0.00,281574.59,65851.28
CZ05/Nrs&0&rDXHP&New&HV_AirDist__SupFanMtr/NE-HVAC-FanBelt-SynchVBelt-Msr/instance-out.sql,849147.9700000001,30071.96,54782.16,103109.51,0.0,347425.87,0.0,195310.92,58.41,0.0,0.0,0.0,118389.15,0.0,0.0,3250.48,54782.16,26821.48,0.00,281574.59,65851.28
CZ05/OfL&0&rDXHP&New&HV_AirDist__SupFanMtr/NE-HVAC-FanBelt-VBelt-Std/instance-out.sql,2459605.89,29030.77,155140.02,239041.7,0.0,829334.66,0.0,1081897.5,3875.34,0.0,0.0,0.0,121285.9,0.0,0.0,1571.90,155140.02,27458.87,0.00,829334.66,0.00
CZ05/OfL&0&rDXHP&New&HV_AirDist__SupFanMtr/NE-HVAC-FanBelt-CoggedVBelt-Msr/instance-out.sql,2437996.63,29143.44,154193.86,239041.7,0.0,829334.66,0.0,1061121.13,3875.93,0.0,0.0,0.0,121285.9,0.0,0.0,1639.82,154193.86,27503.62,0.00,829334.66,0.00
CZ05/OfL&0&rDXHP&New&HV_AirDist__SupFanMtr/NE-HVAC-FanBelt-SynchVBelt-Msr/instance-out.sql,2407057.3600000003,29236.44,152854.73,239041.7,0.0,829334.66,0.0,1031428.0,3875.92,0.0,0.0,0.0,121285.9,0.0,0.0,1741.91,152854.73,27494.53,0.00,829334.66,0.00
CZ05/OfS&0&rDXHP&New&HV_AirDist__SupFanMtr/NE-HVAC-FanBelt-VBelt-Std/instance-out.sql,130708.04,630.05,4492.86,12106.19,0.0,29387.4,0.0,61730.29,1.13,0.0,0.0,0.0,22360.11,0.0,0.0,630.05,4492.86,0.00,0.00,29387.40,0.00
CZ05/OfS&0&rDXHP&New&HV_AirDist__SupFanMtr/NE-HVAC-FanBelt-CoggedVBelt-Msr/instance-out.sql,129463.42000000001,649.97,4438.91,12106.19,0.0,29387.4,0.0,60519.71,1.13,0.0,0.0,0.0,22360.1,0.0,0.0,649.97,4438.91,0.00,0.00,29387.40,0.00
CZ05/OfS&0&rDXHP&New&HV_AirDist__SupFanMtr/NE-HVAC-FanBelt-SynchVBelt-Msr/instance-out.sql,127686.76999999999,679.81,4362.12,12106.19,0.0,29387.4,0.0,58790.0,1.13,0.0,0.0,0.0,22360.1,0.0,0.0,679.81,4362.12,0.00,0.00,29387.40,0.00
CZ05/RFF&0&rDXHP&New&HV_AirDist__SupFanMtr/NE-HVAC-FanBelt-VBelt-Std/instance-out.sql,110883.66,698.42,6913.35,6626.33,0.0,37903.17,0.0,32787.79,3.37,0.0,0.0,0.0,25951.19,0.0,0.0,675.54,6913.35,22.88,0.00,18423.46,19479.71
CZ05/RFF&0&rDXHP&New&HV_AirDist__SupFanMtr/NE-HVAC-FanBelt-CoggedVBelt-Msr/instance-out.sql,110471.35,717.97,6895.87,6626.33,0.0,37903.17,0.0,32373.43,3.37,0.0,0.0,0.0,25951.19,0.0,0.0,695.03,6895.87,22.94,0.00,18423.46,19479.71
CZ05/RFF&0&rDXHP&New&HV_AirDist__SupFanMtr/NE-HVAC-FanBelt-SynchVBelt-Msr/instance-out.sql,109883.54999999999,746.9,6871.09,6626.33,0.0,37903.17,0.0,31781.48,3.37,0.0,0.0,0.0,25951.2,0.0,0.0,723.89,6871.09,23.01,0.00,18423.46,19479.71
CZ05/RSD&0&rDXHP&New&HV_AirDist__SupFanMtr/NE-HVAC-FanBelt-VBelt-Std/instance-out.sql,248504.15,35846.06,18888.86,16225.45,0.0,76546.73,0.0,34471.51,29.23,0.0,0.0,0.0,66496.32,0.0,0.0,359.03,18888.86,35487.03,0.00,37475.60,39071.13
CZ05/RSD&0&rDXHP&New&HV_AirDist__SupFanMtr/NE-HVAC-FanBelt-CoggedVBelt-Msr/instance-out.sql,248315.87,35859.27,18879.39,16225.45,0.0,76546.73,0.0,34279.48,29.23,0.0,0.0,0.0,66496.32,0.0,0.0,368.06,18879.39,35491.21,0.00,37475.60,39071.13
CZ05/RSD&0&rDXHP&New&HV_AirDist__SupFanMtr/NE-HVAC-FanBelt-SynchVBelt-Msr/instance-out.sql,248046.87,35878.049999999996,18865.94,16225.45,0.0,76546.73,0.0,34005.16,29.23,0.0,0.0,0.0,66496.32,0.0,0.0,381.31,18865.94,35496.74,0.00,37475.60,39071.13
CZ05/Rt3&0&rDXHP&New&HV_AirDist__SupFanMtr/NE-HVAC-FanBelt-VBelt-Std/instance-out.sql,2119439.46,10830.07,83048.22,394371.6,0.0,436362.0,0.0,1020122.72,3.38,0.0,0.0,0.0,174701.44,0.0,0.0,9435.50,83048.22,1394.57,0.00,436362.00,0.00
CZ05/Rt3&0&rDXHP&New&HV_AirDist__SupFanMtr/NE-HVAC-FanBelt-CoggedVBelt-Msr/instance-out.sql,2099430.44,11156.960000000001,82058.55,394371.6,0.0,436362.0,0.0,1000776.5,3.38,0.0,0.0,0.0,174701.44,0.0,0.0,9758.44,82058.55,1398.52,0.00,436362.00,0.00
CZ05/Rt3&0&rDXHP&New&HV_AirDist__SupFanMtr/NE-HVAC-FanBelt-SynchVBelt-Msr/instance-out.sql,2070868.12,11650.640000000001,80653.94,394371.6,0.0,436362.0,0.0,973125.12,3.38,0.0,0.0,0.0,174701.44,0.0,0.0,10247.45,80653.94,1403.19,0.00,436362.00,0.00
CZ05/RtL&0&rDXHP&New&HV_AirDist__SupFanMtr/NE-HVAC-FanBelt-VBelt-Std/instance-out.sql,1947944.03,2053.69,84876.38,395231.18,0.0,509200.67,0.0,827998.63,3.39,0.0,0.0,0.0,128580.09,0.0,0.0,2053.69,84876.38,0.00,0.00,468847.72,40352.95
CZ05/RtL&0&rDXHP&New&HV_AirDist__SupFanMtr/NE-HVAC-FanBelt-CoggedVBelt-Msr/instance-out.sql,1931293.01,2171.28,83991.34,395231.18,0.0,509200.67,0.0,812115.06,3.39,0.0,0.0,0.0,128580.09,0.0,0.0,2171.28,83991.34,0.00,0.00,468847.72,40352.95
CZ05/RtL&0&rDXHP&New&HV_AirDist__SupFanMtr/NE-HVAC-FanBelt-SynchVBelt-Msr/instance-out.sql,1907526.02,2352.84,82733.61,395231.18,0.0,509200.67,0.0,789424.25,3.39,0.0,0.0,0.0,128580.09,0.0,0.0,2352.84,82733.61,0.00,0.00,468847.72,40352.95
CZ05/RtS&0&rDXHP&New&HV_AirDist__SupFanMtr/NE-HVAC-FanBelt-VBelt-Std/instance-out.sql,129532.45,1730.34,5010.65,23251.32,0.0,24440.79,0.0,59295.19,3.36,0.0,0.0,0.0,15800.8,0.0,0.0,1730.34,5010.65,0.00,0.00,24440.79,0.00
CZ05/RtS&0&rDXHP&New&HV_AirDist__SupFanMtr/NE-HVAC-FanBelt-CoggedVBelt-Msr/instance-out.sql,128359.02,1777.78,4951.35,23251.32,0.0,24440.79,0.0,58133.63,3.36,0.0,0.0,0.0,15800.78,0.0,0.0,1777.78,4951.35,0.00,0.00,24440.79,0.00
CZ05/RtS&0&rDXHP&New&HV_AirDist__SupFanMtr/NE-HVAC-FanBelt-SynchVBelt-Msr/instance-out.sql,126687.45999999999,1846.83,4867.33,23251.32,0.0,24440.79,0.0,56477.07,3.36,0.0,0.0,0.0,15800.76,0.0,0.0,1846.83,4867.33,0.00,0.00,24440.79,0.00
CZ05/SCn&0&rDXHP&New&HV_AirDist__SupFanMtr/NE-HVAC-FanBelt-VBelt-Std/instance-out.sql,3101626.16,52418.74,89386.52,571539.04,0.0,449066.39,0.0,1853215.41,3.36,0.0,0.0,0.0,85996.7,0.0,0.0,52418.74,89386.52,0.00,0.00,449066.39,0.00
CZ05/SCn&0&rDXHP&New&HV_AirDist__SupFanMtr/NE-HVAC-FanBelt-CoggedVBelt-Msr/instance-out.sql,3065708.5900000003,54382.35,87842.91,571539.04,0.0,449066.39,0.0,1816877.85,3.36,0.0,0.0,0.0,85996.7,0.0,0.0,54382.35,87842.91,0.00,0.00,449066.39,0.00
CZ05/SCn&0&rDXHP&New&HV_AirDist__SupFanMtr/NE-HVAC-FanBelt-SynchVBelt-Msr/instance-out.sql,3014482.4400000004,57269.47,85640.43,571539.04,0.0,449066.39,0.0,1764967.06,3.36,0.0,0.0,0.0,85996.7,0.0,0.0,57269.47,85640.43,0.00,0.00,449066.39,0.00
CZ06/Asm&0&rDXHP&New&HV_AirDist__SupFanMtr/NE-HVAC-FanBelt-VBelt-Std/instance-out.sql,671626.54,3992.95,59287.66,76844.55,0.0,145823.51,0.0,364213.47,3.36,0.0,0.0,0.0,21461.05,0.0,0.0,3992.95,59287.66,0.00,0.00,145823.51,0.00
CZ06/Asm&0&rDXHP&New&HV_AirDist__SupFanMtr/NE-HVAC-FanBelt-CoggedVBelt-Msr/instance-out.sql,664023.81,4144.59,58674.72,76844.55,0.0,145823.51,0.0,357072.02,3.36,0.0,0.0,0.0,21461.05,0.0,0.0,4144.59,58674.72,0.00,0.00,145823.51,0.00
CZ06/Asm&0&rDXHP&New&HV_AirDist__SupFanMtr/NE-HVAC-FanBelt-SynchVBelt-Msr/instance-out.sql,653180.12,4369.34,57808.34,76844.55,0.0,145823.51,0.0,346869.97,3.36,0.0,0.0,0.0,21461.05,0.0,0.0,4369.34,57808.34,0.00,0.00,145823.51,0.00
CZ06/ECC&0&rDXHP&New&HV_AirDist__SupFanMtr/NE-HVAC-FanBelt-VBelt-Std/instance-out.sql,2686799.61,1424.6599999999999,181003.67,167224.54,0.0,1013813.91,0.0,904242.2,1763.46,0.0,0.0,0.0,417327.16,0.0,0.0,1415.55,181003.67,9.11,0.00,945189.93,68623.98
CZ06/ECC&0&rDXHP&New&HV_AirDist__SupFanMtr/NE-HVAC-FanBelt-CoggedVBelt-Msr/instance-out.sql,2670222.4800000004,1489.51,179664.7,167224.54,0.0,1013813.91,0.0,888939.32,1763.34,0.0,0.0,0.0,417327.17,0.0,0.0,1480.40,179664.70,9.11,0.00,945189.93,68623.98
CZ06/ECC&0&rDXHP&New&HV_AirDist__SupFanMtr/NE-HVAC-FanBelt-SynchVBelt-Msr/instance-out.sql,2646538.52,1587.6,177756.97,167224.54,0.0,1013813.91,0.0,867065.36,1763.26,0.0,0.0,0.0,417326.87,0.0,0.0,1578.50,177756.97,9.10,0.00,945189.93,68623.98
CZ06/EPr&0&rDXHP&New&HV_AirDist__SupFanMtr/NE-HVAC-FanBelt-VBelt-Std/instance-out.sql,393298.5,466.46,32950.98,30835.78,0.0,125897.03,0.0,123132.66,3.37,0.0,0.0,0.0,80012.21,0.0,0.0,466.46,32950.98,0.00,0.00,83226.75,42670.28
CZ06/EPr&0&rDXHP&New&HV_AirDist__SupFanMtr/NE-HVAC-FanBelt-CoggedVBelt-Msr/instance-out.sql,391071.26,486.25,32748.84,30835.78,0.0,125897.03,0.0,121087.77,3.37,0.0,0.0,0.0,80012.21,0.0,0.0,486.25,32748.84,0.00,0.00,83226.75,42670.28
CZ06/EPr&0&rDXHP&New&HV_AirDist__SupFanMtr/NE-HVAC-FanBelt-SynchVBelt-Msr/instance-out.sql,387893.8,515.81,32462.5,30835.78,0.0,125897.03,0.0,118167.1,3.37,0.0,0.0,0.0,80012.22,0.0,0.0,515.81,32462.50,0.00,0.00,83226.75,42670.28
CZ06/ERC&0&rDXHP&New&HV_AirDist__SupFanMtr/NE-HVAC-FanBelt-VBelt-Std/instance-out.sql,18521.11,43.96,825.13,1016.35,0.0,2196.82,0.0,5353.84,3.36,0.0,0.0,0.0,9081.66,0.0,0.0,43.96,825.13,0.00,0.00,2196.82,0.00
CZ06/ERC&0&rDXHP&New&HV_AirDist__SupFanMtr/NE-HVAC-FanBelt-CoggedVBelt-Msr/instance-out.sql,18408.84,45.46,816.32,1016.35,0.0,2196.82,0.0,5248.86,3.36,0.0,0.0,0.0,9081.66,0.0,0.0,45.46,816.32,0.00,0.00,2196.82,0.00
CZ06/ERC&0&rDXHP&New&HV_AirDist__SupFanMtr/NE-HVAC-FanBelt-SynchVBelt-Msr/instance-out.sql,18248.690000000002,47.77,803.85,1016.35,0.0,2196.82,0.0,5098.9,3.36,0.0,0.0,0.0,9081.65,0.0,0.0,47.77,803.85,0.00,0.00,2196.82,0.00
CZ06/ESe&0&rDXHP&New&HV_AirDist__SupFanMtr/NE-HVAC-FanBelt-VBelt-Std/instance-out.sql,1143011.95,19571.26,76936.78,94750.45,0.0,323176.74,0.0,410603.49,3.39,0.0,0.0,0.0,217969.82,0.0,0.0,294.01,76936.78,19277.25,0.00,259085.82,64090.92
CZ06/ESe&0&rDXHP&New&HV_AirDist__SupFanMtr/NE-HVAC-FanBelt-CoggedVBelt-Msr/instance-out.sql,1140301.38,19587.88,76705.6,94750.45,0.0,323176.74,0.0,408107.49,3.39,0.0,0.0,0.0,217969.84,0.0,0.0,306.89,76705.60,19280.99,0.00,259085.82,64090.92
CZ06/ESe&0&rDXHP&New&HV_AirDist__SupFanMtr/NE-HVAC-FanBelt-SynchVBelt-Msr/instance-out.sql,1136393.44,19607.09,76377.29,94750.45,0.0,323176.74,0.0,404508.63,3.39,0.0,0.0,0.0,217969.84,0.0,0.0,326.31,76377.29,19280.78,0.00,259085.82,64090.92
CZ06/EUn&0&rDXHP&New&HV_AirDist__SupFanMtr/NE-HVAC-FanBelt-VBelt-Std/instance-out.sql,8469699.65,912.32,488385.45,644388.1,0.0,3682881.23,0.0,2948500.45,3.37,0.0,0.0,0.0,704628.72,0.0,0.0,912.32,488385.45,0.00,0.00,3555459.15,127422.08
CZ06/EUn&0&rDXHP&New&HV_AirDist__SupFanMtr/NE-HVAC-FanBelt-CoggedVBelt-Msr/instance-out.sql,8419111.22,989.18,484771.27,644388.1,0.0,3682881.23,0.0,2901449.35,3.37,0.0,0.0,0.0,704628.73,0.0,0.0,989.18,484771.27,0.00,0.00,3555459.15,127422.08
CZ06/EUn&0&rDXHP&New&HV_AirDist__SupFanMtr/NE-HVAC-FanBelt-SynchVBelt-Msr/instance-out.sql,8346868.369999999,1108.06,479648.99,644388.1,0.0,3682881.23,0.0,2834209.89,3.37,0.0,0.0,0.0,704628.73,0.0,0.0,1108.06,479648.99,0.00,0.00,3555459.15,127422.08
CZ06/Hsp&0&rDXHP&New&HV_AirDist__SupFanMtr/NE-HVAC-FanBelt-VBelt-Std/instance-out.sql,4194052.93,329104.03,983183.95,625795.42,0.0,1182847.3,0.0,762034.33,65473.85,0.0,0.0,0.0,245614.06,0.0,0.0,416.88,983183.95,328687.15,0.00,1139112.10,43735.20
CZ06/Hsp&0&rDXHP&New&HV_AirDist__SupFanMtr/NE-HVAC-FanBelt-CoggedVBelt-Msr/instance-out.sql,4182805.01,329200.11,982498.8,625795.42,0.0,1182847.3,0.0,751374.21,65474.9,0.0,0.0,0.0,245614.27,0.0,0.0,442.10,982498.80,328758.01,0.00,1139112.10,43735.20
CZ06/Hsp&0&rDXHP&New&HV_AirDist__SupFanMtr/NE-HVAC-FanBelt-SynchVBelt-Msr/instance-out.sql,4166700.72,329322.89,981504.77,625795.42,0.0,1182847.3,0.0,736142.45,65473.53,0.0,0.0,0.0,245614.36,0.0,0.0,480.19,981504.77,328842.70,0.00,1139112.10,43735.20
CZ06/MBT&0&rDXHP&New&HV_AirDist__SupFanMtr/NE-HVAC-FanBelt-VBelt-Std/instance-out.sql,5351564.08,790478.1699999999,179572.56,438466.02,0.0,2167645.51,0.0,1611280.75,1125.36,0.0,0.0,0.0,162995.7,0.0,0.0,347.94,179572.56,790130.23,0.00,1394057.91,773587.60
CZ06/MBT&0&rDXHP&New&HV_AirDist__SupFanMtr/NE-HVAC-FanBelt-CoggedVBelt-Msr/instance-out.sql,5341213.71,790577.0,178884.88,438466.02,0.0,2167645.51,0.0,1601519.23,1125.36,0.0,0.0,0.0,162995.7,0.0,0.0,379.52,178884.88,790197.48,0.00,1394057.91,773587.60
CZ06/MBT&0&rDXHP&New&HV_AirDist__SupFanMtr/NE-HVAC-FanBelt-SynchVBelt-Msr/instance-out.sql,5326443.199999999,790725.23,177911.32,438466.02,0.0,2167645.51,0.0,1587574.07,1125.36,0.0,0.0,0.0,162995.69,0.0,0.0,428.83,177911.32,790296.40,0.00,1394057.91,773587.60
CZ06/MLI&0&rDXHP&New&HV_AirDist__SupFanMtr/NE-HVAC-FanBelt-VBelt-Std/instance-out.sql,1153526.43,384.31,65200.44,153603.74,0.0,239893.0,0.0,648741.31,3.37,0.0,0.0,0.0,45700.26,0.0,0.0,384.31,65200.44,0.00,0.00,239893.00,0.00
CZ06/MLI&0&rDXHP&New&HV_AirDist__SupFanMtr/NE-HVAC-FanBelt-CoggedVBelt-Msr/instance-out.sql,1140067.8,415.02,64431.52,153603.74,0.0,239893.0,0.0,636020.89,3.37,0.0,0.0,0.0,45700.26,0.0,0.0,415.02,64431.52,0.00,0.00,239893.00,0.00
CZ06/MLI&0&rDXHP&New&HV_AirDist__SupFanMtr/NE-HVAC-FanBelt-SynchVBelt-Msr/instance-out.sql,1120857.62,463.03,63345.35,153603.74,0.0,239893.0,0.0,617848.87,3.37,0.0,0.0,0.0,45700.26,0.0,0.0,463.03,63345.35,0.00,0.00,239893.00,0.00
CZ06/Mtl&0&rDXHP&New&HV_AirDist__SupFanMtr/NE-HVAC-FanBelt-VBelt-Std/instance-out.sql,188113.65,175.09,22769.74,34352.14,0.0,22443.33,0.0,100705.91,3.36,0.0,0.0,0.0,7664.07,0.0,0.0,175.09,22769.74,0.00,0.00,22191.36,251.97
CZ06/Mtl&0&rDXHP&New&HV_AirDist__SupFanMtr/NE-HVAC-FanBelt-CoggedVBelt-Msr/instance-out.sql,186016.52000000002,185.37,22616.42,34352.14,0.0,22443.33,0.0,98751.82,3.36,0.0,0.0,0.0,7664.07,0.0,0.0,185.37,22616.42,0.00,0.00,22191.36,251.97
CZ06/Mtl&0&rDXHP&New&HV_AirDist__SupFanMtr/NE-HVAC-FanBelt-SynchVBelt-Msr/instance-out.sql,183021.30000000002,200.84,22398.37,34352.14,0.0,22443.33,0.0,95959.19,3.36,0.0,0.0,0.0,7664.07,0.0,0.0,200.84,22398.37,0.00,0.00,22191.36,251.97
CZ06/Nrs&0&rDXHP&New&HV_AirDist__SupFanMtr/NE-HVAC-FanBelt-VBelt-Std/instance-out.sql,880734.4299999999,20819.03,85610.51,103109.51,0.0,347425.87,0.0,214303.85,73.32,0.0,0.0,0.0,109392.34,0.0,0.0,328.71,85610.51,20490.32,0.00,281574.59,65851.28
CZ06/Nrs&0&rDXHP&New&HV_AirDist__SupFanMtr/NE-HVAC-FanBelt-CoggedVBelt-Msr/instance-out.sql,877411.41,20857.510000000002,85387.36,103109.51,0.0,347425.87,0.0,211153.17,73.32,0.0,0.0,0.0,109404.69,0.0,0.0,343.47,85387.36,20514.04,0.00,281574.59,65851.28
CZ06/Nrs&0&rDXHP&New&HV_AirDist__SupFanMtr/NE-HVAC-FanBelt-SynchVBelt-Msr/instance-out.sql,872585.38,20903.0,85065.37,103109.51,0.0,347425.87,0.0,206653.5,73.31,0.0,0.0,0.0,109354.83,0.0,0.0,365.22,85065.37,20537.78,0.00,281574.59,65851.28
CZ06/OfL&0&rDXHP&New&HV_AirDist__SupFanMtr/NE-HVAC-FanBelt-VBelt-Std/instance-out.sql,2551765.92,12043.09,253595.58,239041.7,0.0,829334.66,0.0,1099733.94,5766.62,0.0,0.0,0.0,112250.33,0.0,0.0,72.55,253595.58,11970.54,0.00,829334.66,0.00
CZ06/OfL&0&rDXHP&New&HV_AirDist__SupFanMtr/NE-HVAC-FanBelt-CoggedVBelt-Msr/instance-out.sql,2529198.04,12047.949999999999,252161.28,239041.7,0.0,829334.66,0.0,1078595.49,5766.62,0.0,0.0,0.0,112250.33,0.0,0.0,77.55,252161.28,11970.40,0.00,829334.66,0.00
CZ06/OfL&0&rDXHP&New&HV_AirDist__SupFanMtr/NE-HVAC-FanBelt-SynchVBelt-Msr/instance-out.sql,2496975.65,12057.69,250126.92,239041.7,0.0,829334.66,0.0,1048397.71,5766.62,0.0,0.0,0.0,112250.33,0.0,0.0,86.18,250126.92,11971.51,0.00,829334.66,0.00
CZ06/OfS&0&rDXHP&New&HV_AirDist__SupFanMtr/NE-HVAC-FanBelt-VBelt-Std/instance-out.sql,136164.18,18.54,8414.62,12106.19,0.0,29387.4,0.0,65300.59,1.13,0.0,0.0,0.0,20935.71,0.0,0.0,18.54,8414.62,0.00,0.00,29387.40,0.00
CZ06/OfS&0&rDXHP&New&HV_AirDist__SupFanMtr/NE-HVAC-FanBelt-CoggedVBelt-Msr/instance-out.sql,134799.23,20.32,8328.28,12106.19,0.0,29387.4,0.0,64020.19,1.13,0.0,0.0,0.0,20935.71,0.0,0.0,20.32,8328.28,0.00,0.00,29387.40,0.00
CZ06/OfS&0&rDXHP&New&HV_AirDist__SupFanMtr/NE-HVAC-FanBelt-SynchVBelt-Msr/instance-out.sql,132850.7,23.14,8205.98,12106.19,0.0,29387.4,0.0,62191.15,1.13,0.0,0.0,0.0,20935.71,0.0,0.0,23.14,8205.98,0.00,0.00,29387.40,0.00
CZ06/RFF&0&rDXHP&New&HV_AirDist__SupFanMtr/NE-HVAC-FanBelt-VBelt-Std/instance-out.sql,113569.53,60.65,10090.05,6626.33,0.0,37903.17,0.0,34512.56,3.37,0.0,0.0,0.0,24373.38,0.0,0.0,60.65,10090.05,0.00,0.00,18423.46,19479.71
CZ06/RFF&0&rDXHP&New&HV_AirDist__SupFanMtr/NE-HVAC-FanBelt-CoggedVBelt-Msr/instance-out.sql,113111.79999999999,64.78,10061.98,6626.33,0.0,37903.17,0.0,34078.77,3.37,0.0,0.0,0.0,24373.38,0.0,0.0,64.78,10061.98,0.00,0.00,18423.46,19479.71
CZ06/RFF&0&rDXHP&New&HV_AirDist__SupFanMtr/NE-HVAC-FanBelt-SynchVBelt-Msr/instance-out.sql,112458.48000000001,71.02,10022.13,6626.33,0.0,37903.17,0.0,33459.06,3.37,0.0,0.0,0.0,24373.38,0.0,0.0,71.02,10022.13,0.00,0.00,18423.46,19479.71
CZ06/RSD&0&rDXHP&New&HV_AirDist__SupFanMtr/NE-HVAC-FanBelt-VBelt-Std/instance-out.sql,242627.01,26478.39,26106.21,16225.45,0.0,76546.73,0.0,35499.91,32.95,0.0,0.0,0.0,61737.37,0.0,0.0,26.75,26106.21,26451.64,0.00,37475.60,39071.13
CZ06/RSD&0&rDXHP&New&HV_AirDist__SupFanMtr/NE-HVAC-FanBelt-CoggedVBelt-Msr/instance-out.sql,242410.94,26481.640000000003,26092.19,16225.45,0.0,76546.73,0.0,35294.62,32.95,0.0,0.0,0.0,61737.37,0.0,0.0,28.58,26092.19,26453.06,0.00,37475.60,39071.13
CZ06/RSD&0&rDXHP&New&HV_AirDist__SupFanMtr/NE-HVAC-FanBelt-SynchVBelt-Msr/instance-out.sql,242102.66999999998,26486.539999999997,26072.28,16225.45,0.0,76546.73,0.0,35001.34,32.95,0.0,0.0,0.0,61737.37,0.0,0.0,31.37,26072.28,26455.17,0.00,37475.60,39071.13
CZ06/Rt3&0&rDXHP&New&HV_AirDist__SupFanMtr/NE-HVAC-FanBelt-VBelt-Std/instance-out.sql,2166846.75,2018.4499999999998,142940.34,394371.6,0.0,436362.0,0.0,1029629.19,3.38,0.0,0.0,0.0,161521.78,0.0,0.0,1858.85,142940.34,159.60,0.00,436362.00,0.00
CZ06/Rt3&0&rDXHP&New&HV_AirDist__SupFanMtr/NE-HVAC-FanBelt-CoggedVBelt-Msr/instance-out.sql,2145763.92,2085.4,141454.97,394371.6,0.0,436362.0,0.0,1009964.78,3.38,0.0,0.0,0.0,161521.78,0.0,0.0,1925.47,141454.97,159.93,0.00,436362.00,0.00
CZ06/Rt3&0&rDXHP&New&HV_AirDist__SupFanMtr/NE-HVAC-FanBelt-SynchVBelt-Msr/instance-out.sql,2115669.0700000003,2186.64,139349.31,394371.6,0.0,436362.0,0.0,981874.35,3.38,0.0,0.0,0.0,161521.78,0.0,0.0,2026.21,139349.31,160.43,0.00,436362.00,0.00
CZ06/RtL&0&rDXHP&New&HV_AirDist__SupFanMtr/NE-HVAC-FanBelt-VBelt-Std/instance-out.sql,2015618.1,72.56,135638.79,395231.18,0.0,509200.67,0.0,856495.7,3.39,0.0,0.0,0.0,118975.8,0.0,0.0,72.56,135638.79,0.00,0.00,468847.72,40352.95
CZ06/RtL&0&rDXHP&New&HV_AirDist__SupFanMtr/NE-HVAC-FanBelt-CoggedVBelt-Msr/instance-out.sql,1997890.22,78.25,134331.09,395231.18,0.0,509200.67,0.0,840069.84,3.39,0.0,0.0,0.0,118975.8,0.0,0.0,78.25,134331.09,0.00,0.00,468847.72,40352.95
CZ06/RtL&0&rDXHP&New&HV_AirDist__SupFanMtr/NE-HVAC-FanBelt-SynchVBelt-Msr/instance-out.sql,1972583.12,87.61,132480.14,395231.18,0.0,509200.67,0.0,816604.32,3.39,0.0,0.0,0.0,118975.8,0.0,0.0,87.61,132480.14,0.00,0.00,468847.72,40352.95
CZ06/RtS&0&rDXHP&New&HV_AirDist__SupFanMtr/NE-HVAC-FanBelt-VBelt-Std/instance-out.sql,133706.74,334.77,9546.48,23251.32,0.0,24440.79,0.0,61091.62,3.36,0.0,0.0,0.0,15038.39,0.0,0.0,334.77,9546.48,0.00,0.00,24440.79,0.00
CZ06/RtS&0&rDXHP&New&HV_AirDist__SupFanMtr/NE-HVAC-FanBelt-CoggedVBelt-Msr/instance-out.sql,132425.93,348.92,9449.4,23251.32,0.0,24440.79,0.0,59893.75,3.36,0.0,0.0,0.0,15038.39,0.0,0.0,348.92,9449.40,0.00,0.00,24440.79,0.00
CZ06/RtS&0&rDXHP&New&HV_AirDist__SupFanMtr/NE-HVAC-FanBelt-SynchVBelt-Msr/instance-out.sql,130598.28,370.1,9311.82,23251.32,0.0,24440.79,0.0,58182.5,3.36,0.0,0.0,0.0,15038.39,0.0,0.0,370.10,9311.82,0.00,0.00,24440.79,0.00
CZ06/SCn&0&rDXHP&New&HV_AirDist__SupFanMtr/NE-HVAC-FanBelt-VBelt-Std/instance-out.sql,3306345.7,3387.26,182998.33,571539.04,0.0,449066.39,0.0,2019630.11,3.36,0.0,0.0,0.0,79721.22,0.0,0.0,3387.26,182998.33,0.00,0.00,449066.39,0.00
CZ06/SCn&0&rDXHP&New&HV_AirDist__SupFanMtr/NE-HVAC-FanBelt-CoggedVBelt-Msr/instance-out.sql,3264706.89,3649.41,180697.95,571539.04,0.0,449066.39,0.0,1980029.52,3.36,0.0,0.0,0.0,79721.22,0.0,0.0,3649.41,180697.95,0.00,0.00,449066.39,0.00
CZ06/SCn&0&rDXHP&New&HV_AirDist__SupFanMtr/NE-HVAC-FanBelt-SynchVBelt-Msr/instance-out.sql,3205312.08,4079.33,177445.49,571539.04,0.0,449066.39,0.0,1923457.25,3.36,0.0,0.0,0.0,79721.22,0.0,0.0,4079.33,177445.49,0.00,0.00,449066.39,0.00
CZ07/Asm&0&rDXHP&New&HV_AirDist__SupFanMtr/NE-HVAC-FanBelt-VBelt-Std/instance-out.sql,687761.33,3979.05,78995.06,76844.55,0.0,145823.51,0.0,360840.86,3.36,0.0,0.0,0.0,21274.94,0.0,0.0,3979.05,78995.06,0.00,0.00,145823.51,0.00
CZ07/Asm&0&rDXHP&New&HV_AirDist__SupFanMtr/NE-HVAC-FanBelt-CoggedVBelt-Msr/instance-out.sql,680145.75,4125.32,78308.53,76844.55,0.0,145823.51,0.0,353765.55,3.36,0.0,0.0,0.0,21274.93,0.0,0.0,4125.32,78308.53,0.00,0.00,145823.51,0.00
CZ07/Asm&0&rDXHP&New&HV_AirDist__SupFanMtr/NE-HVAC-FanBelt-SynchVBelt-Msr/instance-out.sql,669277.18,4340.71,77332.16,76844.55,0.0,145823.51,0.0,343657.96,3.36,0.0,0.0,0.0,21274.93,0.0,0.0,4340.71,77332.16,0.00,0.00,145823.51,0.00
CZ07/ECC&0&rDXHP&New&HV_AirDist__SupFanMtr/NE-HVAC-FanBelt-VBelt-Std/instance-out.sql,2722983.4499999997,1287.72,232067.9,167224.54,0.0,1013813.91,0.0,894897.28,1806.05,0.0,0.0,0.0,411886.04,0.0,0.0,1287.58,232067.90,0.14,0.00,945189.93,68623.98
CZ07/ECC&0&rDXHP&New&HV_AirDist__SupFanMtr/NE-HVAC-FanBelt-CoggedVBelt-Msr/instance-out.sql,2706335.5900000003,1348.3500000000001,230506.85,167224.54,0.0,1013813.91,0.0,879749.98,1805.91,0.0,0.0,0.0,411886.05,0.0,0.0,1348.20,230506.85,0.15,0.00,945189.93,68623.98
CZ07/ECC&0&rDXHP&New&HV_AirDist__SupFanMtr/NE-HVAC-FanBelt-SynchVBelt-Msr/instance-out.sql,2682544.58,1438.96,228274.84,167224.54,0.0,1013813.91,0.0,858100.62,1805.65,0.0,0.0,0.0,411886.05,0.0,0.0,1438.80,228274.84,0.16,0.00,945189.93,68623.98
CZ07/EPr&0&rDXHP&New&HV_AirDist__SupFanMtr/NE-HVAC-FanBelt-VBelt-Std/instance-out.sql,397342.62,452.04,38811.46,30835.78,0.0,125897.03,0.0,122314.83,3.37,0.0,0.0,0.0,79028.11,0.0,0.0,452.04,38811.46,0.00,0.00,83226.75,42670.28
CZ07/EPr&0&rDXHP&New&HV_AirDist__SupFanMtr/NE-HVAC-FanBelt-CoggedVBelt-Msr/instance-out.sql,395105.66000000003,470.96,38583.34,30835.78,0.0,125897.03,0.0,120287.08,3.37,0.0,0.0,0.0,79028.11,0.0,0.0,470.96,38583.34,0.00,0.00,83226.75,42670.28
CZ07/EPr&0&rDXHP&New&HV_AirDist__SupFanMtr/NE-HVAC-FanBelt-SynchVBelt-Msr/instance-out.sql,391913.27,499.15,38258.94,30835.78,0.0,125897.03,0.0,117390.89,3.37,0.0,0.0,0.0,79028.11,0.0,0.0,499.15,38258.94,0.00,0.00,83226.75,42670.28
CZ07/ERC&0&rDXHP&New&HV_AirDist__SupFanMtr/NE-HVAC-FanBelt-VBelt-Std/instance-out.sql,18748.93,41.49,1131.97,1016.35,0.0,2196.82,0.0,5313.11,3.36,0.0,0.0,0.0,9045.83,0.0,0.0,41.49,1131.97,0.00,0.00,2196.82,0.00
CZ07/ERC&0&rDXHP&New&HV_AirDist__SupFanMtr/NE-HVAC-FanBelt-CoggedVBelt-Msr/instance-out.sql,18635.92,42.94,1121.7,1016.35,0.0,2196.82,0.0,5208.93,3.36,0.0,0.0,0.0,9045.83,0.0,0.0,42.94,1121.70,0.00,0.00,2196.82,0.00
CZ07/ERC&0&rDXHP&New&HV_AirDist__SupFanMtr/NE-HVAC-FanBelt-SynchVBelt-Msr/instance-out.sql,18474.67,45.16,1107.05,1016.35,0.0,2196.82,0.0,5060.1,3.36,0.0,0.0,0.0,9045.83,0.0,0.0,45.16,1107.05,0.00,0.00,2196.82,0.00
CZ07/ESe&0&rDXHP&New&HV_AirDist__SupFanMtr/NE-HVAC-FanBelt-VBelt-Std/instance-out.sql,1141305.51,17681.469999999998,90387.49,94750.45,0.0,323176.74,0.0,399986.92,3.39,0.0,0.0,0.0,215319.04,0.0,0.0,268.26,90387.49,17413.21,0.00,259085.82,64090.92
CZ07/ESe&0&rDXHP&New&HV_AirDist__SupFanMtr/NE-HVAC-FanBelt-CoggedVBelt-Msr/instance-out.sql,1138581.01,17692.07,90121.46,94750.45,0.0,323176.74,0.0,397517.85,3.39,0.0,0.0,0.0,215319.04,0.0,0.0,280.28,90121.46,17411.79,0.00,259085.82,64090.92
CZ07/ESe&0&rDXHP&New&HV_AirDist__SupFanMtr/NE-HVAC-FanBelt-SynchVBelt-Msr/instance-out.sql,1134708.97,17713.36,89742.81,94750.45,0.0,323176.74,0.0,394003.17,3.39,0.0,0.0,0.0,215319.04,0.0,0.0,298.45,89742.81,17414.91,0.00,259085.82,64090.92
CZ07/EUn&0&rDXHP&New&HV_AirDist__SupFanMtr/NE-HVAC-FanBelt-VBelt-Std/instance-out.sql,8577985.940000001,935.35,636828.61,644388.1,0.0,3682881.23,0.0,2917198.16,3.37,0.0,0.0,0.0,695751.13,0.0,0.0,935.35,636828.61,0.00,0.00,3555459.15,127422.08
CZ07/EUn&0&rDXHP&New&HV_AirDist__SupFanMtr/NE-HVAC-FanBelt-CoggedVBelt-Msr/instance-out.sql,8527202.85,1004.84,632542.53,644388.1,0.0,3682881.23,0.0,2870631.64,3.37,0.0,0.0,0.0,695751.13,0.0,0.0,1004.84,632542.53,0.00,0.00,3555459.15,127422.08
CZ07/EUn&0&rDXHP&New&HV_AirDist__SupFanMtr/NE-HVAC-FanBelt-SynchVBelt-Msr/instance-out.sql,8454701.13,1112.62,626441.48,644388.1,0.0,3682881.23,0.0,2804123.2,3.37,0.0,0.0,0.0,695751.14,0.0,0.0,1112.62,626441.48,0.00,0.00,3555459.15,127422.08
CZ07/Hsp&0&rDXHP&New&HV_AirDist__SupFanMtr/NE-HVAC-FanBelt-VBelt-Std/instance-out.sql,4362032.91,378780.61,1088940.22,625795.42,0.0,1182847.3,0.0,775714.11,67314.66,0.0,0.0,0.0,242640.6,0.0,0.0,349.87,1088940.22,378430.74,0.00,1139112.10,43735.20
CZ07/Hsp&0&rDXHP&New&HV_AirDist__SupFanMtr/NE-HVAC-FanBelt-CoggedVBelt-Msr/instance-out.sql,4350698.149999999,378842.27,1088077.62,625795.42,0.0,1182847.3,0.0,765178.99,67315.23,0.0,0.0,0.0,242641.33,0.0,0.0,371.70,1088077.62,378470.57,0.00,1139112.10,43735.20
CZ07/Hsp&0&rDXHP&New&HV_AirDist__SupFanMtr/NE-HVAC-FanBelt-SynchVBelt-Msr/instance-out.sql,4334551.9,378981.9,1086842.92,625795.42,0.0,1182847.3,0.0,750136.65,67306.24,0.0,0.0,0.0,242641.46,0.0,0.0,405.06,1086842.92,378576.84,0.00,1139112.10,43735.20
CZ07/MBT&0&rDXHP&New&HV_AirDist__SupFanMtr/NE-HVAC-FanBelt-VBelt-Std/instance-out.sql,5322170.4,721591.18,230465.86,438466.02,0.0,2167645.51,0.0,1601808.2,1148.64,0.0,0.0,0.0,161044.99,0.0,0.0,358.76,230465.86,721232.42,0.00,1394057.91,773587.60
CZ07/MBT&0&rDXHP&New&HV_AirDist__SupFanMtr/NE-HVAC-FanBelt-CoggedVBelt-Msr/instance-out.sql,5311704.16,721683.98,229640.86,438466.02,0.0,2167645.51,0.0,1592074.16,1148.64,0.0,0.0,0.0,161044.99,0.0,0.0,391.45,229640.86,721292.53,0.00,1394057.91,773587.60
CZ07/MBT&0&rDXHP&New&HV_AirDist__SupFanMtr/NE-HVAC-FanBelt-SynchVBelt-Msr/instance-out.sql,5296763.16,721824.5599999999,228465.18,438466.02,0.0,2167645.51,0.0,1578168.26,1148.64,0.0,0.0,0.0,161044.99,0.0,0.0,442.61,228465.18,721381.95,0.00,1394057.91,773587.60
CZ07/MLI&0&rDXHP&New&HV_AirDist__SupFanMtr/NE-HVAC-FanBelt-VBelt-Std/instance-out.sql,1187196.89,287.18,98130.55,153603.74,0.0,239893.0,0.0,650078.34,3.37,0.0,0.0,0.0,45200.69,0.0,0.0,287.18,98130.55,0.00,0.00,239893.00,0.00
CZ07/MLI&0&rDXHP&New&HV_AirDist__SupFanMtr/NE-HVAC-FanBelt-CoggedVBelt-Msr/instance-out.sql,1173444.78,309.5,97102.76,153603.74,0.0,239893.0,0.0,637331.71,3.37,0.0,0.0,0.0,45200.69,0.0,0.0,309.50,97102.76,0.00,0.00,239893.00,0.00
CZ07/MLI&0&rDXHP&New&HV_AirDist__SupFanMtr/NE-HVAC-FanBelt-SynchVBelt-Msr/instance-out.sql,1153802.8599999999,344.23,95635.6,153603.74,0.0,239893.0,0.0,619122.23,3.37,0.0,0.0,0.0,45200.69,0.0,0.0,344.23,95635.60,0.00,0.00,239893.00,0.00
CZ07/Mtl&0&rDXHP&New&HV_AirDist__SupFanMtr/NE-HVAC-FanBelt-VBelt-Std/instance-out.sql,190370.68000000002,168.07,27692.12,34352.14,0.0,22443.33,0.0,98062.09,3.36,0.0,0.0,0.0,7649.57,0.0,0.0,168.07,27692.12,0.00,0.00,22191.36,251.97
CZ07/Mtl&0&rDXHP&New&HV_AirDist__SupFanMtr/NE-HVAC-FanBelt-CoggedVBelt-Msr/instance-out.sql,188299.24000000002,177.51,27514.89,34352.14,0.0,22443.33,0.0,96158.43,3.36,0.0,0.0,0.0,7649.57,0.0,0.0,177.51,27514.89,0.00,0.00,22191.36,251.97
CZ07/Mtl&0&rDXHP&New&HV_AirDist__SupFanMtr/NE-HVAC-FanBelt-SynchVBelt-Msr/instance-out.sql,185341.18000000002,191.84,27261.98,34352.14,0.0,22443.33,0.0,93438.96,3.36,0.0,0.0,0.0,7649.57,0.0,0.0,191.84,27261.98,0.00,0.00,22191.36,251.97
CZ07/Nrs&0&rDXHP&New&HV_AirDist__SupFanMtr/NE-HVAC-FanBelt-VBelt-Std/instance-out.sql,891560.79,21203.69,94701.59,103109.51,0.0,347425.87,0.0,216936.14,65.68,0.0,0.0,0.0,108118.32,0.0,0.0,290.75,94701.59,20912.94,0.00,281574.59,65851.28
CZ07/Nrs&0&rDXHP&New&HV_AirDist__SupFanMtr/NE-HVAC-FanBelt-CoggedVBelt-Msr/instance-out.sql,888260.75,21243.29,94433.49,103109.51,0.0,347425.87,0.0,213785.17,65.71,0.0,0.0,0.0,108197.71,0.0,0.0,304.00,94433.49,20939.29,0.00,281574.59,65851.28
CZ07/Nrs&0&rDXHP&New&HV_AirDist__SupFanMtr/NE-HVAC-FanBelt-SynchVBelt-Msr/instance-out.sql,883371.82,21283.81,94046.66,103109.51,0.0,347425.87,0.0,209285.59,65.75,0.0,0.0,0.0,108154.64,0.0,0.0,323.61,94046.66,20960.20,0.00,281574.59,65851.28
CZ07/OfL&0&rDXHP&New&HV_AirDist__SupFanMtr/NE-HVAC-FanBelt-VBelt-Std/instance-out.sql,2604684.6,15314.6,318263.41,239041.7,0.0,829334.66,0.0,1085628.72,6178.21,0.0,0.0,0.0,110923.29,0.0,0.0,52.95,318263.41,15261.65,0.00,829334.66,0.00
CZ07/OfL&0&rDXHP&New&HV_AirDist__SupFanMtr/NE-HVAC-FanBelt-CoggedVBelt-Msr/instance-out.sql,2582110.9699999997,15317.46,316526.9,239041.7,0.0,829334.66,0.0,1064788.74,6178.21,0.0,0.0,0.0,110923.29,0.0,0.0,56.91,316526.90,15260.55,0.00,829334.66,0.00
CZ07/OfL&0&rDXHP&New&HV_AirDist__SupFanMtr/NE-HVAC-FanBelt-SynchVBelt-Msr/instance-out.sql,2549874.0500000003,15323.109999999999,314055.59,239041.7,0.0,829334.66,0.0,1035017.5,6178.21,0.0,0.0,0.0,110923.29,0.0,0.0,63.31,314055.59,15259.80,0.00,829334.66,0.00
CZ07/OfS&0&rDXHP&New&HV_AirDist__SupFanMtr/NE-HVAC-FanBelt-VBelt-Std/instance-out.sql,138798.11000000002,12.88,11930.43,12106.19,0.0,29387.4,0.0,64632.51,1.13,0.0,0.0,0.0,20727.56,0.0,0.0,12.88,11930.43,0.00,0.00,29387.40,0.00
CZ07/OfS&0&rDXHP&New&HV_AirDist__SupFanMtr/NE-HVAC-FanBelt-CoggedVBelt-Msr/instance-out.sql,137427.08000000002,13.97,11825.62,12106.19,0.0,29387.4,0.0,63365.21,1.13,0.0,0.0,0.0,20727.56,0.0,0.0,13.97,11825.62,0.00,0.00,29387.40,0.00
CZ07/OfS&0&rDXHP&New&HV_AirDist__SupFanMtr/NE-HVAC-FanBelt-SynchVBelt-Msr/instance-out.sql,135469.16,15.67,11676.43,12106.19,0.0,29387.4,0.0,61554.77,1.13,0.0,0.0,0.0,20727.56,0.0,0.0,15.67,11676.43,0.00,0.00,29387.40,0.00
CZ07/RFF&0&rDXHP&New&HV_AirDist__SupFanMtr/NE-HVAC-FanBelt-VBelt-Std/instance-out.sql,114276.81999999999,55.27,11504.34,6626.33,0.0,37903.17,0.0,34041.48,3.37,0.0,0.0,0.0,24142.85,0.0,0.0,55.27,11504.34,0.00,0.00,18423.46,19479.71
CZ07/RFF&0&rDXHP&New&HV_AirDist__SupFanMtr/NE-HVAC-FanBelt-CoggedVBelt-Msr/instance-out.sql,113818.84999999999,58.87,11469.92,6626.33,0.0,37903.17,0.0,33614.32,3.37,0.0,0.0,0.0,24142.85,0.0,0.0,58.87,11469.92,0.00,0.00,18423.46,19479.71
CZ07/RFF&0&rDXHP&New&HV_AirDist__SupFanMtr/NE-HVAC-FanBelt-SynchVBelt-Msr/instance-out.sql,113165.09,64.4,11420.85,6626.33,0.0,37903.17,0.0,33004.1,3.37,0.0,0.0,0.0,24142.86,0.0,0.0,64.40,11420.85,0.00,0.00,18423.46,19479.71
CZ07/RSD&0&rDXHP&New&HV_AirDist__SupFanMtr/NE-HVAC-FanBelt-VBelt-Std/instance-out.sql,254738.35,33872.48,29882.4,16225.45,0.0,76546.73,0.0,37127.32,41.24,0.0,0.0,0.0,61042.75,0.0,0.0,25.22,29882.40,33847.26,0.00,37475.60,39071.13
CZ07/RSD&0&rDXHP&New&HV_AirDist__SupFanMtr/NE-HVAC-FanBelt-CoggedVBelt-Msr/instance-out.sql,254518.76,33874.15,29865.25,16225.45,0.0,76546.73,0.0,36923.2,41.24,0.0,0.0,0.0,61042.75,0.0,0.0,26.83,29865.25,33847.32,0.00,37475.60,39071.13
CZ07/RSD&0&rDXHP&New&HV_AirDist__SupFanMtr/NE-HVAC-FanBelt-SynchVBelt-Msr/instance-out.sql,254198.03,33870.9,29839.36,16225.45,0.0,76546.73,0.0,36631.61,41.24,0.0,0.0,0.0,61042.75,0.0,0.0,29.33,29839.36,33841.57,0.00,37475.60,39071.13
CZ07/Rt3&0&rDXHP&New&HV_AirDist__SupFanMtr/NE-HVAC-FanBelt-VBelt-Std/instance-out.sql,2207149.82,1708.42,200366.5,394371.6,0.0,436362.0,0.0,1014743.36,3.38,0.0,0.0,0.0,159594.56,0.0,0.0,1575.42,200366.50,133.00,0.00,436362.00,0.00
CZ07/Rt3&0&rDXHP&New&HV_AirDist__SupFanMtr/NE-HVAC-FanBelt-CoggedVBelt-Msr/instance-out.sql,2186059.2,1764.11,198597.09,394371.6,0.0,436362.0,0.0,995366.45,3.38,0.0,0.0,0.0,159594.56,0.0,0.0,1630.84,198597.09,133.27,0.00,436362.00,0.00
CZ07/Rt3&0&rDXHP&New&HV_AirDist__SupFanMtr/NE-HVAC-FanBelt-SynchVBelt-Msr/instance-out.sql,2155933.54,1848.29,196077.79,394371.6,0.0,436362.0,0.0,967675.93,3.38,0.0,0.0,0.0,159594.56,0.0,0.0,1714.69,196077.79,133.60,0.00,436362.00,0.00
CZ07/RtL&0&rDXHP&New&HV_AirDist__SupFanMtr/NE-HVAC-FanBelt-VBelt-Std/instance-out.sql,2065260.5899999999,43.78,186217.87,395231.18,0.0,509200.67,0.0,856988.48,3.39,0.0,0.0,0.0,117575.21,0.0,0.0,43.78,186217.87,0.00,0.00,468847.72,40352.95
CZ07/RtL&0&rDXHP&New&HV_AirDist__SupFanMtr/NE-HVAC-FanBelt-CoggedVBelt-Msr/instance-out.sql,2047327.8699999999,47.75,184716.37,395231.18,0.0,509200.67,0.0,840553.3,3.39,0.0,0.0,0.0,117575.21,0.0,0.0,47.75,184716.37,0.00,0.00,468847.72,40352.95
CZ07/RtL&0&rDXHP&New&HV_AirDist__SupFanMtr/NE-HVAC-FanBelt-SynchVBelt-Msr/instance-out.sql,2021715.5899999999,54.01,182576.67,395231.18,0.0,509200.67,0.0,817074.46,3.39,0.0,0.0,0.0,117575.21,0.0,0.0,54.01,182576.67,0.00,0.00,468847.72,40352.95
CZ07/RtS&0&rDXHP&New&HV_AirDist__SupFanMtr/NE-HVAC-FanBelt-VBelt-Std/instance-out.sql,136173.21,280.32,13090.49,23251.32,0.0,24440.79,0.0,60179.9,3.36,0.0,0.0,0.0,14927.03,0.0,0.0,280.32,13090.49,0.00,0.00,24440.79,0.00
CZ07/RtS&0&rDXHP&New&HV_AirDist__SupFanMtr/NE-HVAC-FanBelt-CoggedVBelt-Msr/instance-out.sql,134895.96,292.67,12980.9,23251.32,0.0,24440.79,0.0,58999.9,3.36,0.0,0.0,0.0,14927.02,0.0,0.0,292.67,12980.90,0.00,0.00,24440.79,0.00
CZ07/RtS&0&rDXHP&New&HV_AirDist__SupFanMtr/NE-HVAC-FanBelt-SynchVBelt-Msr/instance-out.sql,133072.66,311.04,12824.94,23251.32,0.0,24440.79,0.0,57314.19,3.36,0.0,0.0,0.0,14927.02,0.0,0.0,311.04,12824.94,0.00,0.00,24440.79,0.00
CZ07/SCn&0&rDXHP&New&HV_AirDist__SupFanMtr/NE-HVAC-FanBelt-VBelt-Std/instance-out.sql,3443328.68,2396.43,292906.93,571539.04,0.0,449066.39,0.0,2048616.88,3.36,0.0,0.0,0.0,78799.66,0.0,0.0,2396.43,292906.93,0.00,0.00,449066.39,0.00
CZ07/SCn&0&rDXHP&New&HV_AirDist__SupFanMtr/NE-HVAC-FanBelt-CoggedVBelt-Msr/instance-out.sql,3399900.18,2621.51,289422.3,571539.04,0.0,449066.39,0.0,2008447.92,3.36,0.0,0.0,0.0,78799.66,0.0,0.0,2621.51,289422.30,0.00,0.00,449066.39,0.00
CZ07/SCn&0&rDXHP&New&HV_AirDist__SupFanMtr/NE-HVAC-FanBelt-SynchVBelt-Msr/instance-out.sql,3337902.4000000004,2998.42,284431.85,571539.04,0.0,449066.39,0.0,1951063.69,3.36,0.0,0.0,0.0,78799.66,0.0,0.0,2998.42,284431.85,0.00,0.00,449066.39,0.00
CZ08/Asm&0&rDXHP&New&HV_AirDist__SupFanMtr/NE-HVAC-FanBelt-VBelt-Std/instance-out.sql,720499.16,6649.12,104081.74,76844.55,0.0,145823.51,0.0,365847.87,3.36,0.0,0.0,0.0,21249.02,0.0,0.0,6649.12,104081.74,0.00,0.00,145823.51,0.00
CZ08/Asm&0&rDXHP&New&HV_AirDist__SupFanMtr/NE-HVAC-FanBelt-CoggedVBelt-Msr/instance-out.sql,712732.99,6837.45,103300.72,76844.55,0.0,145823.51,0.0,358674.38,3.36,0.0,0.0,0.0,21249.02,0.0,0.0,6837.45,103300.72,0.00,0.00,145823.51,0.00
CZ08/Asm&0&rDXHP&New&HV_AirDist__SupFanMtr/NE-HVAC-FanBelt-SynchVBelt-Msr/instance-out.sql,701650.62,7112.88,102190.75,76844.55,0.0,145823.51,0.0,348426.54,3.36,0.0,0.0,0.0,21249.02,0.0,0.0,7112.88,102190.75,0.00,0.00,145823.51,0.00
CZ08/ECC&0&rDXHP&New&HV_AirDist__SupFanMtr/NE-HVAC-FanBelt-VBelt-Std/instance-out.sql,2809100.9299999997,2290.5299999999997,277558.16,167224.54,0.0,1013813.91,0.0,935296.16,1821.56,0.0,0.0,0.0,411096.07,0.0,0.0,2244.18,277558.16,46.35,0.00,945189.93,68623.98
CZ08/ECC&0&rDXHP&New&HV_AirDist__SupFanMtr/NE-HVAC-FanBelt-CoggedVBelt-Msr/instance-out.sql,2791449.0900000003,2377.5499999999997,275746.33,167224.54,0.0,1013813.91,0.0,919369.92,1821.29,0.0,0.0,0.0,411095.53,0.0,0.0,2331.18,275746.33,46.37,0.00,945189.93,68623.98
CZ08/ECC&0&rDXHP&New&HV_AirDist__SupFanMtr/NE-HVAC-FanBelt-SynchVBelt-Msr/instance-out.sql,2766282.95,2512.99,273156.0,167224.54,0.0,1013813.91,0.0,896658.87,1820.55,0.0,0.0,0.0,411096.07,0.0,0.0,2463.35,273156.00,49.64,0.00,945189.93,68623.98
CZ08/EPr&0&rDXHP&New&HV_AirDist__SupFanMtr/NE-HVAC-FanBelt-VBelt-Std/instance-out.sql,407262.02,789.29,45193.25,30835.78,0.0,125897.03,0.0,125658.74,3.37,0.0,0.0,0.0,78884.55,0.0,0.0,789.29,45193.25,0.00,0.00,83226.75,42670.28
CZ08/EPr&0&rDXHP&New&HV_AirDist__SupFanMtr/NE-HVAC-FanBelt-CoggedVBelt-Msr/instance-out.sql,404941.57,815.81,44938.22,30835.78,0.0,125897.03,0.0,123566.81,3.37,0.0,0.0,0.0,78884.55,0.0,0.0,815.81,44938.22,0.00,0.00,83226.75,42670.28
CZ08/EPr&0&rDXHP&New&HV_AirDist__SupFanMtr/NE-HVAC-FanBelt-SynchVBelt-Msr/instance-out.sql,401628.92,854.95,44575.56,30835.78,0.0,125897.03,0.0,120577.71,3.37,0.0,0.0,0.0,78884.52,0.0,0.0,854.95,44575.56,0.00,0.00,83226.75,42670.28
CZ08/ERC&0&rDXHP&New&HV_AirDist__SupFanMtr/NE-HVAC-FanBelt-VBelt-Std/instance-out.sql,19403.29,59.53,1402.77,1016.35,0.0,2196.82,0.0,5683.9,3.36,0.0,0.0,0.0,9040.56,0.0,0.0,59.53,1402.77,0.00,0.00,2196.82,0.00
CZ08/ERC&0&rDXHP&New&HV_AirDist__SupFanMtr/NE-HVAC-FanBelt-CoggedVBelt-Msr/instance-out.sql,19282.44,61.38,1390.79,1016.35,0.0,2196.82,0.0,5573.19,3.36,0.0,0.0,0.0,9040.56,0.0,0.0,61.38,1390.79,0.00,0.00,2196.82,0.00
CZ08/ERC&0&rDXHP&New&HV_AirDist__SupFanMtr/NE-HVAC-FanBelt-SynchVBelt-Msr/instance-out.sql,19109.59,64.12,1373.72,1016.35,0.0,2196.82,0.0,5414.67,3.36,0.0,0.0,0.0,9040.56,0.0,0.0,64.12,1373.72,0.00,0.00,2196.82,0.00
CZ08/ESe&0&rDXHP&New&HV_AirDist__SupFanMtr/NE-HVAC-FanBelt-VBelt-Std/instance-out.sql,1199864.88,24632.16,122310.97,94750.45,0.0,323176.74,0.0,420036.91,3.39,0.0,0.0,0.0,214954.25,0.0,0.0,472.93,122310.97,24159.23,0.00,259085.82,64090.92
CZ08/ESe&0&rDXHP&New&HV_AirDist__SupFanMtr/NE-HVAC-FanBelt-CoggedVBelt-Msr/instance-out.sql,1196927.97,24655.45,122001.68,94750.45,0.0,323176.74,0.0,417386.01,3.39,0.0,0.0,0.0,214954.25,0.0,0.0,490.91,122001.68,24164.54,0.00,259085.82,64090.92
CZ08/ESe&0&rDXHP&New&HV_AirDist__SupFanMtr/NE-HVAC-FanBelt-SynchVBelt-Msr/instance-out.sql,1192764.7,24682.899999999998,121561.43,94750.45,0.0,323176.74,0.0,413635.54,3.39,0.0,0.0,0.0,214954.25,0.0,0.0,518.01,121561.43,24164.89,0.00,259085.82,64090.92
CZ08/EUn&0&rDXHP&New&HV_AirDist__SupFanMtr/NE-HVAC-FanBelt-VBelt-Std/instance-out.sql,8733529.77,2358.58,754376.5,644388.1,0.0,3682881.23,0.0,2955033.57,3.37,0.0,0.0,0.0,694488.4,0.0,0.0,2358.58,754376.50,0.00,0.00,3555459.15,127422.08
CZ08/EUn&0&rDXHP&New&HV_AirDist__SupFanMtr/NE-HVAC-FanBelt-CoggedVBelt-Msr/instance-out.sql,8681690.83,2503.72,749680.04,644388.1,0.0,3682881.23,0.0,2907746.02,3.37,0.0,0.0,0.0,694488.35,0.0,0.0,2503.72,749680.04,0.00,0.00,3555459.15,127422.08
CZ08/EUn&0&rDXHP&New&HV_AirDist__SupFanMtr/NE-HVAC-FanBelt-SynchVBelt-Msr/instance-out.sql,8607700.290000001,2722.39,743012.07,644388.1,0.0,3682881.23,0.0,2840204.74,3.37,0.0,0.0,0.0,694488.38,0.0,0.0,2722.39,743012.07,0.00,0.00,3555459.15,127422.08
CZ08/Hsp&0&rDXHP&New&HV_AirDist__SupFanMtr/NE-HVAC-FanBelt-VBelt-Std/instance-out.sql,4731771.75,578818.59,1180087.51,625795.42,0.0,1182847.3,0.0,850961.94,71037.24,0.0,0.0,0.0,242223.74,0.0,0.0,636.08,1180087.51,578182.51,0.00,1139112.10,43735.20
CZ08/Hsp&0&rDXHP&New&HV_AirDist__SupFanMtr/NE-HVAC-FanBelt-CoggedVBelt-Msr/instance-out.sql,4719950.5600000005,578930.05,1179121.03,625795.42,0.0,1182847.3,0.0,839993.57,71037.01,0.0,0.0,0.0,242226.18,0.0,0.0,672.51,1179121.03,578257.54,0.00,1139112.10,43735.20
CZ08/Hsp&0&rDXHP&New&HV_AirDist__SupFanMtr/NE-HVAC-FanBelt-SynchVBelt-Msr/instance-out.sql,4703044.100000001,579081.1,1177740.77,625795.42,0.0,1182847.3,0.0,824319.54,71035.45,0.0,0.0,0.0,242224.53,0.0,0.0,727.20,1177740.77,578353.90,0.00,1139112.10,43735.20
CZ08/MBT&0&rDXHP&New&HV_AirDist__SupFanMtr/NE-HVAC-FanBelt-VBelt-Std/instance-out.sql,5627058.59,927566.1799999999,316488.0,438466.02,0.0,2167645.51,0.0,1614964.93,1153.16,0.0,0.0,0.0,160774.79,0.0,0.0,908.49,316488.00,926657.69,0.00,1394057.91,773587.60
CZ08/MBT&0&rDXHP&New&HV_AirDist__SupFanMtr/NE-HVAC-FanBelt-CoggedVBelt-Msr/instance-out.sql,5616349.55,927695.6000000001,315565.29,438466.02,0.0,2167645.51,0.0,1605049.15,1153.16,0.0,0.0,0.0,160774.82,0.0,0.0,966.80,315565.29,926728.80,0.00,1394057.91,773587.60
CZ08/MBT&0&rDXHP&New&HV_AirDist__SupFanMtr/NE-HVAC-FanBelt-SynchVBelt-Msr/instance-out.sql,5601065.25,927888.84,314253.29,438466.02,0.0,2167645.51,0.0,1590883.64,1153.16,0.0,0.0,0.0,160774.79,0.0,0.0,1055.50,314253.29,926833.34,0.00,1394057.91,773587.60
CZ08/MLI&0&rDXHP&New&HV_AirDist__SupFanMtr/NE-HVAC-FanBelt-VBelt-Std/instance-out.sql,1209548.3,660.7,112569.94,153603.74,0.0,239893.0,0.0,657686.19,3.37,0.0,0.0,0.0,45131.34,0.0,0.0,660.70,112569.94,0.00,0.00,239893.00,0.00
CZ08/MLI&0&rDXHP&New&HV_AirDist__SupFanMtr/NE-HVAC-FanBelt-CoggedVBelt-Msr/instance-out.sql,1195573.73,684.6,111467.29,153603.74,0.0,239893.0,0.0,644790.39,3.37,0.0,0.0,0.0,45131.34,0.0,0.0,684.60,111467.29,0.00,0.00,239893.00,0.00
CZ08/MLI&0&rDXHP&New&HV_AirDist__SupFanMtr/NE-HVAC-FanBelt-SynchVBelt-Msr/instance-out.sql,1175660.31,765.58,109895.48,153603.74,0.0,239893.0,0.0,626367.8,3.37,0.0,0.0,0.0,45131.34,0.0,0.0,765.58,109895.48,0.00,0.00,239893.00,0.00
CZ08/Mtl&0&rDXHP&New&HV_AirDist__SupFanMtr/NE-HVAC-FanBelt-VBelt-Std/instance-out.sql,203797.44,359.49,33274.4,34352.14,0.0,22443.33,0.0,105716.47,3.36,0.0,0.0,0.0,7648.24,0.0,0.0,359.49,33274.40,0.00,0.00,22191.36,251.97
CZ08/Mtl&0&rDXHP&New&HV_AirDist__SupFanMtr/NE-HVAC-FanBelt-CoggedVBelt-Msr/instance-out.sql,201557.31,376.19,33072.38,34352.14,0.0,22443.33,0.0,103661.66,3.36,0.0,0.0,0.0,7648.24,0.0,0.0,376.19,33072.38,0.00,0.00,22191.36,251.97
CZ08/Mtl&0&rDXHP&New&HV_AirDist__SupFanMtr/NE-HVAC-FanBelt-SynchVBelt-Msr/instance-out.sql,198358.45,401.47,32784.46,34352.14,0.0,22443.33,0.0,100725.43,3.36,0.0,0.0,0.0,7648.24,0.0,0.0,401.47,32784.46,0.00,0.00,22191.36,251.97
CZ08/Nrs&0&rDXHP&New&HV_AirDist__SupFanMtr/NE-HVAC-FanBelt-VBelt-Std/instance-out.sql,924735.56,32680.2,106633.81,103109.51,0.0,347425.87,0.0,227785.24,74.41,0.0,0.0,0.0,107026.52,0.0,0.0,624.82,106633.81,32055.38,0.00,281574.59,65851.28
CZ08/Nrs&0&rDXHP&New&HV_AirDist__SupFanMtr/NE-HVAC-FanBelt-CoggedVBelt-Msr/instance-out.sql,921361.27,32732.53,106340.35,103109.51,0.0,347425.87,0.0,224589.91,74.5,0.0,0.0,0.0,107088.62,0.0,0.0,646.18,106340.35,32086.35,0.00,281574.59,65851.28
CZ08/Nrs&0&rDXHP&New&HV_AirDist__SupFanMtr/NE-HVAC-FanBelt-SynchVBelt-Msr/instance-out.sql,916414.1799999999,32776.66,105922.33,103109.51,0.0,347425.87,0.0,220016.88,74.4,0.0,0.0,0.0,107088.53,0.0,0.0,677.16,105922.33,32099.50,0.00,281574.59,65851.28
CZ08/OfL&0&rDXHP&New&HV_AirDist__SupFanMtr/NE-HVAC-FanBelt-VBelt-Std/instance-out.sql,2676551.37,27982.41,350764.0,239041.7,0.0,829334.66,0.0,1112633.08,6053.12,0.0,0.0,0.0,110742.4,0.0,0.0,150.71,350764.00,27831.70,0.00,829334.66,0.00
CZ08/OfL&0&rDXHP&New&HV_AirDist__SupFanMtr/NE-HVAC-FanBelt-CoggedVBelt-Msr/instance-out.sql,2653331.4099999997,27992.98,348846.89,239041.7,0.0,829334.66,0.0,1091319.65,6053.11,0.0,0.0,0.0,110742.4,0.0,0.0,161.29,348846.89,27831.69,0.00,829334.66,0.00
CZ08/OfL&0&rDXHP&New&HV_AirDist__SupFanMtr/NE-HVAC-FanBelt-SynchVBelt-Msr/instance-out.sql,2620197.8400000003,28010.899999999998,346123.37,239041.7,0.0,829334.66,0.0,1060891.69,6053.12,0.0,0.0,0.0,110742.4,0.0,0.0,177.35,346123.37,27833.55,0.00,829334.66,0.00
CZ08/OfS&0&rDXHP&New&HV_AirDist__SupFanMtr/NE-HVAC-FanBelt-VBelt-Std/instance-out.sql,143893.76,47.58,13856.39,12106.19,0.0,29387.4,0.0,67795.94,1.13,0.0,0.0,0.0,20699.12,0.0,0.0,47.58,13856.39,0.00,0.00,29387.40,0.00
CZ08/OfS&0&rDXHP&New&HV_AirDist__SupFanMtr/NE-HVAC-FanBelt-CoggedVBelt-Msr/instance-out.sql,142448.81,51.03,13737.33,12106.19,0.0,29387.4,0.0,66466.61,1.13,0.0,0.0,0.0,20699.12,0.0,0.0,51.03,13737.33,0.00,0.00,29387.40,0.00
CZ08/OfS&0&rDXHP&New&HV_AirDist__SupFanMtr/NE-HVAC-FanBelt-SynchVBelt-Msr/instance-out.sql,140384.63,56.35,13567.59,12106.19,0.0,29387.4,0.0,64566.84,1.13,0.0,0.0,0.0,20699.12,0.0,0.0,56.35,13567.59,0.00,0.00,29387.40,0.00
CZ08/RFF&0&rDXHP&New&HV_AirDist__SupFanMtr/NE-HVAC-FanBelt-VBelt-Std/instance-out.sql,118654.02,112.14999999999999,12883.93,6626.33,0.0,37903.17,0.0,37013.57,3.37,0.0,0.0,0.0,24111.49,0.0,0.0,112.02,12883.93,0.13,0.00,18423.46,19479.71
CZ08/RFF&0&rDXHP&New&HV_AirDist__SupFanMtr/NE-HVAC-FanBelt-CoggedVBelt-Msr/instance-out.sql,118158.21,118.32,12844.88,6626.33,0.0,37903.17,0.0,36550.64,3.37,0.0,0.0,0.0,24111.49,0.0,0.0,118.19,12844.88,0.13,0.00,18423.46,19479.71
CZ08/RFF&0&rDXHP&New&HV_AirDist__SupFanMtr/NE-HVAC-FanBelt-SynchVBelt-Msr/instance-out.sql,117450.67,127.53999999999999,12789.43,6626.33,0.0,37903.17,0.0,35889.32,3.37,0.0,0.0,0.0,24111.49,0.0,0.0,127.41,12789.43,0.13,0.00,18423.46,19479.71
CZ08/RSD&0&rDXHP&New&HV_AirDist__SupFanMtr/NE-HVAC-FanBelt-VBelt-Std/instance-out.sql,275252.85000000003,46752.38,34328.57,16225.45,0.0,76546.73,0.0,40399.95,52.36,0.0,0.0,0.0,60947.42,0.0,0.0,62.28,34328.57,46690.10,0.00,37475.60,39071.13
CZ08/RSD&0&rDXHP&New&HV_AirDist__SupFanMtr/NE-HVAC-FanBelt-CoggedVBelt-Msr/instance-out.sql,275031.33,46761.25,34310.73,16225.45,0.0,76546.73,0.0,40187.4,52.37,0.0,0.0,0.0,60947.42,0.0,0.0,65.38,34310.73,46695.87,0.00,37475.60,39071.13
CZ08/RSD&0&rDXHP&New&HV_AirDist__SupFanMtr/NE-HVAC-FanBelt-SynchVBelt-Msr/instance-out.sql,274707.44,46767.6,34284.13,16225.45,0.0,76546.73,0.0,39883.76,52.36,0.0,0.0,0.0,60947.42,0.0,0.0,69.97,34284.13,46697.63,0.00,37475.60,39071.13
CZ08/Rt3&0&rDXHP&New&HV_AirDist__SupFanMtr/NE-HVAC-FanBelt-VBelt-Std/instance-out.sql,2314478.1100000003,2639.16,248533.08,394371.6,0.0,436362.0,0.0,1073237.45,3.38,0.0,0.0,0.0,159331.43,0.0,0.0,2384.73,248533.08,254.43,0.00,436362.00,0.00
CZ08/Rt3&0&rDXHP&New&HV_AirDist__SupFanMtr/NE-HVAC-FanBelt-CoggedVBelt-Msr/instance-out.sql,2291958.0900000003,2725.13,246443.65,394371.6,0.0,436362.0,0.0,1052720.9,3.38,0.0,0.0,0.0,159331.43,0.0,0.0,2470.21,246443.65,254.92,0.00,436362.00,0.00
CZ08/Rt3&0&rDXHP&New&HV_AirDist__SupFanMtr/NE-HVAC-FanBelt-SynchVBelt-Msr/instance-out.sql,2259826.06,2854.42,243470.08,394371.6,0.0,436362.0,0.0,1023433.15,3.38,0.0,0.0,0.0,159331.43,0.0,0.0,2599.03,243470.08,255.39,0.00,436362.00,0.00
CZ08/RtL&0&rDXHP&New&HV_AirDist__SupFanMtr/NE-HVAC-FanBelt-VBelt-Std/instance-out.sql,2107406.5300000003,136.51,219837.57,395231.18,0.0,509200.67,0.0,865615.25,3.39,0.0,0.0,0.0,117381.96,0.0,0.0,136.51,219837.57,0.00,0.00,468847.72,40352.95
CZ08/RtL&0&rDXHP&New&HV_AirDist__SupFanMtr/NE-HVAC-FanBelt-CoggedVBelt-Msr/instance-out.sql,2089074.44,148.08,218096.15,395231.18,0.0,509200.67,0.0,849013.01,3.39,0.0,0.0,0.0,117381.96,0.0,0.0,148.08,218096.15,0.00,0.00,468847.72,40352.95
CZ08/RtL&0&rDXHP&New&HV_AirDist__SupFanMtr/NE-HVAC-FanBelt-SynchVBelt-Msr/instance-out.sql,2062897.8099999998,166.04,215619.06,395231.18,0.0,509200.67,0.0,825295.51,3.39,0.0,0.0,0.0,117381.96,0.0,0.0,166.04,215619.06,0.00,0.00,468847.72,40352.95
CZ08/RtS&0&rDXHP&New&HV_AirDist__SupFanMtr/NE-HVAC-FanBelt-VBelt-Std/instance-out.sql,146172.02,465.74,16543.61,23251.32,0.0,24440.79,0.0,66555.6,3.36,0.0,0.0,0.0,14911.59,0.0,0.0,465.74,16543.61,0.00,0.00,24440.79,0.00
CZ08/RtS&0&rDXHP&New&HV_AirDist__SupFanMtr/NE-HVAC-FanBelt-CoggedVBelt-Msr/instance-out.sql,144749.86000000002,483.3,16408.91,23251.32,0.0,24440.79,0.0,65250.59,3.36,0.0,0.0,0.0,14911.59,0.0,0.0,483.30,16408.91,0.00,0.00,24440.79,0.00
CZ08/RtS&0&rDXHP&New&HV_AirDist__SupFanMtr/NE-HVAC-FanBelt-SynchVBelt-Msr/instance-out.sql,142720.12,509.34,16217.43,23251.32,0.0,24440.79,0.0,63386.29,3.36,0.0,0.0,0.0,14911.59,0.0,0.0,509.34,16217.43,0.00,0.00,24440.79,0.00
CZ08/SCn&0&rDXHP&New&HV_AirDist__SupFanMtr/NE-HVAC-FanBelt-VBelt-Std/instance-out.sql,3593559.74,6927.52,364044.71,571539.04,0.0,449066.39,0.0,2123306.41,3.36,0.0,0.0,0.0,78672.33,0.0,0.0,6927.52,364044.71,0.00,0.00,449066.39,0.00
CZ08/SCn&0&rDXHP&New&HV_AirDist__SupFanMtr/NE-HVAC-FanBelt-CoggedVBelt-Msr/instance-out.sql,3548598.1,7372.39,360271.65,571539.04,0.0,449066.39,0.0,2081672.95,3.36,0.0,0.0,0.0,78672.33,0.0,0.0,7372.39,360271.65,0.00,0.00,449066.39,0.00
CZ08/SCn&0&rDXHP&New&HV_AirDist__SupFanMtr/NE-HVAC-FanBelt-SynchVBelt-Msr/instance-out.sql,3484456.29,8087.87,354890.73,571539.04,0.0,449066.39,0.0,2022196.58,3.36,0.0,0.0,0.0,78672.33,0.0,0.0,8087.87,354890.73,0.00,0.00,449066.39,0.00
CZ09/Asm&0&rDXHP&New&HV_AirDist__SupFanMtr/NE-HVAC-FanBelt-VBelt-Std/instance-out.sql,740345.5900000001,5485.62,119412.42,76844.55,0.0,145823.51,0.0,371731.08,3.36,0.0,0.0,0.0,21045.05,0.0,0.0,5485.62,119412.42,0.00,0.00,145823.51,0.00
CZ09/Asm&0&rDXHP&New&HV_AirDist__SupFanMtr/NE-HVAC-FanBelt-CoggedVBelt-Msr/instance-out.sql,732363.54,5656.66,118548.18,76844.55,0.0,145823.51,0.0,364442.24,3.36,0.0,0.0,0.0,21045.04,0.0,0.0,5656.66,118548.18,0.00,0.00,145823.51,0.00
CZ09/Asm&0&rDXHP&New&HV_AirDist__SupFanMtr/NE-HVAC-FanBelt-SynchVBelt-Msr/instance-out.sql,720974.9400000001,5908.08,117320.7,76844.55,0.0,145823.51,0.0,354029.6,3.36,0.0,0.0,0.0,21045.13,0.0,0.0,5908.08,117320.70,0.00,0.00,145823.51,0.00
CZ09/ECC&0&rDXHP&New&HV_AirDist__SupFanMtr/NE-HVAC-FanBelt-VBelt-Std/instance-out.sql,2897308.7800000003,1579.05,329646.46,167224.54,0.0,1013813.91,0.0,977542.33,1918.98,0.0,0.0,0.0,405583.5,0.0,0.0,1536.79,329646.46,42.26,0.00,945189.93,68623.98
CZ09/ECC&0&rDXHP&New&HV_AirDist__SupFanMtr/NE-HVAC-FanBelt-CoggedVBelt-Msr/instance-out.sql,2878499.88,1645.26,327499.52,167224.54,0.0,1013813.91,0.0,960814.29,1918.88,0.0,0.0,0.0,405583.47,0.0,0.0,1603.00,327499.52,42.26,0.00,945189.93,68623.98
CZ09/ECC&0&rDXHP&New&HV_AirDist__SupFanMtr/NE-HVAC-FanBelt-SynchVBelt-Msr/instance-out.sql,2851652.37,1746.03,324442.11,167224.54,0.0,1013813.91,0.0,936923.7,1918.59,0.0,0.0,0.0,405583.47,0.0,0.0,1703.75,324442.11,42.28,0.00,945189.93,68623.98
CZ09/EPr&0&rDXHP&New&HV_AirDist__SupFanMtr/NE-HVAC-FanBelt-VBelt-Std/instance-out.sql,406903.14,447.9,50117.07,30835.78,0.0,125897.03,0.0,121717.46,3.37,0.0,0.0,0.0,77884.54,0.0,0.0,447.90,50117.07,0.00,0.00,83226.75,42670.28
CZ09/EPr&0&rDXHP&New&HV_AirDist__SupFanMtr/NE-HVAC-FanBelt-CoggedVBelt-Msr/instance-out.sql,404638.76,466.07,49841.23,30835.78,0.0,125897.03,0.0,119710.74,3.37,0.0,0.0,0.0,77884.54,0.0,0.0,466.07,49841.23,0.00,0.00,83226.75,42670.28
CZ09/EPr&0&rDXHP&New&HV_AirDist__SupFanMtr/NE-HVAC-FanBelt-SynchVBelt-Msr/instance-out.sql,401407.03,493.21,49448.92,30835.78,0.0,125897.03,0.0,116844.18,3.37,0.0,0.0,0.0,77884.54,0.0,0.0,493.21,49448.92,0.00,0.00,83226.75,42670.28
CZ09/ERC&0&rDXHP&New&HV_AirDist__SupFanMtr/NE-HVAC-FanBelt-VBelt-Std/instance-out.sql,19147.7,34.77,1555.94,1016.35,0.0,2196.82,0.0,5336.19,3.36,0.0,0.0,0.0,9004.27,0.0,0.0,34.77,1555.94,0.00,0.00,2196.82,0.00
CZ09/ERC&0&rDXHP&New&HV_AirDist__SupFanMtr/NE-HVAC-FanBelt-CoggedVBelt-Msr/instance-out.sql,19032.23,36.12,1543.05,1016.35,0.0,2196.82,0.0,5232.26,3.36,0.0,0.0,0.0,9004.27,0.0,0.0,36.12,1543.05,0.00,0.00,2196.82,0.00
CZ09/ERC&0&rDXHP&New&HV_AirDist__SupFanMtr/NE-HVAC-FanBelt-SynchVBelt-Msr/instance-out.sql,18867.17,38.19,1524.74,1016.35,0.0,2196.82,0.0,5083.44,3.36,0.0,0.0,0.0,9004.27,0.0,0.0,38.19,1524.74,0.00,0.00,2196.82,0.00
CZ09/ESe&0&rDXHP&New&HV_AirDist__SupFanMtr/NE-HVAC-FanBelt-VBelt-Std/instance-out.sql,1218799.66,18063.42,143011.63,94750.45,0.0,323176.74,0.0,427679.02,3.39,0.0,0.0,0.0,212115.01,0.0,0.0,316.80,143011.63,17746.62,0.00,259085.82,64090.92
CZ09/ESe&0&rDXHP&New&HV_AirDist__SupFanMtr/NE-HVAC-FanBelt-CoggedVBelt-Msr/instance-out.sql,1215724.24,18082.76,142652.36,94750.45,0.0,323176.74,0.0,424943.4,3.39,0.0,0.0,0.0,212115.14,0.0,0.0,331.46,142652.36,17751.30,0.00,259085.82,64090.92
CZ09/ESe&0&rDXHP&New&HV_AirDist__SupFanMtr/NE-HVAC-FanBelt-SynchVBelt-Msr/instance-out.sql,1211321.4100000001,18101.379999999997,142141.3,94750.45,0.0,323176.74,0.0,421033.18,3.39,0.0,0.0,0.0,212114.96,0.0,0.0,351.78,142141.30,17749.60,0.00,259085.82,64090.92
CZ09/EUn&0&rDXHP&New&HV_AirDist__SupFanMtr/NE-HVAC-FanBelt-VBelt-Std/instance-out.sql,8847532.76,1552.15,854423.87,644388.1,0.0,3682881.23,0.0,2979119.4,3.37,0.0,0.0,0.0,685164.64,0.0,0.0,1552.15,854423.87,0.00,0.00,3555459.15,127422.08
CZ09/EUn&0&rDXHP&New&HV_AirDist__SupFanMtr/NE-HVAC-FanBelt-CoggedVBelt-Msr/instance-out.sql,8794759.31,1661.48,849192.31,644388.1,0.0,3682881.23,0.0,2931468.15,3.37,0.0,0.0,0.0,685164.68,0.0,0.0,1661.48,849192.31,0.00,0.00,3555459.15,127422.08
CZ09/EUn&0&rDXHP&New&HV_AirDist__SupFanMtr/NE-HVAC-FanBelt-SynchVBelt-Msr/instance-out.sql,8719422.27,1829.92,841761.51,644388.1,0.0,3682881.23,0.0,2863393.44,3.37,0.0,0.0,0.0,685164.7,0.0,0.0,1829.92,841761.51,0.00,0.00,3555459.15,127422.08
CZ09/Hsp&0&rDXHP&New&HV_AirDist__SupFanMtr/NE-HVAC-FanBelt-VBelt-Std/instance-out.sql,4997369.050000001,665557.43,1302411.11,625795.42,0.0,1182847.3,0.0,908751.94,73018.17,0.0,0.0,0.0,238987.69,0.0,0.0,409.26,1302411.11,665148.17,0.00,1139112.10,43735.20
CZ09/Hsp&0&rDXHP&New&HV_AirDist__SupFanMtr/NE-HVAC-FanBelt-CoggedVBelt-Msr/instance-out.sql,4984907.93,665616.45,1301306.9,625795.42,0.0,1182847.3,0.0,897328.93,73024.08,0.0,0.0,0.0,238988.85,0.0,0.0,436.32,1301306.90,665180.13,0.00,1139112.10,43735.20
CZ09/Hsp&0&rDXHP&New&HV_AirDist__SupFanMtr/NE-HVAC-FanBelt-SynchVBelt-Msr/instance-out.sql,4967153.64,665745.82,1299705.3,625795.42,0.0,1182847.3,0.0,881045.92,73019.49,0.0,0.0,0.0,238994.39,0.0,0.0,477.21,1299705.30,665268.61,0.00,1139112.10,43735.20
CZ09/MBT&0&rDXHP&New&HV_AirDist__SupFanMtr/NE-HVAC-FanBelt-VBelt-Std/instance-out.sql,5605920.15,815096.06,372949.98,438466.02,0.0,2167645.51,0.0,1651932.05,1162.48,0.0,0.0,0.0,158668.04,0.0,0.0,650.64,372949.98,814445.42,0.00,1394057.91,773587.60
CZ09/MBT&0&rDXHP&New&HV_AirDist__SupFanMtr/NE-HVAC-FanBelt-CoggedVBelt-Msr/instance-out.sql,5594806.55,815203.9600000001,371901.34,438466.02,0.0,2167645.51,0.0,1641759.2,1162.48,0.0,0.0,0.0,158668.04,0.0,0.0,696.66,371901.34,814507.30,0.00,1394057.91,773587.60
CZ09/MBT&0&rDXHP&New&HV_AirDist__SupFanMtr/NE-HVAC-FanBelt-SynchVBelt-Msr/instance-out.sql,5578944.55,815365.2100000001,370410.3,438466.02,0.0,2167645.51,0.0,1627226.95,1162.5,0.0,0.0,0.0,158668.04,0.0,0.0,767.16,370410.30,814598.05,0.00,1394057.91,773587.60
CZ09/MLI&0&rDXHP&New&HV_AirDist__SupFanMtr/NE-HVAC-FanBelt-VBelt-Std/instance-out.sql,1239768.2,468.87,134205.91,153603.74,0.0,239893.0,0.0,667000.25,3.37,0.0,0.0,0.0,44593.05,0.0,0.0,468.87,134205.91,0.00,0.00,239893.00,0.00
CZ09/MLI&0&rDXHP&New&HV_AirDist__SupFanMtr/NE-HVAC-FanBelt-CoggedVBelt-Msr/instance-out.sql,1225465.99,506.29,132944.72,153603.74,0.0,239893.0,0.0,653921.82,3.37,0.0,0.0,0.0,44593.05,0.0,0.0,506.29,132944.72,0.00,0.00,239893.00,0.00
CZ09/MLI&0&rDXHP&New&HV_AirDist__SupFanMtr/NE-HVAC-FanBelt-SynchVBelt-Msr/instance-out.sql,1205041.83,562.13,131148.2,153603.74,0.0,239893.0,0.0,635238.34,3.37,0.0,0.0,0.0,44593.05,0.0,0.0,562.13,131148.20,0.00,0.00,239893.00,0.00
CZ09/Mtl&0&rDXHP&New&HV_AirDist__SupFanMtr/NE-HVAC-FanBelt-VBelt-Std/instance-out.sql,215150.97,209.01,38447.21,34352.14,0.0,22443.33,0.0,112063.46,3.36,0.0,0.0,0.0,7632.45,0.0,0.0,209.01,38447.21,0.00,0.00,22191.36,251.97
CZ09/Mtl&0&rDXHP&New&HV_AirDist__SupFanMtr/NE-HVAC-FanBelt-CoggedVBelt-Msr/instance-out.sql,212753.49000000002,221.06,38213.27,34352.14,0.0,22443.33,0.0,109887.87,3.36,0.0,0.0,0.0,7632.45,0.0,0.0,221.06,38213.27,0.00,0.00,22191.36,251.97
CZ09/Mtl&0&rDXHP&New&HV_AirDist__SupFanMtr/NE-HVAC-FanBelt-SynchVBelt-Msr/instance-out.sql,209327.57,239.16,37879.39,34352.14,0.0,22443.33,0.0,106777.73,3.36,0.0,0.0,0.0,7632.45,0.0,0.0,239.16,37879.39,0.00,0.00,22191.36,251.97
CZ09/Nrs&0&rDXHP&New&HV_AirDist__SupFanMtr/NE-HVAC-FanBelt-VBelt-Std/instance-out.sql,931844.73,28164.38,114757.85,103109.51,0.0,347425.87,0.0,232489.51,134.24,0.0,0.0,0.0,105763.38,0.0,0.0,363.25,114757.85,27801.13,0.00,281574.59,65851.28
CZ09/Nrs&0&rDXHP&New&HV_AirDist__SupFanMtr/NE-HVAC-FanBelt-CoggedVBelt-Msr/instance-out.sql,928215.04,28199.78,114428.17,103109.51,0.0,347425.87,0.0,229254.79,134.45,0.0,0.0,0.0,105662.49,0.0,0.0,378.87,114428.17,27820.91,0.00,281574.59,65851.28
CZ09/Nrs&0&rDXHP&New&HV_AirDist__SupFanMtr/NE-HVAC-FanBelt-SynchVBelt-Msr/instance-out.sql,923255.71,28231.370000000003,113965.15,103109.51,0.0,347425.87,0.0,224634.02,134.38,0.0,0.0,0.0,105755.43,0.0,0.0,401.99,113965.15,27829.38,0.00,281574.59,65851.28
CZ09/OfL&0&rDXHP&New&HV_AirDist__SupFanMtr/NE-HVAC-FanBelt-VBelt-Std/instance-out.sql,2723525.25,35006.32,387533.25,239041.7,0.0,829334.66,0.0,1117141.77,6155.32,0.0,0.0,0.0,109312.22,0.0,0.0,103.48,387533.25,34902.84,0.00,829334.66,0.00
CZ09/OfL&0&rDXHP&New&HV_AirDist__SupFanMtr/NE-HVAC-FanBelt-CoggedVBelt-Msr/instance-out.sql,2700063.7,35013.77,385413.0,239041.7,0.0,829334.66,0.0,1095793.02,6155.32,0.0,0.0,0.0,109312.22,0.0,0.0,111.20,385413.00,34902.57,0.00,829334.66,0.00
CZ09/OfL&0&rDXHP&New&HV_AirDist__SupFanMtr/NE-HVAC-FanBelt-SynchVBelt-Msr/instance-out.sql,2666563.61,35026.41,382398.59,239041.7,0.0,829334.66,0.0,1065294.7,6155.32,0.0,0.0,0.0,109312.22,0.0,0.0,123.23,382398.59,34903.18,0.00,829334.66,0.00
CZ09/OfS&0&rDXHP&New&HV_AirDist__SupFanMtr/NE-HVAC-FanBelt-VBelt-Std/instance-out.sql,143147.19,20.09,15106.85,12106.19,0.0,29387.4,0.0,66051.81,1.13,0.0,0.0,0.0,20473.7,0.0,0.0,20.09,15106.85,0.00,0.00,29387.40,0.00
CZ09/OfS&0&rDXHP&New&HV_AirDist__SupFanMtr/NE-HVAC-FanBelt-CoggedVBelt-Msr/instance-out.sql,141725.34,21.39,14978.85,12106.19,0.0,29387.4,0.0,64756.68,1.13,0.0,0.0,0.0,20473.7,0.0,0.0,21.39,14978.85,0.00,0.00,29387.40,0.00
CZ09/OfS&0&rDXHP&New&HV_AirDist__SupFanMtr/NE-HVAC-FanBelt-SynchVBelt-Msr/instance-out.sql,139695.22,23.48,14796.87,12106.19,0.0,29387.4,0.0,62906.44,1.13,0.0,0.0,0.0,20473.7,0.0,0.0,23.48,14796.87,0.00,0.00,29387.40,0.00
CZ09/RFF&0&rDXHP&New&HV_AirDist__SupFanMtr/NE-HVAC-FanBelt-VBelt-Std/instance-out.sql,121936.02,70.24,14435.17,6626.33,0.0,37903.17,0.0,39035.93,3.37,0.0,0.0,0.0,23861.8,0.0,0.0,70.22,14435.17,0.02,0.00,18423.46,19479.71
CZ09/RFF&0&rDXHP&New&HV_AirDist__SupFanMtr/NE-HVAC-FanBelt-CoggedVBelt-Msr/instance-out.sql,121410.53,75.11,14390.18,6626.33,0.0,37903.17,0.0,38550.56,3.37,0.0,0.0,0.0,23861.8,0.0,0.0,75.09,14390.18,0.02,0.00,18423.46,19479.71
CZ09/RFF&0&rDXHP&New&HV_AirDist__SupFanMtr/NE-HVAC-FanBelt-SynchVBelt-Msr/instance-out.sql,120660.13,82.14999999999999,14326.13,6626.33,0.0,37903.17,0.0,37857.18,3.37,0.0,0.0,0.0,23861.8,0.0,0.0,82.13,14326.13,0.02,0.00,18423.46,19479.71
CZ09/RSD&0&rDXHP&New&HV_AirDist__SupFanMtr/NE-HVAC-FanBelt-VBelt-Std/instance-out.sql,279465.73,47497.13,37123.26,16225.45,0.0,76546.73,0.0,41801.76,76.91,0.0,0.0,0.0,60194.49,0.0,0.0,35.78,37123.26,47461.35,0.00,37475.60,39071.13
CZ09/RSD&0&rDXHP&New&HV_AirDist__SupFanMtr/NE-HVAC-FanBelt-CoggedVBelt-Msr/instance-out.sql,279245.07,47500.47,37103.06,16225.45,0.0,76546.73,0.0,41597.95,76.92,0.0,0.0,0.0,60194.49,0.0,0.0,37.89,37103.06,47462.58,0.00,37475.60,39071.13
CZ09/RSD&0&rDXHP&New&HV_AirDist__SupFanMtr/NE-HVAC-FanBelt-SynchVBelt-Msr/instance-out.sql,278930.6,47506.01,37074.61,16225.45,0.0,76546.73,0.0,41306.4,76.92,0.0,0.0,0.0,60194.49,0.0,0.0,41.05,37074.61,47464.96,0.00,37475.60,39071.13
CZ09/Rt3&0&rDXHP&New&HV_AirDist__SupFanMtr/NE-HVAC-FanBelt-VBelt-Std/instance-out.sql,2442111.8299999996,1973.88,302628.06,394371.6,0.0,436362.0,0.0,1149526.36,3.38,0.0,0.0,0.0,157246.56,0.0,0.0,1823.16,302628.06,150.72,0.00,436362.00,0.00
CZ09/Rt3&0&rDXHP&New&HV_AirDist__SupFanMtr/NE-HVAC-FanBelt-CoggedVBelt-Msr/instance-out.sql,2417702.21,2035.94,300127.37,394371.6,0.0,436362.0,0.0,1127555.35,3.38,0.0,0.0,0.0,157246.56,0.0,0.0,1884.83,300127.37,151.11,0.00,436362.00,0.00
CZ09/Rt3&0&rDXHP&New&HV_AirDist__SupFanMtr/NE-HVAC-FanBelt-SynchVBelt-Msr/instance-out.sql,2382836.3,2130.35,296567.68,394371.6,0.0,436362.0,0.0,1096154.73,3.38,0.0,0.0,0.0,157246.56,0.0,0.0,1978.72,296567.68,151.63,0.00,436362.00,0.00
CZ09/RtL&0&rDXHP&New&HV_AirDist__SupFanMtr/NE-HVAC-FanBelt-VBelt-Std/instance-out.sql,2148890.97,89.51,253649.73,395231.18,0.0,509200.67,0.0,874852.32,3.39,0.0,0.0,0.0,115864.17,0.0,0.0,89.51,253649.73,0.00,0.00,468847.72,40352.95
CZ09/RtL&0&rDXHP&New&HV_AirDist__SupFanMtr/NE-HVAC-FanBelt-CoggedVBelt-Msr/instance-out.sql,2130145.33,97.73,251675.85,395231.18,0.0,509200.67,0.0,858072.35,3.39,0.0,0.0,0.0,115864.17,0.0,0.0,97.73,251675.85,0.00,0.00,468847.72,40352.95
CZ09/RtL&0&rDXHP&New&HV_AirDist__SupFanMtr/NE-HVAC-FanBelt-SynchVBelt-Msr/instance-out.sql,2103379.16,111.58,248867.2,395231.18,0.0,509200.67,0.0,834100.97,3.39,0.0,0.0,0.0,115864.17,0.0,0.0,111.58,248867.20,0.00,0.00,468847.72,40352.95
CZ09/RtS&0&rDXHP&New&HV_AirDist__SupFanMtr/NE-HVAC-FanBelt-VBelt-Std/instance-out.sql,151129.88999999998,354.42,19578.43,23251.32,0.0,24440.79,0.0,68710.51,3.36,0.0,0.0,0.0,14791.06,0.0,0.0,354.42,19578.43,0.00,0.00,24440.79,0.00
CZ09/RtS&0&rDXHP&New&HV_AirDist__SupFanMtr/NE-HVAC-FanBelt-CoggedVBelt-Msr/instance-out.sql,149642.11,368.99,19423.33,23251.32,0.0,24440.79,0.0,67363.25,3.36,0.0,0.0,0.0,14791.06,0.0,0.0,368.99,19423.33,0.00,0.00,24440.79,0.00
CZ09/RtS&0&rDXHP&New&HV_AirDist__SupFanMtr/NE-HVAC-FanBelt-SynchVBelt-Msr/instance-out.sql,147519.13,390.8,19203.2,23251.32,0.0,24440.79,0.0,65438.58,3.36,0.0,0.0,0.0,14791.07,0.0,0.0,390.80,19203.20,0.00,0.00,24440.79,0.00
CZ09/SCn&0&rDXHP&New&HV_AirDist__SupFanMtr/NE-HVAC-FanBelt-VBelt-Std/instance-out.sql,3754722.46,7040.4,444625.58,571539.04,0.0,449066.39,0.0,2204768.41,3.36,0.0,0.0,0.0,77679.29,0.0,0.0,7040.40,444625.58,0.00,0.00,449066.39,0.00
CZ09/SCn&0&rDXHP&New&HV_AirDist__SupFanMtr/NE-HVAC-FanBelt-CoggedVBelt-Msr/instance-out.sql,3707382.1,7346.41,440209.96,571539.04,0.0,449066.39,0.0,2161537.65,3.36,0.0,0.0,0.0,77679.29,0.0,0.0,7346.41,440209.96,0.00,0.00,449066.39,0.00
CZ09/SCn&0&rDXHP&New&HV_AirDist__SupFanMtr/NE-HVAC-FanBelt-SynchVBelt-Msr/instance-out.sql,3639807.36,7831.62,433908.23,571539.04,0.0,449066.39,0.0,2099779.43,3.36,0.0,0.0,0.0,77679.29,0.0,0.0,7831.62,433908.23,0.00,0.00,449066.39,0.00
CZ10/Asm&0&rDXHP&New&HV_AirDist__SupFanMtr/NE-HVAC-FanBelt-VBelt-Std/instance-out.sql,824880.03,14389.2,184650.57,76844.55,0.0,145823.51,0.0,382240.33,3.36,0.0,0.0,0.0,20928.51,0.0,0.0,14389.20,184650.57,0.00,0.00,145823.51,0.00
CZ10/Asm&0&rDXHP&New&HV_AirDist__SupFanMtr/NE-HVAC-FanBelt-CoggedVBelt-Msr/instance-out.sql,816600.1900000001,14656.66,183598.18,76844.55,0.0,145823.51,0.0,374745.42,3.36,0.0,0.0,0.0,20928.51,0.0,0.0,14656.66,183598.18,0.00,0.00,145823.51,0.00
CZ10/Asm&0&rDXHP&New&HV_AirDist__SupFanMtr/NE-HVAC-FanBelt-SynchVBelt-Msr/instance-out.sql,804779.89,15043.58,182097.97,76844.55,0.0,145823.51,0.0,364038.41,3.36,0.0,0.0,0.0,20928.51,0.0,0.0,15043.58,182097.97,0.00,0.00,145823.51,0.00
CZ10/ECC&0&rDXHP&New&HV_AirDist__SupFanMtr/NE-HVAC-FanBelt-VBelt-Std/instance-out.sql,3053241.1,7565.58,441785.43,167224.54,0.0,1013813.91,0.0,1020066.86,1813.18,0.0,0.0,0.0,400971.58,0.0,0.0,7243.13,441785.43,322.45,0.00,945189.93,68623.98
CZ10/ECC&0&rDXHP&New&HV_AirDist__SupFanMtr/NE-HVAC-FanBelt-CoggedVBelt-Msr/instance-out.sql,3033330.8699999996,7768.5599999999995,439203.45,167224.54,0.0,1013813.91,0.0,1002535.54,1813.03,0.0,0.0,0.0,400971.84,0.0,0.0,7448.08,439203.45,320.48,0.00,945189.93,68623.98
CZ10/ECC&0&rDXHP&New&HV_AirDist__SupFanMtr/NE-HVAC-FanBelt-SynchVBelt-Msr/instance-out.sql,3005003.7299999995,8074.99,435514.76,167224.54,0.0,1013813.91,0.0,977590.28,1812.79,0.0,0.0,0.0,400972.45,0.0,0.0,7753.45,435514.76,321.54,0.00,945189.93,68623.98
CZ10/EPr&0&rDXHP&New&HV_AirDist__SupFanMtr/NE-HVAC-FanBelt-VBelt-Std/instance-out.sql,428372.06,1915.2,65663.1,30835.78,0.0,125897.03,0.0,127003.18,3.37,0.0,0.0,0.0,77054.4,0.0,0.0,1915.20,65663.10,0.00,0.00,83226.75,42670.28
CZ10/EPr&0&rDXHP&New&HV_AirDist__SupFanMtr/NE-HVAC-FanBelt-CoggedVBelt-Msr/instance-out.sql,426000.01,1959.87,65346.28,30835.78,0.0,125897.03,0.0,124903.28,3.37,0.0,0.0,0.0,77054.4,0.0,0.0,1959.87,65346.28,0.00,0.00,83226.75,42670.28
CZ10/EPr&0&rDXHP&New&HV_AirDist__SupFanMtr/NE-HVAC-FanBelt-SynchVBelt-Msr/instance-out.sql,422614.13,2025.35,64894.15,30835.78,0.0,125897.03,0.0,121904.05,3.37,0.0,0.0,0.0,77054.39,0.0,0.0,2025.35,64894.15,0.00,0.00,83226.75,42670.28
CZ10/ERC&0&rDXHP&New&HV_AirDist__SupFanMtr/NE-HVAC-FanBelt-VBelt-Std/instance-out.sql,20464.32,126.27,2287.32,1016.35,0.0,2196.82,0.0,5860.33,3.36,0.0,0.0,0.0,8973.88,0.0,0.0,126.27,2287.32,0.00,0.00,2196.82,0.00
CZ10/ERC&0&rDXHP&New&HV_AirDist__SupFanMtr/NE-HVAC-FanBelt-CoggedVBelt-Msr/instance-out.sql,20336.78,129.23,2270.98,1016.35,0.0,2196.82,0.0,5746.17,3.36,0.0,0.0,0.0,8973.88,0.0,0.0,129.23,2270.98,0.00,0.00,2196.82,0.00
CZ10/ERC&0&rDXHP&New&HV_AirDist__SupFanMtr/NE-HVAC-FanBelt-SynchVBelt-Msr/instance-out.sql,20155.67,133.6,2247.73,1016.35,0.0,2196.82,0.0,5583.92,3.36,0.0,0.0,0.0,8973.88,0.0,0.0,133.60,2247.73,0.00,0.00,2196.82,0.00
CZ10/ESe&0&rDXHP&New&HV_AirDist__SupFanMtr/NE-HVAC-FanBelt-VBelt-Std/instance-out.sql,1310685.35,39286.799999999996,205006.52,94750.45,0.0,323176.74,0.0,438105.85,3.39,0.0,0.0,0.0,210355.59,0.0,0.0,1441.38,205006.52,37845.42,0.00,259085.82,64090.92
CZ10/ESe&0&rDXHP&New&HV_AirDist__SupFanMtr/NE-HVAC-FanBelt-CoggedVBelt-Msr/instance-out.sql,1307410.98,39333.03,204574.87,94750.45,0.0,323176.74,0.0,435216.91,3.39,0.0,0.0,0.0,210355.59,0.0,0.0,1482.54,204574.87,37850.49,0.00,259085.82,64090.92
CZ10/ESe&0&rDXHP&New&HV_AirDist__SupFanMtr/NE-HVAC-FanBelt-SynchVBelt-Msr/instance-out.sql,1302739.83,39399.280000000006,203960.47,94750.45,0.0,323176.74,0.0,431093.92,3.39,0.0,0.0,0.0,210355.59,0.0,0.0,1540.87,203960.47,37858.41,0.00,259085.82,64090.92
CZ10/EUn&0&rDXHP&New&HV_AirDist__SupFanMtr/NE-HVAC-FanBelt-VBelt-Std/instance-out.sql,9268851.07,10557.89,1186887.14,644388.1,0.0,3682881.23,0.0,3065452.65,3.37,0.0,0.0,0.0,678680.69,0.0,0.0,10554.31,1186887.14,3.58,0.00,3555459.15,127422.08
CZ10/EUn&0&rDXHP&New&HV_AirDist__SupFanMtr/NE-HVAC-FanBelt-CoggedVBelt-Msr/instance-out.sql,9213734.379999999,10952.33,1180493.02,644388.1,0.0,3682881.23,0.0,3016335.63,3.37,0.0,0.0,0.0,678680.7,0.0,0.0,10948.66,1180493.02,3.67,0.00,3555459.15,127422.08
CZ10/EUn&0&rDXHP&New&HV_AirDist__SupFanMtr/NE-HVAC-FanBelt-SynchVBelt-Msr/instance-out.sql,9135016.34,11533.76,1171379.21,644388.1,0.0,3682881.23,0.0,2946149.96,3.37,0.0,0.0,0.0,678680.71,0.0,0.0,11529.95,1171379.21,3.81,0.00,3555459.15,127422.08
CZ10/Hsp&0&rDXHP&New&HV_AirDist__SupFanMtr/NE-HVAC-FanBelt-VBelt-Std/instance-out.sql,5393519.25,878374.5800000001,1430272.58,625795.42,0.0,1182847.3,0.0,962469.97,76690.59,0.0,0.0,0.0,237068.8,0.0,0.0,1896.17,1430272.58,876478.41,0.00,1139112.10,43735.20
CZ10/Hsp&0&rDXHP&New&HV_AirDist__SupFanMtr/NE-HVAC-FanBelt-CoggedVBelt-Msr/instance-out.sql,5380691.51,878653.51,1428790.98,625795.42,0.0,1182847.3,0.0,950835.43,76699.16,0.0,0.0,0.0,237069.71,0.0,0.0,1975.34,1428790.98,876678.17,0.00,1139112.10,43735.20
CZ10/Hsp&0&rDXHP&New&HV_AirDist__SupFanMtr/NE-HVAC-FanBelt-SynchVBelt-Msr/instance-out.sql,5362356.109999999,878913.9400000001,1426803.53,625795.42,0.0,1182847.3,0.0,934235.13,76697.02,0.0,0.0,0.0,237063.77,0.0,0.0,2094.26,1426803.53,876819.68,0.00,1139112.10,43735.20
CZ10/MBT&0&rDXHP&New&HV_AirDist__SupFanMtr/NE-HVAC-FanBelt-VBelt-Std/instance-out.sql,6332595.62,1273967.0,624969.93,438466.02,0.0,2167645.51,0.0,1668959.47,1160.19,0.0,0.0,0.0,157427.5,0.0,0.0,3691.67,624969.93,1270275.33,0.00,1394057.91,773587.60
CZ10/MBT&0&rDXHP&New&HV_AirDist__SupFanMtr/NE-HVAC-FanBelt-CoggedVBelt-Msr/instance-out.sql,6321044.04,1274181.01,623669.68,438466.02,0.0,2167645.51,0.0,1658494.13,1160.19,0.0,0.0,0.0,157427.5,0.0,0.0,3823.15,623669.68,1270357.86,0.00,1394057.91,773587.60
CZ10/MBT&0&rDXHP&New&HV_AirDist__SupFanMtr/NE-HVAC-FanBelt-SynchVBelt-Msr/instance-out.sql,6304553.85,1274496.41,621814.68,438466.02,0.0,2167645.51,0.0,1643543.54,1160.19,0.0,0.0,0.0,157427.5,0.0,0.0,4018.17,621814.68,1270478.24,0.00,1394057.91,773587.60
CZ10/MLI&0&rDXHP&New&HV_AirDist__SupFanMtr/NE-HVAC-FanBelt-VBelt-Std/instance-out.sql,1291229.3,2638.99,180825.9,153603.74,0.0,239893.0,0.0,669990.69,3.37,0.0,0.0,0.0,44273.6,0.0,0.0,2638.99,180825.90,0.00,0.00,239893.00,0.00
CZ10/MLI&0&rDXHP&New&HV_AirDist__SupFanMtr/NE-HVAC-FanBelt-CoggedVBelt-Msr/instance-out.sql,1276666.33,2772.32,179266.67,153603.74,0.0,239893.0,0.0,656853.62,3.37,0.0,0.0,0.0,44273.6,0.0,0.0,2772.32,179266.67,0.00,0.00,239893.00,0.00
CZ10/MLI&0&rDXHP&New&HV_AirDist__SupFanMtr/NE-HVAC-FanBelt-SynchVBelt-Msr/instance-out.sql,1255874.0,2972.17,177041.74,153603.74,0.0,239893.0,0.0,638086.38,3.37,0.0,0.0,0.0,44273.6,0.0,0.0,2972.17,177041.74,0.00,0.00,239893.00,0.00
CZ10/Mtl&0&rDXHP&New&HV_AirDist__SupFanMtr/NE-HVAC-FanBelt-VBelt-Std/instance-out.sql,229906.61000000002,1010.2299999999999,50284.09,34352.14,0.0,22443.33,0.0,114190.2,3.36,0.0,0.0,0.0,7623.25,0.0,0.0,1010.06,50284.09,0.17,0.00,22191.36,251.97
CZ10/Mtl&0&rDXHP&New&HV_AirDist__SupFanMtr/NE-HVAC-FanBelt-CoggedVBelt-Msr/instance-out.sql,227436.15000000002,1044.22,49997.39,34352.14,0.0,22443.33,0.0,111972.45,3.36,0.0,0.0,0.0,7623.25,0.0,0.0,1044.05,49997.39,0.17,0.00,22191.36,251.97
CZ10/Mtl&0&rDXHP&New&HV_AirDist__SupFanMtr/NE-HVAC-FanBelt-SynchVBelt-Msr/instance-out.sql,223908.47,1094.63,49588.4,34352.14,0.0,22443.33,0.0,108803.35,3.36,0.0,0.0,0.0,7623.25,0.0,0.0,1094.46,49588.40,0.17,0.00,22191.36,251.97
CZ10/Nrs&0&rDXHP&New&HV_AirDist__SupFanMtr/NE-HVAC-FanBelt-VBelt-Std/instance-out.sql,995634.27,48585.28,148239.32,103109.51,0.0,347425.87,0.0,243757.73,108.79,0.0,0.0,0.0,104407.77,0.0,0.0,1514.49,148239.32,47070.79,0.00,281574.59,65851.28
CZ10/Nrs&0&rDXHP&New&HV_AirDist__SupFanMtr/NE-HVAC-FanBelt-CoggedVBelt-Msr/instance-out.sql,991903.38,48648.99,147825.89,103109.51,0.0,347425.87,0.0,240437.23,108.71,0.0,0.0,0.0,104347.19,0.0,0.0,1549.17,147825.89,47099.82,0.00,281574.59,65851.28
CZ10/Nrs&0&rDXHP&New&HV_AirDist__SupFanMtr/NE-HVAC-FanBelt-SynchVBelt-Msr/instance-out.sql,986723.0599999999,48732.89,147242.75,103109.51,0.0,347425.87,0.0,235694.54,108.79,0.0,0.0,0.0,104408.71,0.0,0.0,1599.89,147242.75,47133.00,0.00,281574.59,65851.28
CZ10/OfL&0&rDXHP&New&HV_AirDist__SupFanMtr/NE-HVAC-FanBelt-VBelt-Std/instance-out.sql,2894950.91,50817.549999999996,492822.87,239041.7,0.0,829334.66,0.0,1168432.26,6039.05,0.0,0.0,0.0,108462.81,0.0,0.0,961.38,492822.87,49856.17,0.00,829334.66,0.00
CZ10/OfL&0&rDXHP&New&HV_AirDist__SupFanMtr/NE-HVAC-FanBelt-CoggedVBelt-Msr/instance-out.sql,2870054.4899999998,50923.700000000004,490071.65,239041.7,0.0,829334.66,0.0,1146181.02,6038.95,0.0,0.0,0.0,108462.81,0.0,0.0,1005.15,490071.65,49918.55,0.00,829334.66,0.00
CZ10/OfL&0&rDXHP&New&HV_AirDist__SupFanMtr/NE-HVAC-FanBelt-SynchVBelt-Msr/instance-out.sql,2834233.2199999997,50824.78999999999,486186.47,239041.7,0.0,829334.66,0.0,1114345.56,6037.23,0.0,0.0,0.0,108462.81,0.0,0.0,1066.84,486186.47,49757.95,0.00,829334.66,0.00
CZ10/OfS&0&rDXHP&New&HV_AirDist__SupFanMtr/NE-HVAC-FanBelt-VBelt-Std/instance-out.sql,154003.41999999998,272.92,21732.32,12106.19,0.0,29387.4,0.0,70159.49,1.13,0.0,0.0,0.0,20343.96,0.0,0.0,272.92,21732.32,0.00,0.00,29387.40,0.00
CZ10/OfS&0&rDXHP&New&HV_AirDist__SupFanMtr/NE-HVAC-FanBelt-CoggedVBelt-Msr/instance-out.sql,152466.16999999998,281.68,21562.81,12106.19,0.0,29387.4,0.0,68783.0,1.13,0.0,0.0,0.0,20343.96,0.0,0.0,281.68,21562.81,0.00,0.00,29387.40,0.00
CZ10/OfS&0&rDXHP&New&HV_AirDist__SupFanMtr/NE-HVAC-FanBelt-SynchVBelt-Msr/instance-out.sql,150271.98,294.88,21321.44,12106.19,0.0,29387.4,0.0,66816.97,1.13,0.0,0.0,0.0,20343.96,0.0,0.0,294.88,21321.44,0.00,0.00,29387.40,0.00
CZ10/RFF&0&rDXHP&New&HV_AirDist__SupFanMtr/NE-HVAC-FanBelt-VBelt-Std/instance-out.sql,126816.65000000001,350.2,17690.48,6626.33,0.0,37903.17,0.0,40525.35,3.37,0.0,0.0,0.0,23717.73,0.0,0.0,346.21,17690.48,3.99,0.00,18423.46,19479.71
CZ10/RFF&0&rDXHP&New&HV_AirDist__SupFanMtr/NE-HVAC-FanBelt-CoggedVBelt-Msr/instance-out.sql,126265.43,362.28999999999996,17632.11,6626.33,0.0,37903.17,0.0,40020.41,3.37,0.0,0.0,0.0,23717.73,0.0,0.0,358.28,17632.11,4.01,0.00,18423.46,19479.71
CZ10/RFF&0&rDXHP&New&HV_AirDist__SupFanMtr/NE-HVAC-FanBelt-SynchVBelt-Msr/instance-out.sql,125478.97,380.35999999999996,17549.02,6626.33,0.0,37903.17,0.0,39298.96,3.37,0.0,0.0,0.0,23717.73,0.0,0.0,376.33,17549.02,4.03,0.00,18423.46,19479.71
CZ10/RSD&0&rDXHP&New&HV_AirDist__SupFanMtr/NE-HVAC-FanBelt-VBelt-Std/instance-out.sql,313466.29000000004,67477.18,45668.82,16225.45,0.0,76546.73,0.0,47694.3,92.56,0.0,0.0,0.0,59761.25,0.0,0.0,189.92,45668.82,67287.26,0.00,37475.60,39071.13
CZ10/RSD&0&rDXHP&New&HV_AirDist__SupFanMtr/NE-HVAC-FanBelt-CoggedVBelt-Msr/instance-out.sql,313226.63,67481.48,45641.74,16225.45,0.0,76546.73,0.0,47477.43,92.57,0.0,0.0,0.0,59761.25,0.0,0.0,195.28,45641.74,67286.20,0.00,37475.60,39071.13
CZ10/RSD&0&rDXHP&New&HV_AirDist__SupFanMtr/NE-HVAC-FanBelt-SynchVBelt-Msr/instance-out.sql,312889.35,67491.99,45604.13,16225.45,0.0,76546.73,0.0,47167.25,92.56,0.0,0.0,0.0,59761.25,0.0,0.0,203.14,45604.13,67288.85,0.00,37475.60,39071.13
CZ10/Rt3&0&rDXHP&New&HV_AirDist__SupFanMtr/NE-HVAC-FanBelt-VBelt-Std/instance-out.sql,2538626.6999999997,6080.08,404076.02,394371.6,0.0,436362.0,0.0,1141693.28,3.38,0.0,0.0,0.0,156040.34,0.0,0.0,5487.98,404076.02,592.10,0.00,436362.00,0.00
CZ10/Rt3&0&rDXHP&New&HV_AirDist__SupFanMtr/NE-HVAC-FanBelt-CoggedVBelt-Msr/instance-out.sql,2514107.66,6276.490000000001,401132.55,394371.6,0.0,436362.0,0.0,1119921.3,3.38,0.0,0.0,0.0,156040.34,0.0,0.0,5685.10,401132.55,591.39,0.00,436362.00,0.00
CZ10/Rt3&0&rDXHP&New&HV_AirDist__SupFanMtr/NE-HVAC-FanBelt-SynchVBelt-Msr/instance-out.sql,2479118.28,6574.049999999999,396937.37,394371.6,0.0,436362.0,0.0,1088829.54,3.38,0.0,0.0,0.0,156040.34,0.0,0.0,5981.49,396937.37,592.56,0.00,436362.00,0.00
CZ10/RtL&0&rDXHP&New&HV_AirDist__SupFanMtr/NE-HVAC-FanBelt-VBelt-Std/instance-out.sql,2231198.01,1145.29,337547.34,395231.18,0.0,509200.67,0.0,873078.06,3.39,0.0,0.0,0.0,114992.08,0.0,0.0,1145.29,337547.34,0.00,0.00,468847.72,40352.95
CZ10/RtL&0&rDXHP&New&HV_AirDist__SupFanMtr/NE-HVAC-FanBelt-CoggedVBelt-Msr/instance-out.sql,2212214.01,1215.24,335234.33,395231.18,0.0,509200.67,0.0,856337.12,3.39,0.0,0.0,0.0,114992.08,0.0,0.0,1215.24,335234.33,0.00,0.00,468847.72,40352.95
CZ10/RtL&0&rDXHP&New&HV_AirDist__SupFanMtr/NE-HVAC-FanBelt-SynchVBelt-Msr/instance-out.sql,2185103.6999999997,1321.07,331933.82,395231.18,0.0,509200.67,0.0,832421.48,3.39,0.0,0.0,0.0,114992.09,0.0,0.0,1321.07,331933.82,0.00,0.00,468847.72,40352.95
CZ10/RtS&0&rDXHP&New&HV_AirDist__SupFanMtr/NE-HVAC-FanBelt-VBelt-Std/instance-out.sql,163827.42,926.46,27417.72,23251.32,0.0,24440.79,0.0,73066.5,3.36,0.0,0.0,0.0,14721.25,0.0,0.0,926.46,27417.72,0.00,0.00,24440.79,0.00
CZ10/RtS&0&rDXHP&New&HV_AirDist__SupFanMtr/NE-HVAC-FanBelt-CoggedVBelt-Msr/instance-out.sql,162232.02,955.72,27224.26,23251.32,0.0,24440.79,0.0,71635.31,3.36,0.0,0.0,0.0,14721.25,0.0,0.0,955.72,27224.26,0.00,0.00,24440.79,0.00
CZ10/RtS&0&rDXHP&New&HV_AirDist__SupFanMtr/NE-HVAC-FanBelt-SynchVBelt-Msr/instance-out.sql,159960.21,998.19,26948.09,23251.32,0.0,24440.79,0.0,69597.21,3.36,0.0,0.0,0.0,14721.25,0.0,0.0,998.19,26948.09,0.00,0.00,24440.79,0.00
CZ10/SCn&0&rDXHP&New&HV_AirDist__SupFanMtr/NE-HVAC-FanBelt-VBelt-Std/instance-out.sql,3910189.8899999997,27085.06,630748.78,571539.04,0.0,449066.39,0.0,2154660.25,3.36,0.0,0.0,0.0,77087.01,0.0,0.0,27085.06,630748.78,0.00,0.00,449066.39,0.00
CZ10/SCn&0&rDXHP&New&HV_AirDist__SupFanMtr/NE-HVAC-FanBelt-CoggedVBelt-Msr/instance-out.sql,3863713.6199999996,28306.25,625299.56,571539.04,0.0,449066.39,0.0,2112412.01,3.36,0.0,0.0,0.0,77087.01,0.0,0.0,28306.25,625299.56,0.00,0.00,449066.39,0.00
CZ10/SCn&0&rDXHP&New&HV_AirDist__SupFanMtr/NE-HVAC-FanBelt-SynchVBelt-Msr/instance-out.sql,3797656.8299999996,30196.24,617511.92,571539.04,0.0,449066.39,0.0,2052252.87,3.36,0.0,0.0,0.0,77087.01,0.0,0.0,30196.24,617511.92,0.00,0.00,449066.39,0.00
CZ11/Asm&0&rDXHP&New&HV_AirDist__SupFanMtr/NE-HVAC-FanBelt-VBelt-Std/instance-out.sql,869051.9,39303.57,202280.51,76844.55,0.0,145823.51,0.0,383535.36,3.36,0.0,0.0,0.0,21261.05,0.0,0.0,39303.57,202280.51,0.00,0.00,145823.51,0.00
CZ11/Asm&0&rDXHP&New&HV_AirDist__SupFanMtr/NE-HVAC-FanBelt-CoggedVBelt-Msr/instance-out.sql,861124.7000000001,39848.62,201328.55,76844.55,0.0,145823.51,0.0,376015.06,3.36,0.0,0.0,0.0,21261.05,0.0,0.0,39848.62,201328.55,0.00,0.00,145823.51,0.00
CZ11/Asm&0&rDXHP&New&HV_AirDist__SupFanMtr/NE-HVAC-FanBelt-SynchVBelt-Msr/instance-out.sql,849809.59,40635.48,199969.85,76844.55,0.0,145823.51,0.0,365271.77,3.36,0.0,0.0,0.0,21261.07,0.0,0.0,40635.48,199969.85,0.00,0.00,145823.51,0.00
CZ11/ECC&0&rDXHP&New&HV_AirDist__SupFanMtr/NE-HVAC-FanBelt-VBelt-Std/instance-out.sql,2959095.18,12816.91,418056.42,167224.54,0.0,1013813.91,0.0,936481.77,1662.06,0.0,0.0,0.0,409039.57,0.0,0.0,12710.11,418056.42,106.80,0.00,945189.93,68623.98
CZ11/ECC&0&rDXHP&New&HV_AirDist__SupFanMtr/NE-HVAC-FanBelt-CoggedVBelt-Msr/instance-out.sql,2941492.15,13191.019999999999,415883.27,167224.54,0.0,1013813.91,0.0,920675.56,1661.76,0.0,0.0,0.0,409042.07,0.0,0.0,13084.14,415883.27,106.88,0.00,945189.93,68623.98
CZ11/ECC&0&rDXHP&New&HV_AirDist__SupFanMtr/NE-HVAC-FanBelt-SynchVBelt-Msr/instance-out.sql,2916339.01,13743.900000000001,412780.41,167224.54,0.0,1013813.91,0.0,898076.29,1661.06,0.0,0.0,0.0,409038.88,0.0,0.0,13636.70,412780.41,107.20,0.00,945189.93,68623.98
CZ11/EPr&0&rDXHP&New&HV_AirDist__SupFanMtr/NE-HVAC-FanBelt-VBelt-Std/instance-out.sql,437894.2,5383.19,67235.13,30835.78,0.0,125897.03,0.0,130016.67,3.37,0.0,0.0,0.0,78523.03,0.0,0.0,5383.19,67235.13,0.00,0.00,83226.75,42670.28
CZ11/EPr&0&rDXHP&New&HV_AirDist__SupFanMtr/NE-HVAC-FanBelt-CoggedVBelt-Msr/instance-out.sql,435570.7,5487.79,66944.45,30835.78,0.0,125897.03,0.0,127879.24,3.37,0.0,0.0,0.0,78523.03,0.0,0.0,5487.79,66944.45,0.00,0.00,83226.75,42670.28
CZ11/EPr&0&rDXHP&New&HV_AirDist__SupFanMtr/NE-HVAC-FanBelt-SynchVBelt-Msr/instance-out.sql,432252.84,5639.78,66528.76,30835.78,0.0,125897.03,0.0,124825.09,3.37,0.0,0.0,0.0,78523.03,0.0,0.0,5639.78,66528.76,0.00,0.00,83226.75,42670.28
CZ11/ERC&0&rDXHP&New&HV_AirDist__SupFanMtr/NE-HVAC-FanBelt-VBelt-Std/instance-out.sql,21626.37,333.87,2479.88,1016.35,0.0,2196.82,0.0,6569.2,3.36,0.0,0.0,0.0,9026.9,0.0,0.0,333.87,2479.88,0.00,0.00,2196.82,0.00
CZ11/ERC&0&rDXHP&New&HV_AirDist__SupFanMtr/NE-HVAC-FanBelt-CoggedVBelt-Msr/instance-out.sql,21495.3,340.76,2463.68,1016.35,0.0,2196.82,0.0,6447.44,3.36,0.0,0.0,0.0,9026.9,0.0,0.0,340.76,2463.68,0.00,0.00,2196.82,0.00
CZ11/ERC&0&rDXHP&New&HV_AirDist__SupFanMtr/NE-HVAC-FanBelt-SynchVBelt-Msr/instance-out.sql,21306.71,350.68,2440.57,1016.35,0.0,2196.82,0.0,6272.03,3.36,0.0,0.0,0.0,9026.9,0.0,0.0,350.68,2440.57,0.00,0.00,2196.82,0.00
CZ11/ESe&0&rDXHP&New&HV_AirDist__SupFanMtr/NE-HVAC-FanBelt-VBelt-Std/instance-out.sql,1261768.55,82382.25,185029.77,94750.45,0.0,323176.74,0.0,361514.69,3.39,0.0,0.0,0.0,214911.28,0.0,0.0,2653.70,185029.77,79728.55,0.00,259085.82,64090.92
CZ11/ESe&0&rDXHP&New&HV_AirDist__SupFanMtr/NE-HVAC-FanBelt-CoggedVBelt-Msr/instance-out.sql,1258965.04,82466.67,184680.23,94750.45,0.0,323176.74,0.0,358976.28,3.39,0.0,0.0,0.0,214911.27,0.0,0.0,2728.30,184680.23,79738.37,0.00,259085.82,64090.92
CZ11/ESe&0&rDXHP&New&HV_AirDist__SupFanMtr/NE-HVAC-FanBelt-SynchVBelt-Msr/instance-out.sql,1255037.22,82657.86,184178.63,94750.45,0.0,323176.74,0.0,355358.88,3.39,0.0,0.0,0.0,214911.26,0.0,0.0,2843.50,184178.63,79814.36,0.00,259085.82,64090.92
CZ11/EUn&0&rDXHP&New&HV_AirDist__SupFanMtr/NE-HVAC-FanBelt-VBelt-Std/instance-out.sql,9314046.100000001,30375.84,1212051.02,644388.1,0.0,3682881.23,0.0,3051134.34,3.37,0.0,0.0,0.0,693212.2,0.0,0.0,29701.57,1212051.02,674.27,0.00,3555459.15,127422.08
CZ11/EUn&0&rDXHP&New&HV_AirDist__SupFanMtr/NE-HVAC-FanBelt-CoggedVBelt-Msr/instance-out.sql,9260157.620000001,31374.010000000002,1206140.76,644388.1,0.0,3682881.23,0.0,3002161.33,3.37,0.0,0.0,0.0,693208.82,0.0,0.0,30694.70,1206140.76,679.31,0.00,3555459.15,127422.08
CZ11/EUn&0&rDXHP&New&HV_AirDist__SupFanMtr/NE-HVAC-FanBelt-SynchVBelt-Msr/instance-out.sql,9183262.0,32846.87,1197716.91,644388.1,0.0,3682881.23,0.0,2932216.81,3.37,0.0,0.0,0.0,693208.71,0.0,0.0,32160.54,1197716.91,686.33,0.00,3555459.15,127422.08
CZ11/Hsp&0&rDXHP&New&HV_AirDist__SupFanMtr/NE-HVAC-FanBelt-VBelt-Std/instance-out.sql,5023394.12,710883.87,1329322.87,625795.42,0.0,1182847.3,0.0,863063.8,69184.05,0.0,0.0,0.0,242296.81,0.0,0.0,3103.90,1329322.87,707779.97,0.00,1139112.10,43735.20
CZ11/Hsp&0&rDXHP&New&HV_AirDist__SupFanMtr/NE-HVAC-FanBelt-CoggedVBelt-Msr/instance-out.sql,5012807.47,711201.64,1328186.29,625795.42,0.0,1182847.3,0.0,853297.54,69185.97,0.0,0.0,0.0,242293.3,0.0,0.0,3204.12,1328186.29,707997.52,0.00,1139112.10,43735.20
CZ11/Hsp&0&rDXHP&New&HV_AirDist__SupFanMtr/NE-HVAC-FanBelt-SynchVBelt-Msr/instance-out.sql,4997508.59,711560.0,1326493.64,625795.42,0.0,1182847.3,0.0,839331.01,69182.25,0.0,0.0,0.0,242298.97,0.0,0.0,3352.49,1326493.64,708207.51,0.00,1139112.10,43735.20
CZ11/MBT&0&rDXHP&New&HV_AirDist__SupFanMtr/NE-HVAC-FanBelt-VBelt-Std/instance-out.sql,7229013.71,2042164.75,752568.34,438466.02,0.0,2167645.51,0.0,1666141.37,1180.42,0.0,0.0,0.0,160847.29,0.0,0.0,12550.90,752568.34,2029613.85,0.00,1394057.91,773587.60
CZ11/MBT&0&rDXHP&New&HV_AirDist__SupFanMtr/NE-HVAC-FanBelt-CoggedVBelt-Msr/instance-out.sql,7217541.72,2042696.46,751328.85,438466.02,0.0,2167645.51,0.0,1655377.16,1180.42,0.0,0.0,0.0,160847.3,0.0,0.0,12904.73,751328.85,2029791.73,0.00,1394057.91,773587.60
CZ11/MBT&0&rDXHP&New&HV_AirDist__SupFanMtr/NE-HVAC-FanBelt-SynchVBelt-Msr/instance-out.sql,7201175.04,2043476.33,749560.37,438466.02,0.0,2167645.51,0.0,1639999.12,1180.39,0.0,0.0,0.0,160847.3,0.0,0.0,13428.06,749560.37,2030048.27,0.00,1394057.91,773587.60
CZ11/MLI&0&rDXHP&New&HV_AirDist__SupFanMtr/NE-HVAC-FanBelt-VBelt-Std/instance-out.sql,1327398.3599999999,9517.17,190499.78,153603.74,0.0,239893.0,0.0,688733.32,3.37,0.0,0.0,0.0,45147.97,0.0,0.0,9517.17,190499.78,0.00,0.00,239893.00,0.00
CZ11/MLI&0&rDXHP&New&HV_AirDist__SupFanMtr/NE-HVAC-FanBelt-CoggedVBelt-Msr/instance-out.sql,1312851.42,9969.69,189004.89,153603.74,0.0,239893.0,0.0,675228.74,3.37,0.0,0.0,0.0,45147.97,0.0,0.0,9969.69,189004.89,0.00,0.00,239893.00,0.00
CZ11/MLI&0&rDXHP&New&HV_AirDist__SupFanMtr/NE-HVAC-FanBelt-SynchVBelt-Msr/instance-out.sql,1292101.06,10645.1,186871.38,153603.74,0.0,239893.0,0.0,655936.49,3.37,0.0,0.0,0.0,45147.97,0.0,0.0,10645.10,186871.38,0.00,0.00,239893.00,0.00
CZ11/Mtl&0&rDXHP&New&HV_AirDist__SupFanMtr/NE-HVAC-FanBelt-VBelt-Std/instance-out.sql,237494.53,3898.46,52343.24,34352.14,0.0,22443.33,0.0,116805.7,3.36,0.0,0.0,0.0,7648.28,0.0,0.0,3461.30,52343.24,437.16,0.00,22191.36,251.97
CZ11/Mtl&0&rDXHP&New&HV_AirDist__SupFanMtr/NE-HVAC-FanBelt-CoggedVBelt-Msr/instance-out.sql,235057.08,4003.44,52068.02,34352.14,0.0,22443.33,0.0,114538.49,3.36,0.0,0.0,0.0,7648.28,0.0,0.0,3562.58,52068.02,440.86,0.00,22191.36,251.97
CZ11/Mtl&0&rDXHP&New&HV_AirDist__SupFanMtr/NE-HVAC-FanBelt-SynchVBelt-Msr/instance-out.sql,231574.83000000002,4158.21,51673.78,34352.14,0.0,22443.33,0.0,111295.71,3.36,0.0,0.0,0.0,7648.28,0.0,0.0,3711.49,51673.78,446.72,0.00,22191.36,251.97
CZ11/Nrs&0&rDXHP&New&HV_AirDist__SupFanMtr/NE-HVAC-FanBelt-VBelt-Std/instance-out.sql,1040347.67,83115.40000000001,152095.12,103109.51,0.0,347425.87,0.0,247782.09,139.75,0.0,0.0,0.0,106679.92,0.0,0.0,3980.71,152095.12,79134.69,0.00,281574.59,65851.28
CZ11/Nrs&0&rDXHP&New&HV_AirDist__SupFanMtr/NE-HVAC-FanBelt-CoggedVBelt-Msr/instance-out.sql,1036873.0,83324.52,151714.36,103109.51,0.0,347425.87,0.0,244411.51,139.82,0.0,0.0,0.0,106747.42,0.0,0.0,4067.20,151714.36,79257.32,0.00,281574.59,65851.28
CZ11/Nrs&0&rDXHP&New&HV_AirDist__SupFanMtr/NE-HVAC-FanBelt-SynchVBelt-Msr/instance-out.sql,1031790.4,83581.20999999999,151160.98,103109.51,0.0,347425.87,0.0,239591.5,139.79,0.0,0.0,0.0,106781.55,0.0,0.0,4194.12,151160.98,79387.09,0.00,281574.59,65851.28
CZ11/OfL&0&rDXHP&New&HV_AirDist__SupFanMtr/NE-HVAC-FanBelt-VBelt-Std/instance-out.sql,2906736.8800000004,74201.59,486829.23,239041.7,0.0,829334.66,0.0,1161360.31,5188.35,0.0,0.0,0.0,110781.04,0.0,0.0,2968.22,486829.23,71233.37,0.00,829334.66,0.00
CZ11/OfL&0&rDXHP&New&HV_AirDist__SupFanMtr/NE-HVAC-FanBelt-CoggedVBelt-Msr/instance-out.sql,2882208.1999999997,74348.03,484241.18,239041.7,0.0,829334.66,0.0,1139273.4,5188.4,0.0,0.0,0.0,110780.82,0.0,0.0,3111.95,484241.18,71236.08,0.00,829334.66,0.00
CZ11/OfL&0&rDXHP&New&HV_AirDist__SupFanMtr/NE-HVAC-FanBelt-SynchVBelt-Msr/instance-out.sql,2847144.04,74535.23999999999,480560.72,239041.7,0.0,829334.66,0.0,1107701.26,5189.41,0.0,0.0,0.0,110781.05,0.0,0.0,3331.15,480560.72,71204.09,0.00,829334.66,0.00
CZ11/OfS&0&rDXHP&New&HV_AirDist__SupFanMtr/NE-HVAC-FanBelt-VBelt-Std/instance-out.sql,156023.62,1067.91,22384.17,12106.19,0.0,29387.4,0.0,70364.97,1.13,0.0,0.0,0.0,20711.85,0.0,0.0,1067.91,22384.17,0.00,0.00,29387.40,0.00
CZ11/OfS&0&rDXHP&New&HV_AirDist__SupFanMtr/NE-HVAC-FanBelt-CoggedVBelt-Msr/instance-out.sql,154521.34,1105.24,22224.44,12106.19,0.0,29387.4,0.0,68985.08,1.13,0.0,0.0,0.0,20711.85,0.0,0.0,1105.24,22224.44,0.00,0.00,29387.40,0.00
CZ11/OfS&0&rDXHP&New&HV_AirDist__SupFanMtr/NE-HVAC-FanBelt-SynchVBelt-Msr/instance-out.sql,152379.80000000002,1161.13,21997.07,12106.19,0.0,29387.4,0.0,67015.02,1.13,0.0,0.0,0.0,20711.85,0.0,0.0,1161.13,21997.07,0.00,0.00,29387.40,0.00
CZ11/RFF&0&rDXHP&New&HV_AirDist__SupFanMtr/NE-HVAC-FanBelt-VBelt-Std/instance-out.sql,114639.33,846.49,15225.37,6626.33,0.0,37903.17,0.0,29909.35,3.37,0.0,0.0,0.0,24125.23,0.0,0.0,846.49,15225.37,0.00,0.00,18423.46,19479.71
CZ11/RFF&0&rDXHP&New&HV_AirDist__SupFanMtr/NE-HVAC-FanBelt-CoggedVBelt-Msr/instance-out.sql,114225.65000000001,869.25,15180.3,6626.33,0.0,37903.17,0.0,29517.99,3.37,0.0,0.0,0.0,24125.23,0.0,0.0,869.25,15180.30,0.00,0.00,18423.46,19479.71
CZ11/RFF&0&rDXHP&New&HV_AirDist__SupFanMtr/NE-HVAC-FanBelt-SynchVBelt-Msr/instance-out.sql,113635.29000000001,902.28,15115.98,6626.33,0.0,37903.17,0.0,28958.91,3.37,0.0,0.0,0.0,24125.23,0.0,0.0,902.28,15115.98,0.00,0.00,18423.46,19479.71
CZ11/RSD&0&rDXHP&New&HV_AirDist__SupFanMtr/NE-HVAC-FanBelt-VBelt-Std/instance-out.sql,333033.74,82400.74,46890.11,16225.45,0.0,76546.73,0.0,49899.42,81.26,0.0,0.0,0.0,60990.04,0.0,0.0,596.14,46890.11,81804.60,0.00,37475.60,39071.13
CZ11/RSD&0&rDXHP&New&HV_AirDist__SupFanMtr/NE-HVAC-FanBelt-CoggedVBelt-Msr/instance-out.sql,332806.9,82415.08,46864.84,16225.45,0.0,76546.73,0.0,49683.5,81.26,0.0,0.0,0.0,60990.04,0.0,0.0,608.95,46864.84,81806.13,0.00,37475.60,39071.13
CZ11/RSD&0&rDXHP&New&HV_AirDist__SupFanMtr/NE-HVAC-FanBelt-SynchVBelt-Msr/instance-out.sql,332484.08,82436.78000000001,46828.75,16225.45,0.0,76546.73,0.0,49375.07,81.26,0.0,0.0,0.0,60990.04,0.0,0.0,627.57,46828.75,81809.21,0.00,37475.60,39071.13
CZ11/Rt3&0&rDXHP&New&HV_AirDist__SupFanMtr/NE-HVAC-FanBelt-VBelt-Std/instance-out.sql,2211619.68,6968.469999999999,330750.23,394371.6,0.0,436362.0,0.0,883723.3,3.38,0.0,0.0,0.0,159440.69,0.0,0.0,6172.03,330750.23,796.44,0.00,436362.00,0.00
CZ11/Rt3&0&rDXHP&New&HV_AirDist__SupFanMtr/NE-HVAC-FanBelt-CoggedVBelt-Msr/instance-out.sql,2192934.0,7328.06,328650.96,394371.6,0.0,436362.0,0.0,866777.31,3.38,0.0,0.0,0.0,159440.69,0.0,0.0,6521.31,328650.96,806.75,0.00,436362.00,0.00
CZ11/Rt3&0&rDXHP&New&HV_AirDist__SupFanMtr/NE-HVAC-FanBelt-SynchVBelt-Msr/instance-out.sql,2166194.19,7838.08,325656.2,394371.6,0.0,436362.0,0.0,842522.23,3.38,0.0,0.0,0.0,159440.69,0.0,0.0,7020.50,325656.20,817.58,0.00,436362.00,0.00
CZ11/RtL&0&rDXHP&New&HV_AirDist__SupFanMtr/NE-HVAC-FanBelt-VBelt-Std/instance-out.sql,2285464.39,5614.83,346926.19,395231.18,0.0,509200.67,0.0,911014.41,3.39,0.0,0.0,0.0,117473.72,0.0,0.0,5614.83,346926.19,0.00,0.00,468847.72,40352.95
CZ11/RtL&0&rDXHP&New&HV_AirDist__SupFanMtr/NE-HVAC-FanBelt-CoggedVBelt-Msr/instance-out.sql,2266145.62,5939.28,344760.19,395231.18,0.0,509200.67,0.0,893537.2,3.39,0.0,0.0,0.0,117473.72,0.0,0.0,5939.28,344760.19,0.00,0.00,468847.72,40352.95
CZ11/RtL&0&rDXHP&New&HV_AirDist__SupFanMtr/NE-HVAC-FanBelt-SynchVBelt-Msr/instance-out.sql,2238635.67,6489.97,341666.98,395231.18,0.0,509200.67,0.0,868569.76,3.39,0.0,0.0,0.0,117473.72,0.0,0.0,6489.97,341666.98,0.00,0.00,468847.72,40352.95
CZ11/RtS&0&rDXHP&New&HV_AirDist__SupFanMtr/NE-HVAC-FanBelt-VBelt-Std/instance-out.sql,138789.33,1812.58,21641.25,23251.32,0.0,24440.79,0.0,52722.31,3.36,0.0,0.0,0.0,14917.72,0.0,0.0,1812.58,21641.25,0.00,0.00,24440.79,0.00
CZ11/RtS&0&rDXHP&New&HV_AirDist__SupFanMtr/NE-HVAC-FanBelt-CoggedVBelt-Msr/instance-out.sql,137682.62,1866.08,21514.82,23251.32,0.0,24440.79,0.0,51688.53,3.36,0.0,0.0,0.0,14917.72,0.0,0.0,1866.08,21514.82,0.00,0.00,24440.79,0.00
CZ11/RtS&0&rDXHP&New&HV_AirDist__SupFanMtr/NE-HVAC-FanBelt-SynchVBelt-Msr/instance-out.sql,136103.28,1944.0,21334.36,23251.32,0.0,24440.79,0.0,50211.72,3.36,0.0,0.0,0.0,14917.72,0.0,0.0,1944.00,21334.36,0.00,0.00,24440.79,0.00
CZ11/SCn&0&rDXHP&New&HV_AirDist__SupFanMtr/NE-HVAC-FanBelt-VBelt-Std/instance-out.sql,4292982.760000001,93474.43,720837.02,571539.04,0.0,449066.39,0.0,2379367.67,3.36,0.0,0.0,0.0,78694.86,0.0,0.0,93474.43,720837.02,0.00,0.00,449066.39,0.00
CZ11/SCn&0&rDXHP&New&HV_AirDist__SupFanMtr/NE-HVAC-FanBelt-CoggedVBelt-Msr/instance-out.sql,4244282.0,96711.28,715280.1,571539.04,0.0,449066.39,0.0,2332986.97,3.36,0.0,0.0,0.0,78694.87,0.0,0.0,96711.28,715280.10,0.00,0.00,449066.39,0.00
CZ11/SCn&0&rDXHP&New&HV_AirDist__SupFanMtr/NE-HVAC-FanBelt-SynchVBelt-Msr/instance-out.sql,4174071.05,101193.78,707343.09,571539.04,0.0,449066.39,0.0,2266230.54,3.36,0.0,0.0,0.0,78694.86,0.0,0.0,101193.78,707343.09,0.00,0.00,449066.39,0.00
CZ12/Asm&0&rDXHP&New&HV_AirDist__SupFanMtr/NE-HVAC-FanBelt-VBelt-Std/instance-out.sql,811481.24,37094.84,159022.4,76844.55,0.0,145823.51,0.0,371018.84,3.36,0.0,0.0,0.0,21673.75,0.0,0.0,37094.84,159022.40,0.00,0.00,145823.51,0.00
CZ12/Asm&0&rDXHP&New&HV_AirDist__SupFanMtr/NE-HVAC-FanBelt-CoggedVBelt-Msr/instance-out.sql,803849.03,37594.86,158165.04,76844.55,0.0,145823.51,0.0,363743.96,3.36,0.0,0.0,0.0,21673.75,0.0,0.0,37594.86,158165.04,0.00,0.00,145823.51,0.00
CZ12/Asm&0&rDXHP&New&HV_AirDist__SupFanMtr/NE-HVAC-FanBelt-SynchVBelt-Msr/instance-out.sql,792956.55,38317.0,156943.11,76844.55,0.0,145823.51,0.0,353351.27,3.36,0.0,0.0,0.0,21673.75,0.0,0.0,38317.00,156943.11,0.00,0.00,145823.51,0.00
CZ12/ECC&0&rDXHP&New&HV_AirDist__SupFanMtr/NE-HVAC-FanBelt-VBelt-Std/instance-out.sql,2835031.15,14279.05,332262.76,167224.54,0.0,1013813.91,0.0,884773.79,1541.09,0.0,0.0,0.0,421136.01,0.0,0.0,13982.33,332262.76,296.72,0.00,945189.93,68623.98
CZ12/ECC&0&rDXHP&New&HV_AirDist__SupFanMtr/NE-HVAC-FanBelt-CoggedVBelt-Msr/instance-out.sql,2818675.87,14649.119999999999,330419.75,167224.54,0.0,1013813.91,0.0,869899.55,1540.61,0.0,0.0,0.0,421128.39,0.0,0.0,14355.21,330419.75,293.91,0.00,945189.93,68623.98
CZ12/ECC&0&rDXHP&New&HV_AirDist__SupFanMtr/NE-HVAC-FanBelt-SynchVBelt-Msr/instance-out.sql,2795443.87,15203.08,327789.75,167224.54,0.0,1013813.91,0.0,848738.3,1540.06,0.0,0.0,0.0,421134.21,0.0,0.0,14908.51,327789.75,294.57,0.00,945189.93,68623.98
CZ12/EPr&0&rDXHP&New&HV_AirDist__SupFanMtr/NE-HVAC-FanBelt-VBelt-Std/instance-out.sql,420909.21,5331.01,54317.25,30835.78,0.0,125897.03,0.0,123813.61,3.37,0.0,0.0,0.0,80711.16,0.0,0.0,5331.01,54317.25,0.00,0.00,83226.75,42670.28
CZ12/EPr&0&rDXHP&New&HV_AirDist__SupFanMtr/NE-HVAC-FanBelt-CoggedVBelt-Msr/instance-out.sql,418725.42,5428.87,54062.75,30835.78,0.0,125897.03,0.0,121786.46,3.37,0.0,0.0,0.0,80711.16,0.0,0.0,5428.87,54062.75,0.00,0.00,83226.75,42670.28
CZ12/EPr&0&rDXHP&New&HV_AirDist__SupFanMtr/NE-HVAC-FanBelt-SynchVBelt-Msr/instance-out.sql,415605.37,5570.61,53699.52,30835.78,0.0,125897.03,0.0,118887.91,3.37,0.0,0.0,0.0,80711.15,0.0,0.0,5570.61,53699.52,0.00,0.00,83226.75,42670.28
CZ12/ERC&0&rDXHP&New&HV_AirDist__SupFanMtr/NE-HVAC-FanBelt-VBelt-Std/instance-out.sql,20421.440000000002,346.1,1829.49,1016.35,0.0,2196.82,0.0,5922.79,3.36,0.0,0.0,0.0,9106.52,0.0,0.0,346.10,1829.49,0.00,0.00,2196.82,0.00
CZ12/ERC&0&rDXHP&New&HV_AirDist__SupFanMtr/NE-HVAC-FanBelt-CoggedVBelt-Msr/instance-out.sql,20307.760000000002,352.42,1816.77,1016.35,0.0,2196.82,0.0,5815.52,3.36,0.0,0.0,0.0,9106.52,0.0,0.0,352.42,1816.77,0.00,0.00,2196.82,0.00
CZ12/ERC&0&rDXHP&New&HV_AirDist__SupFanMtr/NE-HVAC-FanBelt-SynchVBelt-Msr/instance-out.sql,20143.190000000002,361.77,1798.62,1016.35,0.0,2196.82,0.0,5659.76,3.36,0.0,0.0,0.0,9106.52,0.0,0.0,361.77,1798.62,0.00,0.00,2196.82,0.00
CZ12/ESe&0&rDXHP&New&HV_AirDist__SupFanMtr/NE-HVAC-FanBelt-VBelt-Std/instance-out.sql,1225664.93,85156.06,148937.48,94750.45,0.0,323176.74,0.0,352893.15,3.39,0.0,0.0,0.0,220747.65,0.0,0.0,2969.09,148937.48,82186.97,0.00,259085.82,64090.92
CZ12/ESe&0&rDXHP&New&HV_AirDist__SupFanMtr/NE-HVAC-FanBelt-CoggedVBelt-Msr/instance-out.sql,1223079.55,85238.32,148636.44,94750.45,0.0,323176.74,0.0,350526.56,3.39,0.0,0.0,0.0,220747.65,0.0,0.0,3042.63,148636.44,82195.69,0.00,259085.82,64090.92
CZ12/ESe&0&rDXHP&New&HV_AirDist__SupFanMtr/NE-HVAC-FanBelt-SynchVBelt-Msr/instance-out.sql,1219419.46,85358.69,148207.53,94750.45,0.0,323176.74,0.0,347175.02,3.39,0.0,0.0,0.0,220747.65,0.0,0.0,3150.16,148207.53,82208.53,0.00,259085.82,64090.92
CZ12/EUn&0&rDXHP&New&HV_AirDist__SupFanMtr/NE-HVAC-FanBelt-VBelt-Std/instance-out.sql,8988473.780000001,33653.75,970963.8,644388.1,0.0,3682881.23,0.0,2943762.74,3.37,0.0,0.0,0.0,712820.78,0.0,0.0,32779.82,970963.80,873.93,0.00,3555459.15,127422.08
CZ12/EUn&0&rDXHP&New&HV_AirDist__SupFanMtr/NE-HVAC-FanBelt-CoggedVBelt-Msr/instance-out.sql,8937299.68,34637.68,965872.71,644388.1,0.0,3682881.23,0.0,2896695.78,3.37,0.0,0.0,0.0,712820.8,0.0,0.0,33760.99,965872.71,876.69,0.00,3555459.15,127422.08
CZ12/EUn&0&rDXHP&New&HV_AirDist__SupFanMtr/NE-HVAC-FanBelt-SynchVBelt-Msr/instance-out.sql,8864231.39,36081.5,958611.83,644388.1,0.0,3682881.23,0.0,2829444.56,3.37,0.0,0.0,0.0,712820.81,0.0,0.0,35201.03,958611.83,880.47,0.00,3555459.15,127422.08
CZ12/Hsp&0&rDXHP&New&HV_AirDist__SupFanMtr/NE-HVAC-FanBelt-VBelt-Std/instance-out.sql,4840550.07,685995.05,1195142.69,625795.42,0.0,1182847.3,0.0,833439.41,68492.15,0.0,0.0,0.0,248838.05,0.0,0.0,3908.80,1195142.69,682086.25,0.00,1139112.10,43735.20
CZ12/Hsp&0&rDXHP&New&HV_AirDist__SupFanMtr/NE-HVAC-FanBelt-CoggedVBelt-Msr/instance-out.sql,4830284.140000001,686351.3300000001,1194147.86,625795.42,0.0,1182847.3,0.0,823807.07,68494.57,0.0,0.0,0.0,248840.6,0.0,0.0,4023.42,1194147.86,682327.91,0.00,1139112.10,43735.20
CZ12/Hsp&0&rDXHP&New&HV_AirDist__SupFanMtr/NE-HVAC-FanBelt-SynchVBelt-Msr/instance-out.sql,4815546.81,686844.3999999999,1192684.07,625795.42,0.0,1182847.3,0.0,810039.01,68497.08,0.0,0.0,0.0,248839.53,0.0,0.0,4193.33,1192684.07,682651.07,0.00,1139112.10,43735.20
CZ12/MBT&0&rDXHP&New&HV_AirDist__SupFanMtr/NE-HVAC-FanBelt-VBelt-Std/instance-out.sql,6981884.82,2068425.3800000001,540973.44,438466.02,0.0,2167645.51,0.0,1600089.57,1145.13,0.0,0.0,0.0,165139.77,0.0,0.0,13845.31,540973.44,2054580.07,0.00,1394057.91,773587.60
CZ12/MBT&0&rDXHP&New&HV_AirDist__SupFanMtr/NE-HVAC-FanBelt-CoggedVBelt-Msr/instance-out.sql,6971332.199999999,2068943.1099999999,539958.04,438466.02,0.0,2167645.51,0.0,1590034.61,1145.13,0.0,0.0,0.0,165139.76,0.0,0.0,14199.40,539958.04,2054743.71,0.00,1394057.91,773587.60
CZ12/MBT&0&rDXHP&New&HV_AirDist__SupFanMtr/NE-HVAC-FanBelt-SynchVBelt-Msr/instance-out.sql,6956274.4,2069697.13,538510.73,438466.02,0.0,2167645.51,0.0,1575670.11,1145.12,0.0,0.0,0.0,165139.77,0.0,0.0,14718.63,538510.73,2054978.50,0.00,1394057.91,773587.60
CZ12/MLI&0&rDXHP&New&HV_AirDist__SupFanMtr/NE-HVAC-FanBelt-VBelt-Std/instance-out.sql,1263448.73,9611.01,149547.2,153603.74,0.0,239893.0,0.0,664543.35,3.37,0.0,0.0,0.0,46247.06,0.0,0.0,9611.01,149547.20,0.00,0.00,239893.00,0.00
CZ12/MLI&0&rDXHP&New&HV_AirDist__SupFanMtr/NE-HVAC-FanBelt-CoggedVBelt-Msr/instance-out.sql,1249558.98,10021.0,148277.71,153603.74,0.0,239893.0,0.0,651513.09,3.37,0.0,0.0,0.0,46247.06,0.0,0.0,10021.00,148277.71,0.00,0.00,239893.00,0.00
CZ12/MLI&0&rDXHP&New&HV_AirDist__SupFanMtr/NE-HVAC-FanBelt-SynchVBelt-Msr/instance-out.sql,1229745.78,10628.99,146471.19,153603.74,0.0,239893.0,0.0,632898.43,3.37,0.0,0.0,0.0,46247.06,0.0,0.0,10628.99,146471.19,0.00,0.00,239893.00,0.00
CZ12/Mtl&0&rDXHP&New&HV_AirDist__SupFanMtr/NE-HVAC-FanBelt-VBelt-Std/instance-out.sql,218647.79,4533.11,41375.6,34352.14,0.0,22443.33,0.0,108259.05,3.36,0.0,0.0,0.0,7681.19,0.0,0.0,3830.23,41375.60,702.88,0.00,22191.36,251.97
CZ12/Mtl&0&rDXHP&New&HV_AirDist__SupFanMtr/NE-HVAC-FanBelt-CoggedVBelt-Msr/instance-out.sql,216417.15,4632.95,41147.77,34352.14,0.0,22443.33,0.0,106156.39,3.36,0.0,0.0,0.0,7681.19,0.0,0.0,3927.78,41147.77,705.17,0.00,22191.36,251.97
CZ12/Mtl&0&rDXHP&New&HV_AirDist__SupFanMtr/NE-HVAC-FanBelt-SynchVBelt-Msr/instance-out.sql,213231.61,4779.91,40823.86,34352.14,0.0,22443.33,0.0,103147.82,3.36,0.0,0.0,0.0,7681.19,0.0,0.0,4070.86,40823.86,709.05,0.00,22191.36,251.97
CZ12/Nrs&0&rDXHP&New&HV_AirDist__SupFanMtr/NE-HVAC-FanBelt-VBelt-Std/instance-out.sql,985899.6,69945.96,123346.12,103109.51,0.0,347425.87,0.0,231761.52,85.97,0.0,0.0,0.0,110224.66,0.0,0.0,4450.28,123346.12,65495.68,0.00,281574.59,65851.28
CZ12/Nrs&0&rDXHP&New&HV_AirDist__SupFanMtr/NE-HVAC-FanBelt-CoggedVBelt-Msr/instance-out.sql,982581.77,70083.03,123022.8,103109.51,0.0,347425.87,0.0,228553.45,86.1,0.0,0.0,0.0,110301.01,0.0,0.0,4537.64,123022.80,65545.39,0.00,281574.59,65851.28
CZ12/Nrs&0&rDXHP&New&HV_AirDist__SupFanMtr/NE-HVAC-FanBelt-SynchVBelt-Msr/instance-out.sql,977766.69,70344.64,122561.58,103109.51,0.0,347425.87,0.0,223975.86,86.1,0.0,0.0,0.0,110263.14,0.0,0.0,4667.13,122561.58,65677.51,0.00,281574.59,65851.28
CZ12/OfL&0&rDXHP&New&HV_AirDist__SupFanMtr/NE-HVAC-FanBelt-VBelt-Std/instance-out.sql,2761341.95,66164.79000000001,401791.03,239041.7,0.0,829334.66,0.0,1106339.17,4973.86,0.0,0.0,0.0,113696.74,0.0,0.0,3607.32,401791.03,62557.47,0.00,829334.66,0.00
CZ12/OfL&0&rDXHP&New&HV_AirDist__SupFanMtr/NE-HVAC-FanBelt-CoggedVBelt-Msr/instance-out.sql,2738268.53,66322.06,399625.89,239041.7,0.0,829334.66,0.0,1085273.62,4973.86,0.0,0.0,0.0,113696.74,0.0,0.0,3762.27,399625.89,62559.79,0.00,829334.66,0.00
CZ12/OfL&0&rDXHP&New&HV_AirDist__SupFanMtr/NE-HVAC-FanBelt-SynchVBelt-Msr/instance-out.sql,2705362.77,66551.07,396547.8,239041.7,0.0,829334.66,0.0,1055216.93,4973.86,0.0,0.0,0.0,113696.74,0.0,0.0,3995.71,396547.80,62555.36,0.00,829334.66,0.00
CZ12/OfS&0&rDXHP&New&HV_AirDist__SupFanMtr/NE-HVAC-FanBelt-VBelt-Std/instance-out.sql,146266.15,1252.0,17055.3,12106.19,0.0,29387.4,0.0,65295.11,1.13,0.0,0.0,0.0,21169.01,0.0,0.0,1252.00,17055.30,0.00,0.00,29387.40,0.00
CZ12/OfS&0&rDXHP&New&HV_AirDist__SupFanMtr/NE-HVAC-FanBelt-CoggedVBelt-Msr/instance-out.sql,144896.17,1289.52,16926.92,12106.19,0.0,29387.4,0.0,64015.99,1.13,0.0,0.0,0.0,21169.01,0.0,0.0,1289.52,16926.92,0.00,0.00,29387.40,0.00
CZ12/OfS&0&rDXHP&New&HV_AirDist__SupFanMtr/NE-HVAC-FanBelt-SynchVBelt-Msr/instance-out.sql,142943.49,1345.72,16743.98,12106.19,0.0,29387.4,0.0,62190.05,1.13,0.0,0.0,0.0,21169.01,0.0,0.0,1345.72,16743.98,0.00,0.00,29387.40,0.00
CZ12/RFF&0&rDXHP&New&HV_AirDist__SupFanMtr/NE-HVAC-FanBelt-VBelt-Std/instance-out.sql,111347.34,927.35,12667.46,6626.33,0.0,37903.17,0.0,28588.14,3.37,0.0,0.0,0.0,24631.51,0.0,0.0,927.35,12667.46,0.00,0.00,18423.46,19479.71
CZ12/RFF&0&rDXHP&New&HV_AirDist__SupFanMtr/NE-HVAC-FanBelt-CoggedVBelt-Msr/instance-out.sql,110964.69,948.86,12630.84,6626.33,0.0,37903.17,0.0,28220.59,3.37,0.0,0.0,0.0,24631.51,0.0,0.0,948.86,12630.84,0.00,0.00,18423.46,19479.71
CZ12/RFF&0&rDXHP&New&HV_AirDist__SupFanMtr/NE-HVAC-FanBelt-SynchVBelt-Msr/instance-out.sql,110418.61,980.04,12578.66,6626.33,0.0,37903.17,0.0,27695.52,3.37,0.0,0.0,0.0,24631.51,0.0,0.0,980.04,12578.66,0.00,0.00,18423.46,19479.71
CZ12/RSD&0&rDXHP&New&HV_AirDist__SupFanMtr/NE-HVAC-FanBelt-VBelt-Std/instance-out.sql,308671.11,69406.27,38797.48,16225.45,0.0,76546.73,0.0,45119.0,59.21,0.0,0.0,0.0,62516.97,0.0,0.0,606.83,38797.48,68799.44,0.00,37475.60,39071.13
CZ12/RSD&0&rDXHP&New&HV_AirDist__SupFanMtr/NE-HVAC-FanBelt-CoggedVBelt-Msr/instance-out.sql,308460.80000000005,69420.98000000001,38776.58,16225.45,0.0,76546.73,0.0,44914.88,59.21,0.0,0.0,0.0,62516.97,0.0,0.0,618.66,38776.58,68802.32,0.00,37475.60,39071.13
CZ12/RSD&0&rDXHP&New&HV_AirDist__SupFanMtr/NE-HVAC-FanBelt-SynchVBelt-Msr/instance-out.sql,308160.08999999997,69441.61,38746.82,16225.45,0.0,76546.73,0.0,44623.31,59.22,0.0,0.0,0.0,62516.97,0.0,0.0,635.85,38746.82,68805.76,0.00,37475.60,39071.13
CZ12/Rt3&0&rDXHP&New&HV_AirDist__SupFanMtr/NE-HVAC-FanBelt-VBelt-Std/instance-out.sql,2141541.07,10556.13,272656.22,394371.6,0.0,436362.0,0.0,863917.99,3.38,0.0,0.0,0.0,163673.74,0.0,0.0,9374.57,272656.22,1181.56,0.00,436362.00,0.00
CZ12/Rt3&0&rDXHP&New&HV_AirDist__SupFanMtr/NE-HVAC-FanBelt-CoggedVBelt-Msr/instance-out.sql,2123413.89,10934.25,270767.66,394371.6,0.0,436362.0,0.0,847301.26,3.38,0.0,0.0,0.0,163673.74,0.0,0.0,9744.66,270767.66,1189.59,0.00,436362.00,0.00
CZ12/Rt3&0&rDXHP&New&HV_AirDist__SupFanMtr/NE-HVAC-FanBelt-SynchVBelt-Msr/instance-out.sql,2097576.89,11497.07,268073.12,394371.6,0.0,436362.0,0.0,823595.98,3.38,0.0,0.0,0.0,163673.74,0.0,0.0,10295.46,268073.12,1201.61,0.00,436362.00,0.00
CZ12/RtL&0&rDXHP&New&HV_AirDist__SupFanMtr/NE-HVAC-FanBelt-VBelt-Std/instance-out.sql,2172816.2399999998,6671.26,283867.36,395231.18,0.0,509200.67,0.0,857289.97,3.39,0.0,0.0,0.0,120552.4,0.0,0.0,6671.26,283867.36,0.00,0.00,468847.72,40352.95
CZ12/RtL&0&rDXHP&New&HV_AirDist__SupFanMtr/NE-HVAC-FanBelt-CoggedVBelt-Msr/instance-out.sql,2154793.12,6985.86,281976.5,395231.18,0.0,509200.67,0.0,840843.11,3.39,0.0,0.0,0.0,120552.41,0.0,0.0,6985.86,281976.50,0.00,0.00,468847.72,40352.95
CZ12/RtL&0&rDXHP&New&HV_AirDist__SupFanMtr/NE-HVAC-FanBelt-SynchVBelt-Msr/instance-out.sql,2129068.27,7453.47,279279.55,395231.18,0.0,509200.67,0.0,817347.6,3.39,0.0,0.0,0.0,120552.41,0.0,0.0,7453.47,279279.55,0.00,0.00,468847.72,40352.95
CZ12/RtS&0&rDXHP&New&HV_AirDist__SupFanMtr/NE-HVAC-FanBelt-VBelt-Std/instance-out.sql,133926.79,2065.39,17495.38,23251.32,0.0,24440.79,0.0,51507.76,3.36,0.0,0.0,0.0,15162.79,0.0,0.0,2065.39,17495.38,0.00,0.00,24440.79,0.00
CZ12/RtS&0&rDXHP&New&HV_AirDist__SupFanMtr/NE-HVAC-FanBelt-CoggedVBelt-Msr/instance-out.sql,132856.85,2118.71,17382.09,23251.32,0.0,24440.79,0.0,50497.8,3.36,0.0,0.0,0.0,15162.78,0.0,0.0,2118.71,17382.09,0.00,0.00,24440.79,0.00
CZ12/RtS&0&rDXHP&New&HV_AirDist__SupFanMtr/NE-HVAC-FanBelt-SynchVBelt-Msr/instance-out.sql,131330.53,2196.88,17220.39,23251.32,0.0,24440.79,0.0,49055.0,3.36,0.0,0.0,0.0,15162.78,0.0,0.0,2196.88,17220.39,0.00,0.00,24440.79,0.00
CZ12/SCn&0&rDXHP&New&HV_AirDist__SupFanMtr/NE-HVAC-FanBelt-VBelt-Std/instance-out.sql,3800525.4699999997,107101.92,531025.65,571539.04,0.0,449066.39,0.0,2061066.66,3.36,0.0,0.0,0.0,80722.46,0.0,0.0,107101.92,531025.65,0.00,0.00,449066.39,0.00
CZ12/SCn&0&rDXHP&New&HV_AirDist__SupFanMtr/NE-HVAC-FanBelt-CoggedVBelt-Msr/instance-out.sql,3758706.98,109944.95,526717.97,571539.04,0.0,449066.39,0.0,2020712.82,3.36,0.0,0.0,0.0,80722.46,0.0,0.0,109944.95,526717.97,0.00,0.00,449066.39,0.00
CZ12/SCn&0&rDXHP&New&HV_AirDist__SupFanMtr/NE-HVAC-FanBelt-SynchVBelt-Msr/instance-out.sql,3699011.13,114110.3,520591.43,571539.04,0.0,449066.39,0.0,1962978.17,3.36,0.0,0.0,0.0,80722.46,0.0,0.0,114110.30,520591.43,0.00,0.00,449066.39,0.00
CZ13/Asm&0&rDXHP&New&HV_AirDist__SupFanMtr/NE-HVAC-FanBelt-VBelt-Std/instance-out.sql,877347.09,31992.31,219790.73,76844.55,0.0,145823.51,0.0,382061.48,3.36,0.0,0.0,0.0,20831.15,0.0,0.0,31992.31,219790.73,0.00,0.00,145823.51,0.00
CZ13/Asm&0&rDXHP&New&HV_AirDist__SupFanMtr/NE-HVAC-FanBelt-CoggedVBelt-Msr/instance-out.sql,869265.6900000001,32448.43,218744.62,76844.55,0.0,145823.51,0.0,374570.08,3.36,0.0,0.0,0.0,20831.15,0.0,0.0,32448.43,218744.62,0.00,0.00,145823.51,0.00
CZ13/Asm&0&rDXHP&New&HV_AirDist__SupFanMtr/NE-HVAC-FanBelt-SynchVBelt-Msr/instance-out.sql,857728.14,33106.63,217250.87,76844.55,0.0,145823.51,0.0,363868.07,3.36,0.0,0.0,0.0,20831.15,0.0,0.0,33106.63,217250.87,0.00,0.00,145823.51,0.00
CZ13/ECC&0&rDXHP&New&HV_AirDist__SupFanMtr/NE-HVAC-FanBelt-VBelt-Std/instance-out.sql,2986123.7600000002,9365.74,460872.78,167224.54,0.0,1013813.91,0.0,935858.03,1716.46,0.0,0.0,0.0,397272.29,0.0,0.0,9236.06,460872.78,129.68,0.00,945189.93,68623.98
CZ13/ECC&0&rDXHP&New&HV_AirDist__SupFanMtr/NE-HVAC-FanBelt-CoggedVBelt-Msr/instance-out.sql,2968217.52,9659.67,458486.57,167224.54,0.0,1013813.91,0.0,920044.5,1716.35,0.0,0.0,0.0,397271.98,0.0,0.0,9529.72,458486.57,129.95,0.00,945189.93,68623.98
CZ13/ECC&0&rDXHP&New&HV_AirDist__SupFanMtr/NE-HVAC-FanBelt-SynchVBelt-Msr/instance-out.sql,2942594.02,10089.539999999999,455075.07,167224.54,0.0,1013813.91,0.0,897404.42,1716.0,0.0,0.0,0.0,397270.52,0.0,0.0,9959.22,455075.07,130.32,0.00,945189.93,68623.98
CZ13/EPr&0&rDXHP&New&HV_AirDist__SupFanMtr/NE-HVAC-FanBelt-VBelt-Std/instance-out.sql,442436.68,4112.47,73859.2,30835.78,0.0,125897.03,0.0,131340.0,3.37,0.0,0.0,0.0,76388.82,0.0,0.0,4112.47,73859.20,0.00,0.00,83226.75,42670.28
CZ13/EPr&0&rDXHP&New&HV_AirDist__SupFanMtr/NE-HVAC-FanBelt-CoggedVBelt-Msr/instance-out.sql,440036.46,4196.6,73534.57,30835.78,0.0,125897.03,0.0,129180.31,3.37,0.0,0.0,0.0,76388.8,0.0,0.0,4196.60,73534.57,0.00,0.00,83226.75,42670.28
CZ13/EPr&0&rDXHP&New&HV_AirDist__SupFanMtr/NE-HVAC-FanBelt-SynchVBelt-Msr/instance-out.sql,436617.51,4318.03,73071.43,30835.78,0.0,125897.03,0.0,126103.07,3.37,0.0,0.0,0.0,76388.8,0.0,0.0,4318.03,73071.43,0.00,0.00,83226.75,42670.28
CZ13/ERC&0&rDXHP&New&HV_AirDist__SupFanMtr/NE-HVAC-FanBelt-VBelt-Std/instance-out.sql,22128.5,247.71,2873.36,1016.35,0.0,2196.82,0.0,6841.35,3.36,0.0,0.0,0.0,8949.56,0.0,0.0,247.71,2873.36,0.00,0.00,2196.82,0.00
CZ13/ERC&0&rDXHP&New&HV_AirDist__SupFanMtr/NE-HVAC-FanBelt-CoggedVBelt-Msr/instance-out.sql,21987.61,253.34,2854.45,1016.35,0.0,2196.82,0.0,6713.74,3.36,0.0,0.0,0.0,8949.56,0.0,0.0,253.34,2854.45,0.00,0.00,2196.82,0.00
CZ13/ERC&0&rDXHP&New&HV_AirDist__SupFanMtr/NE-HVAC-FanBelt-SynchVBelt-Msr/instance-out.sql,21786.54,261.54,2827.47,1016.35,0.0,2196.82,0.0,6531.44,3.36,0.0,0.0,0.0,8949.56,0.0,0.0,261.54,2827.47,0.00,0.00,2196.82,0.00
CZ13/ESe&0&rDXHP&New&HV_AirDist__SupFanMtr/NE-HVAC-FanBelt-VBelt-Std/instance-out.sql,1253087.57,67325.73999999999,202073.35,94750.45,0.0,323176.74,0.0,356855.11,3.39,0.0,0.0,0.0,208902.79,0.0,0.0,2027.36,202073.35,65298.38,0.00,259085.82,64090.92
CZ13/ESe&0&rDXHP&New&HV_AirDist__SupFanMtr/NE-HVAC-FanBelt-CoggedVBelt-Msr/instance-out.sql,1250215.8900000001,67394.77,201687.44,94750.45,0.0,323176.74,0.0,354300.31,3.39,0.0,0.0,0.0,208902.79,0.0,0.0,2086.76,201687.44,65308.01,0.00,259085.82,64090.92
CZ13/ESe&0&rDXHP&New&HV_AirDist__SupFanMtr/NE-HVAC-FanBelt-SynchVBelt-Msr/instance-out.sql,1246158.52,67495.17,201137.39,94750.45,0.0,323176.74,0.0,350692.58,3.39,0.0,0.0,0.0,208902.79,0.0,0.0,2173.96,201137.39,65321.21,0.00,259085.82,64090.92
CZ13/EUn&0&rDXHP&New&HV_AirDist__SupFanMtr/NE-HVAC-FanBelt-VBelt-Std/instance-out.sql,9377892.75,22818.62,1324332.05,644388.1,0.0,3682881.23,0.0,3030078.38,3.37,0.0,0.0,0.0,673391.0,0.0,0.0,22608.32,1324332.05,210.30,0.00,3555459.15,127422.08
CZ13/EUn&0&rDXHP&New&HV_AirDist__SupFanMtr/NE-HVAC-FanBelt-CoggedVBelt-Msr/instance-out.sql,9323650.27,23613.7,1317860.66,644388.1,0.0,3682881.23,0.0,2981512.31,3.37,0.0,0.0,0.0,673390.9,0.0,0.0,23401.72,1317860.66,211.98,0.00,3555459.15,127422.08
CZ13/EUn&0&rDXHP&New&HV_AirDist__SupFanMtr/NE-HVAC-FanBelt-SynchVBelt-Msr/instance-out.sql,9246258.64,24792.210000000003,1308643.81,644388.1,0.0,3682881.23,0.0,2912158.93,3.37,0.0,0.0,0.0,673390.99,0.0,0.0,24577.88,1308643.81,214.33,0.00,3555459.15,127422.08
CZ13/Hsp&0&rDXHP&New&HV_AirDist__SupFanMtr/NE-HVAC-FanBelt-VBelt-Std/instance-out.sql,5136933.45,701011.03,1441613.64,625795.42,0.0,1182847.3,0.0,878961.32,71182.74,0.0,0.0,0.0,235522.0,0.0,0.0,2492.16,1441613.64,698518.87,0.00,1139112.10,43735.20
CZ13/Hsp&0&rDXHP&New&HV_AirDist__SupFanMtr/NE-HVAC-FanBelt-CoggedVBelt-Msr/instance-out.sql,5125996.63,701098.0399999999,1440408.86,625795.42,0.0,1182847.3,0.0,869140.62,71188.55,0.0,0.0,0.0,235517.85,0.0,0.0,2576.19,1440408.86,698521.85,0.00,1139112.10,43735.20
CZ13/Hsp&0&rDXHP&New&HV_AirDist__SupFanMtr/NE-HVAC-FanBelt-SynchVBelt-Msr/instance-out.sql,5110493.21,701370.67,1438626.42,625795.42,0.0,1182847.3,0.0,855134.03,71199.92,0.0,0.0,0.0,235519.46,0.0,0.0,2699.80,1438626.42,698670.87,0.00,1139112.10,43735.20
CZ13/MBT&0&rDXHP&New&HV_AirDist__SupFanMtr/NE-HVAC-FanBelt-VBelt-Std/instance-out.sql,6987632.36,1726430.95,831408.98,438466.02,0.0,2167645.51,0.0,1666081.59,1206.21,0.0,0.0,0.0,156393.09,0.0,0.0,10288.81,831408.98,1716142.14,0.00,1394057.91,773587.60
CZ13/MBT&0&rDXHP&New&HV_AirDist__SupFanMtr/NE-HVAC-FanBelt-CoggedVBelt-Msr/instance-out.sql,6976073.13,1726873.61,830053.92,438466.02,0.0,2167645.51,0.0,1655434.77,1206.21,0.0,0.0,0.0,156393.09,0.0,0.0,10582.09,830053.92,1716291.52,0.00,1394057.91,773587.60
CZ13/MBT&0&rDXHP&New&HV_AirDist__SupFanMtr/NE-HVAC-FanBelt-SynchVBelt-Msr/instance-out.sql,6959578.33,1727521.38,828120.71,438466.02,0.0,2167645.51,0.0,1640225.39,1206.21,0.0,0.0,0.0,156393.09,0.0,0.0,11014.64,828120.71,1716506.74,0.00,1394057.91,773587.60
CZ13/MLI&0&rDXHP&New&HV_AirDist__SupFanMtr/NE-HVAC-FanBelt-VBelt-Std/instance-out.sql,1341103.54,6762.45,210844.92,153603.74,0.0,239893.0,0.0,685986.87,3.37,0.0,0.0,0.0,44009.19,0.0,0.0,6762.45,210844.92,0.00,0.00,239893.00,0.00
CZ13/MLI&0&rDXHP&New&HV_AirDist__SupFanMtr/NE-HVAC-FanBelt-CoggedVBelt-Msr/instance-out.sql,1326352.6099999999,7087.31,209219.84,153603.74,0.0,239893.0,0.0,672536.15,3.37,0.0,0.0,0.0,44009.19,0.0,0.0,7087.31,209219.84,0.00,0.00,239893.00,0.00
CZ13/MLI&0&rDXHP&New&HV_AirDist__SupFanMtr/NE-HVAC-FanBelt-SynchVBelt-Msr/instance-out.sql,1305305.0799999998,7572.71,206902.24,153603.74,0.0,239893.0,0.0,653320.83,3.37,0.0,0.0,0.0,44009.19,0.0,0.0,7572.71,206902.24,0.00,0.00,239893.00,0.00
CZ13/Mtl&0&rDXHP&New&HV_AirDist__SupFanMtr/NE-HVAC-FanBelt-VBelt-Std/instance-out.sql,238727.22,3306.69,57556.48,34352.14,0.0,22443.33,0.0,113449.83,3.36,0.0,0.0,0.0,7615.37,0.0,0.0,2863.86,57556.48,442.83,0.00,22191.36,251.97
CZ13/Mtl&0&rDXHP&New&HV_AirDist__SupFanMtr/NE-HVAC-FanBelt-CoggedVBelt-Msr/instance-out.sql,236319.47,3392.9300000000003,57261.53,34352.14,0.0,22443.33,0.0,111250.8,3.36,0.0,0.0,0.0,7615.37,0.0,0.0,2948.11,57261.53,444.82,0.00,22191.36,251.97
CZ13/Mtl&0&rDXHP&New&HV_AirDist__SupFanMtr/NE-HVAC-FanBelt-SynchVBelt-Msr/instance-out.sql,232884.07,3518.86,56841.02,34352.14,0.0,22443.33,0.0,108109.99,3.36,0.0,0.0,0.0,7615.37,0.0,0.0,3071.50,56841.02,447.36,0.00,22191.36,251.97
CZ13/Nrs&0&rDXHP&New&HV_AirDist__SupFanMtr/NE-HVAC-FanBelt-VBelt-Std/instance-out.sql,1039364.4099999999,70781.56999999999,163954.3,103109.51,0.0,347425.87,0.0,249901.72,120.79,0.0,0.0,0.0,104070.66,0.0,0.0,3339.79,163954.30,67441.78,0.00,281574.59,65851.28
CZ13/Nrs&0&rDXHP&New&HV_AirDist__SupFanMtr/NE-HVAC-FanBelt-CoggedVBelt-Msr/instance-out.sql,1035725.03,70903.51,163529.95,103109.51,0.0,347425.87,0.0,246526.3,120.81,0.0,0.0,0.0,104109.09,0.0,0.0,3412.73,163529.95,67490.78,0.00,281574.59,65851.28
CZ13/Nrs&0&rDXHP&New&HV_AirDist__SupFanMtr/NE-HVAC-FanBelt-SynchVBelt-Msr/instance-out.sql,1030536.79,71130.53,162924.91,103109.51,0.0,347425.87,0.0,241709.71,120.8,0.0,0.0,0.0,104115.46,0.0,0.0,3520.12,162924.91,67610.41,0.00,281574.59,65851.28
CZ13/OfL&0&rDXHP&New&HV_AirDist__SupFanMtr/NE-HVAC-FanBelt-VBelt-Std/instance-out.sql,2919719.6300000004,68744.23,525073.17,239041.7,0.0,829334.66,0.0,1144171.02,5597.18,0.0,0.0,0.0,107757.66,0.0,0.0,1893.25,525073.17,66850.98,0.00,829334.66,0.00
CZ13/OfL&0&rDXHP&New&HV_AirDist__SupFanMtr/NE-HVAC-FanBelt-CoggedVBelt-Msr/instance-out.sql,2895264.5,68845.74,522254.21,239041.7,0.0,829334.66,0.0,1122433.34,5597.19,0.0,0.0,0.0,107757.66,0.0,0.0,1996.75,522254.21,66848.99,0.00,829334.66,0.00
CZ13/OfL&0&rDXHP&New&HV_AirDist__SupFanMtr/NE-HVAC-FanBelt-SynchVBelt-Msr/instance-out.sql,2860388.17,69021.99,518236.17,239041.7,0.0,829334.66,0.0,1091399.84,5596.14,0.0,0.0,0.0,107757.66,0.0,0.0,2158.99,518236.17,66863.00,0.00,829334.66,0.00
CZ13/OfS&0&rDXHP&New&HV_AirDist__SupFanMtr/NE-HVAC-FanBelt-VBelt-Std/instance-out.sql,156960.72999999998,856.91,24733.73,12106.19,0.0,29387.4,0.0,69639.49,1.13,0.0,0.0,0.0,20235.87,0.0,0.0,856.91,24733.73,0.00,0.00,29387.40,0.00
CZ13/OfS&0&rDXHP&New&HV_AirDist__SupFanMtr/NE-HVAC-FanBelt-CoggedVBelt-Msr/instance-out.sql,155454.63999999998,887.84,24559.03,12106.19,0.0,29387.4,0.0,68277.18,1.13,0.0,0.0,0.0,20235.87,0.0,0.0,887.84,24559.03,0.00,0.00,29387.40,0.00
CZ13/OfS&0&rDXHP&New&HV_AirDist__SupFanMtr/NE-HVAC-FanBelt-SynchVBelt-Msr/instance-out.sql,153303.47,933.9,24310.0,12106.19,0.0,29387.4,0.0,66328.98,1.13,0.0,0.0,0.0,20235.87,0.0,0.0,933.90,24310.00,0.00,0.00,29387.40,0.00
CZ13/RFF&0&rDXHP&New&HV_AirDist__SupFanMtr/NE-HVAC-FanBelt-VBelt-Std/instance-out.sql,115681.56,641.72,16823.18,6626.33,0.0,37903.17,0.0,30085.7,3.37,0.0,0.0,0.0,23598.07,0.0,0.0,641.72,16823.18,0.00,0.00,18423.46,19479.71
CZ13/RFF&0&rDXHP&New&HV_AirDist__SupFanMtr/NE-HVAC-FanBelt-CoggedVBelt-Msr/instance-out.sql,115262.11000000002,660.08,16773.18,6626.33,0.0,37903.17,0.0,29697.89,3.37,0.0,0.0,0.0,23598.08,0.0,0.0,660.08,16773.18,0.00,0.00,18423.46,19479.71
CZ13/RFF&0&rDXHP&New&HV_AirDist__SupFanMtr/NE-HVAC-FanBelt-SynchVBelt-Msr/instance-out.sql,114663.73000000001,686.96,16701.93,6626.33,0.0,37903.17,0.0,29143.88,3.37,0.0,0.0,0.0,23598.08,0.0,0.0,686.96,16701.93,0.00,0.00,18423.46,19479.71
CZ13/RSD&0&rDXHP&New&HV_AirDist__SupFanMtr/NE-HVAC-FanBelt-VBelt-Std/instance-out.sql,339198.94999999995,84279.04,51548.12,16225.45,0.0,76546.73,0.0,51114.42,84.63,0.0,0.0,0.0,59400.58,0.0,0.0,467.62,51548.12,83811.42,0.00,37475.60,39071.13
CZ13/RSD&0&rDXHP&New&HV_AirDist__SupFanMtr/NE-HVAC-FanBelt-CoggedVBelt-Msr/instance-out.sql,338965.16000000003,84291.70999999999,51519.28,16225.45,0.0,76546.73,0.0,50896.79,84.63,0.0,0.0,0.0,59400.58,0.0,0.0,478.17,51519.28,83813.54,0.00,37475.60,39071.13
CZ13/RSD&0&rDXHP&New&HV_AirDist__SupFanMtr/NE-HVAC-FanBelt-SynchVBelt-Msr/instance-out.sql,338635.23,84312.34000000001,51478.77,16225.45,0.0,76546.73,0.0,50586.73,84.63,0.0,0.0,0.0,59400.58,0.0,0.0,493.52,51478.77,83818.82,0.00,37475.60,39071.13
CZ13/Rt3&0&rDXHP&New&HV_AirDist__SupFanMtr/NE-HVAC-FanBelt-VBelt-Std/instance-out.sql,2237821.41,5566.78,360758.52,394371.6,0.0,436362.0,0.0,885722.73,3.38,0.0,0.0,0.0,155036.39,0.0,0.0,4989.37,360758.52,577.41,0.00,436362.00,0.00
CZ13/Rt3&0&rDXHP&New&HV_AirDist__SupFanMtr/NE-HVAC-FanBelt-CoggedVBelt-Msr/instance-out.sql,2218758.28,5837.51,358465.57,394371.6,0.0,436362.0,0.0,868681.82,3.38,0.0,0.0,0.0,155036.39,0.0,0.0,5254.58,358465.57,582.93,0.00,436362.00,0.00
CZ13/Rt3&0&rDXHP&New&HV_AirDist__SupFanMtr/NE-HVAC-FanBelt-SynchVBelt-Msr/instance-out.sql,2191561.78,6247.04,355194.71,394371.6,0.0,436362.0,0.0,844346.64,3.38,0.0,0.0,0.0,155036.39,0.0,0.0,5655.84,355194.71,591.20,0.00,436362.00,0.00
CZ13/RtL&0&rDXHP&New&HV_AirDist__SupFanMtr/NE-HVAC-FanBelt-VBelt-Std/instance-out.sql,2308189.34,4173.4,376687.29,395231.18,0.0,509200.67,0.0,908627.64,3.39,0.0,0.0,0.0,114265.78,0.0,0.0,4173.40,376687.29,0.00,0.00,468847.72,40352.95
CZ13/RtL&0&rDXHP&New&HV_AirDist__SupFanMtr/NE-HVAC-FanBelt-CoggedVBelt-Msr/instance-out.sql,2288652.65,4421.24,374333.12,395231.18,0.0,509200.67,0.0,891197.26,3.39,0.0,0.0,0.0,114265.78,0.0,0.0,4421.24,374333.12,0.00,0.00,468847.72,40352.95
CZ13/RtL&0&rDXHP&New&HV_AirDist__SupFanMtr/NE-HVAC-FanBelt-SynchVBelt-Msr/instance-out.sql,2260766.12,4792.49,370975.88,395231.18,0.0,509200.67,0.0,866296.73,3.39,0.0,0.0,0.0,114265.78,0.0,0.0,4792.49,370975.88,0.00,0.00,468847.72,40352.95
CZ13/RtS&0&rDXHP&New&HV_AirDist__SupFanMtr/NE-HVAC-FanBelt-VBelt-Std/instance-out.sql,141004.31,1495.99,24012.67,23251.32,0.0,24440.79,0.0,53137.13,3.36,0.0,0.0,0.0,14663.04,0.0,0.0,1495.99,24012.67,0.00,0.00,24440.79,0.00
CZ13/RtS&0&rDXHP&New&HV_AirDist__SupFanMtr/NE-HVAC-FanBelt-CoggedVBelt-Msr/instance-out.sql,139867.66,1540.84,23873.08,23251.32,0.0,24440.79,0.0,52095.23,3.36,0.0,0.0,0.0,14663.04,0.0,0.0,1540.84,23873.08,0.00,0.00,24440.79,0.00
CZ13/RtS&0&rDXHP&New&HV_AirDist__SupFanMtr/NE-HVAC-FanBelt-SynchVBelt-Msr/instance-out.sql,138245.84,1606.56,23673.97,23251.32,0.0,24440.79,0.0,50606.79,3.36,0.0,0.0,0.0,14663.04,0.0,0.0,1606.56,23673.97,0.00,0.00,24440.79,0.00
CZ13/SCn&0&rDXHP&New&HV_AirDist__SupFanMtr/NE-HVAC-FanBelt-VBelt-Std/instance-out.sql,4316982.09,74870.0,798930.82,571539.04,0.0,449066.39,0.0,2345978.09,3.36,0.0,0.0,0.0,76594.39,0.0,0.0,74870.00,798930.82,0.00,0.00,449066.39,0.00
CZ13/SCn&0&rDXHP&New&HV_AirDist__SupFanMtr/NE-HVAC-FanBelt-CoggedVBelt-Msr/instance-out.sql,4267822.51,77613.3,792960.06,571539.04,0.0,449066.39,0.0,2300045.98,3.36,0.0,0.0,0.0,76594.39,0.0,0.0,77613.30,792960.06,0.00,0.00,449066.39,0.00
CZ13/SCn&0&rDXHP&New&HV_AirDist__SupFanMtr/NE-HVAC-FanBelt-SynchVBelt-Msr/instance-out.sql,4197643.81,81618.87,784458.62,571539.04,0.0,449066.39,0.0,2234363.14,3.36,0.0,0.0,0.0,76594.39,0.0,0.0,81618.87,784458.62,0.00,0.00,449066.39,0.00
CZ14/Asm&0&rDXHP&New&HV_AirDist__SupFanMtr/NE-HVAC-FanBelt-VBelt-Std/instance-out.sql,963229.97,19366.18,290227.68,76844.55,0.0,145823.51,0.0,410871.67,3.36,0.0,0.0,0.0,20093.02,0.0,0.0,19366.18,290227.68,0.00,0.00,145823.51,0.00
CZ14/Asm&0&rDXHP&New&HV_AirDist__SupFanMtr/NE-HVAC-FanBelt-CoggedVBelt-Msr/instance-out.sql,954193.68,19702.16,288911.71,76844.55,0.0,145823.51,0.0,402815.36,3.36,0.0,0.0,0.0,20093.02,0.0,0.0,19702.16,288911.71,0.00,0.00,145823.51,0.00
CZ14/Asm&0&rDXHP&New&HV_AirDist__SupFanMtr/NE-HVAC-FanBelt-SynchVBelt-Msr/instance-out.sql,941294.39,20187.94,287035.66,76844.55,0.0,145823.51,0.0,391306.35,3.36,0.0,0.0,0.0,20093.01,0.0,0.0,20187.94,287035.66,0.00,0.00,145823.51,0.00
CZ14/ECC&0&rDXHP&New&HV_AirDist__SupFanMtr/NE-HVAC-FanBelt-VBelt-Std/instance-out.sql,3194295.35,4889.14,612392.7,167224.54,0.0,1013813.91,0.0,1017618.71,1854.68,0.0,0.0,0.0,376501.66,0.0,0.0,4814.35,612392.70,74.79,0.00,945189.93,68623.98
CZ14/ECC&0&rDXHP&New&HV_AirDist__SupFanMtr/NE-HVAC-FanBelt-CoggedVBelt-Msr/instance-out.sql,3174070.58,5051.49,609288.15,167224.54,0.0,1013813.91,0.0,1000337.33,1854.41,0.0,0.0,0.0,376500.75,0.0,0.0,4976.59,609288.15,74.90,0.00,945189.93,68623.98
CZ14/ECC&0&rDXHP&New&HV_AirDist__SupFanMtr/NE-HVAC-FanBelt-SynchVBelt-Msr/instance-out.sql,3145167.64,5292.07,604857.05,167224.54,0.0,1013813.91,0.0,975625.44,1854.02,0.0,0.0,0.0,376500.6,0.0,0.0,5217.04,604857.05,75.03,0.00,945189.93,68623.98
CZ14/EPr&0&rDXHP&New&HV_AirDist__SupFanMtr/NE-HVAC-FanBelt-VBelt-Std/instance-out.sql,472860.71,2313.74,97837.55,30835.78,0.0,125897.03,0.0,143348.32,3.37,0.0,0.0,0.0,72624.91,0.0,0.0,2313.74,97837.55,0.00,0.00,83226.75,42670.28
CZ14/EPr&0&rDXHP&New&HV_AirDist__SupFanMtr/NE-HVAC-FanBelt-CoggedVBelt-Msr/instance-out.sql,470122.96,2368.8,97413.04,30835.78,0.0,125897.03,0.0,140980.02,3.37,0.0,0.0,0.0,72624.91,0.0,0.0,2368.80,97413.04,0.00,0.00,83226.75,42670.28
CZ14/EPr&0&rDXHP&New&HV_AirDist__SupFanMtr/NE-HVAC-FanBelt-SynchVBelt-Msr/instance-out.sql,466215.67000000004,2449.43,96807.47,30835.78,0.0,125897.03,0.0,137597.67,3.37,0.0,0.0,0.0,72624.93,0.0,0.0,2449.43,96807.47,0.00,0.00,83226.75,42670.28
CZ14/ERC&0&rDXHP&New&HV_AirDist__SupFanMtr/NE-HVAC-FanBelt-VBelt-Std/instance-out.sql,24057.17,145.0,4098.45,1016.35,0.0,2196.82,0.0,7784.4,3.36,0.0,0.0,0.0,8812.8,0.0,0.0,145.00,4098.45,0.00,0.00,2196.82,0.00
CZ14/ERC&0&rDXHP&New&HV_AirDist__SupFanMtr/NE-HVAC-FanBelt-CoggedVBelt-Msr/instance-out.sql,23886.76,148.62,4071.9,1016.35,0.0,2196.82,0.0,7636.9,3.36,0.0,0.0,0.0,8812.8,0.0,0.0,148.62,4071.90,0.00,0.00,2196.82,0.00
CZ14/ERC&0&rDXHP&New&HV_AirDist__SupFanMtr/NE-HVAC-FanBelt-SynchVBelt-Msr/instance-out.sql,23641.71,154.04,4034.03,1016.35,0.0,2196.82,0.0,7424.31,3.36,0.0,0.0,0.0,8812.8,0.0,0.0,154.04,4034.03,0.00,0.00,2196.82,0.00
CZ14/ESe&0&rDXHP&New&HV_AirDist__SupFanMtr/NE-HVAC-FanBelt-VBelt-Std/instance-out.sql,1298617.8399999999,39754.31,267600.34,94750.45,0.0,323176.74,0.0,374790.51,3.39,0.0,0.0,0.0,198542.09,0.0,0.0,1104.57,267600.34,38649.74,0.00,259085.82,64090.92
CZ14/ESe&0&rDXHP&New&HV_AirDist__SupFanMtr/NE-HVAC-FanBelt-CoggedVBelt-Msr/instance-out.sql,1295374.74,39790.7,267093.39,94750.45,0.0,323176.74,0.0,372017.97,3.39,0.0,0.0,0.0,198542.09,0.0,0.0,1136.88,267093.39,38653.82,0.00,259085.82,64090.92
CZ14/ESe&0&rDXHP&New&HV_AirDist__SupFanMtr/NE-HVAC-FanBelt-SynchVBelt-Msr/instance-out.sql,1290729.96,39845.26,266368.19,94750.45,0.0,323176.74,0.0,368043.84,3.39,0.0,0.0,0.0,198542.09,0.0,0.0,1185.26,266368.19,38660.00,0.00,259085.82,64090.92
CZ14/EUn&0&rDXHP&New&HV_AirDist__SupFanMtr/NE-HVAC-FanBelt-VBelt-Std/instance-out.sql,9991473.850000001,15590.58,1754166.67,644388.1,0.0,3682881.23,0.0,3255495.13,3.37,0.0,0.0,0.0,638948.78,0.0,0.0,15442.30,1754166.67,148.28,0.00,3555459.15,127422.08
CZ14/EUn&0&rDXHP&New&HV_AirDist__SupFanMtr/NE-HVAC-FanBelt-CoggedVBelt-Msr/instance-out.sql,9931390.719999999,16162.15,1745797.53,644388.1,0.0,3682881.23,0.0,3203209.54,3.37,0.0,0.0,0.0,638948.8,0.0,0.0,16012.26,1745797.53,149.89,0.00,3555459.15,127422.08
CZ14/EUn&0&rDXHP&New&HV_AirDist__SupFanMtr/NE-HVAC-FanBelt-SynchVBelt-Msr/instance-out.sql,9845645.27,17006.5,1733861.02,644388.1,0.0,3682881.23,0.0,3128556.24,3.37,0.0,0.0,0.0,638948.81,0.0,0.0,16854.21,1733861.02,152.29,0.00,3555459.15,127422.08
CZ14/Hsp&0&rDXHP&New&HV_AirDist__SupFanMtr/NE-HVAC-FanBelt-VBelt-Std/instance-out.sql,5585176.43,795415.75,1705763.78,625795.42,0.0,1182847.3,0.0,979727.36,71769.47,0.0,0.0,0.0,223857.34,0.0,0.0,1606.74,1705763.78,793809.01,0.00,1139112.10,43735.20
CZ14/Hsp&0&rDXHP&New&HV_AirDist__SupFanMtr/NE-HVAC-FanBelt-CoggedVBelt-Msr/instance-out.sql,5573254.97,795484.19,1704201.52,625795.42,0.0,1182847.3,0.0,969287.78,71780.92,0.0,0.0,0.0,223857.85,0.0,0.0,1660.24,1704201.52,793823.95,0.00,1139112.10,43735.20
CZ14/Hsp&0&rDXHP&New&HV_AirDist__SupFanMtr/NE-HVAC-FanBelt-SynchVBelt-Msr/instance-out.sql,5556172.24,795683.75,1701840.84,625795.42,0.0,1182847.3,0.0,954374.84,71771.81,0.0,0.0,0.0,223858.27,0.0,0.0,1740.25,1701840.84,793943.50,0.00,1139112.10,43735.20
CZ14/MBT&0&rDXHP&New&HV_AirDist__SupFanMtr/NE-HVAC-FanBelt-VBelt-Std/instance-out.sql,7113880.59,1392486.33,1166078.11,438466.02,0.0,2167645.51,0.0,1799256.2,1213.0,0.0,0.0,0.0,148735.41,0.0,0.0,5918.34,1166078.11,1386567.99,0.00,1394057.91,773587.60
CZ14/MBT&0&rDXHP&New&HV_AirDist__SupFanMtr/NE-HVAC-FanBelt-CoggedVBelt-Msr/instance-out.sql,7100887.74,1392800.4700000002,1164328.06,438466.02,0.0,2167645.51,0.0,1787699.16,1213.0,0.0,0.0,0.0,148735.5,0.0,0.0,6122.60,1164328.06,1386677.87,0.00,1394057.91,773587.60
CZ14/MBT&0&rDXHP&New&HV_AirDist__SupFanMtr/NE-HVAC-FanBelt-SynchVBelt-Msr/instance-out.sql,7082343.42,1393264.08,1161830.33,438466.02,0.0,2167645.51,0.0,1771188.97,1213.0,0.0,0.0,0.0,148735.5,0.0,0.0,6425.32,1161830.33,1386838.76,0.00,1394057.91,773587.60
CZ14/MLI&0&rDXHP&New&HV_AirDist__SupFanMtr/NE-HVAC-FanBelt-VBelt-Std/instance-out.sql,1452531.59,3802.69,281440.18,153603.74,0.0,239893.0,0.0,731740.12,3.37,0.0,0.0,0.0,42048.48,0.0,0.0,3802.69,281440.18,0.00,0.00,239893.00,0.00
CZ14/MLI&0&rDXHP&New&HV_AirDist__SupFanMtr/NE-HVAC-FanBelt-CoggedVBelt-Msr/instance-out.sql,1436280.95,4024.38,279315.71,153603.74,0.0,239893.0,0.0,717392.27,3.37,0.0,0.0,0.0,42048.48,0.0,0.0,4024.38,279315.71,0.00,0.00,239893.00,0.00
CZ14/MLI&0&rDXHP&New&HV_AirDist__SupFanMtr/NE-HVAC-FanBelt-SynchVBelt-Msr/instance-out.sql,1413082.97,4355.67,276283.36,153603.74,0.0,239893.0,0.0,696895.35,3.37,0.0,0.0,0.0,42048.48,0.0,0.0,4355.67,276283.36,0.00,0.00,239893.00,0.00
CZ14/Mtl&0&rDXHP&New&HV_AirDist__SupFanMtr/NE-HVAC-FanBelt-VBelt-Std/instance-out.sql,265127.01,1773.78,75009.53,34352.14,0.0,22443.33,0.0,123987.45,3.36,0.0,0.0,0.0,7557.4,0.0,0.0,1621.54,75009.53,152.24,0.00,22191.36,251.97
CZ14/Mtl&0&rDXHP&New&HV_AirDist__SupFanMtr/NE-HVAC-FanBelt-CoggedVBelt-Msr/instance-out.sql,262387.94,1823.8400000000001,74621.22,34352.14,0.0,22443.33,0.0,121586.63,3.36,0.0,0.0,0.0,7557.4,0.0,0.0,1670.68,74621.22,153.16,0.00,22191.36,251.97
CZ14/Mtl&0&rDXHP&New&HV_AirDist__SupFanMtr/NE-HVAC-FanBelt-SynchVBelt-Msr/instance-out.sql,258478.94,1897.3899999999999,74067.18,34352.14,0.0,22443.33,0.0,118158.12,3.36,0.0,0.0,0.0,7557.4,0.0,0.0,1743.28,74067.18,154.11,0.00,22191.36,251.97
CZ14/Nrs&0&rDXHP&New&HV_AirDist__SupFanMtr/NE-HVAC-FanBelt-VBelt-Std/instance-out.sql,1122329.1600000001,82931.96,214162.45,103109.51,0.0,347425.87,0.0,277120.47,148.26,0.0,0.0,0.0,97430.65,0.0,0.0,2226.39,214162.45,80705.57,0.00,281574.59,65851.28
CZ14/Nrs&0&rDXHP&New&HV_AirDist__SupFanMtr/NE-HVAC-FanBelt-CoggedVBelt-Msr/instance-out.sql,1118188.04,83021.89,213604.08,103109.51,0.0,347425.87,0.0,273484.76,148.28,0.0,0.0,0.0,97393.65,0.0,0.0,2276.84,213604.08,80745.05,0.00,281574.59,65851.28
CZ14/Nrs&0&rDXHP&New&HV_AirDist__SupFanMtr/NE-HVAC-FanBelt-SynchVBelt-Msr/instance-out.sql,1112451.3900000001,83155.37,212825.55,103109.51,0.0,347425.87,0.0,268286.0,148.31,0.0,0.0,0.0,97500.77,0.0,0.0,2350.83,212825.55,80804.54,0.00,281574.59,65851.28
CZ14/OfL&0&rDXHP&New&HV_AirDist__SupFanMtr/NE-HVAC-FanBelt-VBelt-Std/instance-out.sql,3181923.1900000004,73858.11,684034.73,239041.7,0.0,829334.66,0.0,1246934.45,6164.57,0.0,0.0,0.0,102554.96,0.0,0.0,1340.11,684034.73,72518.00,0.00,829334.66,0.00
CZ14/OfL&0&rDXHP&New&HV_AirDist__SupFanMtr/NE-HVAC-FanBelt-CoggedVBelt-Msr/instance-out.sql,3154631.79,73928.12999999999,680315.77,239041.7,0.0,829334.66,0.0,1223292.0,6164.57,0.0,0.0,0.0,102554.96,0.0,0.0,1410.34,680315.77,72517.79,0.00,829334.66,0.00
CZ14/OfL&0&rDXHP&New&HV_AirDist__SupFanMtr/NE-HVAC-FanBelt-SynchVBelt-Msr/instance-out.sql,3115682.23,74031.2,675018.81,239041.7,0.0,829334.66,0.0,1189536.33,6164.56,0.0,0.0,0.0,102554.96,0.0,0.0,1514.39,675018.81,72516.81,0.00,829334.66,0.00
CZ14/OfS&0&rDXHP&New&HV_AirDist__SupFanMtr/NE-HVAC-FanBelt-VBelt-Std/instance-out.sql,172666.97,488.36,33893.39,12106.19,0.0,29387.4,0.0,77371.68,1.13,0.0,0.0,0.0,19418.81,0.0,0.0,488.36,33893.39,0.00,0.00,29387.40,0.00
CZ14/OfS&0&rDXHP&New&HV_AirDist__SupFanMtr/NE-HVAC-FanBelt-CoggedVBelt-Msr/instance-out.sql,170932.56,503.94,33657.88,12106.19,0.0,29387.4,0.0,75857.2,1.13,0.0,0.0,0.0,19418.81,0.0,0.0,503.94,33657.88,0.00,0.00,29387.40,0.00
CZ14/OfS&0&rDXHP&New&HV_AirDist__SupFanMtr/NE-HVAC-FanBelt-SynchVBelt-Msr/instance-out.sql,168452.96,527.99,33322.13,12106.19,0.0,29387.4,0.0,73689.29,1.13,0.0,0.0,0.0,19418.81,0.0,0.0,527.99,33322.13,0.00,0.00,29387.40,0.00
CZ14/RFF&0&rDXHP&New&HV_AirDist__SupFanMtr/NE-HVAC-FanBelt-VBelt-Std/instance-out.sql,121578.4,346.89,20954.6,6626.33,0.0,37903.17,0.0,33051.17,3.37,0.0,0.0,0.0,22692.85,0.0,0.0,346.89,20954.60,0.00,0.00,18423.46,19479.71
CZ14/RFF&0&rDXHP&New&HV_AirDist__SupFanMtr/NE-HVAC-FanBelt-CoggedVBelt-Msr/instance-out.sql,121096.31999999999,358.22,20890.18,6626.33,0.0,37903.17,0.0,32622.19,3.37,0.0,0.0,0.0,22692.85,0.0,0.0,358.22,20890.18,0.00,0.00,18423.46,19479.71
CZ14/RFF&0&rDXHP&New&HV_AirDist__SupFanMtr/NE-HVAC-FanBelt-SynchVBelt-Msr/instance-out.sql,120408.34999999999,374.87,20798.4,6626.33,0.0,37903.17,0.0,32009.35,3.37,0.0,0.0,0.0,22692.85,0.0,0.0,374.87,20798.40,0.00,0.00,18423.46,19479.71
CZ14/RSD&0&rDXHP&New&HV_AirDist__SupFanMtr/NE-HVAC-FanBelt-VBelt-Std/instance-out.sql,362843.83999999997,93565.97,62272.81,16225.45,0.0,76546.73,0.0,57460.9,101.35,0.0,0.0,0.0,56670.63,0.0,0.0,275.72,62272.81,93290.25,0.00,37475.60,39071.13
CZ14/RSD&0&rDXHP&New&HV_AirDist__SupFanMtr/NE-HVAC-FanBelt-CoggedVBelt-Msr/instance-out.sql,362575.94,93575.24,62235.82,16225.45,0.0,76546.73,0.0,57220.72,101.35,0.0,0.0,0.0,56670.63,0.0,0.0,283.19,62235.82,93292.05,0.00,37475.60,39071.13
CZ14/RSD&0&rDXHP&New&HV_AirDist__SupFanMtr/NE-HVAC-FanBelt-SynchVBelt-Msr/instance-out.sql,362187.98,93584.26000000001,62181.91,16225.45,0.0,76546.73,0.0,56877.64,101.36,0.0,0.0,0.0,56670.63,0.0,0.0,294.13,62181.91,93290.13,0.00,37475.60,39071.13
CZ14/Rt3&0&rDXHP&New&HV_AirDist__SupFanMtr/NE-HVAC-FanBelt-VBelt-Std/instance-out.sql,2394302.5900000003,2731.8199999999997,471306.92,394371.6,0.0,436362.0,0.0,942053.39,3.38,0.0,0.0,0.0,147473.48,0.0,0.0,2464.95,471306.92,266.87,0.00,436362.00,0.00
CZ14/Rt3&0&rDXHP&New&HV_AirDist__SupFanMtr/NE-HVAC-FanBelt-CoggedVBelt-Msr/instance-out.sql,2373411.5,2854.66,468389.25,394371.6,0.0,436362.0,0.0,923957.12,3.38,0.0,0.0,0.0,147473.48,0.0,0.0,2587.70,468389.25,266.96,0.00,436362.00,0.00
CZ14/Rt3&0&rDXHP&New&HV_AirDist__SupFanMtr/NE-HVAC-FanBelt-SynchVBelt-Msr/instance-out.sql,2343565.14,3046.19,464223.5,394371.6,0.0,436362.0,0.0,898084.99,3.38,0.0,0.0,0.0,147473.48,0.0,0.0,2778.02,464223.50,268.17,0.00,436362.00,0.00
CZ14/RtL&0&rDXHP&New&HV_AirDist__SupFanMtr/NE-HVAC-FanBelt-VBelt-Std/instance-out.sql,2484612.75,1968.5,489758.35,395231.18,0.0,509200.67,0.0,979692.15,3.39,0.0,0.0,0.0,108758.51,0.0,0.0,1968.50,489758.35,0.00,0.00,468847.72,40352.95
CZ14/RtL&0&rDXHP&New&HV_AirDist__SupFanMtr/NE-HVAC-FanBelt-CoggedVBelt-Msr/instance-out.sql,2462929.1100000003,2092.56,486740.69,395231.18,0.0,509200.67,0.0,960902.16,3.39,0.0,0.0,0.0,108758.46,0.0,0.0,2092.56,486740.69,0.00,0.00,468847.72,40352.95
CZ14/RtL&0&rDXHP&New&HV_AirDist__SupFanMtr/NE-HVAC-FanBelt-SynchVBelt-Msr/instance-out.sql,2431970.1999999997,2282.92,482434.24,395231.18,0.0,509200.67,0.0,934059.33,3.39,0.0,0.0,0.0,108758.47,0.0,0.0,2282.92,482434.24,0.00,0.00,468847.72,40352.95
CZ14/RtS&0&rDXHP&New&HV_AirDist__SupFanMtr/NE-HVAC-FanBelt-VBelt-Std/instance-out.sql,153752.63,622.15,31855.35,23251.32,0.0,24440.79,0.0,59354.25,3.36,0.0,0.0,0.0,14225.41,0.0,0.0,622.15,31855.35,0.00,0.00,24440.79,0.00
CZ14/RtS&0&rDXHP&New&HV_AirDist__SupFanMtr/NE-HVAC-FanBelt-CoggedVBelt-Msr/instance-out.sql,152428.01,645.71,31670.98,23251.32,0.0,24440.79,0.0,58190.44,3.36,0.0,0.0,0.0,14225.41,0.0,0.0,645.71,31670.98,0.00,0.00,24440.79,0.00
CZ14/RtS&0&rDXHP&New&HV_AirDist__SupFanMtr/NE-HVAC-FanBelt-SynchVBelt-Msr/instance-out.sql,150536.74,680.12,31407.87,23251.32,0.0,24440.79,0.0,56527.85,3.36,0.0,0.0,0.0,14225.41,0.0,0.0,680.12,31407.87,0.00,0.00,24440.79,0.00
CZ14/SCn&0&rDXHP&New&HV_AirDist__SupFanMtr/NE-HVAC-FanBelt-VBelt-Std/instance-out.sql,4792697.7700000005,34518.25,1066978.16,571539.04,0.0,449066.39,0.0,2597613.14,3.36,0.0,0.0,0.0,72979.44,0.0,0.0,34518.25,1066978.16,0.00,0.00,449066.39,0.00
CZ14/SCn&0&rDXHP&New&HV_AirDist__SupFanMtr/NE-HVAC-FanBelt-CoggedVBelt-Msr/instance-out.sql,4735634.140000001,36159.61,1059094.75,571539.04,0.0,449066.39,0.0,2546791.56,3.36,0.0,0.0,0.0,72979.44,0.0,0.0,36159.61,1059094.75,0.00,0.00,449066.39,0.00
CZ14/SCn&0&rDXHP&New&HV_AirDist__SupFanMtr/NE-HVAC-FanBelt-SynchVBelt-Msr/instance-out.sql,4653585.2700000005,38433.94,1047845.26,571539.04,0.0,449066.39,0.0,2473717.85,3.36,0.0,0.0,0.0,72979.44,0.0,0.0,38433.94,1047845.26,0.00,0.00,449066.39,0.00
CZ15/Asm&0&rDXHP&New&HV_AirDist__SupFanMtr/NE-HVAC-FanBelt-VBelt-Std/instance-out.sql,1033097.28,5904.12,396116.7,76844.55,0.0,145823.51,0.0,389842.12,3.36,0.0,0.0,0.0,18562.92,0.0,0.0,5904.12,396116.70,0.00,0.00,145823.51,0.00
CZ15/Asm&0&rDXHP&New&HV_AirDist__SupFanMtr/NE-HVAC-FanBelt-CoggedVBelt-Msr/instance-out.sql,1023911.0,6031.41,394447.09,76844.55,0.0,145823.51,0.0,382198.16,3.36,0.0,0.0,0.0,18562.92,0.0,0.0,6031.41,394447.09,0.00,0.00,145823.51,0.00
CZ15/Asm&0&rDXHP&New&HV_AirDist__SupFanMtr/NE-HVAC-FanBelt-SynchVBelt-Msr/instance-out.sql,1010796.3500000001,6217.87,392065.94,76844.55,0.0,145823.51,0.0,371278.21,3.36,0.0,0.0,0.0,18562.92,0.0,0.0,6217.87,392065.94,0.00,0.00,145823.51,0.00
CZ15/ECC&0&rDXHP&New&HV_AirDist__SupFanMtr/NE-HVAC-FanBelt-VBelt-Std/instance-out.sql,3360769.57,1101.77,837680.63,167224.54,0.0,1013813.91,0.0,1003585.05,2040.9,0.0,0.0,0.0,335322.76,0.0,0.0,1101.74,837680.63,0.03,0.00,945189.93,68623.98
CZ15/ECC&0&rDXHP&New&HV_AirDist__SupFanMtr/NE-HVAC-FanBelt-CoggedVBelt-Msr/instance-out.sql,3339594.08,1148.46,833710.69,167224.54,0.0,1013813.91,0.0,986332.81,2040.88,0.0,0.0,0.0,335322.77,0.0,0.0,1148.43,833710.69,0.03,0.00,945189.93,68623.98
CZ15/ECC&0&rDXHP&New&HV_AirDist__SupFanMtr/NE-HVAC-FanBelt-SynchVBelt-Msr/instance-out.sql,3309335.9,1219.1499999999999,828042.52,167224.54,0.0,1013813.91,0.0,961672.1,2040.88,0.0,0.0,0.0,335322.79,0.0,0.0,1219.12,828042.52,0.03,0.00,945189.93,68623.98
CZ15/EPr&0&rDXHP&New&HV_AirDist__SupFanMtr/NE-HVAC-FanBelt-VBelt-Std/instance-out.sql,492521.96,614.42,132519.51,30835.78,0.0,125897.03,0.0,137495.63,3.37,0.0,0.0,0.0,65156.22,0.0,0.0,614.42,132519.51,0.00,0.00,83226.75,42670.28
CZ15/EPr&0&rDXHP&New&HV_AirDist__SupFanMtr/NE-HVAC-FanBelt-CoggedVBelt-Msr/instance-out.sql,489725.86,632.23,131987.56,30835.78,0.0,125897.03,0.0,135213.67,3.37,0.0,0.0,0.0,65156.22,0.0,0.0,632.23,131987.56,0.00,0.00,83226.75,42670.28
CZ15/EPr&0&rDXHP&New&HV_AirDist__SupFanMtr/NE-HVAC-FanBelt-SynchVBelt-Msr/instance-out.sql,485732.0,658.3,131228.03,30835.78,0.0,125897.03,0.0,131953.26,3.37,0.0,0.0,0.0,65156.21,0.0,0.0,658.30,131228.03,0.00,0.00,83226.75,42670.28
CZ15/ERC&0&rDXHP&New&HV_AirDist__SupFanMtr/NE-HVAC-FanBelt-VBelt-Std/instance-out.sql,25219.84,31.2,5712.98,1016.35,0.0,2196.82,0.0,7716.98,3.36,0.0,0.0,0.0,8542.16,0.0,0.0,31.20,5712.98,0.00,0.00,2196.82,0.00
CZ15/ERC&0&rDXHP&New&HV_AirDist__SupFanMtr/NE-HVAC-FanBelt-CoggedVBelt-Msr/instance-out.sql,25034.39,32.24,5677.8,1016.35,0.0,2196.82,0.0,7565.66,3.36,0.0,0.0,0.0,8542.16,0.0,0.0,32.24,5677.80,0.00,0.00,2196.82,0.00
CZ15/ERC&0&rDXHP&New&HV_AirDist__SupFanMtr/NE-HVAC-FanBelt-SynchVBelt-Msr/instance-out.sql,24769.53,33.78,5627.56,1016.35,0.0,2196.82,0.0,7349.5,3.36,0.0,0.0,0.0,8542.16,0.0,0.0,33.78,5627.56,0.00,0.00,2196.82,0.00
CZ15/ESe&0&rDXHP&New&HV_AirDist__SupFanMtr/NE-HVAC-FanBelt-VBelt-Std/instance-out.sql,1315656.97,12045.289999999999,368763.86,94750.45,0.0,323176.74,0.0,339676.9,3.39,0.0,0.0,0.0,177240.34,0.0,0.0,231.22,368763.86,11814.07,0.00,259085.82,64090.92
CZ15/ESe&0&rDXHP&New&HV_AirDist__SupFanMtr/NE-HVAC-FanBelt-CoggedVBelt-Msr/instance-out.sql,1312269.5899999999,12054.62,368123.28,94750.45,0.0,323176.74,0.0,336920.77,3.39,0.0,0.0,0.0,177240.34,0.0,0.0,239.76,368123.28,11814.86,0.00,259085.82,64090.92
CZ15/ESe&0&rDXHP&New&HV_AirDist__SupFanMtr/NE-HVAC-FanBelt-SynchVBelt-Msr/instance-out.sql,1307434.65,12069.300000000001,367206.52,94750.45,0.0,323176.74,0.0,332987.91,3.39,0.0,0.0,0.0,177240.34,0.0,0.0,252.69,367206.52,11816.61,0.00,259085.82,64090.92
CZ15/EUn&0&rDXHP&New&HV_AirDist__SupFanMtr/NE-HVAC-FanBelt-VBelt-Std/instance-out.sql,10345676.079999998,3816.7,2354217.76,644388.1,0.0,3682881.23,0.0,3091323.72,3.37,0.0,0.0,0.0,569045.21,0.0,0.0,3816.70,2354217.76,0.00,0.00,3555459.15,127422.08
CZ15/EUn&0&rDXHP&New&HV_AirDist__SupFanMtr/NE-HVAC-FanBelt-CoggedVBelt-Msr/instance-out.sql,10285751.0,3984.8,2343848.65,644388.1,0.0,3682881.23,0.0,3041599.62,3.37,0.0,0.0,0.0,569045.22,0.0,0.0,3984.80,2343848.65,0.00,0.00,3555459.15,127422.08
CZ15/EUn&0&rDXHP&New&HV_AirDist__SupFanMtr/NE-HVAC-FanBelt-SynchVBelt-Msr/instance-out.sql,10200138.52,4239.23,2329042.26,644388.1,0.0,3682881.23,0.0,2970539.09,3.37,0.0,0.0,0.0,569045.24,0.0,0.0,4239.23,2329042.26,0.00,0.00,3555459.15,127422.08
CZ15/Hsp&0&rDXHP&New&HV_AirDist__SupFanMtr/NE-HVAC-FanBelt-VBelt-Std/instance-out.sql,6115730.49,884451.6,2171178.32,625795.42,0.0,1182847.3,0.0,977127.91,74541.68,0.0,0.0,0.0,199788.28,0.0,0.0,365.78,2171178.32,884085.82,0.00,1139112.10,43735.20
CZ15/Hsp&0&rDXHP&New&HV_AirDist__SupFanMtr/NE-HVAC-FanBelt-CoggedVBelt-Msr/instance-out.sql,6103797.24,884506.89,2169142.74,625795.42,0.0,1182847.3,0.0,967179.0,74537.33,0.0,0.0,0.0,199788.57,0.0,0.0,381.09,2169142.74,884125.80,0.00,1139112.10,43735.20
CZ15/Hsp&0&rDXHP&New&HV_AirDist__SupFanMtr/NE-HVAC-FanBelt-SynchVBelt-Msr/instance-out.sql,6086882.06,884656.95,2166277.1,625795.42,0.0,1182847.3,0.0,952967.58,74549.43,0.0,0.0,0.0,199788.28,0.0,0.0,403.46,2166277.10,884253.49,0.00,1139112.10,43735.20
CZ15/MBT&0&rDXHP&New&HV_AirDist__SupFanMtr/NE-HVAC-FanBelt-VBelt-Std/instance-out.sql,6791861.51,709670.42,1594246.04,438466.02,0.0,2167645.51,0.0,1747655.78,1264.7,0.0,0.0,0.0,132913.04,0.0,0.0,852.43,1594246.04,708817.99,0.00,1394057.91,773587.60
CZ15/MBT&0&rDXHP&New&HV_AirDist__SupFanMtr/NE-HVAC-FanBelt-CoggedVBelt-Msr/instance-out.sql,6778261.47,709744.56,1591950.11,438466.02,0.0,2167645.51,0.0,1736277.54,1264.68,0.0,0.0,0.0,132913.05,0.0,0.0,895.26,1591950.11,708849.30,0.00,1394057.91,773587.60
CZ15/MBT&0&rDXHP&New&HV_AirDist__SupFanMtr/NE-HVAC-FanBelt-SynchVBelt-Msr/instance-out.sql,6758845.54,709861.04,1588673.32,438466.02,0.0,2167645.51,0.0,1720021.92,1264.68,0.0,0.0,0.0,132913.05,0.0,0.0,959.98,1588673.32,708901.06,0.00,1394057.91,773587.60
CZ15/MLI&0&rDXHP&New&HV_AirDist__SupFanMtr/NE-HVAC-FanBelt-VBelt-Std/instance-out.sql,1550172.12,446.51,393100.54,153603.74,0.0,239893.0,0.0,725123.9,3.37,0.0,0.0,0.0,38001.06,0.0,0.0,446.51,393100.54,0.00,0.00,239893.00,0.00
CZ15/MLI&0&rDXHP&New&HV_AirDist__SupFanMtr/NE-HVAC-FanBelt-CoggedVBelt-Msr/instance-out.sql,1533151.27,477.65,390266.66,153603.74,0.0,239893.0,0.0,710905.78,3.37,0.0,0.0,0.0,38001.06,0.0,0.0,477.65,390266.66,0.00,0.00,239893.00,0.00
CZ15/MLI&0&rDXHP&New&HV_AirDist__SupFanMtr/NE-HVAC-FanBelt-SynchVBelt-Msr/instance-out.sql,1508839.6800000002,524.8,386219.51,153603.74,0.0,239893.0,0.0,690594.19,3.37,0.0,0.0,0.0,38001.06,0.0,0.0,524.80,386219.51,0.00,0.00,239893.00,0.00
CZ15/Mtl&0&rDXHP&New&HV_AirDist__SupFanMtr/NE-HVAC-FanBelt-VBelt-Std/instance-out.sql,286861.94,281.79,102045.31,34352.14,0.0,22443.33,0.0,120297.11,3.36,0.0,0.0,0.0,7438.89,0.0,0.0,281.79,102045.31,0.00,0.00,22191.36,251.97
CZ15/Mtl&0&rDXHP&New&HV_AirDist__SupFanMtr/NE-HVAC-FanBelt-CoggedVBelt-Msr/instance-out.sql,284068.82999999996,292.76,101564.21,34352.14,0.0,22443.33,0.0,117974.14,3.36,0.0,0.0,0.0,7438.89,0.0,0.0,292.76,101564.21,0.00,0.00,22191.36,251.97
CZ15/Mtl&0&rDXHP&New&HV_AirDist__SupFanMtr/NE-HVAC-FanBelt-SynchVBelt-Msr/instance-out.sql,280077.61,309.12,100876.6,34352.14,0.0,22443.33,0.0,114654.16,3.36,0.0,0.0,0.0,7438.89,0.0,0.0,309.12,100876.60,0.00,0.00,22191.36,251.97

File Name,Electricity (kWh),Natural Gas (kWh)
CZ01/Asm&0&rDXHP&New&HV_AirDist__SupFanMtr/NE-HVAC-FanBelt-VBelt-Std/instance-out.sql,630069.78,24259.89
CZ01/Asm&0&rDXHP&New&HV_AirDist__SupFanMtr/NE-HVAC-FanBelt-CoggedVBelt-Msr/instance-out.sql,624414.68,24259.89
CZ01/Asm&0&rDXHP&New&HV_AirDist__SupFanMtr/NE-HVAC-FanBelt-SynchVBelt-Msr/instance-out.sql,616351.51,24259.89
CZ01/ECC&0&rDXHP&New&HV_AirDist__SupFanMtr/NE-HVAC-FanBelt-VBelt-Std/instance-out.sql,1959499.78,562022.53
CZ01/ECC&0&rDXHP&New&HV_AirDist__SupFanMtr/NE-HVAC-FanBelt-CoggedVBelt-Msr/instance-out.sql,1946928.46,562010.28
CZ01/ECC&0&rDXHP&New&HV_AirDist__SupFanMtr/NE-HVAC-FanBelt-SynchVBelt-Msr/instance-out.sql,1928993.06,562019.15
CZ01/EPr&0&rDXHP&New&HV_AirDist__SupFanMtr/NE-HVAC-FanBelt-VBelt-Std/instance-out.sql,241950.62,136443.53
CZ01/EPr&0&rDXHP&New&HV_AirDist__SupFanMtr/NE-HVAC-FanBelt-CoggedVBelt-Msr/instance-out.sql,240364.87,136443.54
CZ01/EPr&0&rDXHP&New&HV_AirDist__SupFanMtr/NE-HVAC-FanBelt-SynchVBelt-Msr/instance-out.sql,238106.34,136443.54
CZ01/ERC&0&rDXHP&New&HV_AirDist__SupFanMtr/NE-HVAC-FanBelt-VBelt-Std/instance-out.sql,8554.56,9580.45
CZ01/ERC&0&rDXHP&New&HV_AirDist__SupFanMtr/NE-HVAC-FanBelt-CoggedVBelt-Msr/instance-out.sql,8485.14,9580.43
CZ01/ERC&0&rDXHP&New&HV_AirDist__SupFanMtr/NE-HVAC-FanBelt-SynchVBelt-Msr/instance-out.sql,8384.65,9580.43
CZ01/ESe&0&rDXHP&New&HV_AirDist__SupFanMtr/NE-HVAC-FanBelt-VBelt-Std/instance-out.sql,710719.85,478188.80
CZ01/ESe&0&rDXHP&New&HV_AirDist__SupFanMtr/NE-HVAC-FanBelt-CoggedVBelt-Msr/instance-out.sql,708771.01,478215.80
CZ01/ESe&0&rDXHP&New&HV_AirDist__SupFanMtr/NE-HVAC-FanBelt-SynchVBelt-Msr/instance-out.sql,706024.88,478250.18
CZ01/EUn&0&rDXHP&New&HV_AirDist__SupFanMtr/NE-HVAC-FanBelt-VBelt-Std/instance-out.sql,7119236.66,961137.38
CZ01/EUn&0&rDXHP&New&HV_AirDist__SupFanMtr/NE-HVAC-FanBelt-CoggedVBelt-Msr/instance-out.sql,7075683.74,961141.24
CZ01/EUn&0&rDXHP&New&HV_AirDist__SupFanMtr/NE-HVAC-FanBelt-SynchVBelt-Msr/instance-out.sql,7013589.21,961146.59
CZ01/Hsp&0&rDXHP&New&HV_AirDist__SupFanMtr/NE-HVAC-FanBelt-VBelt-Std/instance-out.sql,2578510.14,579053.93
CZ01/Hsp&0&rDXHP&New&HV_AirDist__SupFanMtr/NE-HVAC-FanBelt-CoggedVBelt-Msr/instance-out.sql,2569719.13,579290.98
CZ01/Hsp&0&rDXHP&New&HV_AirDist__SupFanMtr/NE-HVAC-FanBelt-SynchVBelt-Msr/instance-out.sql,2557205.30,579717.83
CZ01/MBT&0&rDXHP&New&HV_AirDist__SupFanMtr/NE-HVAC-FanBelt-VBelt-Std/instance-out.sql,3306650.37,4826980.91
CZ01/MBT&0&rDXHP&New&HV_AirDist__SupFanMtr/NE-HVAC-FanBelt-CoggedVBelt-Msr/instance-out.sql,3298514.52,4827348.47
CZ01/MBT&0&rDXHP&New&HV_AirDist__SupFanMtr/NE-HVAC-FanBelt-SynchVBelt-Msr/instance-out.sql,3286917.22,4827879.96
CZ01/MLI&0&rDXHP&New&HV_AirDist__SupFanMtr/NE-HVAC-FanBelt-VBelt-Std/instance-out.sql,1023748.00,53096.46
CZ01/MLI&0&rDXHP&New&HV_AirDist__SupFanMtr/NE-HVAC-FanBelt-CoggedVBelt-Msr/instance-out.sql,1012212.35,53096.46
CZ01/MLI&0&rDXHP&New&HV_AirDist__SupFanMtr/NE-HVAC-FanBelt-SynchVBelt-Msr/instance-out.sql,995788.74,53096.46
CZ01/Mtl&0&rDXHP&New&HV_AirDist__SupFanMtr/NE-HVAC-FanBelt-VBelt-Std/instance-out.sql,158303.53,8941.52
CZ01/Mtl&0&rDXHP&New&HV_AirDist__SupFanMtr/NE-HVAC-FanBelt-CoggedVBelt-Msr/instance-out.sql,156579.52,8944.86
CZ01/Mtl&0&rDXHP&New&HV_AirDist__SupFanMtr/NE-HVAC-FanBelt-SynchVBelt-Msr/instance-out.sql,154125.73,8949.29
CZ01/Nrs&0&rDXHP&New&HV_AirDist__SupFanMtr/NE-HVAC-FanBelt-VBelt-Std/instance-out.sql,594334.00,239399.02
CZ01/Nrs&0&rDXHP&New&HV_AirDist__SupFanMtr/NE-HVAC-FanBelt-CoggedVBelt-Msr/instance-out.sql,591613.97,239502.80
CZ01/Nrs&0&rDXHP&New&HV_AirDist__SupFanMtr/NE-HVAC-FanBelt-SynchVBelt-Msr/instance-out.sql,587733.89,239670.64
CZ01/OfL&0&rDXHP&New&HV_AirDist__SupFanMtr/NE-HVAC-FanBelt-VBelt-Std/instance-out.sql,2128015.97,178034.60
CZ01/OfL&0&rDXHP&New&HV_AirDist__SupFanMtr/NE-HVAC-FanBelt-CoggedVBelt-Msr/instance-out.sql,2108147.77,178035.23
CZ01/OfL&0&rDXHP&New&HV_AirDist__SupFanMtr/NE-HVAC-FanBelt-SynchVBelt-Msr/instance-out.sql,2079775.01,178034.14
CZ01/OfS&0&rDXHP&New&HV_AirDist__SupFanMtr/NE-HVAC-FanBelt-VBelt-Std/instance-out.sql,98538.94,24028.93
CZ01/OfS&0&rDXHP&New&HV_AirDist__SupFanMtr/NE-HVAC-FanBelt-CoggedVBelt-Msr/instance-out.sql,97522.50,24028.93
CZ01/OfS&0&rDXHP&New&HV_AirDist__SupFanMtr/NE-HVAC-FanBelt-SynchVBelt-Msr/instance-out.sql,96068.97,24028.93
CZ01/RFF&0&rDXHP&New&HV_AirDist__SupFanMtr/NE-HVAC-FanBelt-VBelt-Std/instance-out.sql,52120.74,47279.18
CZ01/RFF&0&rDXHP&New&HV_AirDist__SupFanMtr/NE-HVAC-FanBelt-CoggedVBelt-Msr/instance-out.sql,51862.17,47279.18
CZ01/RFF&0&rDXHP&New&HV_AirDist__SupFanMtr/NE-HVAC-FanBelt-SynchVBelt-Msr/instance-out.sql,51493.98,47279.16
CZ01/RSD&0&rDXHP&New&HV_AirDist__SupFanMtr/NE-HVAC-FanBelt-VBelt-Std/instance-out.sql,96949.27,151552.47
CZ01/RSD&0&rDXHP&New&HV_AirDist__SupFanMtr/NE-HVAC-FanBelt-CoggedVBelt-Msr/instance-out.sql,96800.22,151559.13
CZ01/RSD&0&rDXHP&New&HV_AirDist__SupFanMtr/NE-HVAC-FanBelt-SynchVBelt-Msr/instance-out.sql,96588.04,151568.60
CZ01/Rt3&0&rDXHP&New&HV_AirDist__SupFanMtr/NE-HVAC-FanBelt-VBelt-Std/instance-out.sql,1617487.93,192430.12
CZ01/Rt3&0&rDXHP&New&HV_AirDist__SupFanMtr/NE-HVAC-FanBelt-CoggedVBelt-Msr/instance-out.sql,1603150.60,192447.21
CZ01/Rt3&0&rDXHP&New&HV_AirDist__SupFanMtr/NE-HVAC-FanBelt-SynchVBelt-Msr/instance-out.sql,1582687.04,192470.85
CZ01/RtL&0&rDXHP&New&HV_AirDist__SupFanMtr/NE-HVAC-FanBelt-VBelt-Std/instance-out.sql,1684180.23,180183.06
CZ01/RtL&0&rDXHP&New&HV_AirDist__SupFanMtr/NE-HVAC-FanBelt-CoggedVBelt-Msr/instance-out.sql,1669128.81,180183.06
CZ01/RtL&0&rDXHP&New&HV_AirDist__SupFanMtr/NE-HVAC-FanBelt-SynchVBelt-Msr/instance-out.sql,1647486.75,180183.06
CZ01/RtS&0&rDXHP&New&HV_AirDist__SupFanMtr/NE-HVAC-FanBelt-VBelt-Std/instance-out.sql,90444.24,16693.90
CZ01/RtS&0&rDXHP&New&HV_AirDist__SupFanMtr/NE-HVAC-FanBelt-CoggedVBelt-Msr/instance-out.sql,89767.26,16693.89
CZ01/RtS&0&rDXHP&New&HV_AirDist__SupFanMtr/NE-HVAC-FanBelt-SynchVBelt-Msr/instance-out.sql,88803.12,16693.90
CZ01/SCn&0&rDXHP&New&HV_AirDist__SupFanMtr/NE-HVAC-FanBelt-VBelt-Std/instance-out.sql,3055644.13,93349.24
CZ01/SCn&0&rDXHP&New&HV_AirDist__SupFanMtr/NE-HVAC-FanBelt-CoggedVBelt-Msr/instance-out.sql,3024815.92,93349.24
CZ01/SCn&0&rDXHP&New&HV_AirDist__SupFanMtr/NE-HVAC-FanBelt-SynchVBelt-Msr/instance-out.sql,2980957.70,93349.24
CZ02/Asm&0&rDXHP&New&HV_AirDist__SupFanMtr/NE-HVAC-FanBelt-VBelt-Std/instance-out.sql,687361.34,22811.38
CZ02/Asm&0&rDXHP&New&HV_AirDist__SupFanMtr/NE-HVAC-FanBelt-CoggedVBelt-Msr/instance-out.sql,680357.26,22811.38
CZ02/Asm&0&rDXHP&New&HV_AirDist__SupFanMtr/NE-HVAC-FanBelt-SynchVBelt-Msr/instance-out.sql,670366.80,22811.38
CZ02/ECC&0&rDXHP&New&HV_AirDist__SupFanMtr/NE-HVAC-FanBelt-VBelt-Std/instance-out.sql,2214490.50,523821.59
CZ02/ECC&0&rDXHP&New&HV_AirDist__SupFanMtr/NE-HVAC-FanBelt-CoggedVBelt-Msr/instance-out.sql,2198628.09,523825.00
CZ02/ECC&0&rDXHP&New&HV_AirDist__SupFanMtr/NE-HVAC-FanBelt-SynchVBelt-Msr/instance-out.sql,2175622.98,523829.51
CZ02/EPr&0&rDXHP&New&HV_AirDist__SupFanMtr/NE-HVAC-FanBelt-VBelt-Std/instance-out.sql,265199.32,129221.87
CZ02/EPr&0&rDXHP&New&HV_AirDist__SupFanMtr/NE-HVAC-FanBelt-CoggedVBelt-Msr/instance-out.sql,263223.77,129221.88
CZ02/EPr&0&rDXHP&New&HV_AirDist__SupFanMtr/NE-HVAC-FanBelt-SynchVBelt-Msr/instance-out.sql,260409.90,129221.87
CZ02/ERC&0&rDXHP&New&HV_AirDist__SupFanMtr/NE-HVAC-FanBelt-VBelt-Std/instance-out.sql,9544.28,9318.59
CZ02/ERC&0&rDXHP&New&HV_AirDist__SupFanMtr/NE-HVAC-FanBelt-CoggedVBelt-Msr/instance-out.sql,9447.32,9318.59
CZ02/ERC&0&rDXHP&New&HV_AirDist__SupFanMtr/NE-HVAC-FanBelt-SynchVBelt-Msr/instance-out.sql,9310.68,9318.59
CZ02/ESe&0&rDXHP&New&HV_AirDist__SupFanMtr/NE-HVAC-FanBelt-VBelt-Std/instance-out.sql,880402.64,414471.46
CZ02/ESe&0&rDXHP&New&HV_AirDist__SupFanMtr/NE-HVAC-FanBelt-CoggedVBelt-Msr/instance-out.sql,877792.55,414475.12
CZ02/ESe&0&rDXHP&New&HV_AirDist__SupFanMtr/NE-HVAC-FanBelt-SynchVBelt-Msr/instance-out.sql,874029.63,414486.89
CZ02/EUn&0&rDXHP&New&HV_AirDist__SupFanMtr/NE-HVAC-FanBelt-VBelt-Std/instance-out.sql,7615406.23,893856.09
CZ02/EUn&0&rDXHP&New&HV_AirDist__SupFanMtr/NE-HVAC-FanBelt-CoggedVBelt-Msr/instance-out.sql,7566564.76,893858.73
CZ02/EUn&0&rDXHP&New&HV_AirDist__SupFanMtr/NE-HVAC-FanBelt-SynchVBelt-Msr/instance-out.sql,7496845.30,893862.48
CZ02/Hsp&0&rDXHP&New&HV_AirDist__SupFanMtr/NE-HVAC-FanBelt-VBelt-Std/instance-out.sql,3427134.95,1120115.36
CZ02/Hsp&0&rDXHP&New&HV_AirDist__SupFanMtr/NE-HVAC-FanBelt-CoggedVBelt-Msr/instance-out.sql,3415982.39,1121004.76
CZ02/Hsp&0&rDXHP&New&HV_AirDist__SupFanMtr/NE-HVAC-FanBelt-SynchVBelt-Msr/instance-out.sql,3399980.62,1120709.35
CZ02/MBT&0&rDXHP&New&HV_AirDist__SupFanMtr/NE-HVAC-FanBelt-VBelt-Std/instance-out.sql,3590498.57,3477643.87
CZ02/MBT&0&rDXHP&New&HV_AirDist__SupFanMtr/NE-HVAC-FanBelt-CoggedVBelt-Msr/instance-out.sql,3580621.84,3477837.86
CZ02/MBT&0&rDXHP&New&HV_AirDist__SupFanMtr/NE-HVAC-FanBelt-SynchVBelt-Msr/instance-out.sql,3566535.02,3478119.32
CZ02/MLI&0&rDXHP&New&HV_AirDist__SupFanMtr/NE-HVAC-FanBelt-VBelt-Std/instance-out.sql,1117178.36,49265.42
CZ02/MLI&0&rDXHP&New&HV_AirDist__SupFanMtr/NE-HVAC-FanBelt-CoggedVBelt-Msr/instance-out.sql,1104078.45,49265.42
CZ02/MLI&0&rDXHP&New&HV_AirDist__SupFanMtr/NE-HVAC-FanBelt-SynchVBelt-Msr/instance-out.sql,1085393.88,49265.42
CZ02/Mtl&0&rDXHP&New&HV_AirDist__SupFanMtr/NE-HVAC-FanBelt-VBelt-Std/instance-out.sql,186018.80,8455.98
CZ02/Mtl&0&rDXHP&New&HV_AirDist__SupFanMtr/NE-HVAC-FanBelt-CoggedVBelt-Msr/instance-out.sql,183894.02,8458.38
CZ02/Mtl&0&rDXHP&New&HV_AirDist__SupFanMtr/NE-HVAC-FanBelt-SynchVBelt-Msr/instance-out.sql,180862.75,8461.84
CZ02/Nrs&0&rDXHP&New&HV_AirDist__SupFanMtr/NE-HVAC-FanBelt-VBelt-Std/instance-out.sql,663341.58,225536.12
CZ02/Nrs&0&rDXHP&New&HV_AirDist__SupFanMtr/NE-HVAC-FanBelt-CoggedVBelt-Msr/instance-out.sql,660153.91,225640.46
CZ02/Nrs&0&rDXHP&New&HV_AirDist__SupFanMtr/NE-HVAC-FanBelt-SynchVBelt-Msr/instance-out.sql,655605.09,225742.16
CZ02/OfL&0&rDXHP&New&HV_AirDist__SupFanMtr/NE-HVAC-FanBelt-VBelt-Std/instance-out.sql,2388667.92,164952.86
CZ02/OfL&0&rDXHP&New&HV_AirDist__SupFanMtr/NE-HVAC-FanBelt-CoggedVBelt-Msr/instance-out.sql,2366345.12,164951.30
CZ02/OfL&0&rDXHP&New&HV_AirDist__SupFanMtr/NE-HVAC-FanBelt-SynchVBelt-Msr/instance-out.sql,2334523.22,164987.31
CZ02/OfS&0&rDXHP&New&HV_AirDist__SupFanMtr/NE-HVAC-FanBelt-VBelt-Std/instance-out.sql,114124.79,22427.90
CZ02/OfS&0&rDXHP&New&HV_AirDist__SupFanMtr/NE-HVAC-FanBelt-CoggedVBelt-Msr/instance-out.sql,112820.69,22427.90
CZ02/OfS&0&rDXHP&New&HV_AirDist__SupFanMtr/NE-HVAC-FanBelt-SynchVBelt-Msr/instance-out.sql,110972.04,22427.90
CZ02/RFF&0&rDXHP&New&HV_AirDist__SupFanMtr/NE-HVAC-FanBelt-VBelt-Std/instance-out.sql,70518.55,45582.21
CZ02/RFF&0&rDXHP&New&HV_AirDist__SupFanMtr/NE-HVAC-FanBelt-CoggedVBelt-Msr/instance-out.sql,70066.92,45582.34
CZ02/RFF&0&rDXHP&New&HV_AirDist__SupFanMtr/NE-HVAC-FanBelt-SynchVBelt-Msr/instance-out.sql,69423.33,45582.51
CZ02/RSD&0&rDXHP&New&HV_AirDist__SupFanMtr/NE-HVAC-FanBelt-VBelt-Std/instance-out.sql,115212.77,152888.36
CZ02/RSD&0&rDXHP&New&HV_AirDist__SupFanMtr/NE-HVAC-FanBelt-CoggedVBelt-Msr/instance-out.sql,115018.21,152891.97
CZ02/RSD&0&rDXHP&New&HV_AirDist__SupFanMtr/NE-HVAC-FanBelt-SynchVBelt-Msr/instance-out.sql,114741.20,152900.69
CZ02/Rt3&0&rDXHP&New&HV_AirDist__SupFanMtr/NE-HVAC-FanBelt-VBelt-Std/instance-out.sql,2071341.91,178139.15
CZ02/Rt3&0&rDXHP&New&HV_AirDist__SupFanMtr/NE-HVAC-FanBelt-CoggedVBelt-Msr/instance-out.sql,2050218.69,178146.92
CZ02/Rt3&0&rDXHP&New&HV_AirDist__SupFanMtr/NE-HVAC-FanBelt-SynchVBelt-Msr/instance-out.sql,2020105.06,178155.94
CZ02/RtL&0&rDXHP&New&HV_AirDist__SupFanMtr/NE-HVAC-FanBelt-VBelt-Std/instance-out.sql,1838055.85,169389.11
CZ02/RtL&0&rDXHP&New&HV_AirDist__SupFanMtr/NE-HVAC-FanBelt-CoggedVBelt-Msr/instance-out.sql,1821129.84,169389.06
CZ02/RtL&0&rDXHP&New&HV_AirDist__SupFanMtr/NE-HVAC-FanBelt-SynchVBelt-Msr/instance-out.sql,1796976.79,169389.07
CZ02/RtS&0&rDXHP&New&HV_AirDist__SupFanMtr/NE-HVAC-FanBelt-VBelt-Std/instance-out.sql,125611.05,15836.99
CZ02/RtS&0&rDXHP&New&HV_AirDist__SupFanMtr/NE-HVAC-FanBelt-CoggedVBelt-Msr/instance-out.sql,124330.75,15836.99
CZ02/RtS&0&rDXHP&New&HV_AirDist__SupFanMtr/NE-HVAC-FanBelt-SynchVBelt-Msr/instance-out.sql,122500.79,15836.99
CZ02/SCn&0&rDXHP&New&HV_AirDist__SupFanMtr/NE-HVAC-FanBelt-VBelt-Std/instance-out.sql,3325878.07,86288.59
CZ02/SCn&0&rDXHP&New&HV_AirDist__SupFanMtr/NE-HVAC-FanBelt-CoggedVBelt-Msr/instance-out.sql,3287466.59,86288.59
CZ02/SCn&0&rDXHP&New&HV_AirDist__SupFanMtr/NE-HVAC-FanBelt-SynchVBelt-Msr/instance-out.sql,3232621.10,86288.59
CZ03/Asm&0&rDXHP&New&HV_AirDist__SupFanMtr/NE-HVAC-FanBelt-VBelt-Std/instance-out.sql,630404.32,22748.41
CZ03/Asm&0&rDXHP&New&HV_AirDist__SupFanMtr/NE-HVAC-FanBelt-CoggedVBelt-Msr/instance-out.sql,623574.96,22748.41
CZ03/Asm&0&rDXHP&New&HV_AirDist__SupFanMtr/NE-HVAC-FanBelt-SynchVBelt-Msr/instance-out.sql,613835.09,22748.02
CZ03/ECC&0&rDXHP&New&HV_AirDist__SupFanMtr/NE-HVAC-FanBelt-VBelt-Std/instance-out.sql,2082815.44,521351.81
CZ03/ECC&0&rDXHP&New&HV_AirDist__SupFanMtr/NE-HVAC-FanBelt-CoggedVBelt-Msr/instance-out.sql,2067931.30,521354.55
CZ03/ECC&0&rDXHP&New&HV_AirDist__SupFanMtr/NE-HVAC-FanBelt-SynchVBelt-Msr/instance-out.sql,2046539.18,521358.71
CZ03/EPr&0&rDXHP&New&HV_AirDist__SupFanMtr/NE-HVAC-FanBelt-VBelt-Std/instance-out.sql,251705.92,128996.58
CZ03/EPr&0&rDXHP&New&HV_AirDist__SupFanMtr/NE-HVAC-FanBelt-CoggedVBelt-Msr/instance-out.sql,249784.07,128996.58
CZ03/EPr&0&rDXHP&New&HV_AirDist__SupFanMtr/NE-HVAC-FanBelt-SynchVBelt-Msr/instance-out.sql,247038.06,128996.59
CZ03/ERC&0&rDXHP&New&HV_AirDist__SupFanMtr/NE-HVAC-FanBelt-VBelt-Std/instance-out.sql,8994.88,9310.49
CZ03/ERC&0&rDXHP&New&HV_AirDist__SupFanMtr/NE-HVAC-FanBelt-CoggedVBelt-Msr/instance-out.sql,8899.15,9310.49
CZ03/ERC&0&rDXHP&New&HV_AirDist__SupFanMtr/NE-HVAC-FanBelt-SynchVBelt-Msr/instance-out.sql,8763.03,9310.49
CZ03/ESe&0&rDXHP&New&HV_AirDist__SupFanMtr/NE-HVAC-FanBelt-VBelt-Std/instance-out.sql,825645.61,378532.71
CZ03/ESe&0&rDXHP&New&HV_AirDist__SupFanMtr/NE-HVAC-FanBelt-CoggedVBelt-Msr/instance-out.sql,823208.34,378543.79
CZ03/ESe&0&rDXHP&New&HV_AirDist__SupFanMtr/NE-HVAC-FanBelt-SynchVBelt-Msr/instance-out.sql,819752.10,378542.68
CZ03/EUn&0&rDXHP&New&HV_AirDist__SupFanMtr/NE-HVAC-FanBelt-VBelt-Std/instance-out.sql,7336092.10,891081.90
CZ03/EUn&0&rDXHP&New&HV_AirDist__SupFanMtr/NE-HVAC-FanBelt-CoggedVBelt-Msr/instance-out.sql,7288570.80,891082.34
CZ03/EUn&0&rDXHP&New&HV_AirDist__SupFanMtr/NE-HVAC-FanBelt-SynchVBelt-Msr/instance-out.sql,7220735.92,891083.04
CZ03/Hsp&0&rDXHP&New&HV_AirDist__SupFanMtr/NE-HVAC-FanBelt-VBelt-Std/instance-out.sql,3083612.54,814148.59
CZ03/Hsp&0&rDXHP&New&HV_AirDist__SupFanMtr/NE-HVAC-FanBelt-CoggedVBelt-Msr/instance-out.sql,3073041.05,814294.46
CZ03/Hsp&0&rDXHP&New&HV_AirDist__SupFanMtr/NE-HVAC-FanBelt-SynchVBelt-Msr/instance-out.sql,3057912.88,814579.24
CZ03/MBT&0&rDXHP&New&HV_AirDist__SupFanMtr/NE-HVAC-FanBelt-VBelt-Std/instance-out.sql,3470541.85,3004535.82
CZ03/MBT&0&rDXHP&New&HV_AirDist__SupFanMtr/NE-HVAC-FanBelt-CoggedVBelt-Msr/instance-out.sql,3460947.85,3004719.15
CZ03/MBT&0&rDXHP&New&HV_AirDist__SupFanMtr/NE-HVAC-FanBelt-SynchVBelt-Msr/instance-out.sql,3447255.99,3004987.34
CZ03/MLI&0&rDXHP&New&HV_AirDist__SupFanMtr/NE-HVAC-FanBelt-VBelt-Std/instance-out.sql,1062278.24,49101.03
CZ03/MLI&0&rDXHP&New&HV_AirDist__SupFanMtr/NE-HVAC-FanBelt-CoggedVBelt-Msr/instance-out.sql,1049613.13,49101.03
CZ03/MLI&0&rDXHP&New&HV_AirDist__SupFanMtr/NE-HVAC-FanBelt-SynchVBelt-Msr/instance-out.sql,1031548.52,49101.03
CZ03/Mtl&0&rDXHP&New&HV_AirDist__SupFanMtr/NE-HVAC-FanBelt-VBelt-Std/instance-out.sql,169104.54,8317.28
CZ03/Mtl&0&rDXHP&New&HV_AirDist__SupFanMtr/NE-HVAC-FanBelt-CoggedVBelt-Msr/instance-out.sql,167115.24,8317.27
CZ03/Mtl&0&rDXHP&New&HV_AirDist__SupFanMtr/NE-HVAC-FanBelt-SynchVBelt-Msr/instance-out.sql,164277.23,8317.77
CZ03/Nrs&0&rDXHP&New&HV_AirDist__SupFanMtr/NE-HVAC-FanBelt-VBelt-Std/instance-out.sql,634399.77,209293.85
CZ03/Nrs&0&rDXHP&New&HV_AirDist__SupFanMtr/NE-HVAC-FanBelt-CoggedVBelt-Msr/instance-out.sql,631254.86,209312.74
CZ03/Nrs&0&rDXHP&New&HV_AirDist__SupFanMtr/NE-HVAC-FanBelt-SynchVBelt-Msr/instance-out.sql,626783.59,209430.71
CZ03/OfL&0&rDXHP&New&HV_AirDist__SupFanMtr/NE-HVAC-FanBelt-VBelt-Std/instance-out.sql,2283094.52,146392.32
CZ03/OfL&0&rDXHP&New&HV_AirDist__SupFanMtr/NE-HVAC-FanBelt-CoggedVBelt-Msr/instance-out.sql,2261496.14,146392.95
CZ03/OfL&0&rDXHP&New&HV_AirDist__SupFanMtr/NE-HVAC-FanBelt-SynchVBelt-Msr/instance-out.sql,2230660.78,146391.04
CZ03/OfS&0&rDXHP&New&HV_AirDist__SupFanMtr/NE-HVAC-FanBelt-VBelt-Std/instance-out.sql,108530.30,22358.31
CZ03/OfS&0&rDXHP&New&HV_AirDist__SupFanMtr/NE-HVAC-FanBelt-CoggedVBelt-Msr/instance-out.sql,107269.67,22358.31
CZ03/OfS&0&rDXHP&New&HV_AirDist__SupFanMtr/NE-HVAC-FanBelt-SynchVBelt-Msr/instance-out.sql,105471.13,22358.31
CZ03/RFF&0&rDXHP&New&HV_AirDist__SupFanMtr/NE-HVAC-FanBelt-VBelt-Std/instance-out.sql,65073.89,45441.53
CZ03/RFF&0&rDXHP&New&HV_AirDist__SupFanMtr/NE-HVAC-FanBelt-CoggedVBelt-Msr/instance-out.sql,64655.69,45441.57
CZ03/RFF&0&rDXHP&New&HV_AirDist__SupFanMtr/NE-HVAC-FanBelt-SynchVBelt-Msr/instance-out.sql,64059.20,45441.61
CZ03/RSD&0&rDXHP&New&HV_AirDist__SupFanMtr/NE-HVAC-FanBelt-VBelt-Std/instance-out.sql,103632.64,133695.11
CZ03/RSD&0&rDXHP&New&HV_AirDist__SupFanMtr/NE-HVAC-FanBelt-CoggedVBelt-Msr/instance-out.sql,103438.87,133700.04
CZ03/RSD&0&rDXHP&New&HV_AirDist__SupFanMtr/NE-HVAC-FanBelt-SynchVBelt-Msr/instance-out.sql,103162.37,133706.51
CZ03/Rt3&0&rDXHP&New&HV_AirDist__SupFanMtr/NE-HVAC-FanBelt-VBelt-Std/instance-out.sql,1916124.07,176014.51
CZ03/Rt3&0&rDXHP&New&HV_AirDist__SupFanMtr/NE-HVAC-FanBelt-CoggedVBelt-Msr/instance-out.sql,1896487.44,176019.25
CZ03/Rt3&0&rDXHP&New&HV_AirDist__SupFanMtr/NE-HVAC-FanBelt-SynchVBelt-Msr/instance-out.sql,1868445.18,176023.13
CZ03/RtL&0&rDXHP&New&HV_AirDist__SupFanMtr/NE-HVAC-FanBelt-VBelt-Std/instance-out.sql,1754862.47,168919.25
CZ03/RtL&0&rDXHP&New&HV_AirDist__SupFanMtr/NE-HVAC-FanBelt-CoggedVBelt-Msr/instance-out.sql,1738490.74,168919.25
CZ03/RtL&0&rDXHP&New&HV_AirDist__SupFanMtr/NE-HVAC-FanBelt-SynchVBelt-Msr/instance-out.sql,1715117.56,168919.25
CZ03/RtS&0&rDXHP&New&HV_AirDist__SupFanMtr/NE-HVAC-FanBelt-VBelt-Std/instance-out.sql,111693.29,15799.93
CZ03/RtS&0&rDXHP&New&HV_AirDist__SupFanMtr/NE-HVAC-FanBelt-CoggedVBelt-Msr/instance-out.sql,110559.60,15799.93
CZ03/RtS&0&rDXHP&New&HV_AirDist__SupFanMtr/NE-HVAC-FanBelt-SynchVBelt-Msr/instance-out.sql,108942.22,15799.93
CZ03/SCn&0&rDXHP&New&HV_AirDist__SupFanMtr/NE-HVAC-FanBelt-VBelt-Std/instance-out.sql,3005493.33,85988.06
CZ03/SCn&0&rDXHP&New&HV_AirDist__SupFanMtr/NE-HVAC-FanBelt-CoggedVBelt-Msr/instance-out.sql,2970664.83,85988.06
CZ03/SCn&0&rDXHP&New&HV_AirDist__SupFanMtr/NE-HVAC-FanBelt-SynchVBelt-Msr/instance-out.sql,2921055.05,85988.06
CZ04/Asm&0&rDXHP&New&HV_AirDist__SupFanMtr/NE-HVAC-FanBelt-VBelt-Std/instance-out.sql,684506.62,22188.91
CZ04/Asm&0&rDXHP&New&HV_AirDist__SupFanMtr/NE-HVAC-FanBelt-CoggedVBelt-Msr/instance-out.sql,677200.12,22188.91
CZ04/Asm&0&rDXHP&New&HV_AirDist__SupFanMtr/NE-HVAC-FanBelt-SynchVBelt-Msr/instance-out.sql,666778.69,22188.91
CZ04/ECC&0&rDXHP&New&HV_AirDist__SupFanMtr/NE-HVAC-FanBelt-VBelt-Std/instance-out.sql,2240464.26,505527.84
CZ04/ECC&0&rDXHP&New&HV_AirDist__SupFanMtr/NE-HVAC-FanBelt-CoggedVBelt-Msr/instance-out.sql,2223682.41,505528.16
CZ04/ECC&0&rDXHP&New&HV_AirDist__SupFanMtr/NE-HVAC-FanBelt-SynchVBelt-Msr/instance-out.sql,2199669.47,505530.35
CZ04/EPr&0&rDXHP&New&HV_AirDist__SupFanMtr/NE-HVAC-FanBelt-VBelt-Std/instance-out.sql,267478.80,126147.85
CZ04/EPr&0&rDXHP&New&HV_AirDist__SupFanMtr/NE-HVAC-FanBelt-CoggedVBelt-Msr/instance-out.sql,265416.13,126147.85
CZ04/EPr&0&rDXHP&New&HV_AirDist__SupFanMtr/NE-HVAC-FanBelt-SynchVBelt-Msr/instance-out.sql,262475.92,126147.85
CZ04/ERC&0&rDXHP&New&HV_AirDist__SupFanMtr/NE-HVAC-FanBelt-VBelt-Std/instance-out.sql,9427.89,9207.11
CZ04/ERC&0&rDXHP&New&HV_AirDist__SupFanMtr/NE-HVAC-FanBelt-CoggedVBelt-Msr/instance-out.sql,9325.86,9207.11
CZ04/ERC&0&rDXHP&New&HV_AirDist__SupFanMtr/NE-HVAC-FanBelt-SynchVBelt-Msr/instance-out.sql,9181.35,9207.11
CZ04/ESe&0&rDXHP&New&HV_AirDist__SupFanMtr/NE-HVAC-FanBelt-VBelt-Std/instance-out.sql,886134.38,356820.21
CZ04/ESe&0&rDXHP&New&HV_AirDist__SupFanMtr/NE-HVAC-FanBelt-CoggedVBelt-Msr/instance-out.sql,883375.70,356816.65
CZ04/ESe&0&rDXHP&New&HV_AirDist__SupFanMtr/NE-HVAC-FanBelt-SynchVBelt-Msr/instance-out.sql,879450.82,356845.29
CZ04/EUn&0&rDXHP&New&HV_AirDist__SupFanMtr/NE-HVAC-FanBelt-VBelt-Std/instance-out.sql,7677217.72,864921.08
CZ04/EUn&0&rDXHP&New&HV_AirDist__SupFanMtr/NE-HVAC-FanBelt-CoggedVBelt-Msr/instance-out.sql,7627147.26,864921.19
CZ04/EUn&0&rDXHP&New&HV_AirDist__SupFanMtr/NE-HVAC-FanBelt-SynchVBelt-Msr/instance-out.sql,7555658.94,864921.35
CZ04/Hsp&0&rDXHP&New&HV_AirDist__SupFanMtr/NE-HVAC-FanBelt-VBelt-Std/instance-out.sql,3478526.15,953895.56
CZ04/Hsp&0&rDXHP&New&HV_AirDist__SupFanMtr/NE-HVAC-FanBelt-CoggedVBelt-Msr/instance-out.sql,3466995.90,954014.91
CZ04/Hsp&0&rDXHP&New&HV_AirDist__SupFanMtr/NE-HVAC-FanBelt-SynchVBelt-Msr/instance-out.sql,3450584.80,954252.32
CZ04/MBT&0&rDXHP&New&HV_AirDist__SupFanMtr/NE-HVAC-FanBelt-VBelt-Std/instance-out.sql,3650774.46,2746189.48
CZ04/MBT&0&rDXHP&New&HV_AirDist__SupFanMtr/NE-HVAC-FanBelt-CoggedVBelt-Msr/instance-out.sql,3640473.55,2746337.33
CZ04/MBT&0&rDXHP&New&HV_AirDist__SupFanMtr/NE-HVAC-FanBelt-SynchVBelt-Msr/instance-out.sql,3625769.79,2746555.62
CZ04/MLI&0&rDXHP&New&HV_AirDist__SupFanMtr/NE-HVAC-FanBelt-VBelt-Std/instance-out.sql,1118802.63,47616.96
CZ04/MLI&0&rDXHP&New&HV_AirDist__SupFanMtr/NE-HVAC-FanBelt-CoggedVBelt-Msr/instance-out.sql,1105503.93,47616.95
CZ04/MLI&0&rDXHP&New&HV_AirDist__SupFanMtr/NE-HVAC-FanBelt-SynchVBelt-Msr/instance-out.sql,1086582.64,47616.95
CZ04/Mtl&0&rDXHP&New&HV_AirDist__SupFanMtr/NE-HVAC-FanBelt-VBelt-Std/instance-out.sql,187415.56,8214.99
CZ04/Mtl&0&rDXHP&New&HV_AirDist__SupFanMtr/NE-HVAC-FanBelt-CoggedVBelt-Msr/instance-out.sql,185237.72,8215.46
CZ04/Mtl&0&rDXHP&New&HV_AirDist__SupFanMtr/NE-HVAC-FanBelt-SynchVBelt-Msr/instance-out.sql,182132.97,8215.67
CZ04/Nrs&0&rDXHP&New&HV_AirDist__SupFanMtr/NE-HVAC-FanBelt-VBelt-Std/instance-out.sql,676028.13,207215.15
CZ04/Nrs&0&rDXHP&New&HV_AirDist__SupFanMtr/NE-HVAC-FanBelt-CoggedVBelt-Msr/instance-out.sql,672714.70,207245.10
CZ04/Nrs&0&rDXHP&New&HV_AirDist__SupFanMtr/NE-HVAC-FanBelt-SynchVBelt-Msr/instance-out.sql,667985.76,207312.44
CZ04/OfL&0&rDXHP&New&HV_AirDist__SupFanMtr/NE-HVAC-FanBelt-VBelt-Std/instance-out.sql,2427142.17,150275.78
CZ04/OfL&0&rDXHP&New&HV_AirDist__SupFanMtr/NE-HVAC-FanBelt-CoggedVBelt-Msr/instance-out.sql,2404438.67,150249.67
CZ04/OfL&0&rDXHP&New&HV_AirDist__SupFanMtr/NE-HVAC-FanBelt-SynchVBelt-Msr/instance-out.sql,2372098.55,150302.59
CZ04/OfS&0&rDXHP&New&HV_AirDist__SupFanMtr/NE-HVAC-FanBelt-VBelt-Std/instance-out.sql,116209.77,21738.67
CZ04/OfS&0&rDXHP&New&HV_AirDist__SupFanMtr/NE-HVAC-FanBelt-CoggedVBelt-Msr/instance-out.sql,114856.46,21738.67
CZ04/OfS&0&rDXHP&New&HV_AirDist__SupFanMtr/NE-HVAC-FanBelt-SynchVBelt-Msr/instance-out.sql,112923.49,21738.67
CZ04/RFF&0&rDXHP&New&HV_AirDist__SupFanMtr/NE-HVAC-FanBelt-VBelt-Std/instance-out.sql,71997.04,44750.30
CZ04/RFF&0&rDXHP&New&HV_AirDist__SupFanMtr/NE-HVAC-FanBelt-CoggedVBelt-Msr/instance-out.sql,71521.53,44750.32
CZ04/RFF&0&rDXHP&New&HV_AirDist__SupFanMtr/NE-HVAC-FanBelt-SynchVBelt-Msr/instance-out.sql,70843.14,44750.36
CZ04/RSD&0&rDXHP&New&HV_AirDist__SupFanMtr/NE-HVAC-FanBelt-VBelt-Std/instance-out.sql,117842.81,144847.61
CZ04/RSD&0&rDXHP&New&HV_AirDist__SupFanMtr/NE-HVAC-FanBelt-CoggedVBelt-Msr/instance-out.sql,117637.19,144851.49
CZ04/RSD&0&rDXHP&New&HV_AirDist__SupFanMtr/NE-HVAC-FanBelt-SynchVBelt-Msr/instance-out.sql,117343.70,144854.52
CZ04/Rt3&0&rDXHP&New&HV_AirDist__SupFanMtr/NE-HVAC-FanBelt-VBelt-Std/instance-out.sql,2086451.66,170010.48
CZ04/Rt3&0&rDXHP&New&HV_AirDist__SupFanMtr/NE-HVAC-FanBelt-CoggedVBelt-Msr/instance-out.sql,2064758.53,170012.81
CZ04/Rt3&0&rDXHP&New&HV_AirDist__SupFanMtr/NE-HVAC-FanBelt-SynchVBelt-Msr/instance-out.sql,2033754.26,170017.65
CZ04/RtL&0&rDXHP&New&HV_AirDist__SupFanMtr/NE-HVAC-FanBelt-VBelt-Std/instance-out.sql,1861335.33,164743.31
CZ04/RtL&0&rDXHP&New&HV_AirDist__SupFanMtr/NE-HVAC-FanBelt-CoggedVBelt-Msr/instance-out.sql,1844038.62,164743.31
CZ04/RtL&0&rDXHP&New&HV_AirDist__SupFanMtr/NE-HVAC-FanBelt-SynchVBelt-Msr/instance-out.sql,1819353.45,164743.31
CZ04/RtS&0&rDXHP&New&HV_AirDist__SupFanMtr/NE-HVAC-FanBelt-VBelt-Std/instance-out.sql,125753.75,15468.07
CZ04/RtS&0&rDXHP&New&HV_AirDist__SupFanMtr/NE-HVAC-FanBelt-CoggedVBelt-Msr/instance-out.sql,124427.27,15468.07
CZ04/RtS&0&rDXHP&New&HV_AirDist__SupFanMtr/NE-HVAC-FanBelt-SynchVBelt-Msr/instance-out.sql,122533.79,15468.07
CZ04/SCn&0&rDXHP&New&HV_AirDist__SupFanMtr/NE-HVAC-FanBelt-VBelt-Std/instance-out.sql,3316822.34,83251.18
CZ04/SCn&0&rDXHP&New&HV_AirDist__SupFanMtr/NE-HVAC-FanBelt-CoggedVBelt-Msr/instance-out.sql,3276956.68,83251.17
CZ04/SCn&0&rDXHP&New&HV_AirDist__SupFanMtr/NE-HVAC-FanBelt-SynchVBelt-Msr/instance-out.sql,3220302.33,83251.18
CZ05/Asm&0&rDXHP&New&HV_AirDist__SupFanMtr/NE-HVAC-FanBelt-VBelt-Std/instance-out.sql,642795.24,22749.98
CZ05/Asm&0&rDXHP&New&HV_AirDist__SupFanMtr/NE-HVAC-FanBelt-CoggedVBelt-Msr/instance-out.sql,635834.74,22750.00
CZ05/Asm&0&rDXHP&New&HV_AirDist__SupFanMtr/NE-HVAC-FanBelt-SynchVBelt-Msr/instance-out.sql,625905.98,22749.99
CZ05/ECC&0&rDXHP&New&HV_AirDist__SupFanMtr/NE-HVAC-FanBelt-VBelt-Std/instance-out.sql,2111226.16,521385.05
CZ05/ECC&0&rDXHP&New&HV_AirDist__SupFanMtr/NE-HVAC-FanBelt-CoggedVBelt-Msr/instance-out.sql,2096119.16,521386.65
CZ05/ECC&0&rDXHP&New&HV_AirDist__SupFanMtr/NE-HVAC-FanBelt-SynchVBelt-Msr/instance-out.sql,2074509.25,521387.75
CZ05/EPr&0&rDXHP&New&HV_AirDist__SupFanMtr/NE-HVAC-FanBelt-VBelt-Std/instance-out.sql,256259.94,129001.84
CZ05/EPr&0&rDXHP&New&HV_AirDist__SupFanMtr/NE-HVAC-FanBelt-CoggedVBelt-Msr/instance-out.sql,254293.97,129001.84
CZ05/EPr&0&rDXHP&New&HV_AirDist__SupFanMtr/NE-HVAC-FanBelt-SynchVBelt-Msr/instance-out.sql,251493.09,129001.84
CZ05/ERC&0&rDXHP&New&HV_AirDist__SupFanMtr/NE-HVAC-FanBelt-VBelt-Std/instance-out.sql,9039.20,9310.64
CZ05/ERC&0&rDXHP&New&HV_AirDist__SupFanMtr/NE-HVAC-FanBelt-CoggedVBelt-Msr/instance-out.sql,8943.07,9310.79
CZ05/ERC&0&rDXHP&New&HV_AirDist__SupFanMtr/NE-HVAC-FanBelt-SynchVBelt-Msr/instance-out.sql,8804.76,9310.65
CZ05/ESe&0&rDXHP&New&HV_AirDist__SupFanMtr/NE-HVAC-FanBelt-VBelt-Std/instance-out.sql,825418.90,375398.85
CZ05/ESe&0&rDXHP&New&HV_AirDist__SupFanMtr/NE-HVAC-FanBelt-CoggedVBelt-Msr/instance-out.sql,822953.75,375405.86
CZ05/ESe&0&rDXHP&New&HV_AirDist__SupFanMtr/NE-HVAC-FanBelt-SynchVBelt-Msr/instance-out.sql,819411.45,375414.97
CZ05/EUn&0&rDXHP&New&HV_AirDist__SupFanMtr/NE-HVAC-FanBelt-VBelt-Std/instance-out.sql,7450553.27,891012.54
CZ05/EUn&0&rDXHP&New&HV_AirDist__SupFanMtr/NE-HVAC-FanBelt-CoggedVBelt-Msr/instance-out.sql,7402380.94,891012.66
CZ05/EUn&0&rDXHP&New&HV_AirDist__SupFanMtr/NE-HVAC-FanBelt-SynchVBelt-Msr/instance-out.sql,7333709.34,891012.81
CZ05/Hsp&0&rDXHP&New&HV_AirDist__SupFanMtr/NE-HVAC-FanBelt-VBelt-Std/instance-out.sql,3222458.79,869550.86
CZ05/Hsp&0&rDXHP&New&HV_AirDist__SupFanMtr/NE-HVAC-FanBelt-CoggedVBelt-Msr/instance-out.sql,3211762.32,869693.69
CZ05/Hsp&0&rDXHP&New&HV_AirDist__SupFanMtr/NE-HVAC-FanBelt-SynchVBelt-Msr/instance-out.sql,3196552.31,869985.75
CZ05/MBT&0&rDXHP&New&HV_AirDist__SupFanMtr/NE-HVAC-FanBelt-VBelt-Std/instance-out.sql,3504021.00,3124161.60
CZ05/MBT&0&rDXHP&New&HV_AirDist__SupFanMtr/NE-HVAC-FanBelt-CoggedVBelt-Msr/instance-out.sql,3494408.91,3124327.79
CZ05/MBT&0&rDXHP&New&HV_AirDist__SupFanMtr/NE-HVAC-FanBelt-SynchVBelt-Msr/instance-out.sql,3480691.50,3124571.12
CZ05/MLI&0&rDXHP&New&HV_AirDist__SupFanMtr/NE-HVAC-FanBelt-VBelt-Std/instance-out.sql,1074847.81,49105.99
CZ05/MLI&0&rDXHP&New&HV_AirDist__SupFanMtr/NE-HVAC-FanBelt-CoggedVBelt-Msr/instance-out.sql,1061940.52,49105.99
CZ05/MLI&0&rDXHP&New&HV_AirDist__SupFanMtr/NE-HVAC-FanBelt-SynchVBelt-Msr/instance-out.sql,1043526.24,49105.99
CZ05/Mtl&0&rDXHP&New&HV_AirDist__SupFanMtr/NE-HVAC-FanBelt-VBelt-Std/instance-out.sql,172284.81,8071.45
CZ05/Mtl&0&rDXHP&New&HV_AirDist__SupFanMtr/NE-HVAC-FanBelt-CoggedVBelt-Msr/instance-out.sql,170281.46,8071.65
CZ05/Mtl&0&rDXHP&New&HV_AirDist__SupFanMtr/NE-HVAC-FanBelt-SynchVBelt-Msr/instance-out.sql,167422.85,8071.92
CZ05/Nrs&0&rDXHP&New&HV_AirDist__SupFanMtr/NE-HVAC-FanBelt-VBelt-Std/instance-out.sql,645644.92,210955.75
CZ05/Nrs&0&rDXHP&New&HV_AirDist__SupFanMtr/NE-HVAC-FanBelt-CoggedVBelt-Msr/instance-out.sql,642532.89,211001.98
CZ05/Nrs&0&rDXHP&New&HV_AirDist__SupFanMtr/NE-HVAC-FanBelt-SynchVBelt-Msr/instance-out.sql,638086.06,211061.91
CZ05/OfL&0&rDXHP&New&HV_AirDist__SupFanMtr/NE-HVAC-FanBelt-VBelt-Std/instance-out.sql,2310861.12,148744.77
CZ05/OfL&0&rDXHP&New&HV_AirDist__SupFanMtr/NE-HVAC-FanBelt-CoggedVBelt-Msr/instance-out.sql,2289207.11,148789.52
CZ05/OfL&0&rDXHP&New&HV_AirDist__SupFanMtr/NE-HVAC-FanBelt-SynchVBelt-Msr/instance-out.sql,2258276.93,148780.43
CZ05/OfS&0&rDXHP&New&HV_AirDist__SupFanMtr/NE-HVAC-FanBelt-VBelt-Std/instance-out.sql,108347.93,22360.11
CZ05/OfS&0&rDXHP&New&HV_AirDist__SupFanMtr/NE-HVAC-FanBelt-CoggedVBelt-Msr/instance-out.sql,107103.32,22360.10
CZ05/OfS&0&rDXHP&New&HV_AirDist__SupFanMtr/NE-HVAC-FanBelt-SynchVBelt-Msr/instance-out.sql,105326.67,22360.10
CZ05/RFF&0&rDXHP&New&HV_AirDist__SupFanMtr/NE-HVAC-FanBelt-VBelt-Std/instance-out.sql,65429.87,45453.79
CZ05/RFF&0&rDXHP&New&HV_AirDist__SupFanMtr/NE-HVAC-FanBelt-CoggedVBelt-Msr/instance-out.sql,65017.50,45453.85
CZ05/RFF&0&rDXHP&New&HV_AirDist__SupFanMtr/NE-HVAC-FanBelt-SynchVBelt-Msr/instance-out.sql,64429.63,45453.92
CZ05/RSD&0&rDXHP&New&HV_AirDist__SupFanMtr/NE-HVAC-FanBelt-VBelt-Std/instance-out.sql,107449.68,141054.47
CZ05/RSD&0&rDXHP&New&HV_AirDist__SupFanMtr/NE-HVAC-FanBelt-CoggedVBelt-Msr/instance-out.sql,107257.21,141058.66
CZ05/RSD&0&rDXHP&New&HV_AirDist__SupFanMtr/NE-HVAC-FanBelt-SynchVBelt-Msr/instance-out.sql,106982.68,141064.19
CZ05/Rt3&0&rDXHP&New&HV_AirDist__SupFanMtr/NE-HVAC-FanBelt-VBelt-Std/instance-out.sql,1943343.44,176096.02
CZ05/Rt3&0&rDXHP&New&HV_AirDist__SupFanMtr/NE-HVAC-FanBelt-CoggedVBelt-Msr/instance-out.sql,1923330.48,176099.96
CZ05/Rt3&0&rDXHP&New&HV_AirDist__SupFanMtr/NE-HVAC-FanBelt-SynchVBelt-Msr/instance-out.sql,1894763.49,176104.63
CZ05/RtL&0&rDXHP&New&HV_AirDist__SupFanMtr/NE-HVAC-FanBelt-VBelt-Std/instance-out.sql,1779011.00,168933.03
CZ05/RtL&0&rDXHP&New&HV_AirDist__SupFanMtr/NE-HVAC-FanBelt-CoggedVBelt-Msr/instance-out.sql,1762359.97,168933.04
CZ05/RtL&0&rDXHP&New&HV_AirDist__SupFanMtr/NE-HVAC-FanBelt-SynchVBelt-Msr/instance-out.sql,1738592.98,168933.04
CZ05/RtS&0&rDXHP&New&HV_AirDist__SupFanMtr/NE-HVAC-FanBelt-VBelt-Std/instance-out.sql,113731.65,15800.80
CZ05/RtS&0&rDXHP&New&HV_AirDist__SupFanMtr/NE-HVAC-FanBelt-CoggedVBelt-Msr/instance-out.sql,112558.24,15800.78
CZ05/RtS&0&rDXHP&New&HV_AirDist__SupFanMtr/NE-HVAC-FanBelt-SynchVBelt-Msr/instance-out.sql,110886.70,15800.76
CZ05/SCn&0&rDXHP&New&HV_AirDist__SupFanMtr/NE-HVAC-FanBelt-VBelt-Std/instance-out.sql,3015629.46,85996.70
CZ05/SCn&0&rDXHP&New&HV_AirDist__SupFanMtr/NE-HVAC-FanBelt-CoggedVBelt-Msr/instance-out.sql,2979711.89,85996.70
CZ05/SCn&0&rDXHP&New&HV_AirDist__SupFanMtr/NE-HVAC-FanBelt-SynchVBelt-Msr/instance-out.sql,2928485.74,85996.70
CZ06/Asm&0&rDXHP&New&HV_AirDist__SupFanMtr/NE-HVAC-FanBelt-VBelt-Std/instance-out.sql,650165.49,21461.05
CZ06/Asm&0&rDXHP&New&HV_AirDist__SupFanMtr/NE-HVAC-FanBelt-CoggedVBelt-Msr/instance-out.sql,642562.76,21461.05
CZ06/Asm&0&rDXHP&New&HV_AirDist__SupFanMtr/NE-HVAC-FanBelt-SynchVBelt-Msr/instance-out.sql,631719.07,21461.05
CZ06/ECC&0&rDXHP&New&HV_AirDist__SupFanMtr/NE-HVAC-FanBelt-VBelt-Std/instance-out.sql,2200839.36,485960.25
CZ06/ECC&0&rDXHP&New&HV_AirDist__SupFanMtr/NE-HVAC-FanBelt-CoggedVBelt-Msr/instance-out.sql,2184262.22,485960.26
CZ06/ECC&0&rDXHP&New&HV_AirDist__SupFanMtr/NE-HVAC-FanBelt-SynchVBelt-Msr/instance-out.sql,2160578.56,485959.96
CZ06/EPr&0&rDXHP&New&HV_AirDist__SupFanMtr/NE-HVAC-FanBelt-VBelt-Std/instance-out.sql,270616.00,122682.50
CZ06/EPr&0&rDXHP&New&HV_AirDist__SupFanMtr/NE-HVAC-FanBelt-CoggedVBelt-Msr/instance-out.sql,268388.76,122682.50
CZ06/EPr&0&rDXHP&New&HV_AirDist__SupFanMtr/NE-HVAC-FanBelt-SynchVBelt-Msr/instance-out.sql,265211.30,122682.50
CZ06/ERC&0&rDXHP&New&HV_AirDist__SupFanMtr/NE-HVAC-FanBelt-VBelt-Std/instance-out.sql,9439.45,9081.66
CZ06/ERC&0&rDXHP&New&HV_AirDist__SupFanMtr/NE-HVAC-FanBelt-CoggedVBelt-Msr/instance-out.sql,9327.18,9081.66
CZ06/ERC&0&rDXHP&New&HV_AirDist__SupFanMtr/NE-HVAC-FanBelt-SynchVBelt-Msr/instance-out.sql,9167.04,9081.65
CZ06/ESe&0&rDXHP&New&HV_AirDist__SupFanMtr/NE-HVAC-FanBelt-VBelt-Std/instance-out.sql,841673.95,301338.00
CZ06/ESe&0&rDXHP&New&HV_AirDist__SupFanMtr/NE-HVAC-FanBelt-CoggedVBelt-Msr/instance-out.sql,838959.64,301341.74
CZ06/ESe&0&rDXHP&New&HV_AirDist__SupFanMtr/NE-HVAC-FanBelt-SynchVBelt-Msr/instance-out.sql,835051.89,301341.55
CZ06/EUn&0&rDXHP&New&HV_AirDist__SupFanMtr/NE-HVAC-FanBelt-VBelt-Std/instance-out.sql,7637648.84,832050.81
CZ06/EUn&0&rDXHP&New&HV_AirDist__SupFanMtr/NE-HVAC-FanBelt-CoggedVBelt-Msr/instance-out.sql,7587060.41,832050.81
CZ06/EUn&0&rDXHP&New&HV_AirDist__SupFanMtr/NE-HVAC-FanBelt-SynchVBelt-Msr/instance-out.sql,7514817.56,832050.81
CZ06/Hsp&0&rDXHP&New&HV_AirDist__SupFanMtr/NE-HVAC-FanBelt-VBelt-Std/instance-out.sql,3576016.52,618036.41
CZ06/Hsp&0&rDXHP&New&HV_AirDist__SupFanMtr/NE-HVAC-FanBelt-CoggedVBelt-Msr/instance-out.sql,3564697.53,618107.48
CZ06/Hsp&0&rDXHP&New&HV_AirDist__SupFanMtr/NE-HVAC-FanBelt-SynchVBelt-Msr/instance-out.sql,3548508.45,618192.27
CZ06/MBT&0&rDXHP&New&HV_AirDist__SupFanMtr/NE-HVAC-FanBelt-VBelt-Std/instance-out.sql,3624850.55,1726713.53
CZ06/MBT&0&rDXHP&New&HV_AirDist__SupFanMtr/NE-HVAC-FanBelt-CoggedVBelt-Msr/instance-out.sql,3614432.93,1726780.78
CZ06/MBT&0&rDXHP&New&HV_AirDist__SupFanMtr/NE-HVAC-FanBelt-SynchVBelt-Msr/instance-out.sql,3599563.51,1726879.69
CZ06/MLI&0&rDXHP&New&HV_AirDist__SupFanMtr/NE-HVAC-FanBelt-VBelt-Std/instance-out.sql,1107826.17,45700.26
CZ06/MLI&0&rDXHP&New&HV_AirDist__SupFanMtr/NE-HVAC-FanBelt-CoggedVBelt-Msr/instance-out.sql,1094367.54,45700.26
CZ06/MLI&0&rDXHP&New&HV_AirDist__SupFanMtr/NE-HVAC-FanBelt-SynchVBelt-Msr/instance-out.sql,1075157.36,45700.26
CZ06/Mtl&0&rDXHP&New&HV_AirDist__SupFanMtr/NE-HVAC-FanBelt-VBelt-Std/instance-out.sql,180197.61,7916.04
CZ06/Mtl&0&rDXHP&New&HV_AirDist__SupFanMtr/NE-HVAC-FanBelt-CoggedVBelt-Msr/instance-out.sql,178100.48,7916.04
CZ06/Mtl&0&rDXHP&New&HV_AirDist__SupFanMtr/NE-HVAC-FanBelt-SynchVBelt-Msr/instance-out.sql,175105.26,7916.04
CZ06/Nrs&0&rDXHP&New&HV_AirDist__SupFanMtr/NE-HVAC-FanBelt-VBelt-Std/instance-out.sql,685000.49,195733.94
CZ06/Nrs&0&rDXHP&New&HV_AirDist__SupFanMtr/NE-HVAC-FanBelt-CoggedVBelt-Msr/instance-out.sql,681641.41,195770.00
CZ06/Nrs&0&rDXHP&New&HV_AirDist__SupFanMtr/NE-HVAC-FanBelt-SynchVBelt-Msr/instance-out.sql,676841.49,195743.89
CZ06/OfL&0&rDXHP&New&HV_AirDist__SupFanMtr/NE-HVAC-FanBelt-VBelt-Std/instance-out.sql,2427545.05,124220.87
CZ06/OfL&0&rDXHP&New&HV_AirDist__SupFanMtr/NE-HVAC-FanBelt-CoggedVBelt-Msr/instance-out.sql,2404977.30,124220.74
CZ06/OfL&0&rDXHP&New&HV_AirDist__SupFanMtr/NE-HVAC-FanBelt-SynchVBelt-Msr/instance-out.sql,2372753.81,124221.84
CZ06/OfS&0&rDXHP&New&HV_AirDist__SupFanMtr/NE-HVAC-FanBelt-VBelt-Std/instance-out.sql,115228.47,20935.71
CZ06/OfS&0&rDXHP&New&HV_AirDist__SupFanMtr/NE-HVAC-FanBelt-CoggedVBelt-Msr/instance-out.sql,113863.52,20935.71
CZ06/OfS&0&rDXHP&New&HV_AirDist__SupFanMtr/NE-HVAC-FanBelt-SynchVBelt-Msr/instance-out.sql,111914.99,20935.71
CZ06/RFF&0&rDXHP&New&HV_AirDist__SupFanMtr/NE-HVAC-FanBelt-VBelt-Std/instance-out.sql,69716.43,43853.10
CZ06/RFF&0&rDXHP&New&HV_AirDist__SupFanMtr/NE-HVAC-FanBelt-CoggedVBelt-Msr/instance-out.sql,69258.70,43853.10
CZ06/RFF&0&rDXHP&New&HV_AirDist__SupFanMtr/NE-HVAC-FanBelt-SynchVBelt-Msr/instance-out.sql,68605.38,43853.10
CZ06/RSD&0&rDXHP&New&HV_AirDist__SupFanMtr/NE-HVAC-FanBelt-VBelt-Std/instance-out.sql,115366.87,127260.14
CZ06/RSD&0&rDXHP&New&HV_AirDist__SupFanMtr/NE-HVAC-FanBelt-CoggedVBelt-Msr/instance-out.sql,115149.38,127261.56
CZ06/RSD&0&rDXHP&New&HV_AirDist__SupFanMtr/NE-HVAC-FanBelt-SynchVBelt-Msr/instance-out.sql,114839.00,127263.67
CZ06/Rt3&0&rDXHP&New&HV_AirDist__SupFanMtr/NE-HVAC-FanBelt-VBelt-Std/instance-out.sql,2005165.36,161681.39
CZ06/Rt3&0&rDXHP&New&HV_AirDist__SupFanMtr/NE-HVAC-FanBelt-CoggedVBelt-Msr/instance-out.sql,1984082.21,161681.71
CZ06/Rt3&0&rDXHP&New&HV_AirDist__SupFanMtr/NE-HVAC-FanBelt-SynchVBelt-Msr/instance-out.sql,1953986.86,161682.21
CZ06/RtL&0&rDXHP&New&HV_AirDist__SupFanMtr/NE-HVAC-FanBelt-VBelt-Std/instance-out.sql,1856289.35,159328.75
CZ06/RtL&0&rDXHP&New&HV_AirDist__SupFanMtr/NE-HVAC-FanBelt-CoggedVBelt-Msr/instance-out.sql,1838561.47,159328.75
CZ06/RtL&0&rDXHP&New&HV_AirDist__SupFanMtr/NE-HVAC-FanBelt-SynchVBelt-Msr/instance-out.sql,1813254.37,159328.75
CZ06/RtS&0&rDXHP&New&HV_AirDist__SupFanMtr/NE-HVAC-FanBelt-VBelt-Std/instance-out.sql,118668.35,15038.39
CZ06/RtS&0&rDXHP&New&HV_AirDist__SupFanMtr/NE-HVAC-FanBelt-CoggedVBelt-Msr/instance-out.sql,117387.54,15038.39
CZ06/RtS&0&rDXHP&New&HV_AirDist__SupFanMtr/NE-HVAC-FanBelt-SynchVBelt-Msr/instance-out.sql,115559.89,15038.39
CZ06/SCn&0&rDXHP&New&HV_AirDist__SupFanMtr/NE-HVAC-FanBelt-VBelt-Std/instance-out.sql,3226624.48,79721.22
CZ06/SCn&0&rDXHP&New&HV_AirDist__SupFanMtr/NE-HVAC-FanBelt-CoggedVBelt-Msr/instance-out.sql,3184985.67,79721.22
CZ06/SCn&0&rDXHP&New&HV_AirDist__SupFanMtr/NE-HVAC-FanBelt-SynchVBelt-Msr/instance-out.sql,3125590.86,79721.22
CZ07/Asm&0&rDXHP&New&HV_AirDist__SupFanMtr/NE-HVAC-FanBelt-VBelt-Std/instance-out.sql,666486.39,21274.94
CZ07/Asm&0&rDXHP&New&HV_AirDist__SupFanMtr/NE-HVAC-FanBelt-CoggedVBelt-Msr/instance-out.sql,658870.82,21274.93
CZ07/Asm&0&rDXHP&New&HV_AirDist__SupFanMtr/NE-HVAC-FanBelt-SynchVBelt-Msr/instance-out.sql,648002.25,21274.93
CZ07/ECC&0&rDXHP&New&HV_AirDist__SupFanMtr/NE-HVAC-FanBelt-VBelt-Std/instance-out.sql,2242473.28,480510.17
CZ07/ECC&0&rDXHP&New&HV_AirDist__SupFanMtr/NE-HVAC-FanBelt-CoggedVBelt-Msr/instance-out.sql,2225825.41,480510.18
CZ07/ECC&0&rDXHP&New&HV_AirDist__SupFanMtr/NE-HVAC-FanBelt-SynchVBelt-Msr/instance-out.sql,2202034.39,480510.19
CZ07/EPr&0&rDXHP&New&HV_AirDist__SupFanMtr/NE-HVAC-FanBelt-VBelt-Std/instance-out.sql,275644.23,121698.39
CZ07/EPr&0&rDXHP&New&HV_AirDist__SupFanMtr/NE-HVAC-FanBelt-CoggedVBelt-Msr/instance-out.sql,273407.27,121698.39
CZ07/EPr&0&rDXHP&New&HV_AirDist__SupFanMtr/NE-HVAC-FanBelt-SynchVBelt-Msr/instance-out.sql,270214.88,121698.39
CZ07/ERC&0&rDXHP&New&HV_AirDist__SupFanMtr/NE-HVAC-FanBelt-VBelt-Std/instance-out.sql,9703.10,9045.83
CZ07/ERC&0&rDXHP&New&HV_AirDist__SupFanMtr/NE-HVAC-FanBelt-CoggedVBelt-Msr/instance-out.sql,9590.09,9045.83
CZ07/ERC&0&rDXHP&New&HV_AirDist__SupFanMtr/NE-HVAC-FanBelt-SynchVBelt-Msr/instance-out.sql,9428.84,9045.83
CZ07/ESe&0&rDXHP&New&HV_AirDist__SupFanMtr/NE-HVAC-FanBelt-VBelt-Std/instance-out.sql,844482.34,296823.17
CZ07/ESe&0&rDXHP&New&HV_AirDist__SupFanMtr/NE-HVAC-FanBelt-CoggedVBelt-Msr/instance-out.sql,841759.26,296821.75
CZ07/ESe&0&rDXHP&New&HV_AirDist__SupFanMtr/NE-HVAC-FanBelt-SynchVBelt-Msr/instance-out.sql,837884.10,296824.87
CZ07/EUn&0&rDXHP&New&HV_AirDist__SupFanMtr/NE-HVAC-FanBelt-VBelt-Std/instance-out.sql,7754812.73,823173.21
CZ07/EUn&0&rDXHP&New&HV_AirDist__SupFanMtr/NE-HVAC-FanBelt-CoggedVBelt-Msr/instance-out.sql,7704029.64,823173.21
CZ07/EUn&0&rDXHP&New&HV_AirDist__SupFanMtr/NE-HVAC-FanBelt-SynchVBelt-Msr/instance-out.sql,7631527.91,823173.22
CZ07/Hsp&0&rDXHP&New&HV_AirDist__SupFanMtr/NE-HVAC-FanBelt-VBelt-Std/instance-out.sql,3697226.37,664806.54
CZ07/Hsp&0&rDXHP&New&HV_AirDist__SupFanMtr/NE-HVAC-FanBelt-CoggedVBelt-Msr/instance-out.sql,3685851.05,664847.10
CZ07/Hsp&0&rDXHP&New&HV_AirDist__SupFanMtr/NE-HVAC-FanBelt-SynchVBelt-Msr/instance-out.sql,3669598.39,664953.51
CZ07/MBT&0&rDXHP&New&HV_AirDist__SupFanMtr/NE-HVAC-FanBelt-VBelt-Std/instance-out.sql,3666305.39,1655865.01
CZ07/MBT&0&rDXHP&New&HV_AirDist__SupFanMtr/NE-HVAC-FanBelt-CoggedVBelt-Msr/instance-out.sql,3655779.04,1655925.12
CZ07/MBT&0&rDXHP&New&HV_AirDist__SupFanMtr/NE-HVAC-FanBelt-SynchVBelt-Msr/instance-out.sql,3640748.62,1656014.54
CZ07/MLI&0&rDXHP&New&HV_AirDist__SupFanMtr/NE-HVAC-FanBelt-VBelt-Std/instance-out.sql,1141996.20,45200.69
CZ07/MLI&0&rDXHP&New&HV_AirDist__SupFanMtr/NE-HVAC-FanBelt-CoggedVBelt-Msr/instance-out.sql,1128244.09,45200.69
CZ07/MLI&0&rDXHP&New&HV_AirDist__SupFanMtr/NE-HVAC-FanBelt-SynchVBelt-Msr/instance-out.sql,1108602.17,45200.69
CZ07/Mtl&0&rDXHP&New&HV_AirDist__SupFanMtr/NE-HVAC-FanBelt-VBelt-Std/instance-out.sql,182469.14,7901.54
CZ07/Mtl&0&rDXHP&New&HV_AirDist__SupFanMtr/NE-HVAC-FanBelt-CoggedVBelt-Msr/instance-out.sql,180397.70,7901.54
CZ07/Mtl&0&rDXHP&New&HV_AirDist__SupFanMtr/NE-HVAC-FanBelt-SynchVBelt-Msr/instance-out.sql,177439.64,7901.54
CZ07/Nrs&0&rDXHP&New&HV_AirDist__SupFanMtr/NE-HVAC-FanBelt-VBelt-Std/instance-out.sql,696678.25,194882.54
CZ07/Nrs&0&rDXHP&New&HV_AirDist__SupFanMtr/NE-HVAC-FanBelt-CoggedVBelt-Msr/instance-out.sql,693272.47,194988.28
CZ07/Nrs&0&rDXHP&New&HV_AirDist__SupFanMtr/NE-HVAC-FanBelt-SynchVBelt-Msr/instance-out.sql,688405.70,194966.12
CZ07/OfL&0&rDXHP&New&HV_AirDist__SupFanMtr/NE-HVAC-FanBelt-VBelt-Std/instance-out.sql,2478499.66,126184.94
CZ07/OfL&0&rDXHP&New&HV_AirDist__SupFanMtr/NE-HVAC-FanBelt-CoggedVBelt-Msr/instance-out.sql,2455927.13,126183.84
CZ07/OfL&0&rDXHP&New&HV_AirDist__SupFanMtr/NE-HVAC-FanBelt-SynchVBelt-Msr/instance-out.sql,2423690.97,126183.08
CZ07/OfS&0&rDXHP&New&HV_AirDist__SupFanMtr/NE-HVAC-FanBelt-VBelt-Std/instance-out.sql,118070.55,20727.56
CZ07/OfS&0&rDXHP&New&HV_AirDist__SupFanMtr/NE-HVAC-FanBelt-CoggedVBelt-Msr/instance-out.sql,116699.52,20727.56
CZ07/OfS&0&rDXHP&New&HV_AirDist__SupFanMtr/NE-HVAC-FanBelt-SynchVBelt-Msr/instance-out.sql,114741.60,20727.56
CZ07/RFF&0&rDXHP&New&HV_AirDist__SupFanMtr/NE-HVAC-FanBelt-VBelt-Std/instance-out.sql,70654.26,43622.56
CZ07/RFF&0&rDXHP&New&HV_AirDist__SupFanMtr/NE-HVAC-FanBelt-CoggedVBelt-Msr/instance-out.sql,70196.29,43622.56
CZ07/RFF&0&rDXHP&New&HV_AirDist__SupFanMtr/NE-HVAC-FanBelt-SynchVBelt-Msr/instance-out.sql,69542.52,43622.57
CZ07/RSD&0&rDXHP&New&HV_AirDist__SupFanMtr/NE-HVAC-FanBelt-VBelt-Std/instance-out.sql,120777.22,133961.13
CZ07/RSD&0&rDXHP&New&HV_AirDist__SupFanMtr/NE-HVAC-FanBelt-CoggedVBelt-Msr/instance-out.sql,120557.57,133961.19
CZ07/RSD&0&rDXHP&New&HV_AirDist__SupFanMtr/NE-HVAC-FanBelt-SynchVBelt-Msr/instance-out.sql,120242.59,133955.44
CZ07/Rt3&0&rDXHP&New&HV_AirDist__SupFanMtr/NE-HVAC-FanBelt-VBelt-Std/instance-out.sql,2047422.26,159727.56
CZ07/Rt3&0&rDXHP&New&HV_AirDist__SupFanMtr/NE-HVAC-FanBelt-CoggedVBelt-Msr/instance-out.sql,2026331.37,159727.83
CZ07/Rt3&0&rDXHP&New&HV_AirDist__SupFanMtr/NE-HVAC-FanBelt-SynchVBelt-Msr/instance-out.sql,1996205.39,159728.15
CZ07/RtL&0&rDXHP&New&HV_AirDist__SupFanMtr/NE-HVAC-FanBelt-VBelt-Std/instance-out.sql,1907332.43,157928.16
CZ07/RtL&0&rDXHP&New&HV_AirDist__SupFanMtr/NE-HVAC-FanBelt-CoggedVBelt-Msr/instance-out.sql,1889399.71,157928.16
CZ07/RtL&0&rDXHP&New&HV_AirDist__SupFanMtr/NE-HVAC-FanBelt-SynchVBelt-Msr/instance-out.sql,1863787.43,157928.16
CZ07/RtS&0&rDXHP&New&HV_AirDist__SupFanMtr/NE-HVAC-FanBelt-VBelt-Std/instance-out.sql,121246.18,14927.03
CZ07/RtS&0&rDXHP&New&HV_AirDist__SupFanMtr/NE-HVAC-FanBelt-CoggedVBelt-Msr/instance-out.sql,119968.94,14927.02
CZ07/RtS&0&rDXHP&New&HV_AirDist__SupFanMtr/NE-HVAC-FanBelt-SynchVBelt-Msr/instance-out.sql,118145.64,14927.02
CZ07/SCn&0&rDXHP&New&HV_AirDist__SupFanMtr/NE-HVAC-FanBelt-VBelt-Std/instance-out.sql,3364529.02,78799.66
CZ07/SCn&0&rDXHP&New&HV_AirDist__SupFanMtr/NE-HVAC-FanBelt-CoggedVBelt-Msr/instance-out.sql,3321100.52,78799.66
CZ07/SCn&0&rDXHP&New&HV_AirDist__SupFanMtr/NE-HVAC-FanBelt-SynchVBelt-Msr/instance-out.sql,3259102.74,78799.66
CZ08/Asm&0&rDXHP&New&HV_AirDist__SupFanMtr/NE-HVAC-FanBelt-VBelt-Std/instance-out.sql,699250.14,21249.02
CZ08/Asm&0&rDXHP&New&HV_AirDist__SupFanMtr/NE-HVAC-FanBelt-CoggedVBelt-Msr/instance-out.sql,691483.97,21249.02
CZ08/Asm&0&rDXHP&New&HV_AirDist__SupFanMtr/NE-HVAC-FanBelt-SynchVBelt-Msr/instance-out.sql,680401.60,21249.02
CZ08/ECC&0&rDXHP&New&HV_AirDist__SupFanMtr/NE-HVAC-FanBelt-VBelt-Std/instance-out.sql,2329334.53,479766.40
CZ08/ECC&0&rDXHP&New&HV_AirDist__SupFanMtr/NE-HVAC-FanBelt-CoggedVBelt-Msr/instance-out.sql,2311683.20,479765.89
CZ08/ECC&0&rDXHP&New&HV_AirDist__SupFanMtr/NE-HVAC-FanBelt-SynchVBelt-Msr/instance-out.sql,2286513.25,479769.70
CZ08/EPr&0&rDXHP&New&HV_AirDist__SupFanMtr/NE-HVAC-FanBelt-VBelt-Std/instance-out.sql,285707.18,121554.84
CZ08/EPr&0&rDXHP&New&HV_AirDist__SupFanMtr/NE-HVAC-FanBelt-CoggedVBelt-Msr/instance-out.sql,283386.74,121554.83
CZ08/EPr&0&rDXHP&New&HV_AirDist__SupFanMtr/NE-HVAC-FanBelt-SynchVBelt-Msr/instance-out.sql,280074.12,121554.80
CZ08/ERC&0&rDXHP&New&HV_AirDist__SupFanMtr/NE-HVAC-FanBelt-VBelt-Std/instance-out.sql,10362.73,9040.56
CZ08/ERC&0&rDXHP&New&HV_AirDist__SupFanMtr/NE-HVAC-FanBelt-CoggedVBelt-Msr/instance-out.sql,10241.88,9040.56
CZ08/ERC&0&rDXHP&New&HV_AirDist__SupFanMtr/NE-HVAC-FanBelt-SynchVBelt-Msr/instance-out.sql,10069.03,9040.56
CZ08/ESe&0&rDXHP&New&HV_AirDist__SupFanMtr/NE-HVAC-FanBelt-VBelt-Std/instance-out.sql,896660.48,303204.40
CZ08/ESe&0&rDXHP&New&HV_AirDist__SupFanMtr/NE-HVAC-FanBelt-CoggedVBelt-Msr/instance-out.sql,893718.26,303209.71
CZ08/ESe&0&rDXHP&New&HV_AirDist__SupFanMtr/NE-HVAC-FanBelt-SynchVBelt-Msr/instance-out.sql,889554.64,303210.06
CZ08/EUn&0&rDXHP&New&HV_AirDist__SupFanMtr/NE-HVAC-FanBelt-VBelt-Std/instance-out.sql,7911619.28,821910.49
CZ08/EUn&0&rDXHP&New&HV_AirDist__SupFanMtr/NE-HVAC-FanBelt-CoggedVBelt-Msr/instance-out.sql,7859780.40,821910.43
CZ08/EUn&0&rDXHP&New&HV_AirDist__SupFanMtr/NE-HVAC-FanBelt-SynchVBelt-Msr/instance-out.sql,7785789.82,821910.47
CZ08/Hsp&0&rDXHP&New&HV_AirDist__SupFanMtr/NE-HVAC-FanBelt-VBelt-Std/instance-out.sql,3867630.29,864141.46
CZ08/Hsp&0&rDXHP&New&HV_AirDist__SupFanMtr/NE-HVAC-FanBelt-CoggedVBelt-Msr/instance-out.sql,3855731.64,864218.92
CZ08/Hsp&0&rDXHP&New&HV_AirDist__SupFanMtr/NE-HVAC-FanBelt-SynchVBelt-Msr/instance-out.sql,3838730.47,864313.63
CZ08/MBT&0&rDXHP&New&HV_AirDist__SupFanMtr/NE-HVAC-FanBelt-VBelt-Std/instance-out.sql,3766038.51,1861020.08
CZ08/MBT&0&rDXHP&New&HV_AirDist__SupFanMtr/NE-HVAC-FanBelt-CoggedVBelt-Msr/instance-out.sql,3755258.33,1861091.22
CZ08/MBT&0&rDXHP&New&HV_AirDist__SupFanMtr/NE-HVAC-FanBelt-SynchVBelt-Msr/instance-out.sql,3739869.52,1861195.73
CZ08/MLI&0&rDXHP&New&HV_AirDist__SupFanMtr/NE-HVAC-FanBelt-VBelt-Std/instance-out.sql,1164416.96,45131.34
CZ08/MLI&0&rDXHP&New&HV_AirDist__SupFanMtr/NE-HVAC-FanBelt-CoggedVBelt-Msr/instance-out.sql,1150442.39,45131.34
CZ08/MLI&0&rDXHP&New&HV_AirDist__SupFanMtr/NE-HVAC-FanBelt-SynchVBelt-Msr/instance-out.sql,1130528.97,45131.34
CZ08/Mtl&0&rDXHP&New&HV_AirDist__SupFanMtr/NE-HVAC-FanBelt-VBelt-Std/instance-out.sql,195897.22,7900.22
CZ08/Mtl&0&rDXHP&New&HV_AirDist__SupFanMtr/NE-HVAC-FanBelt-CoggedVBelt-Msr/instance-out.sql,193657.09,7900.22
CZ08/Mtl&0&rDXHP&New&HV_AirDist__SupFanMtr/NE-HVAC-FanBelt-SynchVBelt-Msr/instance-out.sql,190458.23,7900.22
CZ08/Nrs&0&rDXHP&New&HV_AirDist__SupFanMtr/NE-HVAC-FanBelt-VBelt-Std/instance-out.sql,719802.38,204933.18
CZ08/Nrs&0&rDXHP&New&HV_AirDist__SupFanMtr/NE-HVAC-FanBelt-CoggedVBelt-Msr/instance-out.sql,716335.03,205026.24
CZ08/Nrs&0&rDXHP&New&HV_AirDist__SupFanMtr/NE-HVAC-FanBelt-SynchVBelt-Msr/instance-out.sql,711374.87,205039.31
CZ08/OfL&0&rDXHP&New&HV_AirDist__SupFanMtr/NE-HVAC-FanBelt-VBelt-Std/instance-out.sql,2537977.27,138574.10
CZ08/OfL&0&rDXHP&New&HV_AirDist__SupFanMtr/NE-HVAC-FanBelt-CoggedVBelt-Msr/instance-out.sql,2514757.32,138574.09
CZ08/OfL&0&rDXHP&New&HV_AirDist__SupFanMtr/NE-HVAC-FanBelt-SynchVBelt-Msr/instance-out.sql,2481621.89,138575.95
CZ08/OfS&0&rDXHP&New&HV_AirDist__SupFanMtr/NE-HVAC-FanBelt-VBelt-Std/instance-out.sql,123194.64,20699.12
CZ08/OfS&0&rDXHP&New&HV_AirDist__SupFanMtr/NE-HVAC-FanBelt-CoggedVBelt-Msr/instance-out.sql,121749.69,20699.12
CZ08/OfS&0&rDXHP&New&HV_AirDist__SupFanMtr/NE-HVAC-FanBelt-SynchVBelt-Msr/instance-out.sql,119685.51,20699.12
CZ08/RFF&0&rDXHP&New&HV_AirDist__SupFanMtr/NE-HVAC-FanBelt-VBelt-Std/instance-out.sql,75062.69,43591.33
CZ08/RFF&0&rDXHP&New&HV_AirDist__SupFanMtr/NE-HVAC-FanBelt-CoggedVBelt-Msr/instance-out.sql,74566.88,43591.33
CZ08/RFF&0&rDXHP&New&HV_AirDist__SupFanMtr/NE-HVAC-FanBelt-SynchVBelt-Msr/instance-out.sql,73859.33,43591.34
CZ08/RSD&0&rDXHP&New&HV_AirDist__SupFanMtr/NE-HVAC-FanBelt-VBelt-Std/instance-out.sql,128544.21,146708.64
CZ08/RSD&0&rDXHP&New&HV_AirDist__SupFanMtr/NE-HVAC-FanBelt-CoggedVBelt-Msr/instance-out.sql,128316.92,146714.41
CZ08/RSD&0&rDXHP&New&HV_AirDist__SupFanMtr/NE-HVAC-FanBelt-SynchVBelt-Msr/instance-out.sql,127991.27,146716.17
CZ08/Rt3&0&rDXHP&New&HV_AirDist__SupFanMtr/NE-HVAC-FanBelt-VBelt-Std/instance-out.sql,2154892.24,159585.87
CZ08/Rt3&0&rDXHP&New&HV_AirDist__SupFanMtr/NE-HVAC-FanBelt-CoggedVBelt-Msr/instance-out.sql,2132371.74,159586.35
CZ08/Rt3&0&rDXHP&New&HV_AirDist__SupFanMtr/NE-HVAC-FanBelt-SynchVBelt-Msr/instance-out.sql,2100239.24,159586.82
CZ08/RtL&0&rDXHP&New&HV_AirDist__SupFanMtr/NE-HVAC-FanBelt-VBelt-Std/instance-out.sql,1949671.62,157734.91
CZ08/RtL&0&rDXHP&New&HV_AirDist__SupFanMtr/NE-HVAC-FanBelt-CoggedVBelt-Msr/instance-out.sql,1931339.53,157734.91
CZ08/RtL&0&rDXHP&New&HV_AirDist__SupFanMtr/NE-HVAC-FanBelt-SynchVBelt-Msr/instance-out.sql,1905162.90,157734.91
CZ08/RtS&0&rDXHP&New&HV_AirDist__SupFanMtr/NE-HVAC-FanBelt-VBelt-Std/instance-out.sql,131260.43,14911.59
CZ08/RtS&0&rDXHP&New&HV_AirDist__SupFanMtr/NE-HVAC-FanBelt-CoggedVBelt-Msr/instance-out.sql,129838.27,14911.59
CZ08/RtS&0&rDXHP&New&HV_AirDist__SupFanMtr/NE-HVAC-FanBelt-SynchVBelt-Msr/instance-out.sql,127808.53,14911.59
CZ08/SCn&0&rDXHP&New&HV_AirDist__SupFanMtr/NE-HVAC-FanBelt-VBelt-Std/instance-out.sql,3514887.41,78672.33
CZ08/SCn&0&rDXHP&New&HV_AirDist__SupFanMtr/NE-HVAC-FanBelt-CoggedVBelt-Msr/instance-out.sql,3469925.77,78672.33
CZ08/SCn&0&rDXHP&New&HV_AirDist__SupFanMtr/NE-HVAC-FanBelt-SynchVBelt-Msr/instance-out.sql,3405783.96,78672.33
CZ09/Asm&0&rDXHP&New&HV_AirDist__SupFanMtr/NE-HVAC-FanBelt-VBelt-Std/instance-out.sql,719300.54,21045.05
CZ09/Asm&0&rDXHP&New&HV_AirDist__SupFanMtr/NE-HVAC-FanBelt-CoggedVBelt-Msr/instance-out.sql,711318.50,21045.04
CZ09/Asm&0&rDXHP&New&HV_AirDist__SupFanMtr/NE-HVAC-FanBelt-SynchVBelt-Msr/instance-out.sql,699929.81,21045.13
CZ09/ECC&0&rDXHP&New&HV_AirDist__SupFanMtr/NE-HVAC-FanBelt-VBelt-Std/instance-out.sql,2423059.04,474249.74
CZ09/ECC&0&rDXHP&New&HV_AirDist__SupFanMtr/NE-HVAC-FanBelt-CoggedVBelt-Msr/instance-out.sql,2404250.17,474249.71
CZ09/ECC&0&rDXHP&New&HV_AirDist__SupFanMtr/NE-HVAC-FanBelt-SynchVBelt-Msr/instance-out.sql,2377402.63,474249.74
CZ09/EPr&0&rDXHP&New&HV_AirDist__SupFanMtr/NE-HVAC-FanBelt-VBelt-Std/instance-out.sql,286348.32,120554.82
CZ09/EPr&0&rDXHP&New&HV_AirDist__SupFanMtr/NE-HVAC-FanBelt-CoggedVBelt-Msr/instance-out.sql,284083.94,120554.82
CZ09/EPr&0&rDXHP&New&HV_AirDist__SupFanMtr/NE-HVAC-FanBelt-SynchVBelt-Msr/instance-out.sql,280852.21,120554.82
CZ09/ERC&0&rDXHP&New&HV_AirDist__SupFanMtr/NE-HVAC-FanBelt-VBelt-Std/instance-out.sql,10143.43,9004.27
CZ09/ERC&0&rDXHP&New&HV_AirDist__SupFanMtr/NE-HVAC-FanBelt-CoggedVBelt-Msr/instance-out.sql,10027.96,9004.27
CZ09/ERC&0&rDXHP&New&HV_AirDist__SupFanMtr/NE-HVAC-FanBelt-SynchVBelt-Msr/instance-out.sql,9862.90,9004.27
CZ09/ESe&0&rDXHP&New&HV_AirDist__SupFanMtr/NE-HVAC-FanBelt-VBelt-Std/instance-out.sql,924847.11,293952.55
CZ09/ESe&0&rDXHP&New&HV_AirDist__SupFanMtr/NE-HVAC-FanBelt-CoggedVBelt-Msr/instance-out.sql,921766.88,293957.36
CZ09/ESe&0&rDXHP&New&HV_AirDist__SupFanMtr/NE-HVAC-FanBelt-SynchVBelt-Msr/instance-out.sql,917365.93,293955.48
CZ09/EUn&0&rDXHP&New&HV_AirDist__SupFanMtr/NE-HVAC-FanBelt-VBelt-Std/instance-out.sql,8034946.04,812586.72
CZ09/EUn&0&rDXHP&New&HV_AirDist__SupFanMtr/NE-HVAC-FanBelt-CoggedVBelt-Msr/instance-out.sql,7982172.55,812586.76
CZ09/EUn&0&rDXHP&New&HV_AirDist__SupFanMtr/NE-HVAC-FanBelt-SynchVBelt-Msr/instance-out.sql,7906835.49,812586.78
CZ09/Hsp&0&rDXHP&New&HV_AirDist__SupFanMtr/NE-HVAC-FanBelt-VBelt-Std/instance-out.sql,4049497.99,947871.06
CZ09/Hsp&0&rDXHP&New&HV_AirDist__SupFanMtr/NE-HVAC-FanBelt-CoggedVBelt-Msr/instance-out.sql,4037003.75,947904.18
CZ09/Hsp&0&rDXHP&New&HV_AirDist__SupFanMtr/NE-HVAC-FanBelt-SynchVBelt-Msr/instance-out.sql,4019155.44,947998.20
CZ09/MBT&0&rDXHP&New&HV_AirDist__SupFanMtr/NE-HVAC-FanBelt-VBelt-Std/instance-out.sql,3859219.08,1746701.07
CZ09/MBT&0&rDXHP&New&HV_AirDist__SupFanMtr/NE-HVAC-FanBelt-CoggedVBelt-Msr/instance-out.sql,3848043.61,1746762.94
CZ09/MBT&0&rDXHP&New&HV_AirDist__SupFanMtr/NE-HVAC-FanBelt-SynchVBelt-Msr/instance-out.sql,3832090.86,1746853.69
CZ09/MLI&0&rDXHP&New&HV_AirDist__SupFanMtr/NE-HVAC-FanBelt-VBelt-Std/instance-out.sql,1195175.15,44593.05
CZ09/MLI&0&rDXHP&New&HV_AirDist__SupFanMtr/NE-HVAC-FanBelt-CoggedVBelt-Msr/instance-out.sql,1180872.94,44593.05
CZ09/MLI&0&rDXHP&New&HV_AirDist__SupFanMtr/NE-HVAC-FanBelt-SynchVBelt-Msr/instance-out.sql,1160448.78,44593.05
CZ09/Mtl&0&rDXHP&New&HV_AirDist__SupFanMtr/NE-HVAC-FanBelt-VBelt-Std/instance-out.sql,207266.55,7884.42
CZ09/Mtl&0&rDXHP&New&HV_AirDist__SupFanMtr/NE-HVAC-FanBelt-CoggedVBelt-Msr/instance-out.sql,204869.07,7884.42
CZ09/Mtl&0&rDXHP&New&HV_AirDist__SupFanMtr/NE-HVAC-FanBelt-SynchVBelt-Msr/instance-out.sql,201443.15,7884.42
CZ09/Nrs&0&rDXHP&New&HV_AirDist__SupFanMtr/NE-HVAC-FanBelt-VBelt-Std/instance-out.sql,732428.94,199415.79
CZ09/Nrs&0&rDXHP&New&HV_AirDist__SupFanMtr/NE-HVAC-FanBelt-CoggedVBelt-Msr/instance-out.sql,728880.36,199334.68
CZ09/Nrs&0&rDXHP&New&HV_AirDist__SupFanMtr/NE-HVAC-FanBelt-SynchVBelt-Msr/instance-out.sql,723819.62,199436.09
CZ09/OfL&0&rDXHP&New&HV_AirDist__SupFanMtr/NE-HVAC-FanBelt-VBelt-Std/instance-out.sql,2579310.19,144215.06
CZ09/OfL&0&rDXHP&New&HV_AirDist__SupFanMtr/NE-HVAC-FanBelt-CoggedVBelt-Msr/instance-out.sql,2555848.91,144214.79
CZ09/OfL&0&rDXHP&New&HV_AirDist__SupFanMtr/NE-HVAC-FanBelt-SynchVBelt-Msr/instance-out.sql,2522348.21,144215.40
CZ09/OfS&0&rDXHP&New&HV_AirDist__SupFanMtr/NE-HVAC-FanBelt-VBelt-Std/instance-out.sql,122673.49,20473.70
CZ09/OfS&0&rDXHP&New&HV_AirDist__SupFanMtr/NE-HVAC-FanBelt-CoggedVBelt-Msr/instance-out.sql,121251.64,20473.70
CZ09/OfS&0&rDXHP&New&HV_AirDist__SupFanMtr/NE-HVAC-FanBelt-SynchVBelt-Msr/instance-out.sql,119221.52,20473.70
CZ09/RFF&0&rDXHP&New&HV_AirDist__SupFanMtr/NE-HVAC-FanBelt-VBelt-Std/instance-out.sql,78594.49,43341.53
CZ09/RFF&0&rDXHP&New&HV_AirDist__SupFanMtr/NE-HVAC-FanBelt-CoggedVBelt-Msr/instance-out.sql,78069.00,43341.53
CZ09/RFF&0&rDXHP&New&HV_AirDist__SupFanMtr/NE-HVAC-FanBelt-SynchVBelt-Msr/instance-out.sql,77318.60,43341.53
CZ09/RSD&0&rDXHP&New&HV_AirDist__SupFanMtr/NE-HVAC-FanBelt-VBelt-Std/instance-out.sql,132738.76,146726.97
CZ09/RSD&0&rDXHP&New&HV_AirDist__SupFanMtr/NE-HVAC-FanBelt-CoggedVBelt-Msr/instance-out.sql,132516.88,146728.19
CZ09/RSD&0&rDXHP&New&HV_AirDist__SupFanMtr/NE-HVAC-FanBelt-SynchVBelt-Msr/instance-out.sql,132200.03,146730.57
CZ09/Rt3&0&rDXHP&New&HV_AirDist__SupFanMtr/NE-HVAC-FanBelt-VBelt-Std/instance-out.sql,2284714.55,157397.28
CZ09/Rt3&0&rDXHP&New&HV_AirDist__SupFanMtr/NE-HVAC-FanBelt-CoggedVBelt-Msr/instance-out.sql,2260304.53,157397.68
CZ09/Rt3&0&rDXHP&New&HV_AirDist__SupFanMtr/NE-HVAC-FanBelt-SynchVBelt-Msr/instance-out.sql,2225438.11,157398.19
CZ09/RtL&0&rDXHP&New&HV_AirDist__SupFanMtr/NE-HVAC-FanBelt-VBelt-Std/instance-out.sql,1992673.85,156217.12
CZ09/RtL&0&rDXHP&New&HV_AirDist__SupFanMtr/NE-HVAC-FanBelt-CoggedVBelt-Msr/instance-out.sql,1973928.21,156217.12
CZ09/RtL&0&rDXHP&New&HV_AirDist__SupFanMtr/NE-HVAC-FanBelt-SynchVBelt-Msr/instance-out.sql,1947162.04,156217.12
CZ09/RtS&0&rDXHP&New&HV_AirDist__SupFanMtr/NE-HVAC-FanBelt-VBelt-Std/instance-out.sql,136338.83,14791.06
CZ09/RtS&0&rDXHP&New&HV_AirDist__SupFanMtr/NE-HVAC-FanBelt-CoggedVBelt-Msr/instance-out.sql,134851.05,14791.06
CZ09/RtS&0&rDXHP&New&HV_AirDist__SupFanMtr/NE-HVAC-FanBelt-SynchVBelt-Msr/instance-out.sql,132728.06,14791.07
CZ09/SCn&0&rDXHP&New&HV_AirDist__SupFanMtr/NE-HVAC-FanBelt-VBelt-Std/instance-out.sql,3677043.17,77679.29
CZ09/SCn&0&rDXHP&New&HV_AirDist__SupFanMtr/NE-HVAC-FanBelt-CoggedVBelt-Msr/instance-out.sql,3629702.81,77679.29
CZ09/SCn&0&rDXHP&New&HV_AirDist__SupFanMtr/NE-HVAC-FanBelt-SynchVBelt-Msr/instance-out.sql,3562128.07,77679.29
CZ10/Asm&0&rDXHP&New&HV_AirDist__SupFanMtr/NE-HVAC-FanBelt-VBelt-Std/instance-out.sql,803951.52,20928.51
CZ10/Asm&0&rDXHP&New&HV_AirDist__SupFanMtr/NE-HVAC-FanBelt-CoggedVBelt-Msr/instance-out.sql,795671.68,20928.51
CZ10/Asm&0&rDXHP&New&HV_AirDist__SupFanMtr/NE-HVAC-FanBelt-SynchVBelt-Msr/instance-out.sql,783851.38,20928.51
CZ10/ECC&0&rDXHP&New&HV_AirDist__SupFanMtr/NE-HVAC-FanBelt-VBelt-Std/instance-out.sql,2583323.08,469918.02
CZ10/ECC&0&rDXHP&New&HV_AirDist__SupFanMtr/NE-HVAC-FanBelt-CoggedVBelt-Msr/instance-out.sql,2563414.57,469916.30
CZ10/ECC&0&rDXHP&New&HV_AirDist__SupFanMtr/NE-HVAC-FanBelt-SynchVBelt-Msr/instance-out.sql,2535085.76,469917.97
CZ10/EPr&0&rDXHP&New&HV_AirDist__SupFanMtr/NE-HVAC-FanBelt-VBelt-Std/instance-out.sql,308647.38,119724.68
CZ10/EPr&0&rDXHP&New&HV_AirDist__SupFanMtr/NE-HVAC-FanBelt-CoggedVBelt-Msr/instance-out.sql,306275.33,119724.68
CZ10/EPr&0&rDXHP&New&HV_AirDist__SupFanMtr/NE-HVAC-FanBelt-SynchVBelt-Msr/instance-out.sql,302889.45,119724.68
CZ10/ERC&0&rDXHP&New&HV_AirDist__SupFanMtr/NE-HVAC-FanBelt-VBelt-Std/instance-out.sql,11490.44,8973.88
CZ10/ERC&0&rDXHP&New&HV_AirDist__SupFanMtr/NE-HVAC-FanBelt-CoggedVBelt-Msr/instance-out.sql,11362.90,8973.88
CZ10/ERC&0&rDXHP&New&HV_AirDist__SupFanMtr/NE-HVAC-FanBelt-SynchVBelt-Msr/instance-out.sql,11181.79,8973.88
CZ10/ESe&0&rDXHP&New&HV_AirDist__SupFanMtr/NE-HVAC-FanBelt-VBelt-Std/instance-out.sql,998393.42,312291.93
CZ10/ESe&0&rDXHP&New&HV_AirDist__SupFanMtr/NE-HVAC-FanBelt-CoggedVBelt-Msr/instance-out.sql,995113.98,312297.00
CZ10/ESe&0&rDXHP&New&HV_AirDist__SupFanMtr/NE-HVAC-FanBelt-SynchVBelt-Msr/instance-out.sql,990434.92,312304.91
CZ10/EUn&0&rDXHP&New&HV_AirDist__SupFanMtr/NE-HVAC-FanBelt-VBelt-Std/instance-out.sql,8462744.72,806106.35
CZ10/EUn&0&rDXHP&New&HV_AirDist__SupFanMtr/NE-HVAC-FanBelt-CoggedVBelt-Msr/instance-out.sql,8407627.93,806106.45
CZ10/EUn&0&rDXHP&New&HV_AirDist__SupFanMtr/NE-HVAC-FanBelt-SynchVBelt-Msr/instance-out.sql,8328909.74,806106.60
CZ10/Hsp&0&rDXHP&New&HV_AirDist__SupFanMtr/NE-HVAC-FanBelt-VBelt-Std/instance-out.sql,4236236.83,1157282.42
CZ10/Hsp&0&rDXHP&New&HV_AirDist__SupFanMtr/NE-HVAC-FanBelt-CoggedVBelt-Msr/instance-out.sql,4223208.43,1157483.08
CZ10/Hsp&0&rDXHP&New&HV_AirDist__SupFanMtr/NE-HVAC-FanBelt-SynchVBelt-Msr/instance-out.sql,4204737.46,1157618.65
CZ10/MBT&0&rDXHP&New&HV_AirDist__SupFanMtr/NE-HVAC-FanBelt-VBelt-Std/instance-out.sql,4131305.20,2201290.42
CZ10/MBT&0&rDXHP&New&HV_AirDist__SupFanMtr/NE-HVAC-FanBelt-CoggedVBelt-Msr/instance-out.sql,4119671.09,2201372.95
CZ10/MBT&0&rDXHP&New&HV_AirDist__SupFanMtr/NE-HVAC-FanBelt-SynchVBelt-Msr/instance-out.sql,4103060.51,2201493.34
CZ10/MLI&0&rDXHP&New&HV_AirDist__SupFanMtr/NE-HVAC-FanBelt-VBelt-Std/instance-out.sql,1246955.70,44273.60
CZ10/MLI&0&rDXHP&New&HV_AirDist__SupFanMtr/NE-HVAC-FanBelt-CoggedVBelt-Msr/instance-out.sql,1232392.73,44273.60
CZ10/MLI&0&rDXHP&New&HV_AirDist__SupFanMtr/NE-HVAC-FanBelt-SynchVBelt-Msr/instance-out.sql,1211600.40,44273.60
CZ10/Mtl&0&rDXHP&New&HV_AirDist__SupFanMtr/NE-HVAC-FanBelt-VBelt-Std/instance-out.sql,222031.22,7875.39
CZ10/Mtl&0&rDXHP&New&HV_AirDist__SupFanMtr/NE-HVAC-FanBelt-CoggedVBelt-Msr/instance-out.sql,219560.76,7875.39
CZ10/Mtl&0&rDXHP&New&HV_AirDist__SupFanMtr/NE-HVAC-FanBelt-SynchVBelt-Msr/instance-out.sql,216033.08,7875.39
CZ10/Nrs&0&rDXHP&New&HV_AirDist__SupFanMtr/NE-HVAC-FanBelt-VBelt-Std/instance-out.sql,778304.43,217329.84
CZ10/Nrs&0&rDXHP&New&HV_AirDist__SupFanMtr/NE-HVAC-FanBelt-CoggedVBelt-Msr/instance-out.sql,774605.09,217298.29
CZ10/Nrs&0&rDXHP&New&HV_AirDist__SupFanMtr/NE-HVAC-FanBelt-SynchVBelt-Msr/instance-out.sql,769330.07,217392.99
CZ10/OfL&0&rDXHP&New&HV_AirDist__SupFanMtr/NE-HVAC-FanBelt-VBelt-Std/instance-out.sql,2736631.93,158318.98
CZ10/OfL&0&rDXHP&New&HV_AirDist__SupFanMtr/NE-HVAC-FanBelt-CoggedVBelt-Msr/instance-out.sql,2711673.13,158381.36
CZ10/OfL&0&rDXHP&New&HV_AirDist__SupFanMtr/NE-HVAC-FanBelt-SynchVBelt-Msr/instance-out.sql,2676012.46,158220.76
CZ10/OfS&0&rDXHP&New&HV_AirDist__SupFanMtr/NE-HVAC-FanBelt-VBelt-Std/instance-out.sql,133659.46,20343.96
CZ10/OfS&0&rDXHP&New&HV_AirDist__SupFanMtr/NE-HVAC-FanBelt-CoggedVBelt-Msr/instance-out.sql,132122.21,20343.96
CZ10/OfS&0&rDXHP&New&HV_AirDist__SupFanMtr/NE-HVAC-FanBelt-SynchVBelt-Msr/instance-out.sql,129928.02,20343.96
CZ10/RFF&0&rDXHP&New&HV_AirDist__SupFanMtr/NE-HVAC-FanBelt-VBelt-Std/instance-out.sql,83615.21,43201.44
CZ10/RFF&0&rDXHP&New&HV_AirDist__SupFanMtr/NE-HVAC-FanBelt-CoggedVBelt-Msr/instance-out.sql,83063.98,43201.45
CZ10/RFF&0&rDXHP&New&HV_AirDist__SupFanMtr/NE-HVAC-FanBelt-SynchVBelt-Msr/instance-out.sql,82277.49,43201.48
CZ10/RSD&0&rDXHP&New&HV_AirDist__SupFanMtr/NE-HVAC-FanBelt-VBelt-Std/instance-out.sql,147346.65,166119.64
CZ10/RSD&0&rDXHP&New&HV_AirDist__SupFanMtr/NE-HVAC-FanBelt-CoggedVBelt-Msr/instance-out.sql,147108.06,166118.57
CZ10/RSD&0&rDXHP&New&HV_AirDist__SupFanMtr/NE-HVAC-FanBelt-SynchVBelt-Msr/instance-out.sql,146768.12,166121.23
CZ10/Rt3&0&rDXHP&New&HV_AirDist__SupFanMtr/NE-HVAC-FanBelt-VBelt-Std/instance-out.sql,2381994.26,156632.44
CZ10/Rt3&0&rDXHP&New&HV_AirDist__SupFanMtr/NE-HVAC-FanBelt-CoggedVBelt-Msr/instance-out.sql,2357475.93,156631.73
CZ10/Rt3&0&rDXHP&New&HV_AirDist__SupFanMtr/NE-HVAC-FanBelt-SynchVBelt-Msr/instance-out.sql,2322485.38,156632.90
CZ10/RtL&0&rDXHP&New&HV_AirDist__SupFanMtr/NE-HVAC-FanBelt-VBelt-Std/instance-out.sql,2075852.98,155345.03
CZ10/RtL&0&rDXHP&New&HV_AirDist__SupFanMtr/NE-HVAC-FanBelt-CoggedVBelt-Msr/instance-out.sql,2056868.98,155345.03
CZ10/RtL&0&rDXHP&New&HV_AirDist__SupFanMtr/NE-HVAC-FanBelt-SynchVBelt-Msr/instance-out.sql,2029758.66,155345.04
CZ10/RtS&0&rDXHP&New&HV_AirDist__SupFanMtr/NE-HVAC-FanBelt-VBelt-Std/instance-out.sql,149106.17,14721.25
CZ10/RtS&0&rDXHP&New&HV_AirDist__SupFanMtr/NE-HVAC-FanBelt-CoggedVBelt-Msr/instance-out.sql,147510.77,14721.25
CZ10/RtS&0&rDXHP&New&HV_AirDist__SupFanMtr/NE-HVAC-FanBelt-SynchVBelt-Msr/instance-out.sql,145238.96,14721.25
CZ10/SCn&0&rDXHP&New&HV_AirDist__SupFanMtr/NE-HVAC-FanBelt-VBelt-Std/instance-out.sql,3833102.88,77087.01
CZ10/SCn&0&rDXHP&New&HV_AirDist__SupFanMtr/NE-HVAC-FanBelt-CoggedVBelt-Msr/instance-out.sql,3786626.61,77087.01
CZ10/SCn&0&rDXHP&New&HV_AirDist__SupFanMtr/NE-HVAC-FanBelt-SynchVBelt-Msr/instance-out.sql,3720569.82,77087.01
CZ11/Asm&0&rDXHP&New&HV_AirDist__SupFanMtr/NE-HVAC-FanBelt-VBelt-Std/instance-out.sql,847790.85,21261.05
CZ11/Asm&0&rDXHP&New&HV_AirDist__SupFanMtr/NE-HVAC-FanBelt-CoggedVBelt-Msr/instance-out.sql,839863.65,21261.05
CZ11/Asm&0&rDXHP&New&HV_AirDist__SupFanMtr/NE-HVAC-FanBelt-SynchVBelt-Msr/instance-out.sql,828548.52,21261.07
CZ11/ECC&0&rDXHP&New&HV_AirDist__SupFanMtr/NE-HVAC-FanBelt-VBelt-Std/instance-out.sql,2481324.83,477770.35
CZ11/ECC&0&rDXHP&New&HV_AirDist__SupFanMtr/NE-HVAC-FanBelt-CoggedVBelt-Msr/instance-out.sql,2463719.21,477772.94
CZ11/ECC&0&rDXHP&New&HV_AirDist__SupFanMtr/NE-HVAC-FanBelt-SynchVBelt-Msr/instance-out.sql,2438568.94,477770.07
CZ11/EPr&0&rDXHP&New&HV_AirDist__SupFanMtr/NE-HVAC-FanBelt-VBelt-Std/instance-out.sql,316700.89,121193.31
CZ11/EPr&0&rDXHP&New&HV_AirDist__SupFanMtr/NE-HVAC-FanBelt-CoggedVBelt-Msr/instance-out.sql,314377.38,121193.32
CZ11/EPr&0&rDXHP&New&HV_AirDist__SupFanMtr/NE-HVAC-FanBelt-SynchVBelt-Msr/instance-out.sql,311059.53,121193.31
CZ11/ERC&0&rDXHP&New&HV_AirDist__SupFanMtr/NE-HVAC-FanBelt-VBelt-Std/instance-out.sql,12599.47,9026.90
CZ11/ERC&0&rDXHP&New&HV_AirDist__SupFanMtr/NE-HVAC-FanBelt-CoggedVBelt-Msr/instance-out.sql,12468.40,9026.90
CZ11/ERC&0&rDXHP&New&HV_AirDist__SupFanMtr/NE-HVAC-FanBelt-SynchVBelt-Msr/instance-out.sql,12279.81,9026.90
CZ11/ESe&0&rDXHP&New&HV_AirDist__SupFanMtr/NE-HVAC-FanBelt-VBelt-Std/instance-out.sql,903037.81,358730.74
CZ11/ESe&0&rDXHP&New&HV_AirDist__SupFanMtr/NE-HVAC-FanBelt-CoggedVBelt-Msr/instance-out.sql,900224.47,358740.57
CZ11/ESe&0&rDXHP&New&HV_AirDist__SupFanMtr/NE-HVAC-FanBelt-SynchVBelt-Msr/instance-out.sql,896220.68,358816.54
CZ11/EUn&0&rDXHP&New&HV_AirDist__SupFanMtr/NE-HVAC-FanBelt-VBelt-Std/instance-out.sql,8492737.55,821308.55
CZ11/EUn&0&rDXHP&New&HV_AirDist__SupFanMtr/NE-HVAC-FanBelt-CoggedVBelt-Msr/instance-out.sql,8438847.40,821310.22
CZ11/EUn&0&rDXHP&New&HV_AirDist__SupFanMtr/NE-HVAC-FanBelt-SynchVBelt-Msr/instance-out.sql,8361944.88,821317.12
CZ11/Hsp&0&rDXHP&New&HV_AirDist__SupFanMtr/NE-HVAC-FanBelt-VBelt-Std/instance-out.sql,4029582.13,993811.99
CZ11/Hsp&0&rDXHP&New&HV_AirDist__SupFanMtr/NE-HVAC-FanBelt-CoggedVBelt-Msr/instance-out.sql,4018781.44,994026.03
CZ11/Hsp&0&rDXHP&New&HV_AirDist__SupFanMtr/NE-HVAC-FanBelt-SynchVBelt-Msr/instance-out.sql,4003266.91,994241.68
CZ11/MBT&0&rDXHP&New&HV_AirDist__SupFanMtr/NE-HVAC-FanBelt-VBelt-Std/instance-out.sql,4264964.96,2964048.75
CZ11/MBT&0&rDXHP&New&HV_AirDist__SupFanMtr/NE-HVAC-FanBelt-CoggedVBelt-Msr/instance-out.sql,4253315.10,2964226.62
CZ11/MBT&0&rDXHP&New&HV_AirDist__SupFanMtr/NE-HVAC-FanBelt-SynchVBelt-Msr/instance-out.sql,4236691.88,2964483.16
CZ11/MLI&0&rDXHP&New&HV_AirDist__SupFanMtr/NE-HVAC-FanBelt-VBelt-Std/instance-out.sql,1282250.39,45147.97
CZ11/MLI&0&rDXHP&New&HV_AirDist__SupFanMtr/NE-HVAC-FanBelt-CoggedVBelt-Msr/instance-out.sql,1267703.45,45147.97
CZ11/MLI&0&rDXHP&New&HV_AirDist__SupFanMtr/NE-HVAC-FanBelt-SynchVBelt-Msr/instance-out.sql,1246953.09,45147.97
CZ11/Mtl&0&rDXHP&New&HV_AirDist__SupFanMtr/NE-HVAC-FanBelt-VBelt-Std/instance-out.sql,229157.11,8337.42
CZ11/Mtl&0&rDXHP&New&HV_AirDist__SupFanMtr/NE-HVAC-FanBelt-CoggedVBelt-Msr/instance-out.sql,226715.96,8341.12
CZ11/Mtl&0&rDXHP&New&HV_AirDist__SupFanMtr/NE-HVAC-FanBelt-SynchVBelt-Msr/instance-out.sql,223227.85,8346.98
CZ11/Nrs&0&rDXHP&New&HV_AirDist__SupFanMtr/NE-HVAC-FanBelt-VBelt-Std/instance-out.sql,788681.77,251665.90
CZ11/Nrs&0&rDXHP&New&HV_AirDist__SupFanMtr/NE-HVAC-FanBelt-CoggedVBelt-Msr/instance-out.sql,785016.98,251856.02
CZ11/Nrs&0&rDXHP&New&HV_AirDist__SupFanMtr/NE-HVAC-FanBelt-SynchVBelt-Msr/instance-out.sql,779770.48,252019.92
CZ11/OfL&0&rDXHP&New&HV_AirDist__SupFanMtr/NE-HVAC-FanBelt-VBelt-Std/instance-out.sql,2724722.47,182014.41
CZ11/OfL&0&rDXHP&New&HV_AirDist__SupFanMtr/NE-HVAC-FanBelt-CoggedVBelt-Msr/instance-out.sql,2700191.30,182016.90
CZ11/OfL&0&rDXHP&New&HV_AirDist__SupFanMtr/NE-HVAC-FanBelt-SynchVBelt-Msr/instance-out.sql,2665158.91,181985.13
CZ11/OfS&0&rDXHP&New&HV_AirDist__SupFanMtr/NE-HVAC-FanBelt-VBelt-Std/instance-out.sql,135311.77,20711.85
CZ11/OfS&0&rDXHP&New&HV_AirDist__SupFanMtr/NE-HVAC-FanBelt-CoggedVBelt-Msr/instance-out.sql,133809.49,20711.85
CZ11/OfS&0&rDXHP&New&HV_AirDist__SupFanMtr/NE-HVAC-FanBelt-SynchVBelt-Msr/instance-out.sql,131667.95,20711.85
CZ11/RFF&0&rDXHP&New&HV_AirDist__SupFanMtr/NE-HVAC-FanBelt-VBelt-Std/instance-out.sql,71034.38,43604.95
CZ11/RFF&0&rDXHP&New&HV_AirDist__SupFanMtr/NE-HVAC-FanBelt-CoggedVBelt-Msr/instance-out.sql,70620.71,43604.94
CZ11/RFF&0&rDXHP&New&HV_AirDist__SupFanMtr/NE-HVAC-FanBelt-SynchVBelt-Msr/instance-out.sql,70030.35,43604.94
CZ11/RSD&0&rDXHP&New&HV_AirDist__SupFanMtr/NE-HVAC-FanBelt-VBelt-Std/instance-out.sql,151167.98,181865.76
CZ11/RSD&0&rDXHP&New&HV_AirDist__SupFanMtr/NE-HVAC-FanBelt-CoggedVBelt-Msr/instance-out.sql,150939.60,181867.30
CZ11/RSD&0&rDXHP&New&HV_AirDist__SupFanMtr/NE-HVAC-FanBelt-SynchVBelt-Msr/instance-out.sql,150613.70,181870.38
CZ11/Rt3&0&rDXHP&New&HV_AirDist__SupFanMtr/NE-HVAC-FanBelt-VBelt-Std/instance-out.sql,2051382.55,160237.13
CZ11/Rt3&0&rDXHP&New&HV_AirDist__SupFanMtr/NE-HVAC-FanBelt-CoggedVBelt-Msr/instance-out.sql,2032686.56,160247.44
CZ11/Rt3&0&rDXHP&New&HV_AirDist__SupFanMtr/NE-HVAC-FanBelt-SynchVBelt-Msr/instance-out.sql,2005935.92,160258.27
CZ11/RtL&0&rDXHP&New&HV_AirDist__SupFanMtr/NE-HVAC-FanBelt-VBelt-Std/instance-out.sql,2127637.72,157826.67
CZ11/RtL&0&rDXHP&New&HV_AirDist__SupFanMtr/NE-HVAC-FanBelt-CoggedVBelt-Msr/instance-out.sql,2108318.95,157826.67
CZ11/RtL&0&rDXHP&New&HV_AirDist__SupFanMtr/NE-HVAC-FanBelt-SynchVBelt-Msr/instance-out.sql,2080809.00,157826.67
CZ11/RtS&0&rDXHP&New&HV_AirDist__SupFanMtr/NE-HVAC-FanBelt-VBelt-Std/instance-out.sql,123871.61,14917.72
CZ11/RtS&0&rDXHP&New&HV_AirDist__SupFanMtr/NE-HVAC-FanBelt-CoggedVBelt-Msr/instance-out.sql,122764.90,14917.72
CZ11/RtS&0&rDXHP&New&HV_AirDist__SupFanMtr/NE-HVAC-FanBelt-SynchVBelt-Msr/instance-out.sql,121185.56,14917.72
CZ11/SCn&0&rDXHP&New&HV_AirDist__SupFanMtr/NE-HVAC-FanBelt-VBelt-Std/instance-out.sql,4214287.90,78694.86
CZ11/SCn&0&rDXHP&New&HV_AirDist__SupFanMtr/NE-HVAC-FanBelt-CoggedVBelt-Msr/instance-out.sql,4165587.13,78694.87
CZ11/SCn&0&rDXHP&New&HV_AirDist__SupFanMtr/NE-HVAC-FanBelt-SynchVBelt-Msr/instance-out.sql,4095376.19,78694.86
CZ12/Asm&0&rDXHP&New&HV_AirDist__SupFanMtr/NE-HVAC-FanBelt-VBelt-Std/instance-out.sql,789807.49,21673.75
CZ12/Asm&0&rDXHP&New&HV_AirDist__SupFanMtr/NE-HVAC-FanBelt-CoggedVBelt-Msr/instance-out.sql,782175.28,21673.75
CZ12/Asm&0&rDXHP&New&HV_AirDist__SupFanMtr/NE-HVAC-FanBelt-SynchVBelt-Msr/instance-out.sql,771282.80,21673.75
CZ12/ECC&0&rDXHP&New&HV_AirDist__SupFanMtr/NE-HVAC-FanBelt-VBelt-Std/instance-out.sql,2344974.44,490056.71
CZ12/ECC&0&rDXHP&New&HV_AirDist__SupFanMtr/NE-HVAC-FanBelt-CoggedVBelt-Msr/instance-out.sql,2328629.59,490046.28
CZ12/ECC&0&rDXHP&New&HV_AirDist__SupFanMtr/NE-HVAC-FanBelt-SynchVBelt-Msr/instance-out.sql,2305391.11,490052.76
CZ12/EPr&0&rDXHP&New&HV_AirDist__SupFanMtr/NE-HVAC-FanBelt-VBelt-Std/instance-out.sql,297527.77,123381.44
CZ12/EPr&0&rDXHP&New&HV_AirDist__SupFanMtr/NE-HVAC-FanBelt-CoggedVBelt-Msr/instance-out.sql,295343.98,123381.44
CZ12/EPr&0&rDXHP&New&HV_AirDist__SupFanMtr/NE-HVAC-FanBelt-SynchVBelt-Msr/instance-out.sql,292223.94,123381.43
CZ12/ERC&0&rDXHP&New&HV_AirDist__SupFanMtr/NE-HVAC-FanBelt-VBelt-Std/instance-out.sql,11314.92,9106.52
CZ12/ERC&0&rDXHP&New&HV_AirDist__SupFanMtr/NE-HVAC-FanBelt-CoggedVBelt-Msr/instance-out.sql,11201.24,9106.52
CZ12/ERC&0&rDXHP&New&HV_AirDist__SupFanMtr/NE-HVAC-FanBelt-SynchVBelt-Msr/instance-out.sql,11036.67,9106.52
CZ12/ESe&0&rDXHP&New&HV_AirDist__SupFanMtr/NE-HVAC-FanBelt-VBelt-Std/instance-out.sql,858639.39,367025.54
CZ12/ESe&0&rDXHP&New&HV_AirDist__SupFanMtr/NE-HVAC-FanBelt-CoggedVBelt-Msr/instance-out.sql,856045.29,367034.26
CZ12/ESe&0&rDXHP&New&HV_AirDist__SupFanMtr/NE-HVAC-FanBelt-SynchVBelt-Msr/instance-out.sql,852372.37,367047.09
CZ12/EUn&0&rDXHP&New&HV_AirDist__SupFanMtr/NE-HVAC-FanBelt-VBelt-Std/instance-out.sql,8147356.98,841116.80
CZ12/EUn&0&rDXHP&New&HV_AirDist__SupFanMtr/NE-HVAC-FanBelt-CoggedVBelt-Msr/instance-out.sql,8096180.11,841119.57
CZ12/EUn&0&rDXHP&New&HV_AirDist__SupFanMtr/NE-HVAC-FanBelt-SynchVBelt-Msr/instance-out.sql,8023108.03,841123.36
CZ12/Hsp&0&rDXHP&New&HV_AirDist__SupFanMtr/NE-HVAC-FanBelt-VBelt-Std/instance-out.sql,3865890.57,974659.50
CZ12/Hsp&0&rDXHP&New&HV_AirDist__SupFanMtr/NE-HVAC-FanBelt-CoggedVBelt-Msr/instance-out.sql,3855380.43,974903.71
CZ12/Hsp&0&rDXHP&New&HV_AirDist__SupFanMtr/NE-HVAC-FanBelt-SynchVBelt-Msr/instance-out.sql,3840321.01,975225.80
CZ12/MBT&0&rDXHP&New&HV_AirDist__SupFanMtr/NE-HVAC-FanBelt-VBelt-Std/instance-out.sql,3988577.39,2993307.43
CZ12/MBT&0&rDXHP&New&HV_AirDist__SupFanMtr/NE-HVAC-FanBelt-CoggedVBelt-Msr/instance-out.sql,3977861.13,2993471.07
CZ12/MBT&0&rDXHP&New&HV_AirDist__SupFanMtr/NE-HVAC-FanBelt-SynchVBelt-Msr/instance-out.sql,3962568.53,2993705.87
CZ12/MLI&0&rDXHP&New&HV_AirDist__SupFanMtr/NE-HVAC-FanBelt-VBelt-Std/instance-out.sql,1217201.67,46247.06
CZ12/MLI&0&rDXHP&New&HV_AirDist__SupFanMtr/NE-HVAC-FanBelt-CoggedVBelt-Msr/instance-out.sql,1203311.92,46247.06
CZ12/MLI&0&rDXHP&New&HV_AirDist__SupFanMtr/NE-HVAC-FanBelt-SynchVBelt-Msr/instance-out.sql,1183498.72,46247.06
CZ12/Mtl&0&rDXHP&New&HV_AirDist__SupFanMtr/NE-HVAC-FanBelt-VBelt-Std/instance-out.sql,210011.75,8636.04
CZ12/Mtl&0&rDXHP&New&HV_AirDist__SupFanMtr/NE-HVAC-FanBelt-CoggedVBelt-Msr/instance-out.sql,207778.81,8638.34
CZ12/Mtl&0&rDXHP&New&HV_AirDist__SupFanMtr/NE-HVAC-FanBelt-SynchVBelt-Msr/instance-out.sql,204589.40,8642.21
CZ12/Nrs&0&rDXHP&New&HV_AirDist__SupFanMtr/NE-HVAC-FanBelt-VBelt-Std/instance-out.sql,744327.98,241571.62
CZ12/Nrs&0&rDXHP&New&HV_AirDist__SupFanMtr/NE-HVAC-FanBelt-CoggedVBelt-Msr/instance-out.sql,740884.09,241697.68
CZ12/Nrs&0&rDXHP&New&HV_AirDist__SupFanMtr/NE-HVAC-FanBelt-SynchVBelt-Msr/instance-out.sql,735974.76,241791.93
CZ12/OfL&0&rDXHP&New&HV_AirDist__SupFanMtr/NE-HVAC-FanBelt-VBelt-Std/instance-out.sql,2585087.74,176254.21
CZ12/OfL&0&rDXHP&New&HV_AirDist__SupFanMtr/NE-HVAC-FanBelt-CoggedVBelt-Msr/instance-out.sql,2562012.01,176256.52
CZ12/OfL&0&rDXHP&New&HV_AirDist__SupFanMtr/NE-HVAC-FanBelt-SynchVBelt-Msr/instance-out.sql,2529110.67,176252.10
CZ12/OfS&0&rDXHP&New&HV_AirDist__SupFanMtr/NE-HVAC-FanBelt-VBelt-Std/instance-out.sql,125097.14,21169.01
CZ12/OfS&0&rDXHP&New&HV_AirDist__SupFanMtr/NE-HVAC-FanBelt-CoggedVBelt-Msr/instance-out.sql,123727.16,21169.01
CZ12/OfS&0&rDXHP&New&HV_AirDist__SupFanMtr/NE-HVAC-FanBelt-SynchVBelt-Msr/instance-out.sql,121774.48,21169.01
CZ12/RFF&0&rDXHP&New&HV_AirDist__SupFanMtr/NE-HVAC-FanBelt-VBelt-Std/instance-out.sql,67236.12,44111.22
CZ12/RFF&0&rDXHP&New&HV_AirDist__SupFanMtr/NE-HVAC-FanBelt-CoggedVBelt-Msr/instance-out.sql,66853.47,44111.22
CZ12/RFF&0&rDXHP&New&HV_AirDist__SupFanMtr/NE-HVAC-FanBelt-SynchVBelt-Msr/instance-out.sql,66307.39,44111.22
CZ12/RSD&0&rDXHP&New&HV_AirDist__SupFanMtr/NE-HVAC-FanBelt-VBelt-Std/instance-out.sql,138283.57,170387.54
CZ12/RSD&0&rDXHP&New&HV_AirDist__SupFanMtr/NE-HVAC-FanBelt-CoggedVBelt-Msr/instance-out.sql,138070.39,170390.41
CZ12/RSD&0&rDXHP&New&HV_AirDist__SupFanMtr/NE-HVAC-FanBelt-SynchVBelt-Msr/instance-out.sql,137766.24,170393.85
CZ12/Rt3&0&rDXHP&New&HV_AirDist__SupFanMtr/NE-HVAC-FanBelt-VBelt-Std/instance-out.sql,1976685.76,164855.31
CZ12/Rt3&0&rDXHP&New&HV_AirDist__SupFanMtr/NE-HVAC-FanBelt-CoggedVBelt-Msr/instance-out.sql,1958550.56,164863.33
CZ12/Rt3&0&rDXHP&New&HV_AirDist__SupFanMtr/NE-HVAC-FanBelt-SynchVBelt-Msr/instance-out.sql,1932701.54,164875.35
CZ12/RtL&0&rDXHP&New&HV_AirDist__SupFanMtr/NE-HVAC-FanBelt-VBelt-Std/instance-out.sql,2011910.89,160905.35
CZ12/RtL&0&rDXHP&New&HV_AirDist__SupFanMtr/NE-HVAC-FanBelt-CoggedVBelt-Msr/instance-out.sql,1993887.76,160905.36
CZ12/RtL&0&rDXHP&New&HV_AirDist__SupFanMtr/NE-HVAC-FanBelt-SynchVBelt-Msr/instance-out.sql,1968162.91,160905.36
CZ12/RtS&0&rDXHP&New&HV_AirDist__SupFanMtr/NE-HVAC-FanBelt-VBelt-Std/instance-out.sql,118764.00,15162.79
CZ12/RtS&0&rDXHP&New&HV_AirDist__SupFanMtr/NE-HVAC-FanBelt-CoggedVBelt-Msr/instance-out.sql,117694.07,15162.78
CZ12/RtS&0&rDXHP&New&HV_AirDist__SupFanMtr/NE-HVAC-FanBelt-SynchVBelt-Msr/instance-out.sql,116167.75,15162.78
CZ12/SCn&0&rDXHP&New&HV_AirDist__SupFanMtr/NE-HVAC-FanBelt-VBelt-Std/instance-out.sql,3719803.01,80722.46
CZ12/SCn&0&rDXHP&New&HV_AirDist__SupFanMtr/NE-HVAC-FanBelt-CoggedVBelt-Msr/instance-out.sql,3677984.52,80722.46
CZ12/SCn&0&rDXHP&New&HV_AirDist__SupFanMtr/NE-HVAC-FanBelt-SynchVBelt-Msr/instance-out.sql,3618288.67,80722.46
CZ13/Asm&0&rDXHP&New&HV_AirDist__SupFanMtr/NE-HVAC-FanBelt-VBelt-Std/instance-out.sql,856515.94,20831.15
CZ13/Asm&0&rDXHP&New&HV_AirDist__SupFanMtr/NE-HVAC-FanBelt-CoggedVBelt-Msr/instance-out.sql,848434.54,20831.15
CZ13/Asm&0&rDXHP&New&HV_AirDist__SupFanMtr/NE-HVAC-FanBelt-SynchVBelt-Msr/instance-out.sql,836896.99,20831.15
CZ13/ECC&0&rDXHP&New&HV_AirDist__SupFanMtr/NE-HVAC-FanBelt-VBelt-Std/instance-out.sql,2520097.81,466025.95
CZ13/ECC&0&rDXHP&New&HV_AirDist__SupFanMtr/NE-HVAC-FanBelt-CoggedVBelt-Msr/instance-out.sql,2502191.61,466025.91
CZ13/ECC&0&rDXHP&New&HV_AirDist__SupFanMtr/NE-HVAC-FanBelt-SynchVBelt-Msr/instance-out.sql,2476569.20,466024.82
CZ13/EPr&0&rDXHP&New&HV_AirDist__SupFanMtr/NE-HVAC-FanBelt-VBelt-Std/instance-out.sql,323377.57,119059.11
CZ13/EPr&0&rDXHP&New&HV_AirDist__SupFanMtr/NE-HVAC-FanBelt-CoggedVBelt-Msr/instance-out.sql,320977.38,119059.08
CZ13/EPr&0&rDXHP&New&HV_AirDist__SupFanMtr/NE-HVAC-FanBelt-SynchVBelt-Msr/instance-out.sql,317558.43,119059.08
CZ13/ERC&0&rDXHP&New&HV_AirDist__SupFanMtr/NE-HVAC-FanBelt-VBelt-Std/instance-out.sql,13178.94,8949.56
CZ13/ERC&0&rDXHP&New&HV_AirDist__SupFanMtr/NE-HVAC-FanBelt-CoggedVBelt-Msr/instance-out.sql,13038.05,8949.56
CZ13/ERC&0&rDXHP&New&HV_AirDist__SupFanMtr/NE-HVAC-FanBelt-SynchVBelt-Msr/instance-out.sql,12836.98,8949.56
CZ13/ESe&0&rDXHP&New&HV_AirDist__SupFanMtr/NE-HVAC-FanBelt-VBelt-Std/instance-out.sql,914795.48,338292.09
CZ13/ESe&0&rDXHP&New&HV_AirDist__SupFanMtr/NE-HVAC-FanBelt-CoggedVBelt-Msr/instance-out.sql,911914.17,338301.72
CZ13/ESe&0&rDXHP&New&HV_AirDist__SupFanMtr/NE-HVAC-FanBelt-SynchVBelt-Msr/instance-out.sql,907843.60,338314.92
CZ13/EUn&0&rDXHP&New&HV_AirDist__SupFanMtr/NE-HVAC-FanBelt-VBelt-Std/instance-out.sql,8576869.37,801023.38
CZ13/EUn&0&rDXHP&New&HV_AirDist__SupFanMtr/NE-HVAC-FanBelt-CoggedVBelt-Msr/instance-out.sql,8522625.31,801024.96
CZ13/EUn&0&rDXHP&New&HV_AirDist__SupFanMtr/NE-HVAC-FanBelt-SynchVBelt-Msr/instance-out.sql,8445231.24,801027.40
CZ13/Hsp&0&rDXHP&New&HV_AirDist__SupFanMtr/NE-HVAC-FanBelt-VBelt-Std/instance-out.sql,4159157.38,977776.07
CZ13/Hsp&0&rDXHP&New&HV_AirDist__SupFanMtr/NE-HVAC-FanBelt-CoggedVBelt-Msr/instance-out.sql,4148221.73,977774.90
CZ13/Hsp&0&rDXHP&New&HV_AirDist__SupFanMtr/NE-HVAC-FanBelt-SynchVBelt-Msr/instance-out.sql,4132567.68,977925.53
CZ13/MBT&0&rDXHP&New&HV_AirDist__SupFanMtr/NE-HVAC-FanBelt-VBelt-Std/instance-out.sql,4341509.53,2646122.83
CZ13/MBT&0&rDXHP&New&HV_AirDist__SupFanMtr/NE-HVAC-FanBelt-CoggedVBelt-Msr/instance-out.sql,4329800.92,2646272.21
CZ13/MBT&0&rDXHP&New&HV_AirDist__SupFanMtr/NE-HVAC-FanBelt-SynchVBelt-Msr/instance-out.sql,4313090.90,2646487.43
CZ13/MLI&0&rDXHP&New&HV_AirDist__SupFanMtr/NE-HVAC-FanBelt-VBelt-Std/instance-out.sql,1297094.35,44009.19
CZ13/MLI&0&rDXHP&New&HV_AirDist__SupFanMtr/NE-HVAC-FanBelt-CoggedVBelt-Msr/instance-out.sql,1282343.42,44009.19
CZ13/MLI&0&rDXHP&New&HV_AirDist__SupFanMtr/NE-HVAC-FanBelt-SynchVBelt-Msr/instance-out.sql,1261295.89,44009.19
CZ13/Mtl&0&rDXHP&New&HV_AirDist__SupFanMtr/NE-HVAC-FanBelt-VBelt-Std/instance-out.sql,230417.05,8310.17
CZ13/Mtl&0&rDXHP&New&HV_AirDist__SupFanMtr/NE-HVAC-FanBelt-CoggedVBelt-Msr/instance-out.sql,228007.31,8312.16
CZ13/Mtl&0&rDXHP&New&HV_AirDist__SupFanMtr/NE-HVAC-FanBelt-SynchVBelt-Msr/instance-out.sql,224569.37,8314.70
CZ13/Nrs&0&rDXHP&New&HV_AirDist__SupFanMtr/NE-HVAC-FanBelt-VBelt-Std/instance-out.sql,802000.69,237363.72
CZ13/Nrs&0&rDXHP&New&HV_AirDist__SupFanMtr/NE-HVAC-FanBelt-CoggedVBelt-Msr/instance-out.sql,798273.88,237451.15
CZ13/Nrs&0&rDXHP&New&HV_AirDist__SupFanMtr/NE-HVAC-FanBelt-SynchVBelt-Msr/instance-out.sql,792959.64,237577.15
CZ13/OfL&0&rDXHP&New&HV_AirDist__SupFanMtr/NE-HVAC-FanBelt-VBelt-Std/instance-out.sql,2745110.99,174608.64
CZ13/OfL&0&rDXHP&New&HV_AirDist__SupFanMtr/NE-HVAC-FanBelt-CoggedVBelt-Msr/instance-out.sql,2720657.85,174606.65
CZ13/OfL&0&rDXHP&New&HV_AirDist__SupFanMtr/NE-HVAC-FanBelt-SynchVBelt-Msr/instance-out.sql,2685767.51,174620.66
CZ13/OfS&0&rDXHP&New&HV_AirDist__SupFanMtr/NE-HVAC-FanBelt-VBelt-Std/instance-out.sql,136724.86,20235.87
CZ13/OfS&0&rDXHP&New&HV_AirDist__SupFanMtr/NE-HVAC-FanBelt-CoggedVBelt-Msr/instance-out.sql,135218.77,20235.87
CZ13/OfS&0&rDXHP&New&HV_AirDist__SupFanMtr/NE-HVAC-FanBelt-SynchVBelt-Msr/instance-out.sql,133067.60,20235.87
CZ13/RFF&0&rDXHP&New&HV_AirDist__SupFanMtr/NE-HVAC-FanBelt-VBelt-Std/instance-out.sql,72603.78,43077.78
CZ13/RFF&0&rDXHP&New&HV_AirDist__SupFanMtr/NE-HVAC-FanBelt-CoggedVBelt-Msr/instance-out.sql,72184.32,43077.79
CZ13/RFF&0&rDXHP&New&HV_AirDist__SupFanMtr/NE-HVAC-FanBelt-SynchVBelt-Msr/instance-out.sql,71585.94,43077.79
CZ13/RSD&0&rDXHP&New&HV_AirDist__SupFanMtr/NE-HVAC-FanBelt-VBelt-Std/instance-out.sql,156915.83,182283.12
CZ13/RSD&0&rDXHP&New&HV_AirDist__SupFanMtr/NE-HVAC-FanBelt-CoggedVBelt-Msr/instance-out.sql,156679.92,182285.24
CZ13/RSD&0&rDXHP&New&HV_AirDist__SupFanMtr/NE-HVAC-FanBelt-SynchVBelt-Msr/instance-out.sql,156344.71,182290.52
CZ13/Rt3&0&rDXHP&New&HV_AirDist__SupFanMtr/NE-HVAC-FanBelt-VBelt-Std/instance-out.sql,2082207.61,155613.80
CZ13/Rt3&0&rDXHP&New&HV_AirDist__SupFanMtr/NE-HVAC-FanBelt-CoggedVBelt-Msr/instance-out.sql,2063138.96,155619.32
CZ13/Rt3&0&rDXHP&New&HV_AirDist__SupFanMtr/NE-HVAC-FanBelt-SynchVBelt-Msr/instance-out.sql,2035934.19,155627.59
CZ13/RtL&0&rDXHP&New&HV_AirDist__SupFanMtr/NE-HVAC-FanBelt-VBelt-Std/instance-out.sql,2153570.61,154618.73
CZ13/RtL&0&rDXHP&New&HV_AirDist__SupFanMtr/NE-HVAC-FanBelt-CoggedVBelt-Msr/instance-out.sql,2134033.92,154618.73
CZ13/RtL&0&rDXHP&New&HV_AirDist__SupFanMtr/NE-HVAC-FanBelt-SynchVBelt-Msr/instance-out.sql,2106147.39,154618.73
CZ13/RtS&0&rDXHP&New&HV_AirDist__SupFanMtr/NE-HVAC-FanBelt-VBelt-Std/instance-out.sql,126341.27,14663.04
CZ13/RtS&0&rDXHP&New&HV_AirDist__SupFanMtr/NE-HVAC-FanBelt-CoggedVBelt-Msr/instance-out.sql,125204.62,14663.04
CZ13/RtS&0&rDXHP&New&HV_AirDist__SupFanMtr/NE-HVAC-FanBelt-SynchVBelt-Msr/instance-out.sql,123582.80,14663.04
CZ13/SCn&0&rDXHP&New&HV_AirDist__SupFanMtr/NE-HVAC-FanBelt-VBelt-Std/instance-out.sql,4240387.70,76594.39
CZ13/SCn&0&rDXHP&New&HV_AirDist__SupFanMtr/NE-HVAC-FanBelt-CoggedVBelt-Msr/instance-out.sql,4191228.12,76594.39
CZ13/SCn&0&rDXHP&New&HV_AirDist__SupFanMtr/NE-HVAC-FanBelt-SynchVBelt-Msr/instance-out.sql,4121049.42,76594.39
CZ14/Asm&0&rDXHP&New&HV_AirDist__SupFanMtr/NE-HVAC-FanBelt-VBelt-Std/instance-out.sql,943136.95,20093.02
CZ14/Asm&0&rDXHP&New&HV_AirDist__SupFanMtr/NE-HVAC-FanBelt-CoggedVBelt-Msr/instance-out.sql,934100.66,20093.02
CZ14/Asm&0&rDXHP&New&HV_AirDist__SupFanMtr/NE-HVAC-FanBelt-SynchVBelt-Msr/instance-out.sql,921201.38,20093.01
CZ14/ECC&0&rDXHP&New&HV_AirDist__SupFanMtr/NE-HVAC-FanBelt-VBelt-Std/instance-out.sql,2749094.91,445200.44
CZ14/ECC&0&rDXHP&New&HV_AirDist__SupFanMtr/NE-HVAC-FanBelt-CoggedVBelt-Msr/instance-out.sql,2728870.95,445199.63
CZ14/ECC&0&rDXHP&New&HV_AirDist__SupFanMtr/NE-HVAC-FanBelt-SynchVBelt-Msr/instance-out.sql,2699968.02,445199.62
CZ14/EPr&0&rDXHP&New&HV_AirDist__SupFanMtr/NE-HVAC-FanBelt-VBelt-Std/instance-out.sql,357565.51,115295.20
CZ14/EPr&0&rDXHP&New&HV_AirDist__SupFanMtr/NE-HVAC-FanBelt-CoggedVBelt-Msr/instance-out.sql,354827.77,115295.19
CZ14/EPr&0&rDXHP&New&HV_AirDist__SupFanMtr/NE-HVAC-FanBelt-SynchVBelt-Msr/instance-out.sql,350920.46,115295.21
CZ14/ERC&0&rDXHP&New&HV_AirDist__SupFanMtr/NE-HVAC-FanBelt-VBelt-Std/instance-out.sql,15244.37,8812.80
CZ14/ERC&0&rDXHP&New&HV_AirDist__SupFanMtr/NE-HVAC-FanBelt-CoggedVBelt-Msr/instance-out.sql,15073.96,8812.80
CZ14/ERC&0&rDXHP&New&HV_AirDist__SupFanMtr/NE-HVAC-FanBelt-SynchVBelt-Msr/instance-out.sql,14828.91,8812.80
CZ14/ESe&0&rDXHP&New&HV_AirDist__SupFanMtr/NE-HVAC-FanBelt-VBelt-Std/instance-out.sql,997335.09,301282.75
CZ14/ESe&0&rDXHP&New&HV_AirDist__SupFanMtr/NE-HVAC-FanBelt-CoggedVBelt-Msr/instance-out.sql,994087.91,301286.83
CZ14/ESe&0&rDXHP&New&HV_AirDist__SupFanMtr/NE-HVAC-FanBelt-SynchVBelt-Msr/instance-out.sql,989436.95,301293.01
CZ14/EUn&0&rDXHP&New&HV_AirDist__SupFanMtr/NE-HVAC-FanBelt-VBelt-Std/instance-out.sql,9224954.71,766519.14
CZ14/EUn&0&rDXHP&New&HV_AirDist__SupFanMtr/NE-HVAC-FanBelt-CoggedVBelt-Msr/instance-out.sql,9164869.95,766520.77
CZ14/EUn&0&rDXHP&New&HV_AirDist__SupFanMtr/NE-HVAC-FanBelt-SynchVBelt-Msr/instance-out.sql,9079122.09,766523.18
CZ14/Hsp&0&rDXHP&New&HV_AirDist__SupFanMtr/NE-HVAC-FanBelt-VBelt-Std/instance-out.sql,4523774.87,1061401.56
CZ14/Hsp&0&rDXHP&New&HV_AirDist__SupFanMtr/NE-HVAC-FanBelt-CoggedVBelt-Msr/instance-out.sql,4511837.97,1061417.00
CZ14/Hsp&0&rDXHP&New&HV_AirDist__SupFanMtr/NE-HVAC-FanBelt-SynchVBelt-Msr/instance-out.sql,4494635.26,1061536.98
CZ14/MBT&0&rDXHP&New&HV_AirDist__SupFanMtr/NE-HVAC-FanBelt-VBelt-Std/instance-out.sql,4804989.59,2308891.00
CZ14/MBT&0&rDXHP&New&HV_AirDist__SupFanMtr/NE-HVAC-FanBelt-CoggedVBelt-Msr/instance-out.sql,4791886.77,2309000.97
CZ14/MBT&0&rDXHP&New&HV_AirDist__SupFanMtr/NE-HVAC-FanBelt-SynchVBelt-Msr/instance-out.sql,4773181.56,2309161.86
CZ14/MLI&0&rDXHP&New&HV_AirDist__SupFanMtr/NE-HVAC-FanBelt-VBelt-Std/instance-out.sql,1410483.11,42048.48
CZ14/MLI&0&rDXHP&New&HV_AirDist__SupFanMtr/NE-HVAC-FanBelt-CoggedVBelt-Msr/instance-out.sql,1394232.47,42048.48
CZ14/MLI&0&rDXHP&New&HV_AirDist__SupFanMtr/NE-HVAC-FanBelt-SynchVBelt-Msr/instance-out.sql,1371034.49,42048.48
CZ14/Mtl&0&rDXHP&New&HV_AirDist__SupFanMtr/NE-HVAC-FanBelt-VBelt-Std/instance-out.sql,257165.39,7961.62
CZ14/Mtl&0&rDXHP&New&HV_AirDist__SupFanMtr/NE-HVAC-FanBelt-CoggedVBelt-Msr/instance-out.sql,254425.40,7962.54
CZ14/Mtl&0&rDXHP&New&HV_AirDist__SupFanMtr/NE-HVAC-FanBelt-SynchVBelt-Msr/instance-out.sql,250515.45,7963.49
CZ14/Nrs&0&rDXHP&New&HV_AirDist__SupFanMtr/NE-HVAC-FanBelt-VBelt-Std/instance-out.sql,878341.66,243987.50
CZ14/Nrs&0&rDXHP&New&HV_AirDist__SupFanMtr/NE-HVAC-FanBelt-CoggedVBelt-Msr/instance-out.sql,874198.06,243989.98
CZ14/Nrs&0&rDXHP&New&HV_AirDist__SupFanMtr/NE-HVAC-FanBelt-SynchVBelt-Msr/instance-out.sql,868294.80,244156.59
CZ14/OfL&0&rDXHP&New&HV_AirDist__SupFanMtr/NE-HVAC-FanBelt-VBelt-Std/instance-out.sql,3006850.22,175072.97
CZ14/OfL&0&rDXHP&New&HV_AirDist__SupFanMtr/NE-HVAC-FanBelt-CoggedVBelt-Msr/instance-out.sql,2979559.04,175072.75
CZ14/OfL&0&rDXHP&New&HV_AirDist__SupFanMtr/NE-HVAC-FanBelt-SynchVBelt-Msr/instance-out.sql,2940610.46,175071.77
CZ14/OfS&0&rDXHP&New&HV_AirDist__SupFanMtr/NE-HVAC-FanBelt-VBelt-Std/instance-out.sql,153248.16,19418.81
CZ14/OfS&0&rDXHP&New&HV_AirDist__SupFanMtr/NE-HVAC-FanBelt-CoggedVBelt-Msr/instance-out.sql,151513.75,19418.81
CZ14/OfS&0&rDXHP&New&HV_AirDist__SupFanMtr/NE-HVAC-FanBelt-SynchVBelt-Msr/instance-out.sql,149034.15,19418.81
CZ14/RFF&0&rDXHP&New&HV_AirDist__SupFanMtr/NE-HVAC-FanBelt-VBelt-Std/instance-out.sql,79405.84,42172.56
CZ14/RFF&0&rDXHP&New&HV_AirDist__SupFanMtr/NE-HVAC-FanBelt-CoggedVBelt-Msr/instance-out.sql,78923.76,42172.56
CZ14/RFF&0&rDXHP&New&HV_AirDist__SupFanMtr/NE-HVAC-FanBelt-SynchVBelt-Msr/instance-out.sql,78235.79,42172.56
CZ14/RSD&0&rDXHP&New&HV_AirDist__SupFanMtr/NE-HVAC-FanBelt-VBelt-Std/instance-out.sql,173811.83,189032.01
CZ14/RSD&0&rDXHP&New&HV_AirDist__SupFanMtr/NE-HVAC-FanBelt-CoggedVBelt-Msr/instance-out.sql,173542.13,189033.81
CZ14/RSD&0&rDXHP&New&HV_AirDist__SupFanMtr/NE-HVAC-FanBelt-SynchVBelt-Msr/instance-out.sql,173156.09,189031.89
CZ14/Rt3&0&rDXHP&New&HV_AirDist__SupFanMtr/NE-HVAC-FanBelt-VBelt-Std/instance-out.sql,2246562.24,147740.35
CZ14/Rt3&0&rDXHP&New&HV_AirDist__SupFanMtr/NE-HVAC-FanBelt-CoggedVBelt-Msr/instance-out.sql,2225671.06,147740.44
CZ14/Rt3&0&rDXHP&New&HV_AirDist__SupFanMtr/NE-HVAC-FanBelt-SynchVBelt-Msr/instance-out.sql,2195823.49,147741.65
CZ14/RtL&0&rDXHP&New&HV_AirDist__SupFanMtr/NE-HVAC-FanBelt-VBelt-Std/instance-out.sql,2335501.29,149111.46
CZ14/RtL&0&rDXHP&New&HV_AirDist__SupFanMtr/NE-HVAC-FanBelt-CoggedVBelt-Msr/instance-out.sql,2313817.70,149111.41
CZ14/RtL&0&rDXHP&New&HV_AirDist__SupFanMtr/NE-HVAC-FanBelt-SynchVBelt-Msr/instance-out.sql,2282858.78,149111.42
CZ14/RtS&0&rDXHP&New&HV_AirDist__SupFanMtr/NE-HVAC-FanBelt-VBelt-Std/instance-out.sql,139527.22,14225.41
CZ14/RtS&0&rDXHP&New&HV_AirDist__SupFanMtr/NE-HVAC-FanBelt-CoggedVBelt-Msr/instance-out.sql,138202.60,14225.41
CZ14/RtS&0&rDXHP&New&HV_AirDist__SupFanMtr/NE-HVAC-FanBelt-SynchVBelt-Msr/instance-out.sql,136311.33,14225.41
CZ14/SCn&0&rDXHP&New&HV_AirDist__SupFanMtr/NE-HVAC-FanBelt-VBelt-Std/instance-out.sql,4719718.33,72979.44
CZ14/SCn&0&rDXHP&New&HV_AirDist__SupFanMtr/NE-HVAC-FanBelt-CoggedVBelt-Msr/instance-out.sql,4662654.70,72979.44
CZ14/SCn&0&rDXHP&New&HV_AirDist__SupFanMtr/NE-HVAC-FanBelt-SynchVBelt-Msr/instance-out.sql,4580605.83,72979.44
CZ15/Asm&0&rDXHP&New&HV_AirDist__SupFanMtr/NE-HVAC-FanBelt-VBelt-Std/instance-out.sql,1014534.36,18562.92
CZ15/Asm&0&rDXHP&New&HV_AirDist__SupFanMtr/NE-HVAC-FanBelt-CoggedVBelt-Msr/instance-out.sql,1005348.08,18562.92
CZ15/Asm&0&rDXHP&New&HV_AirDist__SupFanMtr/NE-HVAC-FanBelt-SynchVBelt-Msr/instance-out.sql,992233.43,18562.92
CZ15/ECC&0&rDXHP&New&HV_AirDist__SupFanMtr/NE-HVAC-FanBelt-VBelt-Std/instance-out.sql,2956822.80,403946.77
CZ15/ECC&0&rDXHP&New&HV_AirDist__SupFanMtr/NE-HVAC-FanBelt-CoggedVBelt-Msr/instance-out.sql,2935647.29,403946.79
CZ15/ECC&0&rDXHP&New&HV_AirDist__SupFanMtr/NE-HVAC-FanBelt-SynchVBelt-Msr/instance-out.sql,2905389.09,403946.81
CZ15/EPr&0&rDXHP&New&HV_AirDist__SupFanMtr/NE-HVAC-FanBelt-VBelt-Std/instance-out.sql,384695.46,107826.50
CZ15/EPr&0&rDXHP&New&HV_AirDist__SupFanMtr/NE-HVAC-FanBelt-CoggedVBelt-Msr/instance-out.sql,381899.36,107826.50
CZ15/EPr&0&rDXHP&New&HV_AirDist__SupFanMtr/NE-HVAC-FanBelt-SynchVBelt-Msr/instance-out.sql,377905.50,107826.50
CZ15/ERC&0&rDXHP&New&HV_AirDist__SupFanMtr/NE-HVAC-FanBelt-VBelt-Std/instance-out.sql,16677.68,8542.16
CZ15/ERC&0&rDXHP&New&HV_AirDist__SupFanMtr/NE-HVAC-FanBelt-CoggedVBelt-Msr/instance-out.sql,16492.23,8542.16
CZ15/ERC&0&rDXHP&New&HV_AirDist__SupFanMtr/NE-HVAC-FanBelt-SynchVBelt-Msr/instance-out.sql,16227.37,8542.16
CZ15/ESe&0&rDXHP&New&HV_AirDist__SupFanMtr/NE-HVAC-FanBelt-VBelt-Std/instance-out.sql,1062511.64,253145.33
CZ15/ESe&0&rDXHP&New&HV_AirDist__SupFanMtr/NE-HVAC-FanBelt-CoggedVBelt-Msr/instance-out.sql,1059123.47,253146.12
CZ15/ESe&0&rDXHP&New&HV_AirDist__SupFanMtr/NE-HVAC-FanBelt-SynchVBelt-Msr/instance-out.sql,1054286.78,253147.87
CZ15/EUn&0&rDXHP&New&HV_AirDist__SupFanMtr/NE-HVAC-FanBelt-VBelt-Std/instance-out.sql,9649208.79,696467.29
CZ15/EUn&0&rDXHP&New&HV_AirDist__SupFanMtr/NE-HVAC-FanBelt-CoggedVBelt-Msr/instance-out.sql,9589283.69,696467.31
CZ15/EUn&0&rDXHP&New&HV_AirDist__SupFanMtr/NE-HVAC-FanBelt-SynchVBelt-Msr/instance-out.sql,9503671.20,696467.32
CZ15/Hsp&0&rDXHP&New&HV_AirDist__SupFanMtr/NE-HVAC-FanBelt-VBelt-Std/instance-out.sql,4988121.20,1127609.29
CZ15/Hsp&0&rDXHP&New&HV_AirDist__SupFanMtr/NE-HVAC-FanBelt-CoggedVBelt-Msr/instance-out.sql,4976147.67,1127649.57
CZ15/Hsp&0&rDXHP&New&HV_AirDist__SupFanMtr/NE-HVAC-FanBelt-SynchVBelt-Msr/instance-out.sql,4959105.09,1127776.97
CZ15/MBT&0&rDXHP&New&HV_AirDist__SupFanMtr/NE-HVAC-FanBelt-VBelt-Std/instance-out.sql,5176542.89,1615318.62
CZ15/MBT&0&rDXHP&New&HV_AirDist__SupFanMtr/NE-HVAC-FanBelt-CoggedVBelt-Msr/instance-out.sql,5162911.52,1615349.95
CZ15/MBT&0&rDXHP&New&HV_AirDist__SupFanMtr/NE-HVAC-FanBelt-SynchVBelt-Msr/instance-out.sql,5143443.83,1615401.71
CZ15/MLI&0&rDXHP&New&HV_AirDist__SupFanMtr/NE-HVAC-FanBelt-VBelt-Std/instance-out.sql,1512171.06,38001.06
CZ15/MLI&0&rDXHP&New&HV_AirDist__SupFanMtr/NE-HVAC-FanBelt-CoggedVBelt-Msr/instance-out.sql,1495150.21,38001.06
CZ15/MLI&0&rDXHP&New&HV_AirDist__SupFanMtr/NE-HVAC-FanBelt-SynchVBelt-Msr/instance-out.sql,1470838.62,38001.06
CZ15/Mtl&0&rDXHP&New&HV_AirDist__SupFanMtr/NE-HVAC-FanBelt-VBelt-Std/instance-out.sql,279171.08,7690.86
CZ15/Mtl&0&rDXHP&New&HV_AirDist__SupFanMtr/NE-HVAC-FanBelt-CoggedVBelt-Msr/instance-out.sql,276377.97,7690.86
CZ15/Mtl&0&rDXHP&New&HV_AirDist__SupFanMtr/NE-HVAC-FanBelt-SynchVBelt-Msr/instance-out.sql,272386.75,7690.86

File Name,Unmet Heating (Hours),Unmet Cooling (Hours)
CZ01/Asm&0&rDXHP&New&HV_AirDist__SupFanMtr/NE-HVAC-FanBelt-VBelt-Std/instance-out.sql,0.00,0.00
CZ01/Asm&0&rDXHP&New&HV_AirDist__SupFanMtr/NE-HVAC-FanBelt-CoggedVBelt-Msr/instance-out.sql,0.00,0.00
CZ01/Asm&0&rDXHP&New&HV_AirDist__SupFanMtr/NE-HVAC-FanBelt-SynchVBelt-Msr/instance-out.sql,0.00,0.00
CZ01/ECC&0&rDXHP&New&HV_AirDist__SupFanMtr/NE-HVAC-FanBelt-VBelt-Std/instance-out.sql,0.00,1762.50
CZ01/ECC&0&rDXHP&New&HV_AirDist__SupFanMtr/NE-HVAC-FanBelt-CoggedVBelt-Msr/instance-out.sql,0.00,1756.00
CZ01/ECC&0&rDXHP&New&HV_AirDist__SupFanMtr/NE-HVAC-FanBelt-SynchVBelt-Msr/instance-out.sql,0.00,1739.67
CZ01/EPr&0&rDXHP&New&HV_AirDist__SupFanMtr/NE-HVAC-FanBelt-VBelt-Std/instance-out.sql,0.00,0.00
CZ01/EPr&0&rDXHP&New&HV_AirDist__SupFanMtr/NE-HVAC-FanBelt-CoggedVBelt-Msr/instance-out.sql,0.00,0.00
CZ01/EPr&0&rDXHP&New&HV_AirDist__SupFanMtr/NE-HVAC-FanBelt-SynchVBelt-Msr/instance-out.sql,0.00,0.00
CZ01/ERC&0&rDXHP&New&HV_AirDist__SupFanMtr/NE-HVAC-FanBelt-VBelt-Std/instance-out.sql,0.00,0.00
CZ01/ERC&0&rDXHP&New&HV_AirDist__SupFanMtr/NE-HVAC-FanBelt-CoggedVBelt-Msr/instance-out.sql,0.00,0.00
CZ01/ERC&0&rDXHP&New&HV_AirDist__SupFanMtr/NE-HVAC-FanBelt-SynchVBelt-Msr/instance-out.sql,0.00,0.00
CZ01/ESe&0&rDXHP&New&HV_AirDist__SupFanMtr/NE-HVAC-FanBelt-VBelt-Std/instance-out.sql,0.00,0.00
CZ01/ESe&0&rDXHP&New&HV_AirDist__SupFanMtr/NE-HVAC-FanBelt-CoggedVBelt-Msr/instance-out.sql,0.00,0.00
CZ01/ESe&0&rDXHP&New&HV_AirDist__SupFanMtr/NE-HVAC-FanBelt-SynchVBelt-Msr/instance-out.sql,0.00,0.00
CZ01/EUn&0&rDXHP&New&HV_AirDist__SupFanMtr/NE-HVAC-FanBelt-VBelt-Std/instance-out.sql,0.00,1.83
CZ01/EUn&0&rDXHP&New&HV_AirDist__SupFanMtr/NE-HVAC-FanBelt-CoggedVBelt-Msr/instance-out.sql,0.00,1.67
CZ01/EUn&0&rDXHP&New&HV_AirDist__SupFanMtr/NE-HVAC-FanBelt-SynchVBelt-Msr/instance-out.sql,0.00,1.50
CZ01/Hsp&0&rDXHP&New&HV_AirDist__SupFanMtr/NE-HVAC-FanBelt-VBelt-Std/instance-out.sql,0.00,0.00
CZ01/Hsp&0&rDXHP&New&HV_AirDist__SupFanMtr/NE-HVAC-FanBelt-CoggedVBelt-Msr/instance-out.sql,0.00,0.00
CZ01/Hsp&0&rDXHP&New&HV_AirDist__SupFanMtr/NE-HVAC-FanBelt-SynchVBelt-Msr/instance-out.sql,0.00,0.00
CZ01/MBT&0&rDXHP&New&HV_AirDist__SupFanMtr/NE-HVAC-FanBelt-VBelt-Std/instance-out.sql,0.00,0.00
CZ01/MBT&0&rDXHP&New&HV_AirDist__SupFanMtr/NE-HVAC-FanBelt-CoggedVBelt-Msr/instance-out.sql,0.00,0.00
CZ01/MBT&0&rDXHP&New&HV_AirDist__SupFanMtr/NE-HVAC-FanBelt-SynchVBelt-Msr/instance-out.sql,0.00,0.00
CZ01/MLI&0&rDXHP&New&HV_AirDist__SupFanMtr/NE-HVAC-FanBelt-VBelt-Std/instance-out.sql,0.00,0.00
CZ01/MLI&0&rDXHP&New&HV_AirDist__SupFanMtr/NE-HVAC-FanBelt-CoggedVBelt-Msr/instance-out.sql,0.00,0.00
CZ01/MLI&0&rDXHP&New&HV_AirDist__SupFanMtr/NE-HVAC-FanBelt-SynchVBelt-Msr/instance-out.sql,0.00,0.00
CZ01/Mtl&0&rDXHP&New&HV_AirDist__SupFanMtr/NE-HVAC-FanBelt-VBelt-Std/instance-out.sql,0.00,6.33
CZ01/Mtl&0&rDXHP&New&HV_AirDist__SupFanMtr/NE-HVAC-FanBelt-CoggedVBelt-Msr/instance-out.sql,0.00,6.33
CZ01/Mtl&0&rDXHP&New&HV_AirDist__SupFanMtr/NE-HVAC-FanBelt-SynchVBelt-Msr/instance-out.sql,0.00,6.33
CZ01/Nrs&0&rDXHP&New&HV_AirDist__SupFanMtr/NE-HVAC-FanBelt-VBelt-Std/instance-out.sql,0.00,0.00
CZ01/Nrs&0&rDXHP&New&HV_AirDist__SupFanMtr/NE-HVAC-FanBelt-CoggedVBelt-Msr/instance-out.sql,0.00,0.00
CZ01/Nrs&0&rDXHP&New&HV_AirDist__SupFanMtr/NE-HVAC-FanBelt-SynchVBelt-Msr/instance-out.sql,0.00,0.00
CZ01/OfL&0&rDXHP&New&HV_AirDist__SupFanMtr/NE-HVAC-FanBelt-VBelt-Std/instance-out.sql,1.17,0.67
CZ01/OfL&0&rDXHP&New&HV_AirDist__SupFanMtr/NE-HVAC-FanBelt-CoggedVBelt-Msr/instance-out.sql,1.17,0.67
CZ01/OfL&0&rDXHP&New&HV_AirDist__SupFanMtr/NE-HVAC-FanBelt-SynchVBelt-Msr/instance-out.sql,1.17,0.67
CZ01/OfS&0&rDXHP&New&HV_AirDist__SupFanMtr/NE-HVAC-FanBelt-VBelt-Std/instance-out.sql,0.00,0.00
CZ01/OfS&0&rDXHP&New&HV_AirDist__SupFanMtr/NE-HVAC-FanBelt-CoggedVBelt-Msr/instance-out.sql,0.00,0.00
CZ01/OfS&0&rDXHP&New&HV_AirDist__SupFanMtr/NE-HVAC-FanBelt-SynchVBelt-Msr/instance-out.sql,0.00,0.00
CZ01/RFF&0&rDXHP&New&HV_AirDist__SupFanMtr/NE-HVAC-FanBelt-VBelt-Std/instance-out.sql,0.00,0.00
CZ01/RFF&0&rDXHP&New&HV_AirDist__SupFanMtr/NE-HVAC-FanBelt-CoggedVBelt-Msr/instance-out.sql,0.00,0.00
CZ01/RFF&0&rDXHP&New&HV_AirDist__SupFanMtr/NE-HVAC-FanBelt-SynchVBelt-Msr/instance-out.sql,0.00,0.00
CZ01/RSD&0&rDXHP&New&HV_AirDist__SupFanMtr/NE-HVAC-FanBelt-VBelt-Std/instance-out.sql,0.00,0.00
CZ01/RSD&0&rDXHP&New&HV_AirDist__SupFanMtr/NE-HVAC-FanBelt-CoggedVBelt-Msr/instance-out.sql,0.00,0.00
CZ01/RSD&0&rDXHP&New&HV_AirDist__SupFanMtr/NE-HVAC-FanBelt-SynchVBelt-Msr/instance-out.sql,0.00,0.00
CZ01/Rt3&0&rDXHP&New&HV_AirDist__SupFanMtr/NE-HVAC-FanBelt-VBelt-Std/instance-out.sql,0.00,0.00
CZ01/Rt3&0&rDXHP&New&HV_AirDist__SupFanMtr/NE-HVAC-FanBelt-CoggedVBelt-Msr/instance-out.sql,0.00,0.00
CZ01/Rt3&0&rDXHP&New&HV_AirDist__SupFanMtr/NE-HVAC-FanBelt-SynchVBelt-Msr/instance-out.sql,0.00,0.00
CZ01/RtL&0&rDXHP&New&HV_AirDist__SupFanMtr/NE-HVAC-FanBelt-VBelt-Std/instance-out.sql,0.00,0.00
CZ01/RtL&0&rDXHP&New&HV_AirDist__SupFanMtr/NE-HVAC-FanBelt-CoggedVBelt-Msr/instance-out.sql,0.00,0.00
CZ01/RtL&0&rDXHP&New&HV_AirDist__SupFanMtr/NE-HVAC-FanBelt-SynchVBelt-Msr/instance-out.sql,0.00,0.00
CZ01/RtS&0&rDXHP&New&HV_AirDist__SupFanMtr/NE-HVAC-FanBelt-VBelt-Std/instance-out.sql,0.00,0.00
CZ01/RtS&0&rDXHP&New&HV_AirDist__SupFanMtr/NE-HVAC-FanBelt-CoggedVBelt-Msr/instance-out.sql,0.00,0.00
CZ01/RtS&0&rDXHP&New&HV_AirDist__SupFanMtr/NE-HVAC-FanBelt-SynchVBelt-Msr/instance-out.sql,0.00,0.00
CZ01/SCn&0&rDXHP&New&HV_AirDist__SupFanMtr/NE-HVAC-FanBelt-VBelt-Std/instance-out.sql,0.00,0.00
CZ01/SCn&0&rDXHP&New&HV_AirDist__SupFanMtr/NE-HVAC-FanBelt-CoggedVBelt-Msr/instance-out.sql,0.00,0.00
CZ01/SCn&0&rDXHP&New&HV_AirDist__SupFanMtr/NE-HVAC-FanBelt-SynchVBelt-Msr/instance-out.sql,0.00,0.00
CZ02/Asm&0&rDXHP&New&HV_AirDist__SupFanMtr/NE-HVAC-FanBelt-VBelt-Std/instance-out.sql,0.00,0.00
CZ02/Asm&0&rDXHP&New&HV_AirDist__SupFanMtr/NE-HVAC-FanBelt-CoggedVBelt-Msr/instance-out.sql,0.00,0.00
CZ02/Asm&0&rDXHP&New&HV_AirDist__SupFanMtr/NE-HVAC-FanBelt-SynchVBelt-Msr/instance-out.sql,0.00,0.00
CZ02/ECC&0&rDXHP&New&HV_AirDist__SupFanMtr/NE-HVAC-FanBelt-VBelt-Std/instance-out.sql,0.00,0.00
CZ02/ECC&0&rDXHP&New&HV_AirDist__SupFanMtr/NE-HVAC-FanBelt-CoggedVBelt-Msr/instance-out.sql,0.00,0.00
CZ02/ECC&0&rDXHP&New&HV_AirDist__SupFanMtr/NE-HVAC-FanBelt-SynchVBelt-Msr/instance-out.sql,0.00,0.00
CZ02/EPr&0&rDXHP&New&HV_AirDist__SupFanMtr/NE-HVAC-FanBelt-VBelt-Std/instance-out.sql,0.00,0.00
CZ02/EPr&0&rDXHP&New&HV_AirDist__SupFanMtr/NE-HVAC-FanBelt-CoggedVBelt-Msr/instance-out.sql,0.00,0.00
CZ02/EPr&0&rDXHP&New&HV_AirDist__SupFanMtr/NE-HVAC-FanBelt-SynchVBelt-Msr/instance-out.sql,0.00,0.00
CZ02/ERC&0&rDXHP&New&HV_AirDist__SupFanMtr/NE-HVAC-FanBelt-VBelt-Std/instance-out.sql,0.00,0.00
CZ02/ERC&0&rDXHP&New&HV_AirDist__SupFanMtr/NE-HVAC-FanBelt-CoggedVBelt-Msr/instance-out.sql,0.00,0.00
CZ02/ERC&0&rDXHP&New&HV_AirDist__SupFanMtr/NE-HVAC-FanBelt-SynchVBelt-Msr/instance-out.sql,0.00,0.00
CZ02/ESe&0&rDXHP&New&HV_AirDist__SupFanMtr/NE-HVAC-FanBelt-VBelt-Std/instance-out.sql,0.00,0.00
CZ02/ESe&0&rDXHP&New&HV_AirDist__SupFanMtr/NE-HVAC-FanBelt-CoggedVBelt-Msr/instance-out.sql,0.00,0.00
CZ02/ESe&0&rDXHP&New&HV_AirDist__SupFanMtr/NE-HVAC-FanBelt-SynchVBelt-Msr/instance-out.sql,0.00,0.00
CZ02/EUn&0&rDXHP&New&HV_AirDist__SupFanMtr/NE-HVAC-FanBelt-VBelt-Std/instance-out.sql,0.00,18.50
CZ02/EUn&0&rDXHP&New&HV_AirDist__SupFanMtr/NE-HVAC-FanBelt-CoggedVBelt-Msr/instance-out.sql,0.00,18.50
CZ02/EUn&0&rDXHP&New&HV_AirDist__SupFanMtr/NE-HVAC-FanBelt-SynchVBelt-Msr/instance-out.sql,0.00,18.17
CZ02/Hsp&0&rDXHP&New&HV_AirDist__SupFanMtr/NE-HVAC-FanBelt-VBelt-Std/instance-out.sql,0.00,2.17
CZ02/Hsp&0&rDXHP&New&HV_AirDist__SupFanMtr/NE-HVAC-FanBelt-CoggedVBelt-Msr/instance-out.sql,0.00,2.17
CZ02/Hsp&0&rDXHP&New&HV_AirDist__SupFanMtr/NE-HVAC-FanBelt-SynchVBelt-Msr/instance-out.sql,0.00,2.17
CZ02/MBT&0&rDXHP&New&HV_AirDist__SupFanMtr/NE-HVAC-FanBelt-VBelt-Std/instance-out.sql,0.00,0.00
CZ02/MBT&0&rDXHP&New&HV_AirDist__SupFanMtr/NE-HVAC-FanBelt-CoggedVBelt-Msr/instance-out.sql,0.00,0.00
CZ02/MBT&0&rDXHP&New&HV_AirDist__SupFanMtr/NE-HVAC-FanBelt-SynchVBelt-Msr/instance-out.sql,0.00,0.00
CZ02/MLI&0&rDXHP&New&HV_AirDist__SupFanMtr/NE-HVAC-FanBelt-VBelt-Std/instance-out.sql,0.00,0.00
CZ02/MLI&0&rDXHP&New&HV_AirDist__SupFanMtr/NE-HVAC-FanBelt-CoggedVBelt-Msr/instance-out.sql,0.00,0.00
CZ02/MLI&0&rDXHP&New&HV_AirDist__SupFanMtr/NE-HVAC-FanBelt-SynchVBelt-Msr/instance-out.sql,0.00,0.00
CZ02/Mtl&0&rDXHP&New&HV_AirDist__SupFanMtr/NE-HVAC-FanBelt-VBelt-Std/instance-out.sql,0.00,38.33
CZ02/Mtl&0&rDXHP&New&HV_AirDist__SupFanMtr/NE-HVAC-FanBelt-CoggedVBelt-Msr/instance-out.sql,0.00,38.33
CZ02/Mtl&0&rDXHP&New&HV_AirDist__SupFanMtr/NE-HVAC-FanBelt-SynchVBelt-Msr/instance-out.sql,0.00,38.33
CZ02/Nrs&0&rDXHP&New&HV_AirDist__SupFanMtr/NE-HVAC-FanBelt-VBelt-Std/instance-out.sql,0.00,0.00
CZ02/Nrs&0&rDXHP&New&HV_AirDist__SupFanMtr/NE-HVAC-FanBelt-CoggedVBelt-Msr/instance-out.sql,0.00,0.00
CZ02/Nrs&0&rDXHP&New&HV_AirDist__SupFanMtr/NE-HVAC-FanBelt-SynchVBelt-Msr/instance-out.sql,0.00,0.00
CZ02/OfL&0&rDXHP&New&HV_AirDist__SupFanMtr/NE-HVAC-FanBelt-VBelt-Std/instance-out.sql,1.00,21.17
CZ02/OfL&0&rDXHP&New&HV_AirDist__SupFanMtr/NE-HVAC-FanBelt-CoggedVBelt-Msr/instance-out.sql,1.00,21.17
CZ02/OfL&0&rDXHP&New&HV_AirDist__SupFanMtr/NE-HVAC-FanBelt-SynchVBelt-Msr/instance-out.sql,1.17,21.17
CZ02/OfS&0&rDXHP&New&HV_AirDist__SupFanMtr/NE-HVAC-FanBelt-VBelt-Std/instance-out.sql,0.00,5.67
CZ02/OfS&0&rDXHP&New&HV_AirDist__SupFanMtr/NE-HVAC-FanBelt-CoggedVBelt-Msr/instance-out.sql,0.00,5.67
CZ02/OfS&0&rDXHP&New&HV_AirDist__SupFanMtr/NE-HVAC-FanBelt-SynchVBelt-Msr/instance-out.sql,0.00,5.67
CZ02/RFF&0&rDXHP&New&HV_AirDist__SupFanMtr/NE-HVAC-FanBelt-VBelt-Std/instance-out.sql,0.00,0.00
CZ02/RFF&0&rDXHP&New&HV_AirDist__SupFanMtr/NE-HVAC-FanBelt-CoggedVBelt-Msr/instance-out.sql,0.00,0.00
CZ02/RFF&0&rDXHP&New&HV_AirDist__SupFanMtr/NE-HVAC-FanBelt-SynchVBelt-Msr/instance-out.sql,0.00,0.00
CZ02/RSD&0&rDXHP&New&HV_AirDist__SupFanMtr/NE-HVAC-FanBelt-VBelt-Std/instance-out.sql,0.00,0.00
CZ02/RSD&0&rDXHP&New&HV_AirDist__SupFanMtr/NE-HVAC-FanBelt-CoggedVBelt-Msr/instance-out.sql,0.00,0.00
CZ02/RSD&0&rDXHP&New&HV_AirDist__SupFanMtr/NE-HVAC-FanBelt-SynchVBelt-Msr/instance-out.sql,0.00,0.00
CZ02/Rt3&0&rDXHP&New&HV_AirDist__SupFanMtr/NE-HVAC-FanBelt-VBelt-Std/instance-out.sql,0.00,0.00
CZ02/Rt3&0&rDXHP&New&HV_AirDist__SupFanMtr/NE-HVAC-FanBelt-CoggedVBelt-Msr/instance-out.sql,0.00,0.00
CZ02/Rt3&0&rDXHP&New&HV_AirDist__SupFanMtr/NE-HVAC-FanBelt-SynchVBelt-Msr/instance-out.sql,0.00,0.00
CZ02/RtL&0&rDXHP&New&HV_AirDist__SupFanMtr/NE-HVAC-FanBelt-VBelt-Std/instance-out.sql,0.00,0.00
CZ02/RtL&0&rDXHP&New&HV_AirDist__SupFanMtr/NE-HVAC-FanBelt-CoggedVBelt-Msr/instance-out.sql,0.00,0.00
CZ02/RtL&0&rDXHP&New&HV_AirDist__SupFanMtr/NE-HVAC-FanBelt-SynchVBelt-Msr/instance-out.sql,0.00,0.00
CZ02/RtS&0&rDXHP&New&HV_AirDist__SupFanMtr/NE-HVAC-FanBelt-VBelt-Std/instance-out.sql,0.00,0.00
CZ02/RtS&0&rDXHP&New&HV_AirDist__SupFanMtr/NE-HVAC-FanBelt-CoggedVBelt-Msr/instance-out.sql,0.00,0.00
CZ02/RtS&0&rDXHP&New&HV_AirDist__SupFanMtr/NE-HVAC-FanBelt-SynchVBelt-Msr/instance-out.sql,0.00,0.00
CZ02/SCn&0&rDXHP&New&HV_AirDist__SupFanMtr/NE-HVAC-FanBelt-VBelt-Std/instance-out.sql,0.00,0.00
CZ02/SCn&0&rDXHP&New&HV_AirDist__SupFanMtr/NE-HVAC-FanBelt-CoggedVBelt-Msr/instance-out.sql,0.00,0.00
CZ02/SCn&0&rDXHP&New&HV_AirDist__SupFanMtr/NE-HVAC-FanBelt-SynchVBelt-Msr/instance-out.sql,0.00,0.00
CZ03/Asm&0&rDXHP&New&HV_AirDist__SupFanMtr/NE-HVAC-FanBelt-VBelt-Std/instance-out.sql,0.00,0.00
CZ03/Asm&0&rDXHP&New&HV_AirDist__SupFanMtr/NE-HVAC-FanBelt-CoggedVBelt-Msr/instance-out.sql,0.00,0.00
CZ03/Asm&0&rDXHP&New&HV_AirDist__SupFanMtr/NE-HVAC-FanBelt-SynchVBelt-Msr/instance-out.sql,0.00,0.00
CZ03/ECC&0&rDXHP&New&HV_AirDist__SupFanMtr/NE-HVAC-FanBelt-VBelt-Std/instance-out.sql,0.00,13.67
CZ03/ECC&0&rDXHP&New&HV_AirDist__SupFanMtr/NE-HVAC-FanBelt-CoggedVBelt-Msr/instance-out.sql,0.00,13.67
CZ03/ECC&0&rDXHP&New&HV_AirDist__SupFanMtr/NE-HVAC-FanBelt-SynchVBelt-Msr/instance-out.sql,0.00,13.67
CZ03/EPr&0&rDXHP&New&HV_AirDist__SupFanMtr/NE-HVAC-FanBelt-VBelt-Std/instance-out.sql,0.00,0.00
CZ03/EPr&0&rDXHP&New&HV_AirDist__SupFanMtr/NE-HVAC-FanBelt-CoggedVBelt-Msr/instance-out.sql,0.00,0.00
CZ03/EPr&0&rDXHP&New&HV_AirDist__SupFanMtr/NE-HVAC-FanBelt-SynchVBelt-Msr/instance-out.sql,0.00,0.00
CZ03/ERC&0&rDXHP&New&HV_AirDist__SupFanMtr/NE-HVAC-FanBelt-VBelt-Std/instance-out.sql,0.00,0.00
CZ03/ERC&0&rDXHP&New&HV_AirDist__SupFanMtr/NE-HVAC-FanBelt-CoggedVBelt-Msr/instance-out.sql,0.00,0.00
CZ03/ERC&0&rDXHP&New&HV_AirDist__SupFanMtr/NE-HVAC-FanBelt-SynchVBelt-Msr/instance-out.sql,0.00,0.00
CZ03/ESe&0&rDXHP&New&HV_AirDist__SupFanMtr/NE-HVAC-FanBelt-VBelt-Std/instance-out.sql,0.00,0.00
CZ03/ESe&0&rDXHP&New&HV_AirDist__SupFanMtr/NE-HVAC-FanBelt-CoggedVBelt-Msr/instance-out.sql,0.00,0.00
CZ03/ESe&0&rDXHP&New&HV_AirDist__SupFanMtr/NE-HVAC-FanBelt-SynchVBelt-Msr/instance-out.sql,0.00,0.00
CZ03/EUn&0&rDXHP&New&HV_AirDist__SupFanMtr/NE-HVAC-FanBelt-VBelt-Std/instance-out.sql,0.00,13.00
CZ03/EUn&0&rDXHP&New&HV_AirDist__SupFanMtr/NE-HVAC-FanBelt-CoggedVBelt-Msr/instance-out.sql,0.00,13.00
CZ03/EUn&0&rDXHP&New&HV_AirDist__SupFanMtr/NE-HVAC-FanBelt-SynchVBelt-Msr/instance-out.sql,0.00,12.50
CZ03/Hsp&0&rDXHP&New&HV_AirDist__SupFanMtr/NE-HVAC-FanBelt-VBelt-Std/instance-out.sql,0.00,0.83
CZ03/Hsp&0&rDXHP&New&HV_AirDist__SupFanMtr/NE-HVAC-FanBelt-CoggedVBelt-Msr/instance-out.sql,0.00,0.83
CZ03/Hsp&0&rDXHP&New&HV_AirDist__SupFanMtr/NE-HVAC-FanBelt-SynchVBelt-Msr/instance-out.sql,0.00,0.83
CZ03/MBT&0&rDXHP&New&HV_AirDist__SupFanMtr/NE-HVAC-FanBelt-VBelt-Std/instance-out.sql,0.00,0.00
CZ03/MBT&0&rDXHP&New&HV_AirDist__SupFanMtr/NE-HVAC-FanBelt-CoggedVBelt-Msr/instance-out.sql,0.00,0.00
CZ03/MBT&0&rDXHP&New&HV_AirDist__SupFanMtr/NE-HVAC-FanBelt-SynchVBelt-Msr/instance-out.sql,0.00,0.00
CZ03/MLI&0&rDXHP&New&HV_AirDist__SupFanMtr/NE-HVAC-FanBelt-VBelt-Std/instance-out.sql,0.00,0.00
CZ03/MLI&0&rDXHP&New&HV_AirDist__SupFanMtr/NE-HVAC-FanBelt-CoggedVBelt-Msr/instance-out.sql,0.00,0.00
CZ03/MLI&0&rDXHP&New&HV_AirDist__SupFanMtr/NE-HVAC-FanBelt-SynchVBelt-Msr/instance-out.sql,0.00,0.00
CZ03/Mtl&0&rDXHP&New&HV_AirDist__SupFanMtr/NE-HVAC-FanBelt-VBelt-Std/instance-out.sql,0.00,38.00
CZ03/Mtl&0&rDXHP&New&HV_AirDist__SupFanMtr/NE-HVAC-FanBelt-CoggedVBelt-Msr/instance-out.sql,0.00,37.83
CZ03/Mtl&0&rDXHP&New&HV_AirDist__SupFanMtr/NE-HVAC-FanBelt-SynchVBelt-Msr/instance-out.sql,0.00,37.83
CZ03/Nrs&0&rDXHP&New&HV_AirDist__SupFanMtr/NE-HVAC-FanBelt-VBelt-Std/instance-out.sql,0.00,0.00
CZ03/Nrs&0&rDXHP&New&HV_AirDist__SupFanMtr/NE-HVAC-FanBelt-CoggedVBelt-Msr/instance-out.sql,0.00,0.00
CZ03/Nrs&0&rDXHP&New&HV_AirDist__SupFanMtr/NE-HVAC-FanBelt-SynchVBelt-Msr/instance-out.sql,0.00,0.00
CZ03/OfL&0&rDXHP&New&HV_AirDist__SupFanMtr/NE-HVAC-FanBelt-VBelt-Std/instance-out.sql,1.00,19.00
CZ03/OfL&0&rDXHP&New&HV_AirDist__SupFanMtr/NE-HVAC-FanBelt-CoggedVBelt-Msr/instance-out.sql,1.00,19.00
CZ03/OfL&0&rDXHP&New&HV_AirDist__SupFanMtr/NE-HVAC-FanBelt-SynchVBelt-Msr/instance-out.sql,1.00,19.00
CZ03/OfS&0&rDXHP&New&HV_AirDist__SupFanMtr/NE-HVAC-FanBelt-VBelt-Std/instance-out.sql,0.00,3.50
CZ03/OfS&0&rDXHP&New&HV_AirDist__SupFanMtr/NE-HVAC-FanBelt-CoggedVBelt-Msr/instance-out.sql,0.00,3.50
CZ03/OfS&0&rDXHP&New&HV_AirDist__SupFanMtr/NE-HVAC-FanBelt-SynchVBelt-Msr/instance-out.sql,0.00,3.50
CZ03/RFF&0&rDXHP&New&HV_AirDist__SupFanMtr/NE-HVAC-FanBelt-VBelt-Std/instance-out.sql,0.00,0.00
CZ03/RFF&0&rDXHP&New&HV_AirDist__SupFanMtr/NE-HVAC-FanBelt-CoggedVBelt-Msr/instance-out.sql,0.00,0.00
CZ03/RFF&0&rDXHP&New&HV_AirDist__SupFanMtr/NE-HVAC-FanBelt-SynchVBelt-Msr/instance-out.sql,0.00,0.00
CZ03/RSD&0&rDXHP&New&HV_AirDist__SupFanMtr/NE-HVAC-FanBelt-VBelt-Std/instance-out.sql,0.00,0.00
CZ03/RSD&0&rDXHP&New&HV_AirDist__SupFanMtr/NE-HVAC-FanBelt-CoggedVBelt-Msr/instance-out.sql,0.00,0.00
CZ03/RSD&0&rDXHP&New&HV_AirDist__SupFanMtr/NE-HVAC-FanBelt-SynchVBelt-Msr/instance-out.sql,0.00,0.00
CZ03/Rt3&0&rDXHP&New&HV_AirDist__SupFanMtr/NE-HVAC-FanBelt-VBelt-Std/instance-out.sql,0.00,0.00
CZ03/Rt3&0&rDXHP&New&HV_AirDist__SupFanMtr/NE-HVAC-FanBelt-CoggedVBelt-Msr/instance-out.sql,0.00,0.00
CZ03/Rt3&0&rDXHP&New&HV_AirDist__SupFanMtr/NE-HVAC-FanBelt-SynchVBelt-Msr/instance-out.sql,0.00,0.00
CZ03/RtL&0&rDXHP&New&HV_AirDist__SupFanMtr/NE-HVAC-FanBelt-VBelt-Std/instance-out.sql,0.00,0.00
CZ03/RtL&0&rDXHP&New&HV_AirDist__SupFanMtr/NE-HVAC-FanBelt-CoggedVBelt-Msr/instance-out.sql,0.00,0.00
CZ03/RtL&0&rDXHP&New&HV_AirDist__SupFanMtr/NE-HVAC-FanBelt-SynchVBelt-Msr/instance-out.sql,0.00,0.00
CZ03/RtS&0&rDXHP&New&HV_AirDist__SupFanMtr/NE-HVAC-FanBelt-VBelt-Std/instance-out.sql,0.00,0.00
CZ03/RtS&0&rDXHP&New&HV_AirDist__SupFanMtr/NE-HVAC-FanBelt-CoggedVBelt-Msr/instance-out.sql,0.00,0.00
CZ03/RtS&0&rDXHP&New&HV_AirDist__SupFanMtr/NE-HVAC-FanBelt-SynchVBelt-Msr/instance-out.sql,0.00,0.00
CZ03/SCn&0&rDXHP&New&HV_AirDist__SupFanMtr/NE-HVAC-FanBelt-VBelt-Std/instance-out.sql,0.00,0.00
CZ03/SCn&0&rDXHP&New&HV_AirDist__SupFanMtr/NE-HVAC-FanBelt-CoggedVBelt-Msr/instance-out.sql,0.00,0.00
CZ03/SCn&0&rDXHP&New&HV_AirDist__SupFanMtr/NE-HVAC-FanBelt-SynchVBelt-Msr/instance-out.sql,0.00,0.00
CZ04/Asm&0&rDXHP&New&HV_AirDist__SupFanMtr/NE-HVAC-FanBelt-VBelt-Std/instance-out.sql,0.00,0.00
CZ04/Asm&0&rDXHP&New&HV_AirDist__SupFanMtr/NE-HVAC-FanBelt-CoggedVBelt-Msr/instance-out.sql,0.00,0.00
CZ04/Asm&0&rDXHP&New&HV_AirDist__SupFanMtr/NE-HVAC-FanBelt-SynchVBelt-Msr/instance-out.sql,0.00,0.00
CZ04/ECC&0&rDXHP&New&HV_AirDist__SupFanMtr/NE-HVAC-FanBelt-VBelt-Std/instance-out.sql,0.00,57.33
CZ04/ECC&0&rDXHP&New&HV_AirDist__SupFanMtr/NE-HVAC-FanBelt-CoggedVBelt-Msr/instance-out.sql,0.00,57.33
CZ04/ECC&0&rDXHP&New&HV_AirDist__SupFanMtr/NE-HVAC-FanBelt-SynchVBelt-Msr/instance-out.sql,0.00,57.17
CZ04/EPr&0&rDXHP&New&HV_AirDist__SupFanMtr/NE-HVAC-FanBelt-VBelt-Std/instance-out.sql,0.00,0.00
CZ04/EPr&0&rDXHP&New&HV_AirDist__SupFanMtr/NE-HVAC-FanBelt-CoggedVBelt-Msr/instance-out.sql,0.00,0.00
CZ04/EPr&0&rDXHP&New&HV_AirDist__SupFanMtr/NE-HVAC-FanBelt-SynchVBelt-Msr/instance-out.sql,0.00,0.00
CZ04/ERC&0&rDXHP&New&HV_AirDist__SupFanMtr/NE-HVAC-FanBelt-VBelt-Std/instance-out.sql,0.00,0.00
CZ04/ERC&0&rDXHP&New&HV_AirDist__SupFanMtr/NE-HVAC-FanBelt-CoggedVBelt-Msr/instance-out.sql,0.00,0.00
CZ04/ERC&0&rDXHP&New&HV_AirDist__SupFanMtr/NE-HVAC-FanBelt-SynchVBelt-Msr/instance-out.sql,0.00,0.00
CZ04/ESe&0&rDXHP&New&HV_AirDist__SupFanMtr/NE-HVAC-FanBelt-VBelt-Std/instance-out.sql,0.00,0.00
CZ04/ESe&0&rDXHP&New&HV_AirDist__SupFanMtr/NE-HVAC-FanBelt-CoggedVBelt-Msr/instance-out.sql,0.00,0.00
CZ04/ESe&0&rDXHP&New&HV_AirDist__SupFanMtr/NE-HVAC-FanBelt-SynchVBelt-Msr/instance-out.sql,0.00,0.00
CZ04/EUn&0&rDXHP&New&HV_AirDist__SupFanMtr/NE-HVAC-FanBelt-VBelt-Std/instance-out.sql,0.00,21.33
CZ04/EUn&0&rDXHP&New&HV_AirDist__SupFanMtr/NE-HVAC-FanBelt-CoggedVBelt-Msr/instance-out.sql,0.00,21.33
CZ04/EUn&0&rDXHP&New&HV_AirDist__SupFanMtr/NE-HVAC-FanBelt-SynchVBelt-Msr/instance-out.sql,0.00,21.33
CZ04/Hsp&0&rDXHP&New&HV_AirDist__SupFanMtr/NE-HVAC-FanBelt-VBelt-Std/instance-out.sql,0.00,4.67
CZ04/Hsp&0&rDXHP&New&HV_AirDist__SupFanMtr/NE-HVAC-FanBelt-CoggedVBelt-Msr/instance-out.sql,0.00,4.67
CZ04/Hsp&0&rDXHP&New&HV_AirDist__SupFanMtr/NE-HVAC-FanBelt-SynchVBelt-Msr/instance-out.sql,0.00,4.67
CZ04/MBT&0&rDXHP&New&HV_AirDist__SupFanMtr/NE-HVAC-FanBelt-VBelt-Std/instance-out.sql,0.00,0.00
CZ04/MBT&0&rDXHP&New&HV_AirDist__SupFanMtr/NE-HVAC-FanBelt-CoggedVBelt-Msr/instance-out.sql,0.00,0.00
CZ04/MBT&0&rDXHP&New&HV_AirDist__SupFanMtr/NE-HVAC-FanBelt-SynchVBelt-Msr/instance-out.sql,0.00,0.00
CZ04/MLI&0&rDXHP&New&HV_AirDist__SupFanMtr/NE-HVAC-FanBelt-VBelt-Std/instance-out.sql,0.00,0.00
CZ04/MLI&0&rDXHP&New&HV_AirDist__SupFanMtr/NE-HVAC-FanBelt-CoggedVBelt-Msr/instance-out.sql,0.00,0.00
CZ04/MLI&0&rDXHP&New&HV_AirDist__SupFanMtr/NE-HVAC-FanBelt-SynchVBelt-Msr/instance-out.sql,0.00,0.00
CZ04/Mtl&0&rDXHP&New&HV_AirDist__SupFanMtr/NE-HVAC-FanBelt-VBelt-Std/instance-out.sql,0.00,61.83
CZ04/Mtl&0&rDXHP&New&HV_AirDist__SupFanMtr/NE-HVAC-FanBelt-CoggedVBelt-Msr/instance-out.sql,0.00,61.67
CZ04/Mtl&0&rDXHP&New&HV_AirDist__SupFanMtr/NE-HVAC-FanBelt-SynchVBelt-Msr/instance-out.sql,0.00,61.67
CZ04/Nrs&0&rDXHP&New&HV_AirDist__SupFanMtr/NE-HVAC-FanBelt-VBelt-Std/instance-out.sql,0.00,0.00
CZ04/Nrs&0&rDXHP&New&HV_AirDist__SupFanMtr/NE-HVAC-FanBelt-CoggedVBelt-Msr/instance-out.sql,0.00,0.00
CZ04/Nrs&0&rDXHP&New&HV_AirDist__SupFanMtr/NE-HVAC-FanBelt-SynchVBelt-Msr/instance-out.sql,0.00,0.00
CZ04/OfL&0&rDXHP&New&HV_AirDist__SupFanMtr/NE-HVAC-FanBelt-VBelt-Std/instance-out.sql,1.17,38.00
CZ04/OfL&0&rDXHP&New&HV_AirDist__SupFanMtr/NE-HVAC-FanBelt-CoggedVBelt-Msr/instance-out.sql,1.00,38.00
CZ04/OfL&0&rDXHP&New&HV_AirDist__SupFanMtr/NE-HVAC-FanBelt-SynchVBelt-Msr/instance-out.sql,1.17,38.00
CZ04/OfS&0&rDXHP&New&HV_AirDist__SupFanMtr/NE-HVAC-FanBelt-VBelt-Std/instance-out.sql,0.00,10.00
CZ04/OfS&0&rDXHP&New&HV_AirDist__SupFanMtr/NE-HVAC-FanBelt-CoggedVBelt-Msr/instance-out.sql,0.00,10.00
CZ04/OfS&0&rDXHP&New&HV_AirDist__SupFanMtr/NE-HVAC-FanBelt-SynchVBelt-Msr/instance-out.sql,0.00,10.00
CZ04/RFF&0&rDXHP&New&HV_AirDist__SupFanMtr/NE-HVAC-FanBelt-VBelt-Std/instance-out.sql,0.00,0.00
CZ04/RFF&0&rDXHP&New&HV_AirDist__SupFanMtr/NE-HVAC-FanBelt-CoggedVBelt-Msr/instance-out.sql,0.00,0.00
CZ04/RFF&0&rDXHP&New&HV_AirDist__SupFanMtr/NE-HVAC-FanBelt-SynchVBelt-Msr/instance-out.sql,0.00,0.00
CZ04/RSD&0&rDXHP&New&HV_AirDist__SupFanMtr/NE-HVAC-FanBelt-VBelt-Std/instance-out.sql,0.00,0.00
CZ04/RSD&0&rDXHP&New&HV_AirDist__SupFanMtr/NE-HVAC-FanBelt-CoggedVBelt-Msr/instance-out.sql,0.00,0.00
CZ04/RSD&0&rDXHP&New&HV_AirDist__SupFanMtr/NE-HVAC-FanBelt-SynchVBelt-Msr/instance-out.sql,0.00,0.00
CZ04/Rt3&0&rDXHP&New&HV_AirDist__SupFanMtr/NE-HVAC-FanBelt-VBelt-Std/instance-out.sql,0.00,0.00
CZ04/Rt3&0&rDXHP&New&HV_AirDist__SupFanMtr/NE-HVAC-FanBelt-CoggedVBelt-Msr/instance-out.sql,0.00,0.00
CZ04/Rt3&0&rDXHP&New&HV_AirDist__SupFanMtr/NE-HVAC-FanBelt-SynchVBelt-Msr/instance-out.sql,0.00,0.00
CZ04/RtL&0&rDXHP&New&HV_AirDist__SupFanMtr/NE-HVAC-FanBelt-VBelt-Std/instance-out.sql,0.00,0.00
CZ04/RtL&0&rDXHP&New&HV_AirDist__SupFanMtr/NE-HVAC-FanBelt-CoggedVBelt-Msr/instance-out.sql,0.00,0.00
CZ04/RtL&0&rDXHP&New&HV_AirDist__SupFanMtr/NE-HVAC-FanBelt-SynchVBelt-Msr/instance-out.sql,0.00,0.00
CZ04/RtS&0&rDXHP&New&HV_AirDist__SupFanMtr/NE-HVAC-FanBelt-VBelt-Std/instance-out.sql,0.00,0.00
CZ04/RtS&0&rDXHP&New&HV_AirDist__SupFanMtr/NE-HVAC-FanBelt-CoggedVBelt-Msr/instance-out.sql,0.00,0.00
CZ04/RtS&0&rDXHP&New&HV_AirDist__SupFanMtr/NE-HVAC-FanBelt-SynchVBelt-Msr/instance-out.sql,0.00,0.00
CZ04/SCn&0&rDXHP&New&HV_AirDist__SupFanMtr/NE-HVAC-FanBelt-VBelt-Std/instance-out.sql,0.00,0.00
CZ04/SCn&0&rDXHP&New&HV_AirDist__SupFanMtr/NE-HVAC-FanBelt-CoggedVBelt-Msr/instance-out.sql,0.00,0.00
CZ04/SCn&0&rDXHP&New&HV_AirDist__SupFanMtr/NE-HVAC-FanBelt-SynchVBelt-Msr/instance-out.sql,0.00,0.00
CZ05/Asm&0&rDXHP&New&HV_AirDist__SupFanMtr/NE-HVAC-FanBelt-VBelt-Std/instance-out.sql,0.00,0.00
CZ05/Asm&0&rDXHP&New&HV_AirDist__SupFanMtr/NE-HVAC-FanBelt-CoggedVBelt-Msr/instance-out.sql,0.00,0.00
CZ05/Asm&0&rDXHP&New&HV_AirDist__SupFanMtr/NE-HVAC-FanBelt-SynchVBelt-Msr/instance-out.sql,0.00,0.00
CZ05/ECC&0&rDXHP&New&HV_AirDist__SupFanMtr/NE-HVAC-FanBelt-VBelt-Std/instance-out.sql,0.00,13.83
CZ05/ECC&0&rDXHP&New&HV_AirDist__SupFanMtr/NE-HVAC-FanBelt-CoggedVBelt-Msr/instance-out.sql,0.00,13.83
CZ05/ECC&0&rDXHP&New&HV_AirDist__SupFanMtr/NE-HVAC-FanBelt-SynchVBelt-Msr/instance-out.sql,0.00,13.67
CZ05/EPr&0&rDXHP&New&HV_AirDist__SupFanMtr/NE-HVAC-FanBelt-VBelt-Std/instance-out.sql,0.00,0.00
CZ05/EPr&0&rDXHP&New&HV_AirDist__SupFanMtr/NE-HVAC-FanBelt-CoggedVBelt-Msr/instance-out.sql,0.00,0.00
CZ05/EPr&0&rDXHP&New&HV_AirDist__SupFanMtr/NE-HVAC-FanBelt-SynchVBelt-Msr/instance-out.sql,0.00,0.00
CZ05/ERC&0&rDXHP&New&HV_AirDist__SupFanMtr/NE-HVAC-FanBelt-VBelt-Std/instance-out.sql,0.00,0.00
CZ05/ERC&0&rDXHP&New&HV_AirDist__SupFanMtr/NE-HVAC-FanBelt-CoggedVBelt-Msr/instance-out.sql,0.00,0.00
CZ05/ERC&0&rDXHP&New&HV_AirDist__SupFanMtr/NE-HVAC-FanBelt-SynchVBelt-Msr/instance-out.sql,0.00,0.00
CZ05/ESe&0&rDXHP&New&HV_AirDist__SupFanMtr/NE-HVAC-FanBelt-VBelt-Std/instance-out.sql,0.00,0.00
CZ05/ESe&0&rDXHP&New&HV_AirDist__SupFanMtr/NE-HVAC-FanBelt-CoggedVBelt-Msr/instance-out.sql,0.00,0.00
CZ05/ESe&0&rDXHP&New&HV_AirDist__SupFanMtr/NE-HVAC-FanBelt-SynchVBelt-Msr/instance-out.sql,0.00,0.00
CZ05/EUn&0&rDXHP&New&HV_AirDist__SupFanMtr/NE-HVAC-FanBelt-VBelt-Std/instance-out.sql,0.00,13.50
CZ05/EUn&0&rDXHP&New&HV_AirDist__SupFanMtr/NE-HVAC-FanBelt-CoggedVBelt-Msr/instance-out.sql,0.00,13.50
CZ05/EUn&0&rDXHP&New&HV_AirDist__SupFanMtr/NE-HVAC-FanBelt-SynchVBelt-Msr/instance-out.sql,0.00,13.50
CZ05/Hsp&0&rDXHP&New&HV_AirDist__SupFanMtr/NE-HVAC-FanBelt-VBelt-Std/instance-out.sql,0.00,0.67
CZ05/Hsp&0&rDXHP&New&HV_AirDist__SupFanMtr/NE-HVAC-FanBelt-CoggedVBelt-Msr/instance-out.sql,0.00,0.67
CZ05/Hsp&0&rDXHP&New&HV_AirDist__SupFanMtr/NE-HVAC-FanBelt-SynchVBelt-Msr/instance-out.sql,0.00,0.67
CZ05/MBT&0&rDXHP&New&HV_AirDist__SupFanMtr/NE-HVAC-FanBelt-VBelt-Std/instance-out.sql,0.00,0.00
CZ05/MBT&0&rDXHP&New&HV_AirDist__SupFanMtr/NE-HVAC-FanBelt-CoggedVBelt-Msr/instance-out.sql,0.00,0.00
CZ05/MBT&0&rDXHP&New&HV_AirDist__SupFanMtr/NE-HVAC-FanBelt-SynchVBelt-Msr/instance-out.sql,0.00,0.00
CZ05/MLI&0&rDXHP&New&HV_AirDist__SupFanMtr/NE-HVAC-FanBelt-VBelt-Std/instance-out.sql,0.00,0.00
CZ05/MLI&0&rDXHP&New&HV_AirDist__SupFanMtr/NE-HVAC-FanBelt-CoggedVBelt-Msr/instance-out.sql,0.00,0.00
CZ05/MLI&0&rDXHP&New&HV_AirDist__SupFanMtr/NE-HVAC-FanBelt-SynchVBelt-Msr/instance-out.sql,0.00,0.00
CZ05/Mtl&0&rDXHP&New&HV_AirDist__SupFanMtr/NE-HVAC-FanBelt-VBelt-Std/instance-out.sql,0.00,54.50
CZ05/Mtl&0&rDXHP&New&HV_AirDist__SupFanMtr/NE-HVAC-FanBelt-CoggedVBelt-Msr/instance-out.sql,0.00,54.50
CZ05/Mtl&0&rDXHP&New&HV_AirDist__SupFanMtr/NE-HVAC-FanBelt-SynchVBelt-Msr/instance-out.sql,0.00,53.17
CZ05/Nrs&0&rDXHP&New&HV_AirDist__SupFanMtr/NE-HVAC-FanBelt-VBelt-Std/instance-out.sql,0.00,0.00
CZ05/Nrs&0&rDXHP&New&HV_AirDist__SupFanMtr/NE-HVAC-FanBelt-CoggedVBelt-Msr/instance-out.sql,0.00,0.00
CZ05/Nrs&0&rDXHP&New&HV_AirDist__SupFanMtr/NE-HVAC-FanBelt-SynchVBelt-Msr/instance-out.sql,0.00,0.00
CZ05/OfL&0&rDXHP&New&HV_AirDist__SupFanMtr/NE-HVAC-FanBelt-VBelt-Std/instance-out.sql,1.00,19.17
CZ05/OfL&0&rDXHP&New&HV_AirDist__SupFanMtr/NE-HVAC-FanBelt-CoggedVBelt-Msr/instance-out.sql,1.17,19.17
CZ05/OfL&0&rDXHP&New&HV_AirDist__SupFanMtr/NE-HVAC-FanBelt-SynchVBelt-Msr/instance-out.sql,1.17,19.33
CZ05/OfS&0&rDXHP&New&HV_AirDist__SupFanMtr/NE-HVAC-FanBelt-VBelt-Std/instance-out.sql,0.00,3.17
CZ05/OfS&0&rDXHP&New&HV_AirDist__SupFanMtr/NE-HVAC-FanBelt-CoggedVBelt-Msr/instance-out.sql,0.00,3.17
CZ05/OfS&0&rDXHP&New&HV_AirDist__SupFanMtr/NE-HVAC-FanBelt-SynchVBelt-Msr/instance-out.sql,0.00,3.17
CZ05/RFF&0&rDXHP&New&HV_AirDist__SupFanMtr/NE-HVAC-FanBelt-VBelt-Std/instance-out.sql,0.00,0.00
CZ05/RFF&0&rDXHP&New&HV_AirDist__SupFanMtr/NE-HVAC-FanBelt-CoggedVBelt-Msr/instance-out.sql,0.00,0.00
CZ05/RFF&0&rDXHP&New&HV_AirDist__SupFanMtr/NE-HVAC-FanBelt-SynchVBelt-Msr/instance-out.sql,0.00,0.00
CZ05/RSD&0&rDXHP&New&HV_AirDist__SupFanMtr/NE-HVAC-FanBelt-VBelt-Std/instance-out.sql,0.00,0.00
CZ05/RSD&0&rDXHP&New&HV_AirDist__SupFanMtr/NE-HVAC-FanBelt-CoggedVBelt-Msr/instance-out.sql,0.00,0.00
CZ05/RSD&0&rDXHP&New&HV_AirDist__SupFanMtr/NE-HVAC-FanBelt-SynchVBelt-Msr/instance-out.sql,0.00,0.00
CZ05/Rt3&0&rDXHP&New&HV_AirDist__SupFanMtr/NE-HVAC-FanBelt-VBelt-Std/instance-out.sql,0.00,0.00
CZ05/Rt3&0&rDXHP&New&HV_AirDist__SupFanMtr/NE-HVAC-FanBelt-CoggedVBelt-Msr/instance-out.sql,0.00,0.00
CZ05/Rt3&0&rDXHP&New&HV_AirDist__SupFanMtr/NE-HVAC-FanBelt-SynchVBelt-Msr/instance-out.sql,0.00,0.00
CZ05/RtL&0&rDXHP&New&HV_AirDist__SupFanMtr/NE-HVAC-FanBelt-VBelt-Std/instance-out.sql,0.00,0.00
CZ05/RtL&0&rDXHP&New&HV_AirDist__SupFanMtr/NE-HVAC-FanBelt-CoggedVBelt-Msr/instance-out.sql,0.00,0.00
CZ05/RtL&0&rDXHP&New&HV_AirDist__SupFanMtr/NE-HVAC-FanBelt-SynchVBelt-Msr/instance-out.sql,0.00,0.00
CZ05/RtS&0&rDXHP&New&HV_AirDist__SupFanMtr/NE-HVAC-FanBelt-VBelt-Std/instance-out.sql,0.00,0.00
CZ05/RtS&0&rDXHP&New&HV_AirDist__SupFanMtr/NE-HVAC-FanBelt-CoggedVBelt-Msr/instance-out.sql,0.00,0.00
CZ05/RtS&0&rDXHP&New&HV_AirDist__SupFanMtr/NE-HVAC-FanBelt-SynchVBelt-Msr/instance-out.sql,0.00,0.00
CZ05/SCn&0&rDXHP&New&HV_AirDist__SupFanMtr/NE-HVAC-FanBelt-VBelt-Std/instance-out.sql,0.00,0.00
CZ05/SCn&0&rDXHP&New&HV_AirDist__SupFanMtr/NE-HVAC-FanBelt-CoggedVBelt-Msr/instance-out.sql,0.00,0.00
CZ05/SCn&0&rDXHP&New&HV_AirDist__SupFanMtr/NE-HVAC-FanBelt-SynchVBelt-Msr/instance-out.sql,0.00,0.00
CZ06/Asm&0&rDXHP&New&HV_AirDist__SupFanMtr/NE-HVAC-FanBelt-VBelt-Std/instance-out.sql,0.00,0.00
CZ06/Asm&0&rDXHP&New&HV_AirDist__SupFanMtr/NE-HVAC-FanBelt-CoggedVBelt-Msr/instance-out.sql,0.00,0.00
CZ06/Asm&0&rDXHP&New&HV_AirDist__SupFanMtr/NE-HVAC-FanBelt-SynchVBelt-Msr/instance-out.sql,0.00,0.00
CZ06/ECC&0&rDXHP&New&HV_AirDist__SupFanMtr/NE-HVAC-FanBelt-VBelt-Std/instance-out.sql,0.00,1221.17
CZ06/ECC&0&rDXHP&New&HV_AirDist__SupFanMtr/NE-HVAC-FanBelt-CoggedVBelt-Msr/instance-out.sql,0.00,1221.00
CZ06/ECC&0&rDXHP&New&HV_AirDist__SupFanMtr/NE-HVAC-FanBelt-SynchVBelt-Msr/instance-out.sql,0.00,1220.50
CZ06/EPr&0&rDXHP&New&HV_AirDist__SupFanMtr/NE-HVAC-FanBelt-VBelt-Std/instance-out.sql,0.00,0.00
CZ06/EPr&0&rDXHP&New&HV_AirDist__SupFanMtr/NE-HVAC-FanBelt-CoggedVBelt-Msr/instance-out.sql,0.00,0.00
CZ06/EPr&0&rDXHP&New&HV_AirDist__SupFanMtr/NE-HVAC-FanBelt-SynchVBelt-Msr/instance-out.sql,0.00,0.00
CZ06/ERC&0&rDXHP&New&HV_AirDist__SupFanMtr/NE-HVAC-FanBelt-VBelt-Std/instance-out.sql,0.00,0.00
CZ06/ERC&0&rDXHP&New&HV_AirDist__SupFanMtr/NE-HVAC-FanBelt-CoggedVBelt-Msr/instance-out.sql,0.00,0.00
CZ06/ERC&0&rDXHP&New&HV_AirDist__SupFanMtr/NE-HVAC-FanBelt-SynchVBelt-Msr/instance-out.sql,0.00,0.00
CZ06/ESe&0&rDXHP&New&HV_AirDist__SupFanMtr/NE-HVAC-FanBelt-VBelt-Std/instance-out.sql,0.00,0.00
CZ06/ESe&0&rDXHP&New&HV_AirDist__SupFanMtr/NE-HVAC-FanBelt-CoggedVBelt-Msr/instance-out.sql,0.00,0.00
CZ06/ESe&0&rDXHP&New&HV_AirDist__SupFanMtr/NE-HVAC-FanBelt-SynchVBelt-Msr/instance-out.sql,0.00,0.00
CZ06/EUn&0&rDXHP&New&HV_AirDist__SupFanMtr/NE-HVAC-FanBelt-VBelt-Std/instance-out.sql,0.00,24.17
CZ06/EUn&0&rDXHP&New&HV_AirDist__SupFanMtr/NE-HVAC-FanBelt-CoggedVBelt-Msr/instance-out.sql,0.00,24.17
CZ06/EUn&0&rDXHP&New&HV_AirDist__SupFanMtr/NE-HVAC-FanBelt-SynchVBelt-Msr/instance-out.sql,0.00,24.17
CZ06/Hsp&0&rDXHP&New&HV_AirDist__SupFanMtr/NE-HVAC-FanBelt-VBelt-Std/instance-out.sql,0.00,1.83
CZ06/Hsp&0&rDXHP&New&HV_AirDist__SupFanMtr/NE-HVAC-FanBelt-CoggedVBelt-Msr/instance-out.sql,0.00,1.83
CZ06/Hsp&0&rDXHP&New&HV_AirDist__SupFanMtr/NE-HVAC-FanBelt-SynchVBelt-Msr/instance-out.sql,0.00,1.83
CZ06/MBT&0&rDXHP&New&HV_AirDist__SupFanMtr/NE-HVAC-FanBelt-VBelt-Std/instance-out.sql,0.00,0.00
CZ06/MBT&0&rDXHP&New&HV_AirDist__SupFanMtr/NE-HVAC-FanBelt-CoggedVBelt-Msr/instance-out.sql,0.00,0.00
CZ06/MBT&0&rDXHP&New&HV_AirDist__SupFanMtr/NE-HVAC-FanBelt-SynchVBelt-Msr/instance-out.sql,0.00,0.00
CZ06/MLI&0&rDXHP&New&HV_AirDist__SupFanMtr/NE-HVAC-FanBelt-VBelt-Std/instance-out.sql,0.00,0.00
CZ06/MLI&0&rDXHP&New&HV_AirDist__SupFanMtr/NE-HVAC-FanBelt-CoggedVBelt-Msr/instance-out.sql,0.00,0.00
CZ06/MLI&0&rDXHP&New&HV_AirDist__SupFanMtr/NE-HVAC-FanBelt-SynchVBelt-Msr/instance-out.sql,0.00,0.00
CZ06/Mtl&0&rDXHP&New&HV_AirDist__SupFanMtr/NE-HVAC-FanBelt-VBelt-Std/instance-out.sql,0.00,76.50
CZ06/Mtl&0&rDXHP&New&HV_AirDist__SupFanMtr/NE-HVAC-FanBelt-CoggedVBelt-Msr/instance-out.sql,0.00,76.50
CZ06/Mtl&0&rDXHP&New&HV_AirDist__SupFanMtr/NE-HVAC-FanBelt-SynchVBelt-Msr/instance-out.sql,0.00,76.50
CZ06/Nrs&0&rDXHP&New&HV_AirDist__SupFanMtr/NE-HVAC-FanBelt-VBelt-Std/instance-out.sql,0.00,0.00
CZ06/Nrs&0&rDXHP&New&HV_AirDist__SupFanMtr/NE-HVAC-FanBelt-CoggedVBelt-Msr/instance-out.sql,0.00,0.00
CZ06/Nrs&0&rDXHP&New&HV_AirDist__SupFanMtr/NE-HVAC-FanBelt-SynchVBelt-Msr/instance-out.sql,0.00,0.00
CZ06/OfL&0&rDXHP&New&HV_AirDist__SupFanMtr/NE-HVAC-FanBelt-VBelt-Std/instance-out.sql,0.00,51.00
CZ06/OfL&0&rDXHP&New&HV_AirDist__SupFanMtr/NE-HVAC-FanBelt-CoggedVBelt-Msr/instance-out.sql,0.00,51.00
CZ06/OfL&0&rDXHP&New&HV_AirDist__SupFanMtr/NE-HVAC-FanBelt-SynchVBelt-Msr/instance-out.sql,0.00,51.00
CZ06/OfS&0&rDXHP&New&HV_AirDist__SupFanMtr/NE-HVAC-FanBelt-VBelt-Std/instance-out.sql,0.00,12.67
CZ06/OfS&0&rDXHP&New&HV_AirDist__SupFanMtr/NE-HVAC-FanBelt-CoggedVBelt-Msr/instance-out.sql,0.00,12.67
CZ06/OfS&0&rDXHP&New&HV_AirDist__SupFanMtr/NE-HVAC-FanBelt-SynchVBelt-Msr/instance-out.sql,0.00,12.67
CZ06/RFF&0&rDXHP&New&HV_AirDist__SupFanMtr/NE-HVAC-FanBelt-VBelt-Std/instance-out.sql,0.00,0.00
CZ06/RFF&0&rDXHP&New&HV_AirDist__SupFanMtr/NE-HVAC-FanBelt-CoggedVBelt-Msr/instance-out.sql,0.00,0.00
CZ06/RFF&0&rDXHP&New&HV_AirDist__SupFanMtr/NE-HVAC-FanBelt-SynchVBelt-Msr/instance-out.sql,0.00,0.00
CZ06/RSD&0&rDXHP&New&HV_AirDist__SupFanMtr/NE-HVAC-FanBelt-VBelt-Std/instance-out.sql,0.00,0.00
CZ06/RSD&0&rDXHP&New&HV_AirDist__SupFanMtr/NE-HVAC-FanBelt-CoggedVBelt-Msr/instance-out.sql,0.00,0.00
CZ06/RSD&0&rDXHP&New&HV_AirDist__SupFanMtr/NE-HVAC-FanBelt-SynchVBelt-Msr/instance-out.sql,0.00,0.00
CZ06/Rt3&0&rDXHP&New&HV_AirDist__SupFanMtr/NE-HVAC-FanBelt-VBelt-Std/instance-out.sql,0.00,0.00
CZ06/Rt3&0&rDXHP&New&HV_AirDist__SupFanMtr/NE-HVAC-FanBelt-CoggedVBelt-Msr/instance-out.sql,0.00,0.00
CZ06/Rt3&0&rDXHP&New&HV_AirDist__SupFanMtr/NE-HVAC-FanBelt-SynchVBelt-Msr/instance-out.sql,0.00,0.00
CZ06/RtL&0&rDXHP&New&HV_AirDist__SupFanMtr/NE-HVAC-FanBelt-VBelt-Std/instance-out.sql,0.00,0.00
CZ06/RtL&0&rDXHP&New&HV_AirDist__SupFanMtr/NE-HVAC-FanBelt-CoggedVBelt-Msr/instance-out.sql,0.00,0.00
CZ06/RtL&0&rDXHP&New&HV_AirDist__SupFanMtr/NE-HVAC-FanBelt-SynchVBelt-Msr/instance-out.sql,0.00,0.00
CZ06/RtS&0&rDXHP&New&HV_AirDist__SupFanMtr/NE-HVAC-FanBelt-VBelt-Std/instance-out.sql,0.00,0.00
CZ06/RtS&0&rDXHP&New&HV_AirDist__SupFanMtr/NE-HVAC-FanBelt-CoggedVBelt-Msr/instance-out.sql,0.00,0.00
CZ06/RtS&0&rDXHP&New&HV_AirDist__SupFanMtr/NE-HVAC-FanBelt-SynchVBelt-Msr/instance-out.sql,0.00,0.00
CZ06/SCn&0&rDXHP&New&HV_AirDist__SupFanMtr/NE-HVAC-FanBelt-VBelt-Std/instance-out.sql,0.00,0.00
CZ06/SCn&0&rDXHP&New&HV_AirDist__SupFanMtr/NE-HVAC-FanBelt-CoggedVBelt-Msr/instance-out.sql,0.00,0.00
CZ06/SCn&0&rDXHP&New&HV_AirDist__SupFanMtr/NE-HVAC-FanBelt-SynchVBelt-Msr/instance-out.sql,0.00,0.00
CZ07/Asm&0&rDXHP&New&HV_AirDist__SupFanMtr/NE-HVAC-FanBelt-VBelt-Std/instance-out.sql,0.00,0.00
CZ07/Asm&0&rDXHP&New&HV_AirDist__SupFanMtr/NE-HVAC-FanBelt-CoggedVBelt-Msr/instance-out.sql,0.00,0.00
CZ07/Asm&0&rDXHP&New&HV_AirDist__SupFanMtr/NE-HVAC-FanBelt-SynchVBelt-Msr/instance-out.sql,0.00,0.00
CZ07/ECC&0&rDXHP&New&HV_AirDist__SupFanMtr/NE-HVAC-FanBelt-VBelt-Std/instance-out.sql,0.00,24.67
CZ07/ECC&0&rDXHP&New&HV_AirDist__SupFanMtr/NE-HVAC-FanBelt-CoggedVBelt-Msr/instance-out.sql,0.00,24.67
CZ07/ECC&0&rDXHP&New&HV_AirDist__SupFanMtr/NE-HVAC-FanBelt-SynchVBelt-Msr/instance-out.sql,0.00,24.67
CZ07/EPr&0&rDXHP&New&HV_AirDist__SupFanMtr/NE-HVAC-FanBelt-VBelt-Std/instance-out.sql,0.00,0.00
CZ07/EPr&0&rDXHP&New&HV_AirDist__SupFanMtr/NE-HVAC-FanBelt-CoggedVBelt-Msr/instance-out.sql,0.00,0.00
CZ07/EPr&0&rDXHP&New&HV_AirDist__SupFanMtr/NE-HVAC-FanBelt-SynchVBelt-Msr/instance-out.sql,0.00,0.00
CZ07/ERC&0&rDXHP&New&HV_AirDist__SupFanMtr/NE-HVAC-FanBelt-VBelt-Std/instance-out.sql,0.00,0.00
CZ07/ERC&0&rDXHP&New&HV_AirDist__SupFanMtr/NE-HVAC-FanBelt-CoggedVBelt-Msr/instance-out.sql,0.00,0.00
CZ07/ERC&0&rDXHP&New&HV_AirDist__SupFanMtr/NE-HVAC-FanBelt-SynchVBelt-Msr/instance-out.sql,0.00,0.00
CZ07/ESe&0&rDXHP&New&HV_AirDist__SupFanMtr/NE-HVAC-FanBelt-VBelt-Std/instance-out.sql,0.00,0.00
CZ07/ESe&0&rDXHP&New&HV_AirDist__SupFanMtr/NE-HVAC-FanBelt-CoggedVBelt-Msr/instance-out.sql,0.00,0.00
CZ07/ESe&0&rDXHP&New&HV_AirDist__SupFanMtr/NE-HVAC-FanBelt-SynchVBelt-Msr/instance-out.sql,0.00,0.00
CZ07/EUn&0&rDXHP&New&HV_AirDist__SupFanMtr/NE-HVAC-FanBelt-VBelt-Std/instance-out.sql,0.00,21.17
CZ07/EUn&0&rDXHP&New&HV_AirDist__SupFanMtr/NE-HVAC-FanBelt-CoggedVBelt-Msr/instance-out.sql,0.00,21.17
CZ07/EUn&0&rDXHP&New&HV_AirDist__SupFanMtr/NE-HVAC-FanBelt-SynchVBelt-Msr/instance-out.sql,0.00,21.17
CZ07/Hsp&0&rDXHP&New&HV_AirDist__SupFanMtr/NE-HVAC-FanBelt-VBelt-Std/instance-out.sql,0.00,2.67
CZ07/Hsp&0&rDXHP&New&HV_AirDist__SupFanMtr/NE-HVAC-FanBelt-CoggedVBelt-Msr/instance-out.sql,0.00,2.67
CZ07/Hsp&0&rDXHP&New&HV_AirDist__SupFanMtr/NE-HVAC-FanBelt-SynchVBelt-Msr/instance-out.sql,0.00,2.67
CZ07/MBT&0&rDXHP&New&HV_AirDist__SupFanMtr/NE-HVAC-FanBelt-VBelt-Std/instance-out.sql,0.00,0.00
CZ07/MBT&0&rDXHP&New&HV_AirDist__SupFanMtr/NE-HVAC-FanBelt-CoggedVBelt-Msr/instance-out.sql,0.00,0.00
CZ07/MBT&0&rDXHP&New&HV_AirDist__SupFanMtr/NE-HVAC-FanBelt-SynchVBelt-Msr/instance-out.sql,0.00,0.00
CZ07/MLI&0&rDXHP&New&HV_AirDist__SupFanMtr/NE-HVAC-FanBelt-VBelt-Std/instance-out.sql,0.00,0.00
CZ07/MLI&0&rDXHP&New&HV_AirDist__SupFanMtr/NE-HVAC-FanBelt-CoggedVBelt-Msr/instance-out.sql,0.00,0.00
CZ07/MLI&0&rDXHP&New&HV_AirDist__SupFanMtr/NE-HVAC-FanBelt-SynchVBelt-Msr/instance-out.sql,0.00,0.00
CZ07/Mtl&0&rDXHP&New&HV_AirDist__SupFanMtr/NE-HVAC-FanBelt-VBelt-Std/instance-out.sql,0.00,61.33
CZ07/Mtl&0&rDXHP&New&HV_AirDist__SupFanMtr/NE-HVAC-FanBelt-CoggedVBelt-Msr/instance-out.sql,0.00,61.50
CZ07/Mtl&0&rDXHP&New&HV_AirDist__SupFanMtr/NE-HVAC-FanBelt-SynchVBelt-Msr/instance-out.sql,0.00,60.33
CZ07/Nrs&0&rDXHP&New&HV_AirDist__SupFanMtr/NE-HVAC-FanBelt-VBelt-Std/instance-out.sql,0.00,0.00
CZ07/Nrs&0&rDXHP&New&HV_AirDist__SupFanMtr/NE-HVAC-FanBelt-CoggedVBelt-Msr/instance-out.sql,0.00,0.00
CZ07/Nrs&0&rDXHP&New&HV_AirDist__SupFanMtr/NE-HVAC-FanBelt-SynchVBelt-Msr/instance-out.sql,0.00,0.00
CZ07/OfL&0&rDXHP&New&HV_AirDist__SupFanMtr/NE-HVAC-FanBelt-VBelt-Std/instance-out.sql,0.00,36.33
CZ07/OfL&0&rDXHP&New&HV_AirDist__SupFanMtr/NE-HVAC-FanBelt-CoggedVBelt-Msr/instance-out.sql,0.00,36.33
CZ07/OfL&0&rDXHP&New&HV_AirDist__SupFanMtr/NE-HVAC-FanBelt-SynchVBelt-Msr/instance-out.sql,0.00,36.33
CZ07/OfS&0&rDXHP&New&HV_AirDist__SupFanMtr/NE-HVAC-FanBelt-VBelt-Std/instance-out.sql,0.00,9.33
CZ07/OfS&0&rDXHP&New&HV_AirDist__SupFanMtr/NE-HVAC-FanBelt-CoggedVBelt-Msr/instance-out.sql,0.00,9.33
CZ07/OfS&0&rDXHP&New&HV_AirDist__SupFanMtr/NE-HVAC-FanBelt-SynchVBelt-Msr/instance-out.sql,0.00,9.33
CZ07/RFF&0&rDXHP&New&HV_AirDist__SupFanMtr/NE-HVAC-FanBelt-VBelt-Std/instance-out.sql,0.00,0.00
CZ07/RFF&0&rDXHP&New&HV_AirDist__SupFanMtr/NE-HVAC-FanBelt-CoggedVBelt-Msr/instance-out.sql,0.00,0.00
CZ07/RFF&0&rDXHP&New&HV_AirDist__SupFanMtr/NE-HVAC-FanBelt-SynchVBelt-Msr/instance-out.sql,0.00,0.00
CZ07/RSD&0&rDXHP&New&HV_AirDist__SupFanMtr/NE-HVAC-FanBelt-VBelt-Std/instance-out.sql,0.00,0.00
CZ07/RSD&0&rDXHP&New&HV_AirDist__SupFanMtr/NE-HVAC-FanBelt-CoggedVBelt-Msr/instance-out.sql,0.00,0.00
CZ07/RSD&0&rDXHP&New&HV_AirDist__SupFanMtr/NE-HVAC-FanBelt-SynchVBelt-Msr/instance-out.sql,0.00,0.00
CZ07/Rt3&0&rDXHP&New&HV_AirDist__SupFanMtr/NE-HVAC-FanBelt-VBelt-Std/instance-out.sql,0.00,0.00
CZ07/Rt3&0&rDXHP&New&HV_AirDist__SupFanMtr/NE-HVAC-FanBelt-CoggedVBelt-Msr/instance-out.sql,0.00,0.00
CZ07/Rt3&0&rDXHP&New&HV_AirDist__SupFanMtr/NE-HVAC-FanBelt-SynchVBelt-Msr/instance-out.sql,0.00,0.00
CZ07/RtL&0&rDXHP&New&HV_AirDist__SupFanMtr/NE-HVAC-FanBelt-VBelt-Std/instance-out.sql,0.00,0.00
CZ07/RtL&0&rDXHP&New&HV_AirDist__SupFanMtr/NE-HVAC-FanBelt-CoggedVBelt-Msr/instance-out.sql,0.00,0.00
CZ07/RtL&0&rDXHP&New&HV_AirDist__SupFanMtr/NE-HVAC-FanBelt-SynchVBelt-Msr/instance-out.sql,0.00,0.00
CZ07/RtS&0&rDXHP&New&HV_AirDist__SupFanMtr/NE-HVAC-FanBelt-VBelt-Std/instance-out.sql,0.00,0.00
CZ07/RtS&0&rDXHP&New&HV_AirDist__SupFanMtr/NE-HVAC-FanBelt-CoggedVBelt-Msr/instance-out.sql,0.00,0.00
CZ07/RtS&0&rDXHP&New&HV_AirDist__SupFanMtr/NE-HVAC-FanBelt-SynchVBelt-Msr/instance-out.sql,0.00,0.00
CZ07/SCn&0&rDXHP&New&HV_AirDist__SupFanMtr/NE-HVAC-FanBelt-VBelt-Std/instance-out.sql,0.00,0.00
CZ07/SCn&0&rDXHP&New&HV_AirDist__SupFanMtr/NE-HVAC-FanBelt-CoggedVBelt-Msr/instance-out.sql,0.00,0.00
CZ07/SCn&0&rDXHP&New&HV_AirDist__SupFanMtr/NE-HVAC-FanBelt-SynchVBelt-Msr/instance-out.sql,0.00,0.00
CZ08/Asm&0&rDXHP&New&HV_AirDist__SupFanMtr/NE-HVAC-FanBelt-VBelt-Std/instance-out.sql,0.00,0.00
CZ08/Asm&0&rDXHP&New&HV_AirDist__SupFanMtr/NE-HVAC-FanBelt-CoggedVBelt-Msr/instance-out.sql,0.00,0.00
CZ08/Asm&0&rDXHP&New&HV_AirDist__SupFanMtr/NE-HVAC-FanBelt-SynchVBelt-Msr/instance-out.sql,0.00,0.00
CZ08/ECC&0&rDXHP&New&HV_AirDist__SupFanMtr/NE-HVAC-FanBelt-VBelt-Std/instance-out.sql,0.00,30.50
CZ08/ECC&0&rDXHP&New&HV_AirDist__SupFanMtr/NE-HVAC-FanBelt-CoggedVBelt-Msr/instance-out.sql,0.00,30.50
CZ08/ECC&0&rDXHP&New&HV_AirDist__SupFanMtr/NE-HVAC-FanBelt-SynchVBelt-Msr/instance-out.sql,0.00,30.50
CZ08/EPr&0&rDXHP&New&HV_AirDist__SupFanMtr/NE-HVAC-FanBelt-VBelt-Std/instance-out.sql,0.00,0.00
CZ08/EPr&0&rDXHP&New&HV_AirDist__SupFanMtr/NE-HVAC-FanBelt-CoggedVBelt-Msr/instance-out.sql,0.00,0.00
CZ08/EPr&0&rDXHP&New&HV_AirDist__SupFanMtr/NE-HVAC-FanBelt-SynchVBelt-Msr/instance-out.sql,0.00,0.00
CZ08/ERC&0&rDXHP&New&HV_AirDist__SupFanMtr/NE-HVAC-FanBelt-VBelt-Std/instance-out.sql,0.00,0.00
CZ08/ERC&0&rDXHP&New&HV_AirDist__SupFanMtr/NE-HVAC-FanBelt-CoggedVBelt-Msr/instance-out.sql,0.00,0.00
CZ08/ERC&0&rDXHP&New&HV_AirDist__SupFanMtr/NE-HVAC-FanBelt-SynchVBelt-Msr/instance-out.sql,0.00,0.00
CZ08/ESe&0&rDXHP&New&HV_AirDist__SupFanMtr/NE-HVAC-FanBelt-VBelt-Std/instance-out.sql,0.00,0.00
CZ08/ESe&0&rDXHP&New&HV_AirDist__SupFanMtr/NE-HVAC-FanBelt-CoggedVBelt-Msr/instance-out.sql,0.00,0.00
CZ08/ESe&0&rDXHP&New&HV_AirDist__SupFanMtr/NE-HVAC-FanBelt-SynchVBelt-Msr/instance-out.sql,0.00,0.00
CZ08/EUn&0&rDXHP&New&HV_AirDist__SupFanMtr/NE-HVAC-FanBelt-VBelt-Std/instance-out.sql,0.00,33.00
CZ08/EUn&0&rDXHP&New&HV_AirDist__SupFanMtr/NE-HVAC-FanBelt-CoggedVBelt-Msr/instance-out.sql,0.00,33.00
CZ08/EUn&0&rDXHP&New&HV_AirDist__SupFanMtr/NE-HVAC-FanBelt-SynchVBelt-Msr/instance-out.sql,0.00,33.00
CZ08/Hsp&0&rDXHP&New&HV_AirDist__SupFanMtr/NE-HVAC-FanBelt-VBelt-Std/instance-out.sql,0.00,12.00
CZ08/Hsp&0&rDXHP&New&HV_AirDist__SupFanMtr/NE-HVAC-FanBelt-CoggedVBelt-Msr/instance-out.sql,0.00,12.00
CZ08/Hsp&0&rDXHP&New&HV_AirDist__SupFanMtr/NE-HVAC-FanBelt-SynchVBelt-Msr/instance-out.sql,0.00,12.00
CZ08/MBT&0&rDXHP&New&HV_AirDist__SupFanMtr/NE-HVAC-FanBelt-VBelt-Std/instance-out.sql,0.00,0.00
CZ08/MBT&0&rDXHP&New&HV_AirDist__SupFanMtr/NE-HVAC-FanBelt-CoggedVBelt-Msr/instance-out.sql,0.00,0.00
CZ08/MBT&0&rDXHP&New&HV_AirDist__SupFanMtr/NE-HVAC-FanBelt-SynchVBelt-Msr/instance-out.sql,0.00,0.00
CZ08/MLI&0&rDXHP&New&HV_AirDist__SupFanMtr/NE-HVAC-FanBelt-VBelt-Std/instance-out.sql,0.00,0.00
CZ08/MLI&0&rDXHP&New&HV_AirDist__SupFanMtr/NE-HVAC-FanBelt-CoggedVBelt-Msr/instance-out.sql,0.00,0.00
CZ08/MLI&0&rDXHP&New&HV_AirDist__SupFanMtr/NE-HVAC-FanBelt-SynchVBelt-Msr/instance-out.sql,0.00,0.00
CZ08/Mtl&0&rDXHP&New&HV_AirDist__SupFanMtr/NE-HVAC-FanBelt-VBelt-Std/instance-out.sql,0.00,88.33
CZ08/Mtl&0&rDXHP&New&HV_AirDist__SupFanMtr/NE-HVAC-FanBelt-CoggedVBelt-Msr/instance-out.sql,0.00,88.33
CZ08/Mtl&0&rDXHP&New&HV_AirDist__SupFanMtr/NE-HVAC-FanBelt-SynchVBelt-Msr/instance-out.sql,0.00,89.50
CZ08/Nrs&0&rDXHP&New&HV_AirDist__SupFanMtr/NE-HVAC-FanBelt-VBelt-Std/instance-out.sql,0.00,0.00
CZ08/Nrs&0&rDXHP&New&HV_AirDist__SupFanMtr/NE-HVAC-FanBelt-CoggedVBelt-Msr/instance-out.sql,0.00,0.00
CZ08/Nrs&0&rDXHP&New&HV_AirDist__SupFanMtr/NE-HVAC-FanBelt-SynchVBelt-Msr/instance-out.sql,0.00,0.00
CZ08/OfL&0&rDXHP&New&HV_AirDist__SupFanMtr/NE-HVAC-FanBelt-VBelt-Std/instance-out.sql,0.00,63.33
CZ08/OfL&0&rDXHP&New&HV_AirDist__SupFanMtr/NE-HVAC-FanBelt-CoggedVBelt-Msr/instance-out.sql,0.00,63.17
CZ08/OfL&0&rDXHP&New&HV_AirDist__SupFanMtr/NE-HVAC-FanBelt-SynchVBelt-Msr/instance-out.sql,0.00,63.17
CZ08/OfS&0&rDXHP&New&HV_AirDist__SupFanMtr/NE-HVAC-FanBelt-VBelt-Std/instance-out.sql,0.00,19.50
CZ08/OfS&0&rDXHP&New&HV_AirDist__SupFanMtr/NE-HVAC-FanBelt-CoggedVBelt-Msr/instance-out.sql,0.00,19.50
CZ08/OfS&0&rDXHP&New&HV_AirDist__SupFanMtr/NE-HVAC-FanBelt-SynchVBelt-Msr/instance-out.sql,0.00,19.50
CZ08/RFF&0&rDXHP&New&HV_AirDist__SupFanMtr/NE-HVAC-FanBelt-VBelt-Std/instance-out.sql,0.00,0.00
CZ08/RFF&0&rDXHP&New&HV_AirDist__SupFanMtr/NE-HVAC-FanBelt-CoggedVBelt-Msr/instance-out.sql,0.00,0.00
CZ08/RFF&0&rDXHP&New&HV_AirDist__SupFanMtr/NE-HVAC-FanBelt-SynchVBelt-Msr/instance-out.sql,0.00,0.00
CZ08/RSD&0&rDXHP&New&HV_AirDist__SupFanMtr/NE-HVAC-FanBelt-VBelt-Std/instance-out.sql,0.00,0.00
CZ08/RSD&0&rDXHP&New&HV_AirDist__SupFanMtr/NE-HVAC-FanBelt-CoggedVBelt-Msr/instance-out.sql,0.00,0.00
CZ08/RSD&0&rDXHP&New&HV_AirDist__SupFanMtr/NE-HVAC-FanBelt-SynchVBelt-Msr/instance-out.sql,0.00,0.00
CZ08/Rt3&0&rDXHP&New&HV_AirDist__SupFanMtr/NE-HVAC-FanBelt-VBelt-Std/instance-out.sql,0.00,0.00
CZ08/Rt3&0&rDXHP&New&HV_AirDist__SupFanMtr/NE-HVAC-FanBelt-CoggedVBelt-Msr/instance-out.sql,0.00,0.00
CZ08/Rt3&0&rDXHP&New&HV_AirDist__SupFanMtr/NE-HVAC-FanBelt-SynchVBelt-Msr/instance-out.sql,0.00,0.00
CZ08/RtL&0&rDXHP&New&HV_AirDist__SupFanMtr/NE-HVAC-FanBelt-VBelt-Std/instance-out.sql,0.00,0.00
CZ08/RtL&0&rDXHP&New&HV_AirDist__SupFanMtr/NE-HVAC-FanBelt-CoggedVBelt-Msr/instance-out.sql,0.00,0.00
CZ08/RtL&0&rDXHP&New&HV_AirDist__SupFanMtr/NE-HVAC-FanBelt-SynchVBelt-Msr/instance-out.sql,0.00,0.00
CZ08/RtS&0&rDXHP&New&HV_AirDist__SupFanMtr/NE-HVAC-FanBelt-VBelt-Std/instance-out.sql,0.00,0.00
CZ08/RtS&0&rDXHP&New&HV_AirDist__SupFanMtr/NE-HVAC-FanBelt-CoggedVBelt-Msr/instance-out.sql,0.00,0.00
CZ08/RtS&0&rDXHP&New&HV_AirDist__SupFanMtr/NE-HVAC-FanBelt-SynchVBelt-Msr/instance-out.sql,0.00,0.00
CZ08/SCn&0&rDXHP&New&HV_AirDist__SupFanMtr/NE-HVAC-FanBelt-VBelt-Std/instance-out.sql,0.00,0.00
CZ08/SCn&0&rDXHP&New&HV_AirDist__SupFanMtr/NE-HVAC-FanBelt-CoggedVBelt-Msr/instance-out.sql,0.00,0.00
CZ08/SCn&0&rDXHP&New&HV_AirDist__SupFanMtr/NE-HVAC-FanBelt-SynchVBelt-Msr/instance-out.sql,0.00,0.00
CZ09/Asm&0&rDXHP&New&HV_AirDist__SupFanMtr/NE-HVAC-FanBelt-VBelt-Std/instance-out.sql,0.00,0.00
CZ09/Asm&0&rDXHP&New&HV_AirDist__SupFanMtr/NE-HVAC-FanBelt-CoggedVBelt-Msr/instance-out.sql,0.00,0.00
CZ09/Asm&0&rDXHP&New&HV_AirDist__SupFanMtr/NE-HVAC-FanBelt-SynchVBelt-Msr/instance-out.sql,0.00,0.00
CZ09/ECC&0&rDXHP&New&HV_AirDist__SupFanMtr/NE-HVAC-FanBelt-VBelt-Std/instance-out.sql,0.00,2.50
CZ09/ECC&0&rDXHP&New&HV_AirDist__SupFanMtr/NE-HVAC-FanBelt-CoggedVBelt-Msr/instance-out.sql,0.00,2.50
CZ09/ECC&0&rDXHP&New&HV_AirDist__SupFanMtr/NE-HVAC-FanBelt-SynchVBelt-Msr/instance-out.sql,0.00,2.50
CZ09/EPr&0&rDXHP&New&HV_AirDist__SupFanMtr/NE-HVAC-FanBelt-VBelt-Std/instance-out.sql,0.00,0.00
CZ09/EPr&0&rDXHP&New&HV_AirDist__SupFanMtr/NE-HVAC-FanBelt-CoggedVBelt-Msr/instance-out.sql,0.00,0.00
CZ09/EPr&0&rDXHP&New&HV_AirDist__SupFanMtr/NE-HVAC-FanBelt-SynchVBelt-Msr/instance-out.sql,0.00,0.00
CZ09/ERC&0&rDXHP&New&HV_AirDist__SupFanMtr/NE-HVAC-FanBelt-VBelt-Std/instance-out.sql,0.00,0.00
CZ09/ERC&0&rDXHP&New&HV_AirDist__SupFanMtr/NE-HVAC-FanBelt-CoggedVBelt-Msr/instance-out.sql,0.00,0.00
CZ09/ERC&0&rDXHP&New&HV_AirDist__SupFanMtr/NE-HVAC-FanBelt-SynchVBelt-Msr/instance-out.sql,0.00,0.00
CZ09/ESe&0&rDXHP&New&HV_AirDist__SupFanMtr/NE-HVAC-FanBelt-VBelt-Std/instance-out.sql,0.00,0.00
CZ09/ESe&0&rDXHP&New&HV_AirDist__SupFanMtr/NE-HVAC-FanBelt-CoggedVBelt-Msr/instance-out.sql,0.00,0.00
CZ09/ESe&0&rDXHP&New&HV_AirDist__SupFanMtr/NE-HVAC-FanBelt-SynchVBelt-Msr/instance-out.sql,0.00,0.00
CZ09/EUn&0&rDXHP&New&HV_AirDist__SupFanMtr/NE-HVAC-FanBelt-VBelt-Std/instance-out.sql,0.00,30.67
CZ09/EUn&0&rDXHP&New&HV_AirDist__SupFanMtr/NE-HVAC-FanBelt-CoggedVBelt-Msr/instance-out.sql,0.00,30.67
CZ09/EUn&0&rDXHP&New&HV_AirDist__SupFanMtr/NE-HVAC-FanBelt-SynchVBelt-Msr/instance-out.sql,0.00,31.00
CZ09/Hsp&0&rDXHP&New&HV_AirDist__SupFanMtr/NE-HVAC-FanBelt-VBelt-Std/instance-out.sql,0.00,22.67
CZ09/Hsp&0&rDXHP&New&HV_AirDist__SupFanMtr/NE-HVAC-FanBelt-CoggedVBelt-Msr/instance-out.sql,0.00,22.67
CZ09/Hsp&0&rDXHP&New&HV_AirDist__SupFanMtr/NE-HVAC-FanBelt-SynchVBelt-Msr/instance-out.sql,0.00,22.67
CZ09/MBT&0&rDXHP&New&HV_AirDist__SupFanMtr/NE-HVAC-FanBelt-VBelt-Std/instance-out.sql,0.00,0.00
CZ09/MBT&0&rDXHP&New&HV_AirDist__SupFanMtr/NE-HVAC-FanBelt-CoggedVBelt-Msr/instance-out.sql,0.00,0.00
CZ09/MBT&0&rDXHP&New&HV_AirDist__SupFanMtr/NE-HVAC-FanBelt-SynchVBelt-Msr/instance-out.sql,0.00,0.00
CZ09/MLI&0&rDXHP&New&HV_AirDist__SupFanMtr/NE-HVAC-FanBelt-VBelt-Std/instance-out.sql,0.00,0.00
CZ09/MLI&0&rDXHP&New&HV_AirDist__SupFanMtr/NE-HVAC-FanBelt-CoggedVBelt-Msr/instance-out.sql,0.00,0.00
CZ09/MLI&0&rDXHP&New&HV_AirDist__SupFanMtr/NE-HVAC-FanBelt-SynchVBelt-Msr/instance-out.sql,0.00,0.00
CZ09/Mtl&0&rDXHP&New&HV_AirDist__SupFanMtr/NE-HVAC-FanBelt-VBelt-Std/instance-out.sql,0.00,111.50
CZ09/Mtl&0&rDXHP&New&HV_AirDist__SupFanMtr/NE-HVAC-FanBelt-CoggedVBelt-Msr/instance-out.sql,0.00,111.50
CZ09/Mtl&0&rDXHP&New&HV_AirDist__SupFanMtr/NE-HVAC-FanBelt-SynchVBelt-Msr/instance-out.sql,0.00,111.50
CZ09/Nrs&0&rDXHP&New&HV_AirDist__SupFanMtr/NE-HVAC-FanBelt-VBelt-Std/instance-out.sql,0.00,0.00
CZ09/Nrs&0&rDXHP&New&HV_AirDist__SupFanMtr/NE-HVAC-FanBelt-CoggedVBelt-Msr/instance-out.sql,0.00,0.00
CZ09/Nrs&0&rDXHP&New&HV_AirDist__SupFanMtr/NE-HVAC-FanBelt-SynchVBelt-Msr/instance-out.sql,0.00,0.00
CZ09/OfL&0&rDXHP&New&HV_AirDist__SupFanMtr/NE-HVAC-FanBelt-VBelt-Std/instance-out.sql,0.00,54.17
CZ09/OfL&0&rDXHP&New&HV_AirDist__SupFanMtr/NE-HVAC-FanBelt-CoggedVBelt-Msr/instance-out.sql,0.00,54.17
CZ09/OfL&0&rDXHP&New&HV_AirDist__SupFanMtr/NE-HVAC-FanBelt-SynchVBelt-Msr/instance-out.sql,0.00,54.17
CZ09/OfS&0&rDXHP&New&HV_AirDist__SupFanMtr/NE-HVAC-FanBelt-VBelt-Std/instance-out.sql,0.00,9.83
CZ09/OfS&0&rDXHP&New&HV_AirDist__SupFanMtr/NE-HVAC-FanBelt-CoggedVBelt-Msr/instance-out.sql,0.00,9.83
CZ09/OfS&0&rDXHP&New&HV_AirDist__SupFanMtr/NE-HVAC-FanBelt-SynchVBelt-Msr/instance-out.sql,0.00,9.83
CZ09/RFF&0&rDXHP&New&HV_AirDist__SupFanMtr/NE-HVAC-FanBelt-VBelt-Std/instance-out.sql,0.00,0.00
CZ09/RFF&0&rDXHP&New&HV_AirDist__SupFanMtr/NE-HVAC-FanBelt-CoggedVBelt-Msr/instance-out.sql,0.00,0.00
CZ09/RFF&0&rDXHP&New&HV_AirDist__SupFanMtr/NE-HVAC-FanBelt-SynchVBelt-Msr/instance-out.sql,0.00,0.00
CZ09/RSD&0&rDXHP&New&HV_AirDist__SupFanMtr/NE-HVAC-FanBelt-VBelt-Std/instance-out.sql,0.00,0.00
CZ09/RSD&0&rDXHP&New&HV_AirDist__SupFanMtr/NE-HVAC-FanBelt-CoggedVBelt-Msr/instance-out.sql,0.00,0.00
CZ09/RSD&0&rDXHP&New&HV_AirDist__SupFanMtr/NE-HVAC-FanBelt-SynchVBelt-Msr/instance-out.sql,0.00,0.00
CZ09/Rt3&0&rDXHP&New&HV_AirDist__SupFanMtr/NE-HVAC-FanBelt-VBelt-Std/instance-out.sql,0.00,0.00
CZ09/Rt3&0&rDXHP&New&HV_AirDist__SupFanMtr/NE-HVAC-FanBelt-CoggedVBelt-Msr/instance-out.sql,0.00,0.00
CZ09/Rt3&0&rDXHP&New&HV_AirDist__SupFanMtr/NE-HVAC-FanBelt-SynchVBelt-Msr/instance-out.sql,0.00,0.00
CZ09/RtL&0&rDXHP&New&HV_AirDist__SupFanMtr/NE-HVAC-FanBelt-VBelt-Std/instance-out.sql,0.00,0.00
CZ09/RtL&0&rDXHP&New&HV_AirDist__SupFanMtr/NE-HVAC-FanBelt-CoggedVBelt-Msr/instance-out.sql,0.00,0.00
CZ09/RtL&0&rDXHP&New&HV_AirDist__SupFanMtr/NE-HVAC-FanBelt-SynchVBelt-Msr/instance-out.sql,0.00,0.00
CZ09/RtS&0&rDXHP&New&HV_AirDist__SupFanMtr/NE-HVAC-FanBelt-VBelt-Std/instance-out.sql,0.00,0.00
CZ09/RtS&0&rDXHP&New&HV_AirDist__SupFanMtr/NE-HVAC-FanBelt-CoggedVBelt-Msr/instance-out.sql,0.00,0.00
CZ09/RtS&0&rDXHP&New&HV_AirDist__SupFanMtr/NE-HVAC-FanBelt-SynchVBelt-Msr/instance-out.sql,0.00,0.00
CZ09/SCn&0&rDXHP&New&HV_AirDist__SupFanMtr/NE-HVAC-FanBelt-VBelt-Std/instance-out.sql,0.00,0.00
CZ09/SCn&0&rDXHP&New&HV_AirDist__SupFanMtr/NE-HVAC-FanBelt-CoggedVBelt-Msr/instance-out.sql,0.00,0.00
CZ09/SCn&0&rDXHP&New&HV_AirDist__SupFanMtr/NE-HVAC-FanBelt-SynchVBelt-Msr/instance-out.sql,0.00,0.00
CZ10/Asm&0&rDXHP&New&HV_AirDist__SupFanMtr/NE-HVAC-FanBelt-VBelt-Std/instance-out.sql,0.00,0.00
CZ10/Asm&0&rDXHP&New&HV_AirDist__SupFanMtr/NE-HVAC-FanBelt-CoggedVBelt-Msr/instance-out.sql,0.00,0.00
CZ10/Asm&0&rDXHP&New&HV_AirDist__SupFanMtr/NE-HVAC-FanBelt-SynchVBelt-Msr/instance-out.sql,0.00,0.00
CZ10/ECC&0&rDXHP&New&HV_AirDist__SupFanMtr/NE-HVAC-FanBelt-VBelt-Std/instance-out.sql,0.00,1145.67
CZ10/ECC&0&rDXHP&New&HV_AirDist__SupFanMtr/NE-HVAC-FanBelt-CoggedVBelt-Msr/instance-out.sql,0.00,1145.17
CZ10/ECC&0&rDXHP&New&HV_AirDist__SupFanMtr/NE-HVAC-FanBelt-SynchVBelt-Msr/instance-out.sql,0.00,1144.67
CZ10/EPr&0&rDXHP&New&HV_AirDist__SupFanMtr/NE-HVAC-FanBelt-VBelt-Std/instance-out.sql,0.00,0.00
CZ10/EPr&0&rDXHP&New&HV_AirDist__SupFanMtr/NE-HVAC-FanBelt-CoggedVBelt-Msr/instance-out.sql,0.00,0.00
CZ10/EPr&0&rDXHP&New&HV_AirDist__SupFanMtr/NE-HVAC-FanBelt-SynchVBelt-Msr/instance-out.sql,0.00,0.00
CZ10/ERC&0&rDXHP&New&HV_AirDist__SupFanMtr/NE-HVAC-FanBelt-VBelt-Std/instance-out.sql,0.00,0.00
CZ10/ERC&0&rDXHP&New&HV_AirDist__SupFanMtr/NE-HVAC-FanBelt-CoggedVBelt-Msr/instance-out.sql,0.00,0.00
CZ10/ERC&0&rDXHP&New&HV_AirDist__SupFanMtr/NE-HVAC-FanBelt-SynchVBelt-Msr/instance-out.sql,0.00,0.00
CZ10/ESe&0&rDXHP&New&HV_AirDist__SupFanMtr/NE-HVAC-FanBelt-VBelt-Std/instance-out.sql,0.00,0.00
CZ10/ESe&0&rDXHP&New&HV_AirDist__SupFanMtr/NE-HVAC-FanBelt-CoggedVBelt-Msr/instance-out.sql,0.00,0.00
CZ10/ESe&0&rDXHP&New&HV_AirDist__SupFanMtr/NE-HVAC-FanBelt-SynchVBelt-Msr/instance-out.sql,0.00,0.00
CZ10/EUn&0&rDXHP&New&HV_AirDist__SupFanMtr/NE-HVAC-FanBelt-VBelt-Std/instance-out.sql,0.00,49.83
CZ10/EUn&0&rDXHP&New&HV_AirDist__SupFanMtr/NE-HVAC-FanBelt-CoggedVBelt-Msr/instance-out.sql,0.00,49.33
CZ10/EUn&0&rDXHP&New&HV_AirDist__SupFanMtr/NE-HVAC-FanBelt-SynchVBelt-Msr/instance-out.sql,0.00,49.33
CZ10/Hsp&0&rDXHP&New&HV_AirDist__SupFanMtr/NE-HVAC-FanBelt-VBelt-Std/instance-out.sql,0.00,36.50
CZ10/Hsp&0&rDXHP&New&HV_AirDist__SupFanMtr/NE-HVAC-FanBelt-CoggedVBelt-Msr/instance-out.sql,0.00,36.50
CZ10/Hsp&0&rDXHP&New&HV_AirDist__SupFanMtr/NE-HVAC-FanBelt-SynchVBelt-Msr/instance-out.sql,0.00,36.50
CZ10/MBT&0&rDXHP&New&HV_AirDist__SupFanMtr/NE-HVAC-FanBelt-VBelt-Std/instance-out.sql,0.00,0.00
CZ10/MBT&0&rDXHP&New&HV_AirDist__SupFanMtr/NE-HVAC-FanBelt-CoggedVBelt-Msr/instance-out.sql,0.00,0.00
CZ10/MBT&0&rDXHP&New&HV_AirDist__SupFanMtr/NE-HVAC-FanBelt-SynchVBelt-Msr/instance-out.sql,0.00,0.00
CZ10/MLI&0&rDXHP&New&HV_AirDist__SupFanMtr/NE-HVAC-FanBelt-VBelt-Std/instance-out.sql,0.00,0.00
CZ10/MLI&0&rDXHP&New&HV_AirDist__SupFanMtr/NE-HVAC-FanBelt-CoggedVBelt-Msr/instance-out.sql,0.00,0.00
CZ10/MLI&0&rDXHP&New&HV_AirDist__SupFanMtr/NE-HVAC-FanBelt-SynchVBelt-Msr/instance-out.sql,0.00,0.00
CZ10/Mtl&0&rDXHP&New&HV_AirDist__SupFanMtr/NE-HVAC-FanBelt-VBelt-Std/instance-out.sql,0.00,108.17
CZ10/Mtl&0&rDXHP&New&HV_AirDist__SupFanMtr/NE-HVAC-FanBelt-CoggedVBelt-Msr/instance-out.sql,0.00,108.17
CZ10/Mtl&0&rDXHP&New&HV_AirDist__SupFanMtr/NE-HVAC-FanBelt-SynchVBelt-Msr/instance-out.sql,0.00,108.17
CZ10/Nrs&0&rDXHP&New&HV_AirDist__SupFanMtr/NE-HVAC-FanBelt-VBelt-Std/instance-out.sql,0.00,0.00
CZ10/Nrs&0&rDXHP&New&HV_AirDist__SupFanMtr/NE-HVAC-FanBelt-CoggedVBelt-Msr/instance-out.sql,0.00,0.00
CZ10/Nrs&0&rDXHP&New&HV_AirDist__SupFanMtr/NE-HVAC-FanBelt-SynchVBelt-Msr/instance-out.sql,0.00,0.00
CZ10/OfL&0&rDXHP&New&HV_AirDist__SupFanMtr/NE-HVAC-FanBelt-VBelt-Std/instance-out.sql,1.00,96.17
CZ10/OfL&0&rDXHP&New&HV_AirDist__SupFanMtr/NE-HVAC-FanBelt-CoggedVBelt-Msr/instance-out.sql,1.17,96.17
CZ10/OfL&0&rDXHP&New&HV_AirDist__SupFanMtr/NE-HVAC-FanBelt-SynchVBelt-Msr/instance-out.sql,0.17,96.00
CZ10/OfS&0&rDXHP&New&HV_AirDist__SupFanMtr/NE-HVAC-FanBelt-VBelt-Std/instance-out.sql,0.00,29.50
CZ10/OfS&0&rDXHP&New&HV_AirDist__SupFanMtr/NE-HVAC-FanBelt-CoggedVBelt-Msr/instance-out.sql,0.00,29.50
CZ10/OfS&0&rDXHP&New&HV_AirDist__SupFanMtr/NE-HVAC-FanBelt-SynchVBelt-Msr/instance-out.sql,0.00,29.50
CZ10/RFF&0&rDXHP&New&HV_AirDist__SupFanMtr/NE-HVAC-FanBelt-VBelt-Std/instance-out.sql,0.00,0.00
CZ10/RFF&0&rDXHP&New&HV_AirDist__SupFanMtr/NE-HVAC-FanBelt-CoggedVBelt-Msr/instance-out.sql,0.00,0.00
CZ10/RFF&0&rDXHP&New&HV_AirDist__SupFanMtr/NE-HVAC-FanBelt-SynchVBelt-Msr/instance-out.sql,0.00,0.00
CZ10/RSD&0&rDXHP&New&HV_AirDist__SupFanMtr/NE-HVAC-FanBelt-VBelt-Std/instance-out.sql,0.00,0.00
CZ10/RSD&0&rDXHP&New&HV_AirDist__SupFanMtr/NE-HVAC-FanBelt-CoggedVBelt-Msr/instance-out.sql,0.00,0.00
CZ10/RSD&0&rDXHP&New&HV_AirDist__SupFanMtr/NE-HVAC-FanBelt-SynchVBelt-Msr/instance-out.sql,0.00,0.00
CZ10/Rt3&0&rDXHP&New&HV_AirDist__SupFanMtr/NE-HVAC-FanBelt-VBelt-Std/instance-out.sql,0.00,0.00
CZ10/Rt3&0&rDXHP&New&HV_AirDist__SupFanMtr/NE-HVAC-FanBelt-CoggedVBelt-Msr/instance-out.sql,0.00,0.00
CZ10/Rt3&0&rDXHP&New&HV_AirDist__SupFanMtr/NE-HVAC-FanBelt-SynchVBelt-Msr/instance-out.sql,0.00,0.00
CZ10/RtL&0&rDXHP&New&HV_AirDist__SupFanMtr/NE-HVAC-FanBelt-VBelt-Std/instance-out.sql,0.00,0.00
CZ10/RtL&0&rDXHP&New&HV_AirDist__SupFanMtr/NE-HVAC-FanBelt-CoggedVBelt-Msr/instance-out.sql,0.00,0.00
CZ10/RtL&0&rDXHP&New&HV_AirDist__SupFanMtr/NE-HVAC-FanBelt-SynchVBelt-Msr/instance-out.sql,0.00,0.00
CZ10/RtS&0&rDXHP&New&HV_AirDist__SupFanMtr/NE-HVAC-FanBelt-VBelt-Std/instance-out.sql,0.00,0.00
CZ10/RtS&0&rDXHP&New&HV_AirDist__SupFanMtr/NE-HVAC-FanBelt-CoggedVBelt-Msr/instance-out.sql,0.00,0.00
CZ10/RtS&0&rDXHP&New&HV_AirDist__SupFanMtr/NE-HVAC-FanBelt-SynchVBelt-Msr/instance-out.sql,0.00,0.00
CZ10/SCn&0&rDXHP&New&HV_AirDist__SupFanMtr/NE-HVAC-FanBelt-VBelt-Std/instance-out.sql,0.00,0.00
CZ10/SCn&0&rDXHP&New&HV_AirDist__SupFanMtr/NE-HVAC-FanBelt-CoggedVBelt-Msr/instance-out.sql,0.00,0.00
CZ10/SCn&0&rDXHP&New&HV_AirDist__SupFanMtr/NE-HVAC-FanBelt-SynchVBelt-Msr/instance-out.sql,0.00,0.00
CZ11/Asm&0&rDXHP&New&HV_AirDist__SupFanMtr/NE-HVAC-FanBelt-VBelt-Std/instance-out.sql,0.00,0.00
CZ11/Asm&0&rDXHP&New&HV_AirDist__SupFanMtr/NE-HVAC-FanBelt-CoggedVBelt-Msr/instance-out.sql,0.00,0.00
CZ11/Asm&0&rDXHP&New&HV_AirDist__SupFanMtr/NE-HVAC-FanBelt-SynchVBelt-Msr/instance-out.sql,0.00,0.00
CZ11/ECC&0&rDXHP&New&HV_AirDist__SupFanMtr/NE-HVAC-FanBelt-VBelt-Std/instance-out.sql,0.00,1589.17
CZ11/ECC&0&rDXHP&New&HV_AirDist__SupFanMtr/NE-HVAC-FanBelt-CoggedVBelt-Msr/instance-out.sql,0.00,1588.33
CZ11/ECC&0&rDXHP&New&HV_AirDist__SupFanMtr/NE-HVAC-FanBelt-SynchVBelt-Msr/instance-out.sql,0.00,1586.83
CZ11/EPr&0&rDXHP&New&HV_AirDist__SupFanMtr/NE-HVAC-FanBelt-VBelt-Std/instance-out.sql,0.00,0.00
CZ11/EPr&0&rDXHP&New&HV_AirDist__SupFanMtr/NE-HVAC-FanBelt-CoggedVBelt-Msr/instance-out.sql,0.00,0.00
CZ11/EPr&0&rDXHP&New&HV_AirDist__SupFanMtr/NE-HVAC-FanBelt-SynchVBelt-Msr/instance-out.sql,0.00,0.00
CZ11/ERC&0&rDXHP&New&HV_AirDist__SupFanMtr/NE-HVAC-FanBelt-VBelt-Std/instance-out.sql,0.00,0.00
CZ11/ERC&0&rDXHP&New&HV_AirDist__SupFanMtr/NE-HVAC-FanBelt-CoggedVBelt-Msr/instance-out.sql,0.00,0.00
CZ11/ERC&0&rDXHP&New&HV_AirDist__SupFanMtr/NE-HVAC-FanBelt-SynchVBelt-Msr/instance-out.sql,0.00,0.00
CZ11/ESe&0&rDXHP&New&HV_AirDist__SupFanMtr/NE-HVAC-FanBelt-VBelt-Std/instance-out.sql,0.00,0.00
CZ11/ESe&0&rDXHP&New&HV_AirDist__SupFanMtr/NE-HVAC-FanBelt-CoggedVBelt-Msr/instance-out.sql,0.00,0.00
CZ11/ESe&0&rDXHP&New&HV_AirDist__SupFanMtr/NE-HVAC-FanBelt-SynchVBelt-Msr/instance-out.sql,0.00,0.00
CZ11/EUn&0&rDXHP&New&HV_AirDist__SupFanMtr/NE-HVAC-FanBelt-VBelt-Std/instance-out.sql,0.00,33.67
CZ11/EUn&0&rDXHP&New&HV_AirDist__SupFanMtr/NE-HVAC-FanBelt-CoggedVBelt-Msr/instance-out.sql,0.00,33.67
CZ11/EUn&0&rDXHP&New&HV_AirDist__SupFanMtr/NE-HVAC-FanBelt-SynchVBelt-Msr/instance-out.sql,0.00,33.67
CZ11/Hsp&0&rDXHP&New&HV_AirDist__SupFanMtr/NE-HVAC-FanBelt-VBelt-Std/instance-out.sql,0.00,0.00
CZ11/Hsp&0&rDXHP&New&HV_AirDist__SupFanMtr/NE-HVAC-FanBelt-CoggedVBelt-Msr/instance-out.sql,0.00,0.00
CZ11/Hsp&0&rDXHP&New&HV_AirDist__SupFanMtr/NE-HVAC-FanBelt-SynchVBelt-Msr/instance-out.sql,0.00,0.00
CZ11/MBT&0&rDXHP&New&HV_AirDist__SupFanMtr/NE-HVAC-FanBelt-VBelt-Std/instance-out.sql,0.00,0.00
CZ11/MBT&0&rDXHP&New&HV_AirDist__SupFanMtr/NE-HVAC-FanBelt-CoggedVBelt-Msr/instance-out.sql,0.00,0.00
CZ11/MBT&0&rDXHP&New&HV_AirDist__SupFanMtr/NE-HVAC-FanBelt-SynchVBelt-Msr/instance-out.sql,0.00,0.00
CZ11/MLI&0&rDXHP&New&HV_AirDist__SupFanMtr/NE-HVAC-FanBelt-VBelt-Std/instance-out.sql,0.00,0.00
CZ11/MLI&0&rDXHP&New&HV_AirDist__SupFanMtr/NE-HVAC-FanBelt-CoggedVBelt-Msr/instance-out.sql,0.00,0.00
CZ11/MLI&0&rDXHP&New&HV_AirDist__SupFanMtr/NE-HVAC-FanBelt-SynchVBelt-Msr/instance-out.sql,0.00,0.00
CZ11/Mtl&0&rDXHP&New&HV_AirDist__SupFanMtr/NE-HVAC-FanBelt-VBelt-Std/instance-out.sql,0.00,103.00
CZ11/Mtl&0&rDXHP&New&HV_AirDist__SupFanMtr/NE-HVAC-FanBelt-CoggedVBelt-Msr/instance-out.sql,0.00,102.83
CZ11/Mtl&0&rDXHP&New&HV_AirDist__SupFanMtr/NE-HVAC-FanBelt-SynchVBelt-Msr/instance-out.sql,0.00,101.33
CZ11/Nrs&0&rDXHP&New&HV_AirDist__SupFanMtr/NE-HVAC-FanBelt-VBelt-Std/instance-out.sql,0.00,0.00
CZ11/Nrs&0&rDXHP&New&HV_AirDist__SupFanMtr/NE-HVAC-FanBelt-CoggedVBelt-Msr/instance-out.sql,0.00,0.00
CZ11/Nrs&0&rDXHP&New&HV_AirDist__SupFanMtr/NE-HVAC-FanBelt-SynchVBelt-Msr/instance-out.sql,0.00,0.00
CZ11/OfL&0&rDXHP&New&HV_AirDist__SupFanMtr/NE-HVAC-FanBelt-VBelt-Std/instance-out.sql,1.00,81.00
CZ11/OfL&0&rDXHP&New&HV_AirDist__SupFanMtr/NE-HVAC-FanBelt-CoggedVBelt-Msr/instance-out.sql,1.00,81.00
CZ11/OfL&0&rDXHP&New&HV_AirDist__SupFanMtr/NE-HVAC-FanBelt-SynchVBelt-Msr/instance-out.sql,1.00,81.00
CZ11/OfS&0&rDXHP&New&HV_AirDist__SupFanMtr/NE-HVAC-FanBelt-VBelt-Std/instance-out.sql,0.00,28.83
CZ11/OfS&0&rDXHP&New&HV_AirDist__SupFanMtr/NE-HVAC-FanBelt-CoggedVBelt-Msr/instance-out.sql,0.00,28.83
CZ11/OfS&0&rDXHP&New&HV_AirDist__SupFanMtr/NE-HVAC-FanBelt-SynchVBelt-Msr/instance-out.sql,0.00,28.83
CZ11/RFF&0&rDXHP&New&HV_AirDist__SupFanMtr/NE-HVAC-FanBelt-VBelt-Std/instance-out.sql,0.00,0.00
CZ11/RFF&0&rDXHP&New&HV_AirDist__SupFanMtr/NE-HVAC-FanBelt-CoggedVBelt-Msr/instance-out.sql,0.00,0.00
CZ11/RFF&0&rDXHP&New&HV_AirDist__SupFanMtr/NE-HVAC-FanBelt-SynchVBelt-Msr/instance-out.sql,0.00,0.00
CZ11/RSD&0&rDXHP&New&HV_AirDist__SupFanMtr/NE-HVAC-FanBelt-VBelt-Std/instance-out.sql,0.00,0.00
CZ11/RSD&0&rDXHP&New&HV_AirDist__SupFanMtr/NE-HVAC-FanBelt-CoggedVBelt-Msr/instance-out.sql,0.00,0.00
CZ11/RSD&0&rDXHP&New&HV_AirDist__SupFanMtr/NE-HVAC-FanBelt-SynchVBelt-Msr/instance-out.sql,0.00,0.00
CZ11/Rt3&0&rDXHP&New&HV_AirDist__SupFanMtr/NE-HVAC-FanBelt-VBelt-Std/instance-out.sql,0.00,0.00
CZ11/Rt3&0&rDXHP&New&HV_AirDist__SupFanMtr/NE-HVAC-FanBelt-CoggedVBelt-Msr/instance-out.sql,0.00,0.00
CZ11/Rt3&0&rDXHP&New&HV_AirDist__SupFanMtr/NE-HVAC-FanBelt-SynchVBelt-Msr/instance-out.sql,0.00,0.00
CZ11/RtL&0&rDXHP&New&HV_AirDist__SupFanMtr/NE-HVAC-FanBelt-VBelt-Std/instance-out.sql,0.00,0.00
CZ11/RtL&0&rDXHP&New&HV_AirDist__SupFanMtr/NE-HVAC-FanBelt-CoggedVBelt-Msr/instance-out.sql,0.00,0.00
CZ11/RtL&0&rDXHP&New&HV_AirDist__SupFanMtr/NE-HVAC-FanBelt-SynchVBelt-Msr/instance-out.sql,0.00,0.00
CZ11/RtS&0&rDXHP&New&HV_AirDist__SupFanMtr/NE-HVAC-FanBelt-VBelt-Std/instance-out.sql,0.00,0.00
CZ11/RtS&0&rDXHP&New&HV_AirDist__SupFanMtr/NE-HVAC-FanBelt-CoggedVBelt-Msr/instance-out.sql,0.00,0.00
CZ11/RtS&0&rDXHP&New&HV_AirDist__SupFanMtr/NE-HVAC-FanBelt-SynchVBelt-Msr/instance-out.sql,0.00,0.00
CZ11/SCn&0&rDXHP&New&HV_AirDist__SupFanMtr/NE-HVAC-FanBelt-VBelt-Std/instance-out.sql,0.00,0.00
CZ11/SCn&0&rDXHP&New&HV_AirDist__SupFanMtr/NE-HVAC-FanBelt-CoggedVBelt-Msr/instance-out.sql,0.00,0.00
CZ11/SCn&0&rDXHP&New&HV_AirDist__SupFanMtr/NE-HVAC-FanBelt-SynchVBelt-Msr/instance-out.sql,0.00,0.00
CZ12/Asm&0&rDXHP&New&HV_AirDist__SupFanMtr/NE-HVAC-FanBelt-VBelt-Std/instance-out.sql,0.00,0.00
CZ12/Asm&0&rDXHP&New&HV_AirDist__SupFanMtr/NE-HVAC-FanBelt-CoggedVBelt-Msr/instance-out.sql,0.00,0.00
CZ12/Asm&0&rDXHP&New&HV_AirDist__SupFanMtr/NE-HVAC-FanBelt-SynchVBelt-Msr/instance-out.sql,0.00,0.00
CZ12/ECC&0&rDXHP&New&HV_AirDist__SupFanMtr/NE-HVAC-FanBelt-VBelt-Std/instance-out.sql,0.00,70.00
CZ12/ECC&0&rDXHP&New&HV_AirDist__SupFanMtr/NE-HVAC-FanBelt-CoggedVBelt-Msr/instance-out.sql,0.00,70.00
CZ12/ECC&0&rDXHP&New&HV_AirDist__SupFanMtr/NE-HVAC-FanBelt-SynchVBelt-Msr/instance-out.sql,0.00,70.00
CZ12/EPr&0&rDXHP&New&HV_AirDist__SupFanMtr/NE-HVAC-FanBelt-VBelt-Std/instance-out.sql,0.00,0.00
CZ12/EPr&0&rDXHP&New&HV_AirDist__SupFanMtr/NE-HVAC-FanBelt-CoggedVBelt-Msr/instance-out.sql,0.00,0.00
CZ12/EPr&0&rDXHP&New&HV_AirDist__SupFanMtr/NE-HVAC-FanBelt-SynchVBelt-Msr/instance-out.sql,0.00,0.00
CZ12/ERC&0&rDXHP&New&HV_AirDist__SupFanMtr/NE-HVAC-FanBelt-VBelt-Std/instance-out.sql,0.00,0.00
CZ12/ERC&0&rDXHP&New&HV_AirDist__SupFanMtr/NE-HVAC-FanBelt-CoggedVBelt-Msr/instance-out.sql,0.00,0.00
CZ12/ERC&0&rDXHP&New&HV_AirDist__SupFanMtr/NE-HVAC-FanBelt-SynchVBelt-Msr/instance-out.sql,0.00,0.00
CZ12/ESe&0&rDXHP&New&HV_AirDist__SupFanMtr/NE-HVAC-FanBelt-VBelt-Std/instance-out.sql,0.00,0.00
CZ12/ESe&0&rDXHP&New&HV_AirDist__SupFanMtr/NE-HVAC-FanBelt-CoggedVBelt-Msr/instance-out.sql,0.00,0.00
CZ12/ESe&0&rDXHP&New&HV_AirDist__SupFanMtr/NE-HVAC-FanBelt-SynchVBelt-Msr/instance-out.sql,0.00,0.00
CZ12/EUn&0&rDXHP&New&HV_AirDist__SupFanMtr/NE-HVAC-FanBelt-VBelt-Std/instance-out.sql,0.00,31.50
CZ12/EUn&0&rDXHP&New&HV_AirDist__SupFanMtr/NE-HVAC-FanBelt-CoggedVBelt-Msr/instance-out.sql,0.00,31.50
CZ12/EUn&0&rDXHP&New&HV_AirDist__SupFanMtr/NE-HVAC-FanBelt-SynchVBelt-Msr/instance-out.sql,0.00,31.50
CZ12/Hsp&0&rDXHP&New&HV_AirDist__SupFanMtr/NE-HVAC-FanBelt-VBelt-Std/instance-out.sql,0.00,0.00
CZ12/Hsp&0&rDXHP&New&HV_AirDist__SupFanMtr/NE-HVAC-FanBelt-CoggedVBelt-Msr/instance-out.sql,0.00,0.00
CZ12/Hsp&0&rDXHP&New&HV_AirDist__SupFanMtr/NE-HVAC-FanBelt-SynchVBelt-Msr/instance-out.sql,0.00,0.00
CZ12/MBT&0&rDXHP&New&HV_AirDist__SupFanMtr/NE-HVAC-FanBelt-VBelt-Std/instance-out.sql,0.00,0.00
CZ12/MBT&0&rDXHP&New&HV_AirDist__SupFanMtr/NE-HVAC-FanBelt-CoggedVBelt-Msr/instance-out.sql,0.00,0.00
CZ12/MBT&0&rDXHP&New&HV_AirDist__SupFanMtr/NE-HVAC-FanBelt-SynchVBelt-Msr/instance-out.sql,0.00,0.00
CZ12/MLI&0&rDXHP&New&HV_AirDist__SupFanMtr/NE-HVAC-FanBelt-VBelt-Std/instance-out.sql,0.00,0.00
CZ12/MLI&0&rDXHP&New&HV_AirDist__SupFanMtr/NE-HVAC-FanBelt-CoggedVBelt-Msr/instance-out.sql,0.00,0.00
CZ12/MLI&0&rDXHP&New&HV_AirDist__SupFanMtr/NE-HVAC-FanBelt-SynchVBelt-Msr/instance-out.sql,0.00,0.00
CZ12/Mtl&0&rDXHP&New&HV_AirDist__SupFanMtr/NE-HVAC-FanBelt-VBelt-Std/instance-out.sql,0.00,90.17
CZ12/Mtl&0&rDXHP&New&HV_AirDist__SupFanMtr/NE-HVAC-FanBelt-CoggedVBelt-Msr/instance-out.sql,0.00,90.17
CZ12/Mtl&0&rDXHP&New&HV_AirDist__SupFanMtr/NE-HVAC-FanBelt-SynchVBelt-Msr/instance-out.sql,0.00,88.67
CZ12/Nrs&0&rDXHP&New&HV_AirDist__SupFanMtr/NE-HVAC-FanBelt-VBelt-Std/instance-out.sql,0.00,0.00
CZ12/Nrs&0&rDXHP&New&HV_AirDist__SupFanMtr/NE-HVAC-FanBelt-CoggedVBelt-Msr/instance-out.sql,0.00,0.00
CZ12/Nrs&0&rDXHP&New&HV_AirDist__SupFanMtr/NE-HVAC-FanBelt-SynchVBelt-Msr/instance-out.sql,0.00,0.00
CZ12/OfL&0&rDXHP&New&HV_AirDist__SupFanMtr/NE-HVAC-FanBelt-VBelt-Std/instance-out.sql,1.17,45.50
CZ12/OfL&0&rDXHP&New&HV_AirDist__SupFanMtr/NE-HVAC-FanBelt-CoggedVBelt-Msr/instance-out.sql,1.17,45.50
CZ12/OfL&0&rDXHP&New&HV_AirDist__SupFanMtr/NE-HVAC-FanBelt-SynchVBelt-Msr/instance-out.sql,1.17,45.50
CZ12/OfS&0&rDXHP&New&HV_AirDist__SupFanMtr/NE-HVAC-FanBelt-VBelt-Std/instance-out.sql,0.00,17.67
CZ12/OfS&0&rDXHP&New&HV_AirDist__SupFanMtr/NE-HVAC-FanBelt-CoggedVBelt-Msr/instance-out.sql,0.00,17.67
CZ12/OfS&0&rDXHP&New&HV_AirDist__SupFanMtr/NE-HVAC-FanBelt-SynchVBelt-Msr/instance-out.sql,0.00,17.67
CZ12/RFF&0&rDXHP&New&HV_AirDist__SupFanMtr/NE-HVAC-FanBelt-VBelt-Std/instance-out.sql,0.00,0.00
CZ12/RFF&0&rDXHP&New&HV_AirDist__SupFanMtr/NE-HVAC-FanBelt-CoggedVBelt-Msr/instance-out.sql,0.00,0.00
CZ12/RFF&0&rDXHP&New&HV_AirDist__SupFanMtr/NE-HVAC-FanBelt-SynchVBelt-Msr/instance-out.sql,0.00,0.00
CZ12/RSD&0&rDXHP&New&HV_AirDist__SupFanMtr/NE-HVAC-FanBelt-VBelt-Std/instance-out.sql,0.00,0.00
CZ12/RSD&0&rDXHP&New&HV_AirDist__SupFanMtr/NE-HVAC-FanBelt-CoggedVBelt-Msr/instance-out.sql,0.00,0.00
CZ12/RSD&0&rDXHP&New&HV_AirDist__SupFanMtr/NE-HVAC-FanBelt-SynchVBelt-Msr/instance-out.sql,0.00,0.00
CZ12/Rt3&0&rDXHP&New&HV_AirDist__SupFanMtr/NE-HVAC-FanBelt-VBelt-Std/instance-out.sql,0.00,0.00
CZ12/Rt3&0&rDXHP&New&HV_AirDist__SupFanMtr/NE-HVAC-FanBelt-CoggedVBelt-Msr/instance-out.sql,0.00,0.00
CZ12/Rt3&0&rDXHP&New&HV_AirDist__SupFanMtr/NE-HVAC-FanBelt-SynchVBelt-Msr/instance-out.sql,0.00,0.00
CZ12/RtL&0&rDXHP&New&HV_AirDist__SupFanMtr/NE-HVAC-FanBelt-VBelt-Std/instance-out.sql,0.00,0.00
CZ12/RtL&0&rDXHP&New&HV_AirDist__SupFanMtr/NE-HVAC-FanBelt-CoggedVBelt-Msr/instance-out.sql,0.00,0.00
CZ12/RtL&0&rDXHP&New&HV_AirDist__SupFanMtr/NE-HVAC-FanBelt-SynchVBelt-Msr/instance-out.sql,0.00,0.00
CZ12/RtS&0&rDXHP&New&HV_AirDist__SupFanMtr/NE-HVAC-FanBelt-VBelt-Std/instance-out.sql,0.00,0.00
CZ12/RtS&0&rDXHP&New&HV_AirDist__SupFanMtr/NE-HVAC-FanBelt-CoggedVBelt-Msr/instance-out.sql,0.00,0.00
CZ12/RtS&0&rDXHP&New&HV_AirDist__SupFanMtr/NE-HVAC-FanBelt-SynchVBelt-Msr/instance-out.sql,0.00,0.00
CZ12/SCn&0&rDXHP&New&HV_AirDist__SupFanMtr/NE-HVAC-FanBelt-VBelt-Std/instance-out.sql,0.00,0.00
CZ12/SCn&0&rDXHP&New&HV_AirDist__SupFanMtr/NE-HVAC-FanBelt-CoggedVBelt-Msr/instance-out.sql,0.00,0.00
CZ12/SCn&0&rDXHP&New&HV_AirDist__SupFanMtr/NE-HVAC-FanBelt-SynchVBelt-Msr/instance-out.sql,0.00,0.00
CZ13/Asm&0&rDXHP&New&HV_AirDist__SupFanMtr/NE-HVAC-FanBelt-VBelt-Std/instance-out.sql,0.00,0.00
CZ13/Asm&0&rDXHP&New&HV_AirDist__SupFanMtr/NE-HVAC-FanBelt-CoggedVBelt-Msr/instance-out.sql,0.00,0.00
CZ13/Asm&0&rDXHP&New&HV_AirDist__SupFanMtr/NE-HVAC-FanBelt-SynchVBelt-Msr/instance-out.sql,0.00,0.00
CZ13/ECC&0&rDXHP&New&HV_AirDist__SupFanMtr/NE-HVAC-FanBelt-VBelt-Std/instance-out.sql,0.00,62.17
CZ13/ECC&0&rDXHP&New&HV_AirDist__SupFanMtr/NE-HVAC-FanBelt-CoggedVBelt-Msr/instance-out.sql,0.00,62.17
CZ13/ECC&0&rDXHP&New&HV_AirDist__SupFanMtr/NE-HVAC-FanBelt-SynchVBelt-Msr/instance-out.sql,0.00,62.17
CZ13/EPr&0&rDXHP&New&HV_AirDist__SupFanMtr/NE-HVAC-FanBelt-VBelt-Std/instance-out.sql,0.00,0.00
CZ13/EPr&0&rDXHP&New&HV_AirDist__SupFanMtr/NE-HVAC-FanBelt-CoggedVBelt-Msr/instance-out.sql,0.00,0.00
CZ13/EPr&0&rDXHP&New&HV_AirDist__SupFanMtr/NE-HVAC-FanBelt-SynchVBelt-Msr/instance-out.sql,0.00,0.00
CZ13/ERC&0&rDXHP&New&HV_AirDist__SupFanMtr/NE-HVAC-FanBelt-VBelt-Std/instance-out.sql,0.00,0.00
CZ13/ERC&0&rDXHP&New&HV_AirDist__SupFanMtr/NE-HVAC-FanBelt-CoggedVBelt-Msr/instance-out.sql,0.00,0.00
CZ13/ERC&0&rDXHP&New&HV_AirDist__SupFanMtr/NE-HVAC-FanBelt-SynchVBelt-Msr/instance-out.sql,0.00,0.00
CZ13/ESe&0&rDXHP&New&HV_AirDist__SupFanMtr/NE-HVAC-FanBelt-VBelt-Std/instance-out.sql,0.00,0.00
CZ13/ESe&0&rDXHP&New&HV_AirDist__SupFanMtr/NE-HVAC-FanBelt-CoggedVBelt-Msr/instance-out.sql,0.00,0.00
CZ13/ESe&0&rDXHP&New&HV_AirDist__SupFanMtr/NE-HVAC-FanBelt-SynchVBelt-Msr/instance-out.sql,0.00,0.00
CZ13/EUn&0&rDXHP&New&HV_AirDist__SupFanMtr/NE-HVAC-FanBelt-VBelt-Std/instance-out.sql,0.00,47.17
CZ13/EUn&0&rDXHP&New&HV_AirDist__SupFanMtr/NE-HVAC-FanBelt-CoggedVBelt-Msr/instance-out.sql,0.00,47.17
CZ13/EUn&0&rDXHP&New&HV_AirDist__SupFanMtr/NE-HVAC-FanBelt-SynchVBelt-Msr/instance-out.sql,0.00,47.50
CZ13/Hsp&0&rDXHP&New&HV_AirDist__SupFanMtr/NE-HVAC-FanBelt-VBelt-Std/instance-out.sql,0.00,0.00
CZ13/Hsp&0&rDXHP&New&HV_AirDist__SupFanMtr/NE-HVAC-FanBelt-CoggedVBelt-Msr/instance-out.sql,0.00,0.00
CZ13/Hsp&0&rDXHP&New&HV_AirDist__SupFanMtr/NE-HVAC-FanBelt-SynchVBelt-Msr/instance-out.sql,0.00,0.00
CZ13/MBT&0&rDXHP&New&HV_AirDist__SupFanMtr/NE-HVAC-FanBelt-VBelt-Std/instance-out.sql,0.00,0.00
CZ13/MBT&0&rDXHP&New&HV_AirDist__SupFanMtr/NE-HVAC-FanBelt-CoggedVBelt-Msr/instance-out.sql,0.00,0.00
CZ13/MBT&0&rDXHP&New&HV_AirDist__SupFanMtr/NE-HVAC-FanBelt-SynchVBelt-Msr/instance-out.sql,0.00,0.00
CZ13/MLI&0&rDXHP&New&HV_AirDist__SupFanMtr/NE-HVAC-FanBelt-VBelt-Std/instance-out.sql,0.00,0.00
CZ13/MLI&0&rDXHP&New&HV_AirDist__SupFanMtr/NE-HVAC-FanBelt-CoggedVBelt-Msr/instance-out.sql,0.00,0.00
CZ13/MLI&0&rDXHP&New&HV_AirDist__SupFanMtr/NE-HVAC-FanBelt-SynchVBelt-Msr/instance-out.sql,0.00,0.00
CZ13/Mtl&0&rDXHP&New&HV_AirDist__SupFanMtr/NE-HVAC-FanBelt-VBelt-Std/instance-out.sql,0.00,113.17
CZ13/Mtl&0&rDXHP&New&HV_AirDist__SupFanMtr/NE-HVAC-FanBelt-CoggedVBelt-Msr/instance-out.sql,0.00,113.33
CZ13/Mtl&0&rDXHP&New&HV_AirDist__SupFanMtr/NE-HVAC-FanBelt-SynchVBelt-Msr/instance-out.sql,0.00,113.33
CZ13/Nrs&0&rDXHP&New&HV_AirDist__SupFanMtr/NE-HVAC-FanBelt-VBelt-Std/instance-out.sql,0.00,0.00
CZ13/Nrs&0&rDXHP&New&HV_AirDist__SupFanMtr/NE-HVAC-FanBelt-CoggedVBelt-Msr/instance-out.sql,0.00,0.00
CZ13/Nrs&0&rDXHP&New&HV_AirDist__SupFanMtr/NE-HVAC-FanBelt-SynchVBelt-Msr/instance-out.sql,0.00,0.00
CZ13/OfL&0&rDXHP&New&HV_AirDist__SupFanMtr/NE-HVAC-FanBelt-VBelt-Std/instance-out.sql,1.17,91.67
CZ13/OfL&0&rDXHP&New&HV_AirDist__SupFanMtr/NE-HVAC-FanBelt-CoggedVBelt-Msr/instance-out.sql,1.17,91.67
CZ13/OfL&0&rDXHP&New&HV_AirDist__SupFanMtr/NE-HVAC-FanBelt-SynchVBelt-Msr/instance-out.sql,1.17,91.67
CZ13/OfS&0&rDXHP&New&HV_AirDist__SupFanMtr/NE-HVAC-FanBelt-VBelt-Std/instance-out.sql,0.00,40.67
CZ13/OfS&0&rDXHP&New&HV_AirDist__SupFanMtr/NE-HVAC-FanBelt-CoggedVBelt-Msr/instance-out.sql,0.00,40.67
CZ13/OfS&0&rDXHP&New&HV_AirDist__SupFanMtr/NE-HVAC-FanBelt-SynchVBelt-Msr/instance-out.sql,0.00,40.67
CZ13/RFF&0&rDXHP&New&HV_AirDist__SupFanMtr/NE-HVAC-FanBelt-VBelt-Std/instance-out.sql,0.00,0.00
CZ13/RFF&0&rDXHP&New&HV_AirDist__SupFanMtr/NE-HVAC-FanBelt-CoggedVBelt-Msr/instance-out.sql,0.00,0.00
CZ13/RFF&0&rDXHP&New&HV_AirDist__SupFanMtr/NE-HVAC-FanBelt-SynchVBelt-Msr/instance-out.sql,0.00,0.00
CZ13/RSD&0&rDXHP&New&HV_AirDist__SupFanMtr/NE-HVAC-FanBelt-VBelt-Std/instance-out.sql,0.00,0.00
CZ13/RSD&0&rDXHP&New&HV_AirDist__SupFanMtr/NE-HVAC-FanBelt-CoggedVBelt-Msr/instance-out.sql,0.00,0.00
CZ13/RSD&0&rDXHP&New&HV_AirDist__SupFanMtr/NE-HVAC-FanBelt-SynchVBelt-Msr/instance-out.sql,0.00,0.00
CZ13/Rt3&0&rDXHP&New&HV_AirDist__SupFanMtr/NE-HVAC-FanBelt-VBelt-Std/instance-out.sql,0.00,0.00
CZ13/Rt3&0&rDXHP&New&HV_AirDist__SupFanMtr/NE-HVAC-FanBelt-CoggedVBelt-Msr/instance-out.sql,0.00,0.00
CZ13/Rt3&0&rDXHP&New&HV_AirDist__SupFanMtr/NE-HVAC-FanBelt-SynchVBelt-Msr/instance-out.sql,0.00,0.00
CZ13/RtL&0&rDXHP&New&HV_AirDist__SupFanMtr/NE-HVAC-FanBelt-VBelt-Std/instance-out.sql,0.00,0.00
CZ13/RtL&0&rDXHP&New&HV_AirDist__SupFanMtr/NE-HVAC-FanBelt-CoggedVBelt-Msr/instance-out.sql,0.00,0.00
CZ13/RtL&0&rDXHP&New&HV_AirDist__SupFanMtr/NE-HVAC-FanBelt-SynchVBelt-Msr/instance-out.sql,0.00,0.00
CZ13/RtS&0&rDXHP&New&HV_AirDist__SupFanMtr/NE-HVAC-FanBelt-VBelt-Std/instance-out.sql,0.00,0.00
CZ13/RtS&0&rDXHP&New&HV_AirDist__SupFanMtr/NE-HVAC-FanBelt-CoggedVBelt-Msr/instance-out.sql,0.00,0.00
CZ13/RtS&0&rDXHP&New&HV_AirDist__SupFanMtr/NE-HVAC-FanBelt-SynchVBelt-Msr/instance-out.sql,0.00,0.00
CZ13/SCn&0&rDXHP&New&HV_AirDist__SupFanMtr/NE-HVAC-FanBelt-VBelt-Std/instance-out.sql,0.00,0.00
CZ13/SCn&0&rDXHP&New&HV_AirDist__SupFanMtr/NE-HVAC-FanBelt-CoggedVBelt-Msr/instance-out.sql,0.00,0.00
CZ13/SCn&0&rDXHP&New&HV_AirDist__SupFanMtr/NE-HVAC-FanBelt-SynchVBelt-Msr/instance-out.sql,0.00,0.00
CZ14/Asm&0&rDXHP&New&HV_AirDist__SupFanMtr/NE-HVAC-FanBelt-VBelt-Std/instance-out.sql,0.00,0.00
CZ14/Asm&0&rDXHP&New&HV_AirDist__SupFanMtr/NE-HVAC-FanBelt-CoggedVBelt-Msr/instance-out.sql,0.00,0.00
CZ14/Asm&0&rDXHP&New&HV_AirDist__SupFanMtr/NE-HVAC-FanBelt-SynchVBelt-Msr/instance-out.sql,0.00,0.00
CZ14/ECC&0&rDXHP&New&HV_AirDist__SupFanMtr/NE-HVAC-FanBelt-VBelt-Std/instance-out.sql,0.00,1401.00
CZ14/ECC&0&rDXHP&New&HV_AirDist__SupFanMtr/NE-HVAC-FanBelt-CoggedVBelt-Msr/instance-out.sql,0.00,1400.83
CZ14/ECC&0&rDXHP&New&HV_AirDist__SupFanMtr/NE-HVAC-FanBelt-SynchVBelt-Msr/instance-out.sql,0.00,1400.33
CZ14/EPr&0&rDXHP&New&HV_AirDist__SupFanMtr/NE-HVAC-FanBelt-VBelt-Std/instance-out.sql,0.00,0.00
CZ14/EPr&0&rDXHP&New&HV_AirDist__SupFanMtr/NE-HVAC-FanBelt-CoggedVBelt-Msr/instance-out.sql,0.00,0.00
CZ14/EPr&0&rDXHP&New&HV_AirDist__SupFanMtr/NE-HVAC-FanBelt-SynchVBelt-Msr/instance-out.sql,0.00,0.00
CZ14/ERC&0&rDXHP&New&HV_AirDist__SupFanMtr/NE-HVAC-FanBelt-VBelt-Std/instance-out.sql,0.00,0.00
CZ14/ERC&0&rDXHP&New&HV_AirDist__SupFanMtr/NE-HVAC-FanBelt-CoggedVBelt-Msr/instance-out.sql,0.00,0.00
CZ14/ERC&0&rDXHP&New&HV_AirDist__SupFanMtr/NE-HVAC-FanBelt-SynchVBelt-Msr/instance-out.sql,0.00,0.00
CZ14/ESe&0&rDXHP&New&HV_AirDist__SupFanMtr/NE-HVAC-FanBelt-VBelt-Std/instance-out.sql,0.00,0.00
CZ14/ESe&0&rDXHP&New&HV_AirDist__SupFanMtr/NE-HVAC-FanBelt-CoggedVBelt-Msr/instance-out.sql,0.00,0.00
CZ14/ESe&0&rDXHP&New&HV_AirDist__SupFanMtr/NE-HVAC-FanBelt-SynchVBelt-Msr/instance-out.sql,0.00,0.00
CZ14/EUn&0&rDXHP&New&HV_AirDist__SupFanMtr/NE-HVAC-FanBelt-VBelt-Std/instance-out.sql,0.00,56.83
CZ14/EUn&0&rDXHP&New&HV_AirDist__SupFanMtr/NE-HVAC-FanBelt-CoggedVBelt-Msr/instance-out.sql,0.00,56.83
CZ14/EUn&0&rDXHP&New&HV_AirDist__SupFanMtr/NE-HVAC-FanBelt-SynchVBelt-Msr/instance-out.sql,0.00,56.83
CZ14/Hsp&0&rDXHP&New&HV_AirDist__SupFanMtr/NE-HVAC-FanBelt-VBelt-Std/instance-out.sql,0.00,0.00
CZ14/Hsp&0&rDXHP&New&HV_AirDist__SupFanMtr/NE-HVAC-FanBelt-CoggedVBelt-Msr/instance-out.sql,0.00,0.00
CZ14/Hsp&0&rDXHP&New&HV_AirDist__SupFanMtr/NE-HVAC-FanBelt-SynchVBelt-Msr/instance-out.sql,0.00,0.00
CZ14/MBT&0&rDXHP&New&HV_AirDist__SupFanMtr/NE-HVAC-FanBelt-VBelt-Std/instance-out.sql,0.00,0.00
CZ14/MBT&0&rDXHP&New&HV_AirDist__SupFanMtr/NE-HVAC-FanBelt-CoggedVBelt-Msr/instance-out.sql,0.00,0.00
CZ14/MBT&0&rDXHP&New&HV_AirDist__SupFanMtr/NE-HVAC-FanBelt-SynchVBelt-Msr/instance-out.sql,0.00,0.00
CZ14/MLI&0&rDXHP&New&HV_AirDist__SupFanMtr/NE-HVAC-FanBelt-VBelt-Std/instance-out.sql,0.00,0.00
CZ14/MLI&0&rDXHP&New&HV_AirDist__SupFanMtr/NE-HVAC-FanBelt-CoggedVBelt-Msr/instance-out.sql,0.00,0.00
CZ14/MLI&0&rDXHP&New&HV_AirDist__SupFanMtr/NE-HVAC-FanBelt-SynchVBelt-Msr/instance-out.sql,0.00,0.00
CZ14/Mtl&0&rDXHP&New&HV_AirDist__SupFanMtr/NE-HVAC-FanBelt-VBelt-Std/instance-out.sql,0.00,147.17
CZ14/Mtl&0&rDXHP&New&HV_AirDist__SupFanMtr/NE-HVAC-FanBelt-CoggedVBelt-Msr/instance-out.sql,0.00,147.17
CZ14/Mtl&0&rDXHP&New&HV_AirDist__SupFanMtr/NE-HVAC-FanBelt-SynchVBelt-Msr/instance-out.sql,0.00,147.17
CZ14/Nrs&0&rDXHP&New&HV_AirDist__SupFanMtr/NE-HVAC-FanBelt-VBelt-Std/instance-out.sql,0.00,0.00
CZ14/Nrs&0&rDXHP&New&HV_AirDist__SupFanMtr/NE-HVAC-FanBelt-CoggedVBelt-Msr/instance-out.sql,0.00,0.00
CZ14/Nrs&0&rDXHP&New&HV_AirDist__SupFanMtr/NE-HVAC-FanBelt-SynchVBelt-Msr/instance-out.sql,0.00,0.00
CZ14/OfL&0&rDXHP&New&HV_AirDist__SupFanMtr/NE-HVAC-FanBelt-VBelt-Std/instance-out.sql,1.00,108.50
CZ14/OfL&0&rDXHP&New&HV_AirDist__SupFanMtr/NE-HVAC-FanBelt-CoggedVBelt-Msr/instance-out.sql,1.00,108.50
CZ14/OfL&0&rDXHP&New&HV_AirDist__SupFanMtr/NE-HVAC-FanBelt-SynchVBelt-Msr/instance-out.sql,1.00,108.50
CZ14/OfS&0&rDXHP&New&HV_AirDist__SupFanMtr/NE-HVAC-FanBelt-VBelt-Std/instance-out.sql,0.00,44.83
CZ14/OfS&0&rDXHP&New&HV_AirDist__SupFanMtr/NE-HVAC-FanBelt-CoggedVBelt-Msr/instance-out.sql,0.00,44.83
CZ14/OfS&0&rDXHP&New&HV_AirDist__SupFanMtr/NE-HVAC-FanBelt-SynchVBelt-Msr/instance-out.sql,0.00,44.83
CZ14/RFF&0&rDXHP&New&HV_AirDist__SupFanMtr/NE-HVAC-FanBelt-VBelt-Std/instance-out.sql,0.00,0.00
CZ14/RFF&0&rDXHP&New&HV_AirDist__SupFanMtr/NE-HVAC-FanBelt-CoggedVBelt-Msr/instance-out.sql,0.00,0.00
CZ14/RFF&0&rDXHP&New&HV_AirDist__SupFanMtr/NE-HVAC-FanBelt-SynchVBelt-Msr/instance-out.sql,0.00,0.00
CZ14/RSD&0&rDXHP&New&HV_AirDist__SupFanMtr/NE-HVAC-FanBelt-VBelt-Std/instance-out.sql,0.00,0.00
CZ14/RSD&0&rDXHP&New&HV_AirDist__SupFanMtr/NE-HVAC-FanBelt-CoggedVBelt-Msr/instance-out.sql,0.00,0.00
CZ14/RSD&0&rDXHP&New&HV_AirDist__SupFanMtr/NE-HVAC-FanBelt-SynchVBelt-Msr/instance-out.sql,0.00,0.00
CZ14/Rt3&0&rDXHP&New&HV_AirDist__SupFanMtr/NE-HVAC-FanBelt-VBelt-Std/instance-out.sql,0.00,0.00
CZ14/Rt3&0&rDXHP&New&HV_AirDist__SupFanMtr/NE-HVAC-FanBelt-CoggedVBelt-Msr/instance-out.sql,0.00,0.00
CZ14/Rt3&0&rDXHP&New&HV_AirDist__SupFanMtr/NE-HVAC-FanBelt-SynchVBelt-Msr/instance-out.sql,0.00,0.00
CZ14/RtL&0&rDXHP&New&HV_AirDist__SupFanMtr/NE-HVAC-FanBelt-VBelt-Std/instance-out.sql,0.00,0.00
CZ14/RtL&0&rDXHP&New&HV_AirDist__SupFanMtr/NE-HVAC-FanBelt-CoggedVBelt-Msr/instance-out.sql,0.00,0.00
CZ14/RtL&0&rDXHP&New&HV_AirDist__SupFanMtr/NE-HVAC-FanBelt-SynchVBelt-Msr/instance-out.sql,0.00,0.00
CZ14/RtS&0&rDXHP&New&HV_AirDist__SupFanMtr/NE-HVAC-FanBelt-VBelt-Std/instance-out.sql,0.00,0.00
CZ14/RtS&0&rDXHP&New&HV_AirDist__SupFanMtr/NE-HVAC-FanBelt-CoggedVBelt-Msr/instance-out.sql,0.00,0.00
CZ14/RtS&0&rDXHP&New&HV_AirDist__SupFanMtr/NE-HVAC-FanBelt-SynchVBelt-Msr/instance-out.sql,0.00,0.00
CZ14/SCn&0&rDXHP&New&HV_AirDist__SupFanMtr/NE-HVAC-FanBelt-VBelt-Std/instance-out.sql,0.00,0.00
CZ14/SCn&0&rDXHP&New&HV_AirDist__SupFanMtr/NE-HVAC-FanBelt-CoggedVBelt-Msr/instance-out.sql,0.00,0.00
CZ14/SCn&0&rDXHP&New&HV_AirDist__SupFanMtr/NE-HVAC-FanBelt-SynchVBelt-Msr/instance-out.sql,0.00,0.00
CZ15/Asm&0&rDXHP&New&HV_AirDist__SupFanMtr/NE-HVAC-FanBelt-VBelt-Std/instance-out.sql,0.00,0.00
CZ15/Asm&0&rDXHP&New&HV_AirDist__SupFanMtr/NE-HVAC-FanBelt-CoggedVBelt-Msr/instance-out.sql,0.00,0.00
CZ15/Asm&0&rDXHP&New&HV_AirDist__SupFanMtr/NE-HVAC-FanBelt-SynchVBelt-Msr/instance-out.sql,0.00,0.00
CZ15/ECC&0&rDXHP&New&HV_AirDist__SupFanMtr/NE-HVAC-FanBelt-VBelt-Std/instance-out.sql,0.00,9.33
CZ15/ECC&0&rDXHP&New&HV_AirDist__SupFanMtr/NE-HVAC-FanBelt-CoggedVBelt-Msr/instance-out.sql,0.00,9.33
CZ15/ECC&0&rDXHP&New&HV_AirDist__SupFanMtr/NE-HVAC-FanBelt-SynchVBelt-Msr/instance-out.sql,0.00,9.33
CZ15/EPr&0&rDXHP&New&HV_AirDist__SupFanMtr/NE-HVAC-FanBelt-VBelt-Std/instance-out.sql,0.00,0.00
CZ15/EPr&0&rDXHP&New&HV_AirDist__SupFanMtr/NE-HVAC-FanBelt-CoggedVBelt-Msr/instance-out.sql,0.00,0.00
CZ15/EPr&0&rDXHP&New&HV_AirDist__SupFanMtr/NE-HVAC-FanBelt-SynchVBelt-Msr/instance-out.sql,0.00,0.00
CZ15/ERC&0&rDXHP&New&HV_AirDist__SupFanMtr/NE-HVAC-FanBelt-VBelt-Std/instance-out.sql,0.00,0.00
CZ15/ERC&0&rDXHP&New&HV_AirDist__SupFanMtr/NE-HVAC-FanBelt-CoggedVBelt-Msr/instance-out.sql,0.00,0.00
CZ15/ERC&0&rDXHP&New&HV_AirDist__SupFanMtr/NE-HVAC-FanBelt-SynchVBelt-Msr/instance-out.sql,0.00,0.00
CZ15/ESe&0&rDXHP&New&HV_AirDist__SupFanMtr/NE-HVAC-FanBelt-VBelt-Std/instance-out.sql,0.00,0.00
CZ15/ESe&0&rDXHP&New&HV_AirDist__SupFanMtr/NE-HVAC-FanBelt-CoggedVBelt-Msr/instance-out.sql,0.00,0.00
CZ15/ESe&0&rDXHP&New&HV_AirDist__SupFanMtr/NE-HVAC-FanBelt-SynchVBelt-Msr/instance-out.sql,0.00,0.00
CZ15/EUn&0&rDXHP&New&HV_AirDist__SupFanMtr/NE-HVAC-FanBelt-VBelt-Std/instance-out.sql,0.00,68.50
CZ15/EUn&0&rDXHP&New&HV_AirDist__SupFanMtr/NE-HVAC-FanBelt-CoggedVBelt-Msr/instance-out.sql,0.00,68.50
CZ15/EUn&0&rDXHP&New&HV_AirDist__SupFanMtr/NE-HVAC-FanBelt-SynchVBelt-Msr/instance-out.sql,0.00,67.83
CZ15/Hsp&0&rDXHP&New&HV_AirDist__SupFanMtr/NE-HVAC-FanBelt-VBelt-Std/instance-out.sql,0.00,0.00
CZ15/Hsp&0&rDXHP&New&HV_AirDist__SupFanMtr/NE-HVAC-FanBelt-CoggedVBelt-Msr/instance-out.sql,0.00,0.00
CZ15/Hsp&0&rDXHP&New&HV_AirDist__SupFanMtr/NE-HVAC-FanBelt-SynchVBelt-Msr/instance-out.sql,0.00,0.00
CZ15/MBT&0&rDXHP&New&HV_AirDist__SupFanMtr/NE-HVAC-FanBelt-VBelt-Std/instance-out.sql,0.00,0.00
CZ15/MBT&0&rDXHP&New&HV_AirDist__SupFanMtr/NE-HVAC-FanBelt-CoggedVBelt-Msr/instance-out.sql,0.00,0.00
CZ15/MBT&0&rDXHP&New&HV_AirDist__SupFanMtr/NE-HVAC-FanBelt-SynchVBelt-Msr/instance-out.sql,0.00,0.00
CZ15/MLI&0&rDXHP&New&HV_AirDist__SupFanMtr/NE-HVAC-FanBelt-VBelt-Std/instance-out.sql,0.00,0.00
CZ15/MLI&0&rDXHP&New&HV_AirDist__SupFanMtr/NE-HVAC-FanBelt-CoggedVBelt-Msr/instance-out.sql,0.00,0.00
CZ15/MLI&0&rDXHP&New&HV_AirDist__SupFanMtr/NE-HVAC-FanBelt-SynchVBelt-Msr/instance-out.sql,0.00,0.00
CZ15/Mtl&0&rDXHP&New&HV_AirDist__SupFanMtr/NE-HVAC-FanBelt-VBelt-Std/instance-out.sql,0.00,192.67
CZ15/Mtl&0&rDXHP&New&HV_AirDist__SupFanMtr/NE-HVAC-FanBelt-CoggedVBelt-Msr/instance-out.sql,0.00,192.50
CZ15/Mtl&0&rDXHP&New&HV_AirDist__SupFanMtr/NE-HVAC-FanBelt-SynchVBelt-Msr/instance-out.sql,0.00,193.67

